2025-04-14 22:00:20,948 DEBUG [HikariPool-1 housekeeper][HikariPool.java:421] - HikariPool-1 - Pool stats (total=10, active=0, idle=10, waiting=0)
2025-04-14 22:00:20,948 DEBUG [HikariPool-1 housekeeper][HikariPool.java:421] - HikariPool-1 - Pool stats (total=10, active=0, idle=10, waiting=0)
2025-04-14 22:00:20,952 DEBUG [HikariPool-1 housekeeper][HikariPool.java:517] - HikariPool-1 - Fill pool skipped, pool is at sufficient level.
2025-04-14 22:00:20,952 DEBUG [HikariPool-1 housekeeper][HikariPool.java:517] - HikariPool-1 - Fill pool skipped, pool is at sufficient level.
2025-04-14 22:00:31,433 DEBUG [HikariPool-1 housekeeper][HikariPool.java:421] - HikariPool-1 - Pool stats (total=10, active=0, idle=10, waiting=0)
2025-04-14 22:00:31,433 DEBUG [HikariPool-1 housekeeper][HikariPool.java:421] - HikariPool-1 - Pool stats (total=10, active=0, idle=10, waiting=0)
2025-04-14 22:00:31,433 DEBUG [HikariPool-1 housekeeper][HikariPool.java:517] - HikariPool-1 - Fill pool skipped, pool is at sufficient level.
2025-04-14 22:00:31,433 DEBUG [HikariPool-1 housekeeper][HikariPool.java:517] - HikariPool-1 - Fill pool skipped, pool is at sufficient level.
2025-04-14 22:00:50,956 DEBUG [HikariPool-1 housekeeper][HikariPool.java:421] - HikariPool-1 - Pool stats (total=10, active=0, idle=10, waiting=0)
2025-04-14 22:00:50,956 DEBUG [HikariPool-1 housekeeper][HikariPool.java:421] - HikariPool-1 - Pool stats (total=10, active=0, idle=10, waiting=0)
2025-04-14 22:00:50,956 DEBUG [HikariPool-1 housekeeper][HikariPool.java:517] - HikariPool-1 - Fill pool skipped, pool is at sufficient level.
2025-04-14 22:00:50,956 DEBUG [HikariPool-1 housekeeper][HikariPool.java:517] - HikariPool-1 - Fill pool skipped, pool is at sufficient level.
2025-04-14 22:01:01,438 DEBUG [HikariPool-1 housekeeper][HikariPool.java:421] - HikariPool-1 - Pool stats (total=10, active=0, idle=10, waiting=0)
2025-04-14 22:01:01,438 DEBUG [HikariPool-1 housekeeper][HikariPool.java:421] - HikariPool-1 - Pool stats (total=10, active=0, idle=10, waiting=0)
2025-04-14 22:01:01,438 DEBUG [HikariPool-1 housekeeper][HikariPool.java:517] - HikariPool-1 - Fill pool skipped, pool is at sufficient level.
2025-04-14 22:01:01,438 DEBUG [HikariPool-1 housekeeper][HikariPool.java:517] - HikariPool-1 - Fill pool skipped, pool is at sufficient level.
2025-04-14 22:01:20,969 DEBUG [HikariPool-1 housekeeper][HikariPool.java:421] - HikariPool-1 - Pool stats (total=10, active=0, idle=10, waiting=0)
2025-04-14 22:01:20,969 DEBUG [HikariPool-1 housekeeper][HikariPool.java:421] - HikariPool-1 - Pool stats (total=10, active=0, idle=10, waiting=0)
2025-04-14 22:01:20,969 DEBUG [HikariPool-1 housekeeper][HikariPool.java:517] - HikariPool-1 - Fill pool skipped, pool is at sufficient level.
2025-04-14 22:01:20,969 DEBUG [HikariPool-1 housekeeper][HikariPool.java:517] - HikariPool-1 - Fill pool skipped, pool is at sufficient level.
2025-04-14 22:01:31,451 DEBUG [HikariPool-1 housekeeper][HikariPool.java:421] - HikariPool-1 - Pool stats (total=10, active=0, idle=10, waiting=0)
2025-04-14 22:01:31,451 DEBUG [HikariPool-1 housekeeper][HikariPool.java:517] - HikariPool-1 - Fill pool skipped, pool is at sufficient level.
2025-04-14 22:01:31,451 DEBUG [HikariPool-1 housekeeper][HikariPool.java:421] - HikariPool-1 - Pool stats (total=10, active=0, idle=10, waiting=0)
2025-04-14 22:01:31,451 DEBUG [HikariPool-1 housekeeper][HikariPool.java:517] - HikariPool-1 - Fill pool skipped, pool is at sufficient level.
2025-04-14 22:01:50,984 DEBUG [HikariPool-1 housekeeper][HikariPool.java:421] - HikariPool-1 - Pool stats (total=10, active=0, idle=10, waiting=0)
2025-04-14 22:01:50,984 DEBUG [HikariPool-1 housekeeper][HikariPool.java:421] - HikariPool-1 - Pool stats (total=10, active=0, idle=10, waiting=0)
2025-04-14 22:01:50,984 DEBUG [HikariPool-1 housekeeper][HikariPool.java:517] - HikariPool-1 - Fill pool skipped, pool is at sufficient level.
2025-04-14 22:01:50,984 DEBUG [HikariPool-1 housekeeper][HikariPool.java:517] - HikariPool-1 - Fill pool skipped, pool is at sufficient level.
2025-04-14 22:02:01,453 DEBUG [HikariPool-1 housekeeper][HikariPool.java:421] - HikariPool-1 - Pool stats (total=10, active=0, idle=10, waiting=0)
2025-04-14 22:02:01,453 DEBUG [HikariPool-1 housekeeper][HikariPool.java:517] - HikariPool-1 - Fill pool skipped, pool is at sufficient level.
2025-04-14 22:02:01,453 DEBUG [HikariPool-1 housekeeper][HikariPool.java:421] - HikariPool-1 - Pool stats (total=10, active=0, idle=10, waiting=0)
2025-04-14 22:02:01,453 DEBUG [HikariPool-1 housekeeper][HikariPool.java:517] - HikariPool-1 - Fill pool skipped, pool is at sufficient level.
2025-04-14 22:02:20,999 DEBUG [HikariPool-1 housekeeper][HikariPool.java:421] - HikariPool-1 - Pool stats (total=10, active=0, idle=10, waiting=0)
2025-04-14 22:02:20,999 DEBUG [HikariPool-1 housekeeper][HikariPool.java:421] - HikariPool-1 - Pool stats (total=10, active=0, idle=10, waiting=0)
2025-04-14 22:02:20,999 DEBUG [HikariPool-1 housekeeper][HikariPool.java:517] - HikariPool-1 - Fill pool skipped, pool is at sufficient level.
2025-04-14 22:02:20,999 DEBUG [HikariPool-1 housekeeper][HikariPool.java:517] - HikariPool-1 - Fill pool skipped, pool is at sufficient level.
2025-04-14 22:02:31,461 DEBUG [HikariPool-1 housekeeper][HikariPool.java:421] - HikariPool-1 - Pool stats (total=10, active=0, idle=10, waiting=0)
2025-04-14 22:02:31,461 DEBUG [HikariPool-1 housekeeper][HikariPool.java:517] - HikariPool-1 - Fill pool skipped, pool is at sufficient level.
2025-04-14 22:02:31,461 DEBUG [HikariPool-1 housekeeper][HikariPool.java:421] - HikariPool-1 - Pool stats (total=10, active=0, idle=10, waiting=0)
2025-04-14 22:02:31,461 DEBUG [HikariPool-1 housekeeper][HikariPool.java:517] - HikariPool-1 - Fill pool skipped, pool is at sufficient level.
2025-04-14 22:02:51,009 DEBUG [HikariPool-1 housekeeper][HikariPool.java:421] - HikariPool-1 - Pool stats (total=10, active=0, idle=10, waiting=0)
2025-04-14 22:02:51,009 DEBUG [HikariPool-1 housekeeper][HikariPool.java:421] - HikariPool-1 - Pool stats (total=10, active=0, idle=10, waiting=0)
2025-04-14 22:02:51,009 DEBUG [HikariPool-1 housekeeper][HikariPool.java:517] - HikariPool-1 - Fill pool skipped, pool is at sufficient level.
2025-04-14 22:02:51,009 DEBUG [HikariPool-1 housekeeper][HikariPool.java:517] - HikariPool-1 - Fill pool skipped, pool is at sufficient level.
2025-04-14 22:03:01,462 DEBUG [HikariPool-1 housekeeper][HikariPool.java:421] - HikariPool-1 - Pool stats (total=10, active=0, idle=10, waiting=0)
2025-04-14 22:03:01,462 DEBUG [HikariPool-1 housekeeper][HikariPool.java:517] - HikariPool-1 - Fill pool skipped, pool is at sufficient level.
2025-04-14 22:03:01,462 DEBUG [HikariPool-1 housekeeper][HikariPool.java:421] - HikariPool-1 - Pool stats (total=10, active=0, idle=10, waiting=0)
2025-04-14 22:03:01,462 DEBUG [HikariPool-1 housekeeper][HikariPool.java:517] - HikariPool-1 - Fill pool skipped, pool is at sufficient level.
2025-04-14 22:03:21,009 DEBUG [HikariPool-1 housekeeper][HikariPool.java:421] - HikariPool-1 - Pool stats (total=10, active=0, idle=10, waiting=0)
2025-04-14 22:03:21,009 DEBUG [HikariPool-1 housekeeper][HikariPool.java:421] - HikariPool-1 - Pool stats (total=10, active=0, idle=10, waiting=0)
2025-04-14 22:03:21,009 DEBUG [HikariPool-1 housekeeper][HikariPool.java:517] - HikariPool-1 - Fill pool skipped, pool is at sufficient level.
2025-04-14 22:03:21,009 DEBUG [HikariPool-1 housekeeper][HikariPool.java:517] - HikariPool-1 - Fill pool skipped, pool is at sufficient level.
2025-04-14 22:03:31,475 DEBUG [HikariPool-1 housekeeper][HikariPool.java:421] - HikariPool-1 - Pool stats (total=10, active=0, idle=10, waiting=0)
2025-04-14 22:03:31,475 DEBUG [HikariPool-1 housekeeper][HikariPool.java:421] - HikariPool-1 - Pool stats (total=10, active=0, idle=10, waiting=0)
2025-04-14 22:03:31,475 DEBUG [HikariPool-1 housekeeper][HikariPool.java:517] - HikariPool-1 - Fill pool skipped, pool is at sufficient level.
2025-04-14 22:03:31,475 DEBUG [HikariPool-1 housekeeper][HikariPool.java:517] - HikariPool-1 - Fill pool skipped, pool is at sufficient level.
2025-04-14 22:03:49,050 DEBUG [HikariPool-1 connection closer][PoolBase.java:134] - HikariPool-1 - Closing connection com.mysql.cj.jdbc.ConnectionImpl@5ca8edb7: (connection has passed maxLifetime)
2025-04-14 22:03:49,050 DEBUG [HikariPool-1 connection closer][PoolBase.java:134] - HikariPool-1 - Closing connection com.mysql.cj.jdbc.ConnectionImpl@5ca8edb7: (connection has passed maxLifetime)
2025-04-14 22:03:49,057 DEBUG [HikariPool-1 connection adder][HikariPool.java:728] - HikariPool-1 - Added connection com.mysql.cj.jdbc.ConnectionImpl@21469018
2025-04-14 22:03:49,057 DEBUG [HikariPool-1 connection adder][HikariPool.java:728] - HikariPool-1 - Added connection com.mysql.cj.jdbc.ConnectionImpl@21469018
2025-04-14 22:03:51,023 DEBUG [HikariPool-1 housekeeper][HikariPool.java:421] - HikariPool-1 - Pool stats (total=10, active=0, idle=10, waiting=0)
2025-04-14 22:03:51,023 DEBUG [HikariPool-1 housekeeper][HikariPool.java:421] - HikariPool-1 - Pool stats (total=10, active=0, idle=10, waiting=0)
2025-04-14 22:03:51,023 DEBUG [HikariPool-1 housekeeper][HikariPool.java:517] - HikariPool-1 - Fill pool skipped, pool is at sufficient level.
2025-04-14 22:03:51,023 DEBUG [HikariPool-1 housekeeper][HikariPool.java:517] - HikariPool-1 - Fill pool skipped, pool is at sufficient level.
2025-04-14 22:04:01,481 DEBUG [HikariPool-1 housekeeper][HikariPool.java:421] - HikariPool-1 - Pool stats (total=10, active=0, idle=10, waiting=0)
2025-04-14 22:04:01,481 DEBUG [HikariPool-1 housekeeper][HikariPool.java:421] - HikariPool-1 - Pool stats (total=10, active=0, idle=10, waiting=0)
2025-04-14 22:04:01,481 DEBUG [HikariPool-1 housekeeper][HikariPool.java:517] - HikariPool-1 - Fill pool skipped, pool is at sufficient level.
2025-04-14 22:04:01,481 DEBUG [HikariPool-1 housekeeper][HikariPool.java:517] - HikariPool-1 - Fill pool skipped, pool is at sufficient level.
2025-04-14 22:04:04,486 DEBUG [HikariPool-1 connection closer][PoolBase.java:134] - HikariPool-1 - Closing connection com.mysql.cj.jdbc.ConnectionImpl@43db3a56: (connection has passed maxLifetime)
2025-04-14 22:04:04,486 DEBUG [HikariPool-1 connection closer][PoolBase.java:134] - HikariPool-1 - Closing connection com.mysql.cj.jdbc.ConnectionImpl@43db3a56: (connection has passed maxLifetime)
2025-04-14 22:04:04,491 DEBUG [HikariPool-1 connection adder][HikariPool.java:728] - HikariPool-1 - Added connection com.mysql.cj.jdbc.ConnectionImpl@18eaa21b
2025-04-14 22:04:04,491 DEBUG [HikariPool-1 connection adder][HikariPool.java:728] - HikariPool-1 - Added connection com.mysql.cj.jdbc.ConnectionImpl@18eaa21b
2025-04-14 22:04:12,689 DEBUG [HikariPool-1 connection closer][PoolBase.java:134] - HikariPool-1 - Closing connection com.mysql.cj.jdbc.ConnectionImpl@2e6306d: (connection has passed maxLifetime)
2025-04-14 22:04:12,689 DEBUG [HikariPool-1 connection closer][PoolBase.java:134] - HikariPool-1 - Closing connection com.mysql.cj.jdbc.ConnectionImpl@2e6306d: (connection has passed maxLifetime)
2025-04-14 22:04:12,697 DEBUG [HikariPool-1 connection adder][HikariPool.java:728] - HikariPool-1 - Added connection com.mysql.cj.jdbc.ConnectionImpl@41210266
2025-04-14 22:04:12,697 DEBUG [HikariPool-1 connection adder][HikariPool.java:728] - HikariPool-1 - Added connection com.mysql.cj.jdbc.ConnectionImpl@41210266
2025-04-14 22:04:21,031 DEBUG [HikariPool-1 housekeeper][HikariPool.java:421] - HikariPool-1 - Pool stats (total=10, active=0, idle=10, waiting=0)
2025-04-14 22:04:21,031 DEBUG [HikariPool-1 housekeeper][HikariPool.java:421] - HikariPool-1 - Pool stats (total=10, active=0, idle=10, waiting=0)
2025-04-14 22:04:21,031 DEBUG [HikariPool-1 housekeeper][HikariPool.java:517] - HikariPool-1 - Fill pool skipped, pool is at sufficient level.
2025-04-14 22:04:21,031 DEBUG [HikariPool-1 housekeeper][HikariPool.java:517] - HikariPool-1 - Fill pool skipped, pool is at sufficient level.
2025-04-14 22:04:25,527 DEBUG [HikariPool-1 connection closer][PoolBase.java:134] - HikariPool-1 - Closing connection com.mysql.cj.jdbc.ConnectionImpl@72525db6: (connection has passed maxLifetime)
2025-04-14 22:04:25,527 DEBUG [HikariPool-1 connection closer][PoolBase.java:134] - HikariPool-1 - Closing connection com.mysql.cj.jdbc.ConnectionImpl@72525db6: (connection has passed maxLifetime)
2025-04-14 22:04:25,535 DEBUG [HikariPool-1 connection adder][HikariPool.java:728] - HikariPool-1 - Added connection com.mysql.cj.jdbc.ConnectionImpl@4deecaa8
2025-04-14 22:04:25,535 DEBUG [HikariPool-1 connection adder][HikariPool.java:728] - HikariPool-1 - Added connection com.mysql.cj.jdbc.ConnectionImpl@4deecaa8
2025-04-14 22:04:31,494 DEBUG [HikariPool-1 housekeeper][HikariPool.java:421] - HikariPool-1 - Pool stats (total=10, active=0, idle=10, waiting=0)
2025-04-14 22:04:31,494 DEBUG [HikariPool-1 housekeeper][HikariPool.java:421] - HikariPool-1 - Pool stats (total=10, active=0, idle=10, waiting=0)
2025-04-14 22:04:31,494 DEBUG [HikariPool-1 housekeeper][HikariPool.java:517] - HikariPool-1 - Fill pool skipped, pool is at sufficient level.
2025-04-14 22:04:31,494 DEBUG [HikariPool-1 housekeeper][HikariPool.java:517] - HikariPool-1 - Fill pool skipped, pool is at sufficient level.
2025-04-14 22:04:51,045 DEBUG [HikariPool-1 housekeeper][HikariPool.java:421] - HikariPool-1 - Pool stats (total=10, active=0, idle=10, waiting=0)
2025-04-14 22:04:51,045 DEBUG [HikariPool-1 housekeeper][HikariPool.java:421] - HikariPool-1 - Pool stats (total=10, active=0, idle=10, waiting=0)
2025-04-14 22:04:51,045 DEBUG [HikariPool-1 housekeeper][HikariPool.java:517] - HikariPool-1 - Fill pool skipped, pool is at sufficient level.
2025-04-14 22:04:51,045 DEBUG [HikariPool-1 housekeeper][HikariPool.java:517] - HikariPool-1 - Fill pool skipped, pool is at sufficient level.
2025-04-14 22:04:56,059 DEBUG [HikariPool-1 connection closer][PoolBase.java:134] - HikariPool-1 - Closing connection com.mysql.cj.jdbc.ConnectionImpl@25943bd3: (connection has passed maxLifetime)
2025-04-14 22:04:56,059 DEBUG [HikariPool-1 connection closer][PoolBase.java:134] - HikariPool-1 - Closing connection com.mysql.cj.jdbc.ConnectionImpl@25943bd3: (connection has passed maxLifetime)
2025-04-14 22:04:56,068 DEBUG [HikariPool-1 connection adder][HikariPool.java:728] - HikariPool-1 - Added connection com.mysql.cj.jdbc.ConnectionImpl@6583cadb
2025-04-14 22:04:56,068 DEBUG [HikariPool-1 connection adder][HikariPool.java:728] - HikariPool-1 - Added connection com.mysql.cj.jdbc.ConnectionImpl@6583cadb
2025-04-14 22:05:01,154 DEBUG [HikariPool-1 connection closer][PoolBase.java:134] - HikariPool-1 - Closing connection com.mysql.cj.jdbc.ConnectionImpl@a4080d6: (connection has passed maxLifetime)
2025-04-14 22:05:01,154 DEBUG [HikariPool-1 connection closer][PoolBase.java:134] - HikariPool-1 - Closing connection com.mysql.cj.jdbc.ConnectionImpl@a4080d6: (connection has passed maxLifetime)
2025-04-14 22:05:01,165 DEBUG [HikariPool-1 connection adder][HikariPool.java:728] - HikariPool-1 - Added connection com.mysql.cj.jdbc.ConnectionImpl@3ac4cdda
2025-04-14 22:05:01,165 DEBUG [HikariPool-1 connection adder][HikariPool.java:728] - HikariPool-1 - Added connection com.mysql.cj.jdbc.ConnectionImpl@3ac4cdda
2025-04-14 22:05:01,496 DEBUG [HikariPool-1 housekeeper][HikariPool.java:421] - HikariPool-1 - Pool stats (total=10, active=0, idle=10, waiting=0)
2025-04-14 22:05:01,496 DEBUG [HikariPool-1 housekeeper][HikariPool.java:421] - HikariPool-1 - Pool stats (total=10, active=0, idle=10, waiting=0)
2025-04-14 22:05:01,496 DEBUG [HikariPool-1 housekeeper][HikariPool.java:517] - HikariPool-1 - Fill pool skipped, pool is at sufficient level.
2025-04-14 22:05:01,496 DEBUG [HikariPool-1 housekeeper][HikariPool.java:517] - HikariPool-1 - Fill pool skipped, pool is at sufficient level.
2025-04-14 22:05:03,048 DEBUG [HikariPool-1 connection closer][PoolBase.java:134] - HikariPool-1 - Closing connection com.mysql.cj.jdbc.ConnectionImpl@460c3ec4: (connection has passed maxLifetime)
2025-04-14 22:05:03,048 DEBUG [HikariPool-1 connection closer][PoolBase.java:134] - HikariPool-1 - Closing connection com.mysql.cj.jdbc.ConnectionImpl@460c3ec4: (connection has passed maxLifetime)
2025-04-14 22:05:03,056 DEBUG [HikariPool-1 connection adder][HikariPool.java:728] - HikariPool-1 - Added connection com.mysql.cj.jdbc.ConnectionImpl@4065963a
2025-04-14 22:05:03,056 DEBUG [HikariPool-1 connection adder][HikariPool.java:728] - HikariPool-1 - Added connection com.mysql.cj.jdbc.ConnectionImpl@4065963a
2025-04-14 22:05:03,735 DEBUG [HikariPool-1 connection closer][PoolBase.java:134] - HikariPool-1 - Closing connection com.mysql.cj.jdbc.ConnectionImpl@3b00ad16: (connection has passed maxLifetime)
2025-04-14 22:05:03,735 DEBUG [HikariPool-1 connection closer][PoolBase.java:134] - HikariPool-1 - Closing connection com.mysql.cj.jdbc.ConnectionImpl@3b00ad16: (connection has passed maxLifetime)
2025-04-14 22:05:03,743 DEBUG [HikariPool-1 connection adder][HikariPool.java:728] - HikariPool-1 - Added connection com.mysql.cj.jdbc.ConnectionImpl@7bf9c7e1
2025-04-14 22:05:03,743 DEBUG [HikariPool-1 connection adder][HikariPool.java:728] - HikariPool-1 - Added connection com.mysql.cj.jdbc.ConnectionImpl@7bf9c7e1
2025-04-14 22:05:06,373 DEBUG [HikariPool-1 connection closer][PoolBase.java:134] - HikariPool-1 - Closing connection com.mysql.cj.jdbc.ConnectionImpl@40bc44c3: (connection has passed maxLifetime)
2025-04-14 22:05:06,373 DEBUG [HikariPool-1 connection closer][PoolBase.java:134] - HikariPool-1 - Closing connection com.mysql.cj.jdbc.ConnectionImpl@40bc44c3: (connection has passed maxLifetime)
2025-04-14 22:05:06,381 DEBUG [HikariPool-1 connection adder][HikariPool.java:728] - HikariPool-1 - Added connection com.mysql.cj.jdbc.ConnectionImpl@1589c01
2025-04-14 22:05:06,381 DEBUG [HikariPool-1 connection adder][HikariPool.java:728] - HikariPool-1 - Added connection com.mysql.cj.jdbc.ConnectionImpl@1589c01
2025-04-14 22:05:07,693 DEBUG [HikariPool-1 connection closer][PoolBase.java:134] - HikariPool-1 - Closing connection com.mysql.cj.jdbc.ConnectionImpl@6a6f7f99: (connection has passed maxLifetime)
2025-04-14 22:05:07,693 DEBUG [HikariPool-1 connection closer][PoolBase.java:134] - HikariPool-1 - Closing connection com.mysql.cj.jdbc.ConnectionImpl@6a6f7f99: (connection has passed maxLifetime)
2025-04-14 22:05:07,701 DEBUG [HikariPool-1 connection adder][HikariPool.java:728] - HikariPool-1 - Added connection com.mysql.cj.jdbc.ConnectionImpl@4ac83ac9
2025-04-14 22:05:07,701 DEBUG [HikariPool-1 connection adder][HikariPool.java:728] - HikariPool-1 - Added connection com.mysql.cj.jdbc.ConnectionImpl@4ac83ac9
2025-04-14 22:05:10,869 DEBUG [HikariPool-1 connection closer][PoolBase.java:134] - HikariPool-1 - Closing connection com.mysql.cj.jdbc.ConnectionImpl@4b7d8aed: (connection has passed maxLifetime)
2025-04-14 22:05:10,869 DEBUG [HikariPool-1 connection closer][PoolBase.java:134] - HikariPool-1 - Closing connection com.mysql.cj.jdbc.ConnectionImpl@4b7d8aed: (connection has passed maxLifetime)
2025-04-14 22:05:10,875 DEBUG [HikariPool-1 connection adder][HikariPool.java:728] - HikariPool-1 - Added connection com.mysql.cj.jdbc.ConnectionImpl@1bd638ae
2025-04-14 22:05:10,875 DEBUG [HikariPool-1 connection adder][HikariPool.java:728] - HikariPool-1 - Added connection com.mysql.cj.jdbc.ConnectionImpl@1bd638ae
2025-04-14 22:05:21,059 DEBUG [HikariPool-1 housekeeper][HikariPool.java:421] - HikariPool-1 - Pool stats (total=10, active=0, idle=10, waiting=0)
2025-04-14 22:05:21,059 DEBUG [HikariPool-1 housekeeper][HikariPool.java:421] - HikariPool-1 - Pool stats (total=10, active=0, idle=10, waiting=0)
2025-04-14 22:05:21,059 DEBUG [HikariPool-1 housekeeper][HikariPool.java:517] - HikariPool-1 - Fill pool skipped, pool is at sufficient level.
2025-04-14 22:05:21,059 DEBUG [HikariPool-1 housekeeper][HikariPool.java:517] - HikariPool-1 - Fill pool skipped, pool is at sufficient level.
2025-04-14 22:05:31,498 DEBUG [HikariPool-1 housekeeper][HikariPool.java:421] - HikariPool-1 - Pool stats (total=10, active=0, idle=10, waiting=0)
2025-04-14 22:05:31,498 DEBUG [HikariPool-1 housekeeper][HikariPool.java:421] - HikariPool-1 - Pool stats (total=10, active=0, idle=10, waiting=0)
2025-04-14 22:05:31,498 DEBUG [HikariPool-1 housekeeper][HikariPool.java:517] - HikariPool-1 - Fill pool skipped, pool is at sufficient level.
2025-04-14 22:05:31,498 DEBUG [HikariPool-1 housekeeper][HikariPool.java:517] - HikariPool-1 - Fill pool skipped, pool is at sufficient level.
2025-04-14 22:05:34,174 DEBUG [HikariPool-1 connection closer][PoolBase.java:134] - HikariPool-1 - Closing connection com.mysql.cj.jdbc.ConnectionImpl@61d28891: (connection has passed maxLifetime)
2025-04-14 22:05:34,174 DEBUG [HikariPool-1 connection closer][PoolBase.java:134] - HikariPool-1 - Closing connection com.mysql.cj.jdbc.ConnectionImpl@61d28891: (connection has passed maxLifetime)
2025-04-14 22:05:34,184 DEBUG [HikariPool-1 connection adder][HikariPool.java:728] - HikariPool-1 - Added connection com.mysql.cj.jdbc.ConnectionImpl@4ab40082
2025-04-14 22:05:34,184 DEBUG [HikariPool-1 connection adder][HikariPool.java:728] - HikariPool-1 - Added connection com.mysql.cj.jdbc.ConnectionImpl@4ab40082
2025-04-14 22:05:34,627 DEBUG [HikariPool-1 connection closer][PoolBase.java:134] - HikariPool-1 - Closing connection com.mysql.cj.jdbc.ConnectionImpl@60500b3a: (connection has passed maxLifetime)
2025-04-14 22:05:34,627 DEBUG [HikariPool-1 connection closer][PoolBase.java:134] - HikariPool-1 - Closing connection com.mysql.cj.jdbc.ConnectionImpl@60500b3a: (connection has passed maxLifetime)
2025-04-14 22:05:34,635 DEBUG [HikariPool-1 connection adder][HikariPool.java:728] - HikariPool-1 - Added connection com.mysql.cj.jdbc.ConnectionImpl@25938dd1
2025-04-14 22:05:34,635 DEBUG [HikariPool-1 connection adder][HikariPool.java:728] - HikariPool-1 - Added connection com.mysql.cj.jdbc.ConnectionImpl@25938dd1
2025-04-14 22:05:39,632 DEBUG [HikariPool-1 connection closer][PoolBase.java:134] - HikariPool-1 - Closing connection com.mysql.cj.jdbc.ConnectionImpl@23779bc5: (connection has passed maxLifetime)
2025-04-14 22:05:39,632 DEBUG [HikariPool-1 connection closer][PoolBase.java:134] - HikariPool-1 - Closing connection com.mysql.cj.jdbc.ConnectionImpl@23779bc5: (connection has passed maxLifetime)
2025-04-14 22:05:39,639 DEBUG [HikariPool-1 connection adder][HikariPool.java:728] - HikariPool-1 - Added connection com.mysql.cj.jdbc.ConnectionImpl@5b1f9cf6
2025-04-14 22:05:39,639 DEBUG [HikariPool-1 connection adder][HikariPool.java:728] - HikariPool-1 - Added connection com.mysql.cj.jdbc.ConnectionImpl@5b1f9cf6
2025-04-14 22:05:42,024 DEBUG [HikariPool-1 connection closer][PoolBase.java:134] - HikariPool-1 - Closing connection com.mysql.cj.jdbc.ConnectionImpl@68949894: (connection has passed maxLifetime)
2025-04-14 22:05:42,024 DEBUG [HikariPool-1 connection closer][PoolBase.java:134] - HikariPool-1 - Closing connection com.mysql.cj.jdbc.ConnectionImpl@68949894: (connection has passed maxLifetime)
2025-04-14 22:05:42,035 DEBUG [HikariPool-1 connection adder][HikariPool.java:728] - HikariPool-1 - Added connection com.mysql.cj.jdbc.ConnectionImpl@3aa8c47e
2025-04-14 22:05:42,035 DEBUG [HikariPool-1 connection adder][HikariPool.java:728] - HikariPool-1 - Added connection com.mysql.cj.jdbc.ConnectionImpl@3aa8c47e
2025-04-14 22:05:48,457 DEBUG [HikariPool-1 connection closer][PoolBase.java:134] - HikariPool-1 - Closing connection com.mysql.cj.jdbc.ConnectionImpl@3adb3a8c: (connection has passed maxLifetime)
2025-04-14 22:05:48,457 DEBUG [HikariPool-1 connection closer][PoolBase.java:134] - HikariPool-1 - Closing connection com.mysql.cj.jdbc.ConnectionImpl@3adb3a8c: (connection has passed maxLifetime)
2025-04-14 22:05:48,467 DEBUG [HikariPool-1 connection adder][HikariPool.java:728] - HikariPool-1 - Added connection com.mysql.cj.jdbc.ConnectionImpl@45184296
2025-04-14 22:05:48,467 DEBUG [HikariPool-1 connection adder][HikariPool.java:728] - HikariPool-1 - Added connection com.mysql.cj.jdbc.ConnectionImpl@45184296
2025-04-14 22:05:51,073 DEBUG [HikariPool-1 housekeeper][HikariPool.java:421] - HikariPool-1 - Pool stats (total=10, active=0, idle=10, waiting=0)
2025-04-14 22:05:51,073 DEBUG [HikariPool-1 housekeeper][HikariPool.java:421] - HikariPool-1 - Pool stats (total=10, active=0, idle=10, waiting=0)
2025-04-14 22:05:51,073 DEBUG [HikariPool-1 housekeeper][HikariPool.java:517] - HikariPool-1 - Fill pool skipped, pool is at sufficient level.
2025-04-14 22:05:51,073 DEBUG [HikariPool-1 housekeeper][HikariPool.java:517] - HikariPool-1 - Fill pool skipped, pool is at sufficient level.
2025-04-14 22:06:01,267 DEBUG [HikariPool-1 connection closer][PoolBase.java:134] - HikariPool-1 - Closing connection com.mysql.cj.jdbc.ConnectionImpl@5787d25: (connection has passed maxLifetime)
2025-04-14 22:06:01,267 DEBUG [HikariPool-1 connection closer][PoolBase.java:134] - HikariPool-1 - Closing connection com.mysql.cj.jdbc.ConnectionImpl@5787d25: (connection has passed maxLifetime)
2025-04-14 22:06:01,274 DEBUG [HikariPool-1 connection adder][HikariPool.java:728] - HikariPool-1 - Added connection com.mysql.cj.jdbc.ConnectionImpl@5ee55caf
2025-04-14 22:06:01,274 DEBUG [HikariPool-1 connection adder][HikariPool.java:728] - HikariPool-1 - Added connection com.mysql.cj.jdbc.ConnectionImpl@5ee55caf
2025-04-14 22:06:01,514 DEBUG [HikariPool-1 housekeeper][HikariPool.java:421] - HikariPool-1 - Pool stats (total=10, active=0, idle=10, waiting=0)
2025-04-14 22:06:01,514 DEBUG [HikariPool-1 housekeeper][HikariPool.java:421] - HikariPool-1 - Pool stats (total=10, active=0, idle=10, waiting=0)
2025-04-14 22:06:01,514 DEBUG [HikariPool-1 housekeeper][HikariPool.java:517] - HikariPool-1 - Fill pool skipped, pool is at sufficient level.
2025-04-14 22:06:01,514 DEBUG [HikariPool-1 housekeeper][HikariPool.java:517] - HikariPool-1 - Fill pool skipped, pool is at sufficient level.
2025-04-14 22:06:01,809 DEBUG [HikariPool-1 connection closer][PoolBase.java:134] - HikariPool-1 - Closing connection com.mysql.cj.jdbc.ConnectionImpl@1be6b4e: (connection has passed maxLifetime)
2025-04-14 22:06:01,809 DEBUG [HikariPool-1 connection closer][PoolBase.java:134] - HikariPool-1 - Closing connection com.mysql.cj.jdbc.ConnectionImpl@1be6b4e: (connection has passed maxLifetime)
2025-04-14 22:06:01,822 DEBUG [HikariPool-1 connection adder][HikariPool.java:728] - HikariPool-1 - Added connection com.mysql.cj.jdbc.ConnectionImpl@24657696
2025-04-14 22:06:01,822 DEBUG [HikariPool-1 connection adder][HikariPool.java:728] - HikariPool-1 - Added connection com.mysql.cj.jdbc.ConnectionImpl@24657696
2025-04-14 22:06:21,084 DEBUG [HikariPool-1 housekeeper][HikariPool.java:421] - HikariPool-1 - Pool stats (total=10, active=0, idle=10, waiting=0)
2025-04-14 22:06:21,084 DEBUG [HikariPool-1 housekeeper][HikariPool.java:421] - HikariPool-1 - Pool stats (total=10, active=0, idle=10, waiting=0)
2025-04-14 22:06:21,084 DEBUG [HikariPool-1 housekeeper][HikariPool.java:517] - HikariPool-1 - Fill pool skipped, pool is at sufficient level.
2025-04-14 22:06:21,084 DEBUG [HikariPool-1 housekeeper][HikariPool.java:517] - HikariPool-1 - Fill pool skipped, pool is at sufficient level.
2025-04-14 22:06:27,302 DEBUG [HikariPool-1 connection closer][PoolBase.java:134] - HikariPool-1 - Closing connection com.mysql.cj.jdbc.ConnectionImpl@40836175: (connection has passed maxLifetime)
2025-04-14 22:06:27,302 DEBUG [HikariPool-1 connection closer][PoolBase.java:134] - HikariPool-1 - Closing connection com.mysql.cj.jdbc.ConnectionImpl@40836175: (connection has passed maxLifetime)
2025-04-14 22:06:27,310 DEBUG [HikariPool-1 connection adder][HikariPool.java:728] - HikariPool-1 - Added connection com.mysql.cj.jdbc.ConnectionImpl@24a2cfc4
2025-04-14 22:06:27,310 DEBUG [HikariPool-1 connection adder][HikariPool.java:728] - HikariPool-1 - Added connection com.mysql.cj.jdbc.ConnectionImpl@24a2cfc4
2025-04-14 22:06:31,516 DEBUG [HikariPool-1 housekeeper][HikariPool.java:421] - HikariPool-1 - Pool stats (total=10, active=0, idle=10, waiting=0)
2025-04-14 22:06:31,516 DEBUG [HikariPool-1 housekeeper][HikariPool.java:421] - HikariPool-1 - Pool stats (total=10, active=0, idle=10, waiting=0)
2025-04-14 22:06:31,516 DEBUG [HikariPool-1 housekeeper][HikariPool.java:517] - HikariPool-1 - Fill pool skipped, pool is at sufficient level.
2025-04-14 22:06:31,516 DEBUG [HikariPool-1 housekeeper][HikariPool.java:517] - HikariPool-1 - Fill pool skipped, pool is at sufficient level.
2025-04-14 22:06:51,087 DEBUG [HikariPool-1 housekeeper][HikariPool.java:421] - HikariPool-1 - Pool stats (total=10, active=0, idle=10, waiting=0)
2025-04-14 22:06:51,087 DEBUG [HikariPool-1 housekeeper][HikariPool.java:421] - HikariPool-1 - Pool stats (total=10, active=0, idle=10, waiting=0)
2025-04-14 22:06:51,087 DEBUG [HikariPool-1 housekeeper][HikariPool.java:517] - HikariPool-1 - Fill pool skipped, pool is at sufficient level.
2025-04-14 22:06:51,087 DEBUG [HikariPool-1 housekeeper][HikariPool.java:517] - HikariPool-1 - Fill pool skipped, pool is at sufficient level.
2025-04-14 22:06:55,360 DEBUG [HikariPool-1 connection closer][PoolBase.java:134] - HikariPool-1 - Closing connection com.mysql.cj.jdbc.ConnectionImpl@7a5f1418: (connection has passed maxLifetime)
2025-04-14 22:06:55,360 DEBUG [HikariPool-1 connection closer][PoolBase.java:134] - HikariPool-1 - Closing connection com.mysql.cj.jdbc.ConnectionImpl@7a5f1418: (connection has passed maxLifetime)
2025-04-14 22:06:55,369 DEBUG [HikariPool-1 connection adder][HikariPool.java:728] - HikariPool-1 - Added connection com.mysql.cj.jdbc.ConnectionImpl@4836d570
2025-04-14 22:06:55,369 DEBUG [HikariPool-1 connection adder][HikariPool.java:728] - HikariPool-1 - Added connection com.mysql.cj.jdbc.ConnectionImpl@4836d570
2025-04-14 22:07:01,520 DEBUG [HikariPool-1 housekeeper][HikariPool.java:421] - HikariPool-1 - Pool stats (total=10, active=0, idle=10, waiting=0)
2025-04-14 22:07:01,520 DEBUG [HikariPool-1 housekeeper][HikariPool.java:421] - HikariPool-1 - Pool stats (total=10, active=0, idle=10, waiting=0)
2025-04-14 22:07:01,520 DEBUG [HikariPool-1 housekeeper][HikariPool.java:517] - HikariPool-1 - Fill pool skipped, pool is at sufficient level.
2025-04-14 22:07:01,520 DEBUG [HikariPool-1 housekeeper][HikariPool.java:517] - HikariPool-1 - Fill pool skipped, pool is at sufficient level.
2025-04-14 22:07:21,089 DEBUG [HikariPool-1 housekeeper][HikariPool.java:421] - HikariPool-1 - Pool stats (total=10, active=0, idle=10, waiting=0)
2025-04-14 22:07:21,089 DEBUG [HikariPool-1 housekeeper][HikariPool.java:421] - HikariPool-1 - Pool stats (total=10, active=0, idle=10, waiting=0)
2025-04-14 22:07:21,089 DEBUG [HikariPool-1 housekeeper][HikariPool.java:517] - HikariPool-1 - Fill pool skipped, pool is at sufficient level.
2025-04-14 22:07:21,089 DEBUG [HikariPool-1 housekeeper][HikariPool.java:517] - HikariPool-1 - Fill pool skipped, pool is at sufficient level.
2025-04-14 22:07:31,522 DEBUG [HikariPool-1 housekeeper][HikariPool.java:421] - HikariPool-1 - Pool stats (total=10, active=0, idle=10, waiting=0)
2025-04-14 22:07:31,522 DEBUG [HikariPool-1 housekeeper][HikariPool.java:421] - HikariPool-1 - Pool stats (total=10, active=0, idle=10, waiting=0)
2025-04-14 22:07:31,522 DEBUG [HikariPool-1 housekeeper][HikariPool.java:517] - HikariPool-1 - Fill pool skipped, pool is at sufficient level.
2025-04-14 22:07:31,522 DEBUG [HikariPool-1 housekeeper][HikariPool.java:517] - HikariPool-1 - Fill pool skipped, pool is at sufficient level.
2025-04-14 22:07:51,102 DEBUG [HikariPool-1 housekeeper][HikariPool.java:421] - HikariPool-1 - Pool stats (total=10, active=0, idle=10, waiting=0)
2025-04-14 22:07:51,102 DEBUG [HikariPool-1 housekeeper][HikariPool.java:421] - HikariPool-1 - Pool stats (total=10, active=0, idle=10, waiting=0)
2025-04-14 22:07:51,102 DEBUG [HikariPool-1 housekeeper][HikariPool.java:517] - HikariPool-1 - Fill pool skipped, pool is at sufficient level.
2025-04-14 22:07:51,102 DEBUG [HikariPool-1 housekeeper][HikariPool.java:517] - HikariPool-1 - Fill pool skipped, pool is at sufficient level.
2025-04-14 22:08:01,533 DEBUG [HikariPool-1 housekeeper][HikariPool.java:421] - HikariPool-1 - Pool stats (total=10, active=0, idle=10, waiting=0)
2025-04-14 22:08:01,533 DEBUG [HikariPool-1 housekeeper][HikariPool.java:517] - HikariPool-1 - Fill pool skipped, pool is at sufficient level.
2025-04-14 22:08:01,533 DEBUG [HikariPool-1 housekeeper][HikariPool.java:421] - HikariPool-1 - Pool stats (total=10, active=0, idle=10, waiting=0)
2025-04-14 22:08:01,533 DEBUG [HikariPool-1 housekeeper][HikariPool.java:517] - HikariPool-1 - Fill pool skipped, pool is at sufficient level.
2025-04-14 22:08:21,109 DEBUG [HikariPool-1 housekeeper][HikariPool.java:421] - HikariPool-1 - Pool stats (total=10, active=0, idle=10, waiting=0)
2025-04-14 22:08:21,109 DEBUG [HikariPool-1 housekeeper][HikariPool.java:421] - HikariPool-1 - Pool stats (total=10, active=0, idle=10, waiting=0)
2025-04-14 22:08:21,109 DEBUG [HikariPool-1 housekeeper][HikariPool.java:517] - HikariPool-1 - Fill pool skipped, pool is at sufficient level.
2025-04-14 22:08:21,109 DEBUG [HikariPool-1 housekeeper][HikariPool.java:517] - HikariPool-1 - Fill pool skipped, pool is at sufficient level.
2025-04-14 22:08:31,539 DEBUG [HikariPool-1 housekeeper][HikariPool.java:421] - HikariPool-1 - Pool stats (total=10, active=0, idle=10, waiting=0)
2025-04-14 22:08:31,539 DEBUG [HikariPool-1 housekeeper][HikariPool.java:517] - HikariPool-1 - Fill pool skipped, pool is at sufficient level.
2025-04-14 22:08:31,539 DEBUG [HikariPool-1 housekeeper][HikariPool.java:421] - HikariPool-1 - Pool stats (total=10, active=0, idle=10, waiting=0)
2025-04-14 22:08:31,539 DEBUG [HikariPool-1 housekeeper][HikariPool.java:517] - HikariPool-1 - Fill pool skipped, pool is at sufficient level.
2025-04-14 22:08:51,112 DEBUG [HikariPool-1 housekeeper][HikariPool.java:421] - HikariPool-1 - Pool stats (total=10, active=0, idle=10, waiting=0)
2025-04-14 22:08:51,112 DEBUG [HikariPool-1 housekeeper][HikariPool.java:421] - HikariPool-1 - Pool stats (total=10, active=0, idle=10, waiting=0)
2025-04-14 22:08:51,112 DEBUG [HikariPool-1 housekeeper][HikariPool.java:517] - HikariPool-1 - Fill pool skipped, pool is at sufficient level.
2025-04-14 22:08:51,112 DEBUG [HikariPool-1 housekeeper][HikariPool.java:517] - HikariPool-1 - Fill pool skipped, pool is at sufficient level.
2025-04-14 22:09:01,540 DEBUG [HikariPool-1 housekeeper][HikariPool.java:421] - HikariPool-1 - Pool stats (total=10, active=0, idle=10, waiting=0)
2025-04-14 22:09:01,540 DEBUG [HikariPool-1 housekeeper][HikariPool.java:517] - HikariPool-1 - Fill pool skipped, pool is at sufficient level.
2025-04-14 22:09:01,540 DEBUG [HikariPool-1 housekeeper][HikariPool.java:421] - HikariPool-1 - Pool stats (total=10, active=0, idle=10, waiting=0)
2025-04-14 22:09:01,540 DEBUG [HikariPool-1 housekeeper][HikariPool.java:517] - HikariPool-1 - Fill pool skipped, pool is at sufficient level.
2025-04-14 22:09:21,114 DEBUG [HikariPool-1 housekeeper][HikariPool.java:421] - HikariPool-1 - Pool stats (total=10, active=0, idle=10, waiting=0)
2025-04-14 22:09:21,114 DEBUG [HikariPool-1 housekeeper][HikariPool.java:421] - HikariPool-1 - Pool stats (total=10, active=0, idle=10, waiting=0)
2025-04-14 22:09:21,114 DEBUG [HikariPool-1 housekeeper][HikariPool.java:517] - HikariPool-1 - Fill pool skipped, pool is at sufficient level.
2025-04-14 22:09:21,114 DEBUG [HikariPool-1 housekeeper][HikariPool.java:517] - HikariPool-1 - Fill pool skipped, pool is at sufficient level.
2025-04-14 22:09:31,545 DEBUG [HikariPool-1 housekeeper][HikariPool.java:421] - HikariPool-1 - Pool stats (total=10, active=0, idle=10, waiting=0)
2025-04-14 22:09:31,545 DEBUG [HikariPool-1 housekeeper][HikariPool.java:517] - HikariPool-1 - Fill pool skipped, pool is at sufficient level.
2025-04-14 22:09:31,545 DEBUG [HikariPool-1 housekeeper][HikariPool.java:421] - HikariPool-1 - Pool stats (total=10, active=0, idle=10, waiting=0)
2025-04-14 22:09:31,545 DEBUG [HikariPool-1 housekeeper][HikariPool.java:517] - HikariPool-1 - Fill pool skipped, pool is at sufficient level.
2025-04-14 22:09:51,117 DEBUG [HikariPool-1 housekeeper][HikariPool.java:421] - HikariPool-1 - Pool stats (total=10, active=0, idle=10, waiting=0)
2025-04-14 22:09:51,117 DEBUG [HikariPool-1 housekeeper][HikariPool.java:421] - HikariPool-1 - Pool stats (total=10, active=0, idle=10, waiting=0)
2025-04-14 22:09:51,117 DEBUG [HikariPool-1 housekeeper][HikariPool.java:517] - HikariPool-1 - Fill pool skipped, pool is at sufficient level.
2025-04-14 22:09:51,117 DEBUG [HikariPool-1 housekeeper][HikariPool.java:517] - HikariPool-1 - Fill pool skipped, pool is at sufficient level.
2025-04-14 22:10:01,560 DEBUG [HikariPool-1 housekeeper][HikariPool.java:421] - HikariPool-1 - Pool stats (total=10, active=0, idle=10, waiting=0)
2025-04-14 22:10:01,560 DEBUG [HikariPool-1 housekeeper][HikariPool.java:421] - HikariPool-1 - Pool stats (total=10, active=0, idle=10, waiting=0)
2025-04-14 22:10:01,560 DEBUG [HikariPool-1 housekeeper][HikariPool.java:517] - HikariPool-1 - Fill pool skipped, pool is at sufficient level.
2025-04-14 22:10:01,560 DEBUG [HikariPool-1 housekeeper][HikariPool.java:517] - HikariPool-1 - Fill pool skipped, pool is at sufficient level.
2025-04-14 22:10:21,118 DEBUG [HikariPool-1 housekeeper][HikariPool.java:421] - HikariPool-1 - Pool stats (total=10, active=0, idle=10, waiting=0)
2025-04-14 22:10:21,118 DEBUG [HikariPool-1 housekeeper][HikariPool.java:421] - HikariPool-1 - Pool stats (total=10, active=0, idle=10, waiting=0)
2025-04-14 22:10:21,118 DEBUG [HikariPool-1 housekeeper][HikariPool.java:517] - HikariPool-1 - Fill pool skipped, pool is at sufficient level.
2025-04-14 22:10:21,118 DEBUG [HikariPool-1 housekeeper][HikariPool.java:517] - HikariPool-1 - Fill pool skipped, pool is at sufficient level.
2025-04-14 22:10:31,565 DEBUG [HikariPool-1 housekeeper][HikariPool.java:421] - HikariPool-1 - Pool stats (total=10, active=0, idle=10, waiting=0)
2025-04-14 22:10:31,565 DEBUG [HikariPool-1 housekeeper][HikariPool.java:421] - HikariPool-1 - Pool stats (total=10, active=0, idle=10, waiting=0)
2025-04-14 22:10:31,565 DEBUG [HikariPool-1 housekeeper][HikariPool.java:517] - HikariPool-1 - Fill pool skipped, pool is at sufficient level.
2025-04-14 22:10:31,565 DEBUG [HikariPool-1 housekeeper][HikariPool.java:517] - HikariPool-1 - Fill pool skipped, pool is at sufficient level.
2025-04-14 22:10:51,128 DEBUG [HikariPool-1 housekeeper][HikariPool.java:421] - HikariPool-1 - Pool stats (total=10, active=0, idle=10, waiting=0)
2025-04-14 22:10:51,128 DEBUG [HikariPool-1 housekeeper][HikariPool.java:517] - HikariPool-1 - Fill pool skipped, pool is at sufficient level.
2025-04-14 22:10:51,128 DEBUG [HikariPool-1 housekeeper][HikariPool.java:421] - HikariPool-1 - Pool stats (total=10, active=0, idle=10, waiting=0)
2025-04-14 22:10:51,128 DEBUG [HikariPool-1 housekeeper][HikariPool.java:517] - HikariPool-1 - Fill pool skipped, pool is at sufficient level.
2025-04-14 22:11:01,573 DEBUG [HikariPool-1 housekeeper][HikariPool.java:421] - HikariPool-1 - Pool stats (total=10, active=0, idle=10, waiting=0)
2025-04-14 22:11:01,573 DEBUG [HikariPool-1 housekeeper][HikariPool.java:421] - HikariPool-1 - Pool stats (total=10, active=0, idle=10, waiting=0)
2025-04-14 22:11:01,573 DEBUG [HikariPool-1 housekeeper][HikariPool.java:517] - HikariPool-1 - Fill pool skipped, pool is at sufficient level.
2025-04-14 22:11:01,573 DEBUG [HikariPool-1 housekeeper][HikariPool.java:517] - HikariPool-1 - Fill pool skipped, pool is at sufficient level.
2025-04-14 22:11:21,135 DEBUG [HikariPool-1 housekeeper][HikariPool.java:421] - HikariPool-1 - Pool stats (total=10, active=0, idle=10, waiting=0)
2025-04-14 22:11:21,135 DEBUG [HikariPool-1 housekeeper][HikariPool.java:421] - HikariPool-1 - Pool stats (total=10, active=0, idle=10, waiting=0)
2025-04-14 22:11:21,135 DEBUG [HikariPool-1 housekeeper][HikariPool.java:517] - HikariPool-1 - Fill pool skipped, pool is at sufficient level.
2025-04-14 22:11:21,135 DEBUG [HikariPool-1 housekeeper][HikariPool.java:517] - HikariPool-1 - Fill pool skipped, pool is at sufficient level.
2025-04-14 22:11:31,576 DEBUG [HikariPool-1 housekeeper][HikariPool.java:421] - HikariPool-1 - Pool stats (total=10, active=0, idle=10, waiting=0)
2025-04-14 22:11:31,576 DEBUG [HikariPool-1 housekeeper][HikariPool.java:421] - HikariPool-1 - Pool stats (total=10, active=0, idle=10, waiting=0)
2025-04-14 22:11:31,576 DEBUG [HikariPool-1 housekeeper][HikariPool.java:517] - HikariPool-1 - Fill pool skipped, pool is at sufficient level.
2025-04-14 22:11:31,576 DEBUG [HikariPool-1 housekeeper][HikariPool.java:517] - HikariPool-1 - Fill pool skipped, pool is at sufficient level.
2025-04-14 22:11:51,136 DEBUG [HikariPool-1 housekeeper][HikariPool.java:421] - HikariPool-1 - Pool stats (total=10, active=0, idle=10, waiting=0)
2025-04-14 22:11:51,136 DEBUG [HikariPool-1 housekeeper][HikariPool.java:421] - HikariPool-1 - Pool stats (total=10, active=0, idle=10, waiting=0)
2025-04-14 22:11:51,136 DEBUG [HikariPool-1 housekeeper][HikariPool.java:517] - HikariPool-1 - Fill pool skipped, pool is at sufficient level.
2025-04-14 22:11:51,136 DEBUG [HikariPool-1 housekeeper][HikariPool.java:517] - HikariPool-1 - Fill pool skipped, pool is at sufficient level.
2025-04-14 22:12:01,590 DEBUG [HikariPool-1 housekeeper][HikariPool.java:421] - HikariPool-1 - Pool stats (total=10, active=0, idle=10, waiting=0)
2025-04-14 22:12:01,590 DEBUG [HikariPool-1 housekeeper][HikariPool.java:517] - HikariPool-1 - Fill pool skipped, pool is at sufficient level.
2025-04-14 22:12:01,590 DEBUG [HikariPool-1 housekeeper][HikariPool.java:421] - HikariPool-1 - Pool stats (total=10, active=0, idle=10, waiting=0)
2025-04-14 22:12:01,590 DEBUG [HikariPool-1 housekeeper][HikariPool.java:517] - HikariPool-1 - Fill pool skipped, pool is at sufficient level.
2025-04-14 22:12:21,151 DEBUG [HikariPool-1 housekeeper][HikariPool.java:421] - HikariPool-1 - Pool stats (total=10, active=0, idle=10, waiting=0)
2025-04-14 22:12:21,151 DEBUG [HikariPool-1 housekeeper][HikariPool.java:421] - HikariPool-1 - Pool stats (total=10, active=0, idle=10, waiting=0)
2025-04-14 22:12:21,151 DEBUG [HikariPool-1 housekeeper][HikariPool.java:517] - HikariPool-1 - Fill pool skipped, pool is at sufficient level.
2025-04-14 22:12:21,151 DEBUG [HikariPool-1 housekeeper][HikariPool.java:517] - HikariPool-1 - Fill pool skipped, pool is at sufficient level.
2025-04-14 22:12:31,592 DEBUG [HikariPool-1 housekeeper][HikariPool.java:421] - HikariPool-1 - Pool stats (total=10, active=0, idle=10, waiting=0)
2025-04-14 22:12:31,592 DEBUG [HikariPool-1 housekeeper][HikariPool.java:421] - HikariPool-1 - Pool stats (total=10, active=0, idle=10, waiting=0)
2025-04-14 22:12:31,592 DEBUG [HikariPool-1 housekeeper][HikariPool.java:517] - HikariPool-1 - Fill pool skipped, pool is at sufficient level.
2025-04-14 22:12:31,592 DEBUG [HikariPool-1 housekeeper][HikariPool.java:517] - HikariPool-1 - Fill pool skipped, pool is at sufficient level.
2025-04-14 22:12:51,162 DEBUG [HikariPool-1 housekeeper][HikariPool.java:421] - HikariPool-1 - Pool stats (total=10, active=0, idle=10, waiting=0)
2025-04-14 22:12:51,162 DEBUG [HikariPool-1 housekeeper][HikariPool.java:421] - HikariPool-1 - Pool stats (total=10, active=0, idle=10, waiting=0)
2025-04-14 22:12:51,163 DEBUG [HikariPool-1 housekeeper][HikariPool.java:517] - HikariPool-1 - Fill pool skipped, pool is at sufficient level.
2025-04-14 22:12:51,163 DEBUG [HikariPool-1 housekeeper][HikariPool.java:517] - HikariPool-1 - Fill pool skipped, pool is at sufficient level.
2025-04-14 22:13:01,604 DEBUG [HikariPool-1 housekeeper][HikariPool.java:421] - HikariPool-1 - Pool stats (total=10, active=0, idle=10, waiting=0)
2025-04-14 22:13:01,604 DEBUG [HikariPool-1 housekeeper][HikariPool.java:517] - HikariPool-1 - Fill pool skipped, pool is at sufficient level.
2025-04-14 22:13:01,604 DEBUG [HikariPool-1 housekeeper][HikariPool.java:421] - HikariPool-1 - Pool stats (total=10, active=0, idle=10, waiting=0)
2025-04-14 22:13:01,604 DEBUG [HikariPool-1 housekeeper][HikariPool.java:517] - HikariPool-1 - Fill pool skipped, pool is at sufficient level.
2025-04-14 22:13:21,171 DEBUG [HikariPool-1 housekeeper][HikariPool.java:421] - HikariPool-1 - Pool stats (total=10, active=0, idle=10, waiting=0)
2025-04-14 22:13:21,171 DEBUG [HikariPool-1 housekeeper][HikariPool.java:421] - HikariPool-1 - Pool stats (total=10, active=0, idle=10, waiting=0)
2025-04-14 22:13:21,171 DEBUG [HikariPool-1 housekeeper][HikariPool.java:517] - HikariPool-1 - Fill pool skipped, pool is at sufficient level.
2025-04-14 22:13:21,171 DEBUG [HikariPool-1 housekeeper][HikariPool.java:517] - HikariPool-1 - Fill pool skipped, pool is at sufficient level.
2025-04-14 22:13:31,619 DEBUG [HikariPool-1 housekeeper][HikariPool.java:421] - HikariPool-1 - Pool stats (total=10, active=0, idle=10, waiting=0)
2025-04-14 22:13:31,619 DEBUG [HikariPool-1 housekeeper][HikariPool.java:421] - HikariPool-1 - Pool stats (total=10, active=0, idle=10, waiting=0)
2025-04-14 22:13:31,619 DEBUG [HikariPool-1 housekeeper][HikariPool.java:517] - HikariPool-1 - Fill pool skipped, pool is at sufficient level.
2025-04-14 22:13:31,619 DEBUG [HikariPool-1 housekeeper][HikariPool.java:517] - HikariPool-1 - Fill pool skipped, pool is at sufficient level.
2025-04-14 22:13:51,185 DEBUG [HikariPool-1 housekeeper][HikariPool.java:421] - HikariPool-1 - Pool stats (total=10, active=0, idle=10, waiting=0)
2025-04-14 22:13:51,185 DEBUG [HikariPool-1 housekeeper][HikariPool.java:421] - HikariPool-1 - Pool stats (total=10, active=0, idle=10, waiting=0)
2025-04-14 22:13:51,185 DEBUG [HikariPool-1 housekeeper][HikariPool.java:517] - HikariPool-1 - Fill pool skipped, pool is at sufficient level.
2025-04-14 22:13:51,185 DEBUG [HikariPool-1 housekeeper][HikariPool.java:517] - HikariPool-1 - Fill pool skipped, pool is at sufficient level.
2025-04-14 22:14:01,626 DEBUG [HikariPool-1 housekeeper][HikariPool.java:421] - HikariPool-1 - Pool stats (total=10, active=0, idle=10, waiting=0)
2025-04-14 22:14:01,626 DEBUG [HikariPool-1 housekeeper][HikariPool.java:421] - HikariPool-1 - Pool stats (total=10, active=0, idle=10, waiting=0)
2025-04-14 22:14:01,626 DEBUG [HikariPool-1 housekeeper][HikariPool.java:517] - HikariPool-1 - Fill pool skipped, pool is at sufficient level.
2025-04-14 22:14:01,626 DEBUG [HikariPool-1 housekeeper][HikariPool.java:517] - HikariPool-1 - Fill pool skipped, pool is at sufficient level.
2025-04-14 22:14:21,187 DEBUG [HikariPool-1 housekeeper][HikariPool.java:421] - HikariPool-1 - Pool stats (total=10, active=0, idle=10, waiting=0)
2025-04-14 22:14:21,187 DEBUG [HikariPool-1 housekeeper][HikariPool.java:421] - HikariPool-1 - Pool stats (total=10, active=0, idle=10, waiting=0)
2025-04-14 22:14:21,187 DEBUG [HikariPool-1 housekeeper][HikariPool.java:517] - HikariPool-1 - Fill pool skipped, pool is at sufficient level.
2025-04-14 22:14:21,187 DEBUG [HikariPool-1 housekeeper][HikariPool.java:517] - HikariPool-1 - Fill pool skipped, pool is at sufficient level.
2025-04-14 22:14:31,627 DEBUG [HikariPool-1 housekeeper][HikariPool.java:421] - HikariPool-1 - Pool stats (total=10, active=0, idle=10, waiting=0)
2025-04-14 22:14:31,627 DEBUG [HikariPool-1 housekeeper][HikariPool.java:421] - HikariPool-1 - Pool stats (total=10, active=0, idle=10, waiting=0)
2025-04-14 22:14:31,627 DEBUG [HikariPool-1 housekeeper][HikariPool.java:517] - HikariPool-1 - Fill pool skipped, pool is at sufficient level.
2025-04-14 22:14:31,627 DEBUG [HikariPool-1 housekeeper][HikariPool.java:517] - HikariPool-1 - Fill pool skipped, pool is at sufficient level.
2025-04-14 22:14:51,202 DEBUG [HikariPool-1 housekeeper][HikariPool.java:421] - HikariPool-1 - Pool stats (total=10, active=0, idle=10, waiting=0)
2025-04-14 22:14:51,202 DEBUG [HikariPool-1 housekeeper][HikariPool.java:421] - HikariPool-1 - Pool stats (total=10, active=0, idle=10, waiting=0)
2025-04-14 22:14:51,202 DEBUG [HikariPool-1 housekeeper][HikariPool.java:517] - HikariPool-1 - Fill pool skipped, pool is at sufficient level.
2025-04-14 22:14:51,202 DEBUG [HikariPool-1 housekeeper][HikariPool.java:517] - HikariPool-1 - Fill pool skipped, pool is at sufficient level.
2025-04-14 22:15:01,629 DEBUG [HikariPool-1 housekeeper][HikariPool.java:421] - HikariPool-1 - Pool stats (total=10, active=0, idle=10, waiting=0)
2025-04-14 22:15:01,629 DEBUG [HikariPool-1 housekeeper][HikariPool.java:421] - HikariPool-1 - Pool stats (total=10, active=0, idle=10, waiting=0)
2025-04-14 22:15:01,630 DEBUG [HikariPool-1 housekeeper][HikariPool.java:517] - HikariPool-1 - Fill pool skipped, pool is at sufficient level.
2025-04-14 22:15:01,630 DEBUG [HikariPool-1 housekeeper][HikariPool.java:517] - HikariPool-1 - Fill pool skipped, pool is at sufficient level.
2025-04-14 22:15:21,210 DEBUG [HikariPool-1 housekeeper][HikariPool.java:421] - HikariPool-1 - Pool stats (total=10, active=0, idle=10, waiting=0)
2025-04-14 22:15:21,210 DEBUG [HikariPool-1 housekeeper][HikariPool.java:421] - HikariPool-1 - Pool stats (total=10, active=0, idle=10, waiting=0)
2025-04-14 22:15:21,210 DEBUG [HikariPool-1 housekeeper][HikariPool.java:517] - HikariPool-1 - Fill pool skipped, pool is at sufficient level.
2025-04-14 22:15:21,210 DEBUG [HikariPool-1 housekeeper][HikariPool.java:517] - HikariPool-1 - Fill pool skipped, pool is at sufficient level.
2025-04-14 22:15:31,646 DEBUG [HikariPool-1 housekeeper][HikariPool.java:421] - HikariPool-1 - Pool stats (total=10, active=0, idle=10, waiting=0)
2025-04-14 22:15:31,646 DEBUG [HikariPool-1 housekeeper][HikariPool.java:421] - HikariPool-1 - Pool stats (total=10, active=0, idle=10, waiting=0)
2025-04-14 22:15:31,647 DEBUG [HikariPool-1 housekeeper][HikariPool.java:517] - HikariPool-1 - Fill pool skipped, pool is at sufficient level.
2025-04-14 22:15:31,647 DEBUG [HikariPool-1 housekeeper][HikariPool.java:517] - HikariPool-1 - Fill pool skipped, pool is at sufficient level.
2025-04-14 22:15:51,215 DEBUG [HikariPool-1 housekeeper][HikariPool.java:421] - HikariPool-1 - Pool stats (total=10, active=0, idle=10, waiting=0)
2025-04-14 22:15:51,215 DEBUG [HikariPool-1 housekeeper][HikariPool.java:421] - HikariPool-1 - Pool stats (total=10, active=0, idle=10, waiting=0)
2025-04-14 22:15:51,215 DEBUG [HikariPool-1 housekeeper][HikariPool.java:517] - HikariPool-1 - Fill pool skipped, pool is at sufficient level.
2025-04-14 22:15:51,215 DEBUG [HikariPool-1 housekeeper][HikariPool.java:517] - HikariPool-1 - Fill pool skipped, pool is at sufficient level.
2025-04-14 22:16:01,652 DEBUG [HikariPool-1 housekeeper][HikariPool.java:421] - HikariPool-1 - Pool stats (total=10, active=0, idle=10, waiting=0)
2025-04-14 22:16:01,652 DEBUG [HikariPool-1 housekeeper][HikariPool.java:421] - HikariPool-1 - Pool stats (total=10, active=0, idle=10, waiting=0)
2025-04-14 22:16:01,652 DEBUG [HikariPool-1 housekeeper][HikariPool.java:517] - HikariPool-1 - Fill pool skipped, pool is at sufficient level.
2025-04-14 22:16:01,652 DEBUG [HikariPool-1 housekeeper][HikariPool.java:517] - HikariPool-1 - Fill pool skipped, pool is at sufficient level.
2025-04-14 22:16:21,227 DEBUG [HikariPool-1 housekeeper][HikariPool.java:421] - HikariPool-1 - Pool stats (total=10, active=0, idle=10, waiting=0)
2025-04-14 22:16:21,227 DEBUG [HikariPool-1 housekeeper][HikariPool.java:421] - HikariPool-1 - Pool stats (total=10, active=0, idle=10, waiting=0)
2025-04-14 22:16:21,227 DEBUG [HikariPool-1 housekeeper][HikariPool.java:517] - HikariPool-1 - Fill pool skipped, pool is at sufficient level.
2025-04-14 22:16:21,227 DEBUG [HikariPool-1 housekeeper][HikariPool.java:517] - HikariPool-1 - Fill pool skipped, pool is at sufficient level.
2025-04-14 22:16:31,657 DEBUG [HikariPool-1 housekeeper][HikariPool.java:421] - HikariPool-1 - Pool stats (total=10, active=0, idle=10, waiting=0)
2025-04-14 22:16:31,657 DEBUG [HikariPool-1 housekeeper][HikariPool.java:517] - HikariPool-1 - Fill pool skipped, pool is at sufficient level.
2025-04-14 22:16:31,657 DEBUG [HikariPool-1 housekeeper][HikariPool.java:421] - HikariPool-1 - Pool stats (total=10, active=0, idle=10, waiting=0)
2025-04-14 22:16:31,657 DEBUG [HikariPool-1 housekeeper][HikariPool.java:517] - HikariPool-1 - Fill pool skipped, pool is at sufficient level.
2025-04-14 22:16:51,237 DEBUG [HikariPool-1 housekeeper][HikariPool.java:421] - HikariPool-1 - Pool stats (total=10, active=0, idle=10, waiting=0)
2025-04-14 22:16:51,237 DEBUG [HikariPool-1 housekeeper][HikariPool.java:421] - HikariPool-1 - Pool stats (total=10, active=0, idle=10, waiting=0)
2025-04-14 22:16:51,237 DEBUG [HikariPool-1 housekeeper][HikariPool.java:517] - HikariPool-1 - Fill pool skipped, pool is at sufficient level.
2025-04-14 22:16:51,237 DEBUG [HikariPool-1 housekeeper][HikariPool.java:517] - HikariPool-1 - Fill pool skipped, pool is at sufficient level.
2025-04-14 22:17:01,661 DEBUG [HikariPool-1 housekeeper][HikariPool.java:421] - HikariPool-1 - Pool stats (total=10, active=0, idle=10, waiting=0)
2025-04-14 22:17:01,661 DEBUG [HikariPool-1 housekeeper][HikariPool.java:421] - HikariPool-1 - Pool stats (total=10, active=0, idle=10, waiting=0)
2025-04-14 22:17:01,661 DEBUG [HikariPool-1 housekeeper][HikariPool.java:517] - HikariPool-1 - Fill pool skipped, pool is at sufficient level.
2025-04-14 22:17:01,661 DEBUG [HikariPool-1 housekeeper][HikariPool.java:517] - HikariPool-1 - Fill pool skipped, pool is at sufficient level.
2025-04-14 22:17:21,241 DEBUG [HikariPool-1 housekeeper][HikariPool.java:421] - HikariPool-1 - Pool stats (total=10, active=0, idle=10, waiting=0)
2025-04-14 22:17:21,241 DEBUG [HikariPool-1 housekeeper][HikariPool.java:517] - HikariPool-1 - Fill pool skipped, pool is at sufficient level.
2025-04-14 22:17:21,241 DEBUG [HikariPool-1 housekeeper][HikariPool.java:421] - HikariPool-1 - Pool stats (total=10, active=0, idle=10, waiting=0)
2025-04-14 22:17:21,241 DEBUG [HikariPool-1 housekeeper][HikariPool.java:517] - HikariPool-1 - Fill pool skipped, pool is at sufficient level.
2025-04-14 22:17:31,663 DEBUG [HikariPool-1 housekeeper][HikariPool.java:421] - HikariPool-1 - Pool stats (total=10, active=0, idle=10, waiting=0)
2025-04-14 22:17:31,663 DEBUG [HikariPool-1 housekeeper][HikariPool.java:421] - HikariPool-1 - Pool stats (total=10, active=0, idle=10, waiting=0)
2025-04-14 22:17:31,663 DEBUG [HikariPool-1 housekeeper][HikariPool.java:517] - HikariPool-1 - Fill pool skipped, pool is at sufficient level.
2025-04-14 22:17:31,663 DEBUG [HikariPool-1 housekeeper][HikariPool.java:517] - HikariPool-1 - Fill pool skipped, pool is at sufficient level.
2025-04-14 22:17:51,254 DEBUG [HikariPool-1 housekeeper][HikariPool.java:421] - HikariPool-1 - Pool stats (total=10, active=0, idle=10, waiting=0)
2025-04-14 22:17:51,254 DEBUG [HikariPool-1 housekeeper][HikariPool.java:421] - HikariPool-1 - Pool stats (total=10, active=0, idle=10, waiting=0)
2025-04-14 22:17:51,254 DEBUG [HikariPool-1 housekeeper][HikariPool.java:517] - HikariPool-1 - Fill pool skipped, pool is at sufficient level.
2025-04-14 22:17:51,254 DEBUG [HikariPool-1 housekeeper][HikariPool.java:517] - HikariPool-1 - Fill pool skipped, pool is at sufficient level.
2025-04-14 22:18:01,677 DEBUG [HikariPool-1 housekeeper][HikariPool.java:421] - HikariPool-1 - Pool stats (total=10, active=0, idle=10, waiting=0)
2025-04-14 22:18:01,677 DEBUG [HikariPool-1 housekeeper][HikariPool.java:421] - HikariPool-1 - Pool stats (total=10, active=0, idle=10, waiting=0)
2025-04-14 22:18:01,677 DEBUG [HikariPool-1 housekeeper][HikariPool.java:517] - HikariPool-1 - Fill pool skipped, pool is at sufficient level.
2025-04-14 22:18:01,677 DEBUG [HikariPool-1 housekeeper][HikariPool.java:517] - HikariPool-1 - Fill pool skipped, pool is at sufficient level.
2025-04-14 22:18:21,261 DEBUG [HikariPool-1 housekeeper][HikariPool.java:421] - HikariPool-1 - Pool stats (total=10, active=0, idle=10, waiting=0)
2025-04-14 22:18:21,261 DEBUG [HikariPool-1 housekeeper][HikariPool.java:421] - HikariPool-1 - Pool stats (total=10, active=0, idle=10, waiting=0)
2025-04-14 22:18:21,261 DEBUG [HikariPool-1 housekeeper][HikariPool.java:517] - HikariPool-1 - Fill pool skipped, pool is at sufficient level.
2025-04-14 22:18:21,261 DEBUG [HikariPool-1 housekeeper][HikariPool.java:517] - HikariPool-1 - Fill pool skipped, pool is at sufficient level.
2025-04-14 22:18:31,692 DEBUG [HikariPool-1 housekeeper][HikariPool.java:421] - HikariPool-1 - Pool stats (total=10, active=0, idle=10, waiting=0)
2025-04-14 22:18:31,692 DEBUG [HikariPool-1 housekeeper][HikariPool.java:517] - HikariPool-1 - Fill pool skipped, pool is at sufficient level.
2025-04-14 22:18:31,692 DEBUG [HikariPool-1 housekeeper][HikariPool.java:421] - HikariPool-1 - Pool stats (total=10, active=0, idle=10, waiting=0)
2025-04-14 22:18:31,692 DEBUG [HikariPool-1 housekeeper][HikariPool.java:517] - HikariPool-1 - Fill pool skipped, pool is at sufficient level.
2025-04-14 22:18:51,269 DEBUG [HikariPool-1 housekeeper][HikariPool.java:421] - HikariPool-1 - Pool stats (total=10, active=0, idle=10, waiting=0)
2025-04-14 22:18:51,269 DEBUG [HikariPool-1 housekeeper][HikariPool.java:421] - HikariPool-1 - Pool stats (total=10, active=0, idle=10, waiting=0)
2025-04-14 22:18:51,269 DEBUG [HikariPool-1 housekeeper][HikariPool.java:517] - HikariPool-1 - Fill pool skipped, pool is at sufficient level.
2025-04-14 22:18:51,269 DEBUG [HikariPool-1 housekeeper][HikariPool.java:517] - HikariPool-1 - Fill pool skipped, pool is at sufficient level.
2025-04-14 22:19:01,698 DEBUG [HikariPool-1 housekeeper][HikariPool.java:421] - HikariPool-1 - Pool stats (total=10, active=0, idle=10, waiting=0)
2025-04-14 22:19:01,698 DEBUG [HikariPool-1 housekeeper][HikariPool.java:421] - HikariPool-1 - Pool stats (total=10, active=0, idle=10, waiting=0)
2025-04-14 22:19:01,698 DEBUG [HikariPool-1 housekeeper][HikariPool.java:517] - HikariPool-1 - Fill pool skipped, pool is at sufficient level.
2025-04-14 22:19:01,698 DEBUG [HikariPool-1 housekeeper][HikariPool.java:517] - HikariPool-1 - Fill pool skipped, pool is at sufficient level.
2025-04-14 22:19:21,271 DEBUG [HikariPool-1 housekeeper][HikariPool.java:421] - HikariPool-1 - Pool stats (total=10, active=0, idle=10, waiting=0)
2025-04-14 22:19:21,271 DEBUG [HikariPool-1 housekeeper][HikariPool.java:421] - HikariPool-1 - Pool stats (total=10, active=0, idle=10, waiting=0)
2025-04-14 22:19:21,271 DEBUG [HikariPool-1 housekeeper][HikariPool.java:517] - HikariPool-1 - Fill pool skipped, pool is at sufficient level.
2025-04-14 22:19:21,271 DEBUG [HikariPool-1 housekeeper][HikariPool.java:517] - HikariPool-1 - Fill pool skipped, pool is at sufficient level.
2025-04-14 22:19:31,706 DEBUG [HikariPool-1 housekeeper][HikariPool.java:421] - HikariPool-1 - Pool stats (total=10, active=0, idle=10, waiting=0)
2025-04-14 22:19:31,706 DEBUG [HikariPool-1 housekeeper][HikariPool.java:421] - HikariPool-1 - Pool stats (total=10, active=0, idle=10, waiting=0)
2025-04-14 22:19:31,706 DEBUG [HikariPool-1 housekeeper][HikariPool.java:517] - HikariPool-1 - Fill pool skipped, pool is at sufficient level.
2025-04-14 22:19:31,706 DEBUG [HikariPool-1 housekeeper][HikariPool.java:517] - HikariPool-1 - Fill pool skipped, pool is at sufficient level.
2025-04-14 22:19:51,279 DEBUG [HikariPool-1 housekeeper][HikariPool.java:421] - HikariPool-1 - Pool stats (total=10, active=0, idle=10, waiting=0)
2025-04-14 22:19:51,279 DEBUG [HikariPool-1 housekeeper][HikariPool.java:421] - HikariPool-1 - Pool stats (total=10, active=0, idle=10, waiting=0)
2025-04-14 22:19:51,279 DEBUG [HikariPool-1 housekeeper][HikariPool.java:517] - HikariPool-1 - Fill pool skipped, pool is at sufficient level.
2025-04-14 22:19:51,279 DEBUG [HikariPool-1 housekeeper][HikariPool.java:517] - HikariPool-1 - Fill pool skipped, pool is at sufficient level.
2025-04-14 22:20:01,720 DEBUG [HikariPool-1 housekeeper][HikariPool.java:421] - HikariPool-1 - Pool stats (total=10, active=0, idle=10, waiting=0)
2025-04-14 22:20:01,720 DEBUG [HikariPool-1 housekeeper][HikariPool.java:421] - HikariPool-1 - Pool stats (total=10, active=0, idle=10, waiting=0)
2025-04-14 22:20:01,720 DEBUG [HikariPool-1 housekeeper][HikariPool.java:517] - HikariPool-1 - Fill pool skipped, pool is at sufficient level.
2025-04-14 22:20:01,720 DEBUG [HikariPool-1 housekeeper][HikariPool.java:517] - HikariPool-1 - Fill pool skipped, pool is at sufficient level.
2025-04-14 22:20:21,290 DEBUG [HikariPool-1 housekeeper][HikariPool.java:421] - HikariPool-1 - Pool stats (total=10, active=0, idle=10, waiting=0)
2025-04-14 22:20:21,290 DEBUG [HikariPool-1 housekeeper][HikariPool.java:421] - HikariPool-1 - Pool stats (total=10, active=0, idle=10, waiting=0)
2025-04-14 22:20:21,290 DEBUG [HikariPool-1 housekeeper][HikariPool.java:517] - HikariPool-1 - Fill pool skipped, pool is at sufficient level.
2025-04-14 22:20:21,290 DEBUG [HikariPool-1 housekeeper][HikariPool.java:517] - HikariPool-1 - Fill pool skipped, pool is at sufficient level.
2025-04-14 22:20:31,721 DEBUG [HikariPool-1 housekeeper][HikariPool.java:421] - HikariPool-1 - Pool stats (total=10, active=0, idle=10, waiting=0)
2025-04-14 22:20:31,721 DEBUG [HikariPool-1 housekeeper][HikariPool.java:421] - HikariPool-1 - Pool stats (total=10, active=0, idle=10, waiting=0)
2025-04-14 22:20:31,721 DEBUG [HikariPool-1 housekeeper][HikariPool.java:517] - HikariPool-1 - Fill pool skipped, pool is at sufficient level.
2025-04-14 22:20:31,721 DEBUG [HikariPool-1 housekeeper][HikariPool.java:517] - HikariPool-1 - Fill pool skipped, pool is at sufficient level.
2025-04-14 22:20:51,295 DEBUG [HikariPool-1 housekeeper][HikariPool.java:421] - HikariPool-1 - Pool stats (total=10, active=0, idle=10, waiting=0)
2025-04-14 22:20:51,295 DEBUG [HikariPool-1 housekeeper][HikariPool.java:517] - HikariPool-1 - Fill pool skipped, pool is at sufficient level.
2025-04-14 22:20:51,295 DEBUG [HikariPool-1 housekeeper][HikariPool.java:421] - HikariPool-1 - Pool stats (total=10, active=0, idle=10, waiting=0)
2025-04-14 22:20:51,295 DEBUG [HikariPool-1 housekeeper][HikariPool.java:517] - HikariPool-1 - Fill pool skipped, pool is at sufficient level.
2025-04-14 22:21:01,730 DEBUG [HikariPool-1 housekeeper][HikariPool.java:421] - HikariPool-1 - Pool stats (total=10, active=0, idle=10, waiting=0)
2025-04-14 22:21:01,730 DEBUG [HikariPool-1 housekeeper][HikariPool.java:421] - HikariPool-1 - Pool stats (total=10, active=0, idle=10, waiting=0)
2025-04-14 22:21:01,730 DEBUG [HikariPool-1 housekeeper][HikariPool.java:517] - HikariPool-1 - Fill pool skipped, pool is at sufficient level.
2025-04-14 22:21:01,730 DEBUG [HikariPool-1 housekeeper][HikariPool.java:517] - HikariPool-1 - Fill pool skipped, pool is at sufficient level.
2025-04-14 22:21:21,309 DEBUG [HikariPool-1 housekeeper][HikariPool.java:421] - HikariPool-1 - Pool stats (total=10, active=0, idle=10, waiting=0)
2025-04-14 22:21:21,309 DEBUG [HikariPool-1 housekeeper][HikariPool.java:421] - HikariPool-1 - Pool stats (total=10, active=0, idle=10, waiting=0)
2025-04-14 22:21:21,310 DEBUG [HikariPool-1 housekeeper][HikariPool.java:517] - HikariPool-1 - Fill pool skipped, pool is at sufficient level.
2025-04-14 22:21:21,310 DEBUG [HikariPool-1 housekeeper][HikariPool.java:517] - HikariPool-1 - Fill pool skipped, pool is at sufficient level.
2025-04-14 22:21:31,736 DEBUG [HikariPool-1 housekeeper][HikariPool.java:421] - HikariPool-1 - Pool stats (total=10, active=0, idle=10, waiting=0)
2025-04-14 22:21:31,736 DEBUG [HikariPool-1 housekeeper][HikariPool.java:517] - HikariPool-1 - Fill pool skipped, pool is at sufficient level.
2025-04-14 22:21:31,736 DEBUG [HikariPool-1 housekeeper][HikariPool.java:421] - HikariPool-1 - Pool stats (total=10, active=0, idle=10, waiting=0)
2025-04-14 22:21:31,736 DEBUG [HikariPool-1 housekeeper][HikariPool.java:517] - HikariPool-1 - Fill pool skipped, pool is at sufficient level.
2025-04-14 22:21:51,319 DEBUG [HikariPool-1 housekeeper][HikariPool.java:421] - HikariPool-1 - Pool stats (total=10, active=0, idle=10, waiting=0)
2025-04-14 22:21:51,319 DEBUG [HikariPool-1 housekeeper][HikariPool.java:421] - HikariPool-1 - Pool stats (total=10, active=0, idle=10, waiting=0)
2025-04-14 22:21:51,319 DEBUG [HikariPool-1 housekeeper][HikariPool.java:517] - HikariPool-1 - Fill pool skipped, pool is at sufficient level.
2025-04-14 22:21:51,319 DEBUG [HikariPool-1 housekeeper][HikariPool.java:517] - HikariPool-1 - Fill pool skipped, pool is at sufficient level.
2025-04-14 22:22:01,748 DEBUG [HikariPool-1 housekeeper][HikariPool.java:421] - HikariPool-1 - Pool stats (total=10, active=0, idle=10, waiting=0)
2025-04-14 22:22:01,748 DEBUG [HikariPool-1 housekeeper][HikariPool.java:421] - HikariPool-1 - Pool stats (total=10, active=0, idle=10, waiting=0)
2025-04-14 22:22:01,748 DEBUG [HikariPool-1 housekeeper][HikariPool.java:517] - HikariPool-1 - Fill pool skipped, pool is at sufficient level.
2025-04-14 22:22:01,748 DEBUG [HikariPool-1 housekeeper][HikariPool.java:517] - HikariPool-1 - Fill pool skipped, pool is at sufficient level.
2025-04-14 22:22:21,322 DEBUG [HikariPool-1 housekeeper][HikariPool.java:421] - HikariPool-1 - Pool stats (total=10, active=0, idle=10, waiting=0)
2025-04-14 22:22:21,322 DEBUG [HikariPool-1 housekeeper][HikariPool.java:421] - HikariPool-1 - Pool stats (total=10, active=0, idle=10, waiting=0)
2025-04-14 22:22:21,322 DEBUG [HikariPool-1 housekeeper][HikariPool.java:517] - HikariPool-1 - Fill pool skipped, pool is at sufficient level.
2025-04-14 22:22:21,322 DEBUG [HikariPool-1 housekeeper][HikariPool.java:517] - HikariPool-1 - Fill pool skipped, pool is at sufficient level.
2025-04-14 22:22:31,762 DEBUG [HikariPool-1 housekeeper][HikariPool.java:421] - HikariPool-1 - Pool stats (total=10, active=0, idle=10, waiting=0)
2025-04-14 22:22:31,762 DEBUG [HikariPool-1 housekeeper][HikariPool.java:421] - HikariPool-1 - Pool stats (total=10, active=0, idle=10, waiting=0)
2025-04-14 22:22:31,762 DEBUG [HikariPool-1 housekeeper][HikariPool.java:517] - HikariPool-1 - Fill pool skipped, pool is at sufficient level.
2025-04-14 22:22:31,762 DEBUG [HikariPool-1 housekeeper][HikariPool.java:517] - HikariPool-1 - Fill pool skipped, pool is at sufficient level.
2025-04-14 22:22:51,329 DEBUG [HikariPool-1 housekeeper][HikariPool.java:421] - HikariPool-1 - Pool stats (total=10, active=0, idle=10, waiting=0)
2025-04-14 22:22:51,329 DEBUG [HikariPool-1 housekeeper][HikariPool.java:421] - HikariPool-1 - Pool stats (total=10, active=0, idle=10, waiting=0)
2025-04-14 22:22:51,329 DEBUG [HikariPool-1 housekeeper][HikariPool.java:517] - HikariPool-1 - Fill pool skipped, pool is at sufficient level.
2025-04-14 22:22:51,329 DEBUG [HikariPool-1 housekeeper][HikariPool.java:517] - HikariPool-1 - Fill pool skipped, pool is at sufficient level.
2025-04-14 22:23:01,763 DEBUG [HikariPool-1 housekeeper][HikariPool.java:421] - HikariPool-1 - Pool stats (total=10, active=0, idle=10, waiting=0)
2025-04-14 22:23:01,763 DEBUG [HikariPool-1 housekeeper][HikariPool.java:421] - HikariPool-1 - Pool stats (total=10, active=0, idle=10, waiting=0)
2025-04-14 22:23:01,763 DEBUG [HikariPool-1 housekeeper][HikariPool.java:517] - HikariPool-1 - Fill pool skipped, pool is at sufficient level.
2025-04-14 22:23:01,763 DEBUG [HikariPool-1 housekeeper][HikariPool.java:517] - HikariPool-1 - Fill pool skipped, pool is at sufficient level.
2025-04-14 22:23:21,338 DEBUG [HikariPool-1 housekeeper][HikariPool.java:421] - HikariPool-1 - Pool stats (total=10, active=0, idle=10, waiting=0)
2025-04-14 22:23:21,338 DEBUG [HikariPool-1 housekeeper][HikariPool.java:421] - HikariPool-1 - Pool stats (total=10, active=0, idle=10, waiting=0)
2025-04-14 22:23:21,339 DEBUG [HikariPool-1 housekeeper][HikariPool.java:517] - HikariPool-1 - Fill pool skipped, pool is at sufficient level.
2025-04-14 22:23:21,339 DEBUG [HikariPool-1 housekeeper][HikariPool.java:517] - HikariPool-1 - Fill pool skipped, pool is at sufficient level.
2025-04-14 22:23:31,771 DEBUG [HikariPool-1 housekeeper][HikariPool.java:421] - HikariPool-1 - Pool stats (total=10, active=0, idle=10, waiting=0)
2025-04-14 22:23:31,771 DEBUG [HikariPool-1 housekeeper][HikariPool.java:421] - HikariPool-1 - Pool stats (total=10, active=0, idle=10, waiting=0)
2025-04-14 22:23:31,771 DEBUG [HikariPool-1 housekeeper][HikariPool.java:517] - HikariPool-1 - Fill pool skipped, pool is at sufficient level.
2025-04-14 22:23:31,771 DEBUG [HikariPool-1 housekeeper][HikariPool.java:517] - HikariPool-1 - Fill pool skipped, pool is at sufficient level.
2025-04-14 22:23:51,341 DEBUG [HikariPool-1 housekeeper][HikariPool.java:421] - HikariPool-1 - Pool stats (total=10, active=0, idle=10, waiting=0)
2025-04-14 22:23:51,341 DEBUG [HikariPool-1 housekeeper][HikariPool.java:421] - HikariPool-1 - Pool stats (total=10, active=0, idle=10, waiting=0)
2025-04-14 22:23:51,341 DEBUG [HikariPool-1 housekeeper][HikariPool.java:517] - HikariPool-1 - Fill pool skipped, pool is at sufficient level.
2025-04-14 22:23:51,341 DEBUG [HikariPool-1 housekeeper][HikariPool.java:517] - HikariPool-1 - Fill pool skipped, pool is at sufficient level.
2025-04-14 22:24:01,780 DEBUG [HikariPool-1 housekeeper][HikariPool.java:421] - HikariPool-1 - Pool stats (total=10, active=0, idle=10, waiting=0)
2025-04-14 22:24:01,780 DEBUG [HikariPool-1 housekeeper][HikariPool.java:517] - HikariPool-1 - Fill pool skipped, pool is at sufficient level.
2025-04-14 22:24:01,780 DEBUG [HikariPool-1 housekeeper][HikariPool.java:421] - HikariPool-1 - Pool stats (total=10, active=0, idle=10, waiting=0)
2025-04-14 22:24:01,780 DEBUG [HikariPool-1 housekeeper][HikariPool.java:517] - HikariPool-1 - Fill pool skipped, pool is at sufficient level.
2025-04-14 22:24:21,351 DEBUG [HikariPool-1 housekeeper][HikariPool.java:421] - HikariPool-1 - Pool stats (total=10, active=0, idle=10, waiting=0)
2025-04-14 22:24:21,351 DEBUG [HikariPool-1 housekeeper][HikariPool.java:421] - HikariPool-1 - Pool stats (total=10, active=0, idle=10, waiting=0)
2025-04-14 22:24:21,351 DEBUG [HikariPool-1 housekeeper][HikariPool.java:517] - HikariPool-1 - Fill pool skipped, pool is at sufficient level.
2025-04-14 22:24:21,351 DEBUG [HikariPool-1 housekeeper][HikariPool.java:517] - HikariPool-1 - Fill pool skipped, pool is at sufficient level.
2025-04-14 22:24:31,790 DEBUG [HikariPool-1 housekeeper][HikariPool.java:421] - HikariPool-1 - Pool stats (total=10, active=0, idle=10, waiting=0)
2025-04-14 22:24:31,790 DEBUG [HikariPool-1 housekeeper][HikariPool.java:421] - HikariPool-1 - Pool stats (total=10, active=0, idle=10, waiting=0)
2025-04-14 22:24:31,790 DEBUG [HikariPool-1 housekeeper][HikariPool.java:517] - HikariPool-1 - Fill pool skipped, pool is at sufficient level.
2025-04-14 22:24:31,790 DEBUG [HikariPool-1 housekeeper][HikariPool.java:517] - HikariPool-1 - Fill pool skipped, pool is at sufficient level.
2025-04-14 22:24:51,357 DEBUG [HikariPool-1 housekeeper][HikariPool.java:421] - HikariPool-1 - Pool stats (total=10, active=0, idle=10, waiting=0)
2025-04-14 22:24:51,357 DEBUG [HikariPool-1 housekeeper][HikariPool.java:421] - HikariPool-1 - Pool stats (total=10, active=0, idle=10, waiting=0)
2025-04-14 22:24:51,357 DEBUG [HikariPool-1 housekeeper][HikariPool.java:517] - HikariPool-1 - Fill pool skipped, pool is at sufficient level.
2025-04-14 22:24:51,357 DEBUG [HikariPool-1 housekeeper][HikariPool.java:517] - HikariPool-1 - Fill pool skipped, pool is at sufficient level.
2025-04-14 22:25:01,804 DEBUG [HikariPool-1 housekeeper][HikariPool.java:421] - HikariPool-1 - Pool stats (total=10, active=0, idle=10, waiting=0)
2025-04-14 22:25:01,804 DEBUG [HikariPool-1 housekeeper][HikariPool.java:517] - HikariPool-1 - Fill pool skipped, pool is at sufficient level.
2025-04-14 22:25:01,804 DEBUG [HikariPool-1 housekeeper][HikariPool.java:421] - HikariPool-1 - Pool stats (total=10, active=0, idle=10, waiting=0)
2025-04-14 22:25:01,804 DEBUG [HikariPool-1 housekeeper][HikariPool.java:517] - HikariPool-1 - Fill pool skipped, pool is at sufficient level.
2025-04-14 22:25:21,365 DEBUG [HikariPool-1 housekeeper][HikariPool.java:421] - HikariPool-1 - Pool stats (total=10, active=0, idle=10, waiting=0)
2025-04-14 22:25:21,365 DEBUG [HikariPool-1 housekeeper][HikariPool.java:421] - HikariPool-1 - Pool stats (total=10, active=0, idle=10, waiting=0)
2025-04-14 22:25:21,365 DEBUG [HikariPool-1 housekeeper][HikariPool.java:517] - HikariPool-1 - Fill pool skipped, pool is at sufficient level.
2025-04-14 22:25:21,365 DEBUG [HikariPool-1 housekeeper][HikariPool.java:517] - HikariPool-1 - Fill pool skipped, pool is at sufficient level.
2025-04-14 22:25:31,817 DEBUG [HikariPool-1 housekeeper][HikariPool.java:421] - HikariPool-1 - Pool stats (total=10, active=0, idle=10, waiting=0)
2025-04-14 22:25:31,817 DEBUG [HikariPool-1 housekeeper][HikariPool.java:421] - HikariPool-1 - Pool stats (total=10, active=0, idle=10, waiting=0)
2025-04-14 22:25:31,817 DEBUG [HikariPool-1 housekeeper][HikariPool.java:517] - HikariPool-1 - Fill pool skipped, pool is at sufficient level.
2025-04-14 22:25:31,817 DEBUG [HikariPool-1 housekeeper][HikariPool.java:517] - HikariPool-1 - Fill pool skipped, pool is at sufficient level.
2025-04-14 22:25:51,379 DEBUG [HikariPool-1 housekeeper][HikariPool.java:421] - HikariPool-1 - Pool stats (total=10, active=0, idle=10, waiting=0)
2025-04-14 22:25:51,379 DEBUG [HikariPool-1 housekeeper][HikariPool.java:421] - HikariPool-1 - Pool stats (total=10, active=0, idle=10, waiting=0)
2025-04-14 22:25:51,379 DEBUG [HikariPool-1 housekeeper][HikariPool.java:517] - HikariPool-1 - Fill pool skipped, pool is at sufficient level.
2025-04-14 22:25:51,379 DEBUG [HikariPool-1 housekeeper][HikariPool.java:517] - HikariPool-1 - Fill pool skipped, pool is at sufficient level.
2025-04-14 22:26:01,832 DEBUG [HikariPool-1 housekeeper][HikariPool.java:421] - HikariPool-1 - Pool stats (total=10, active=0, idle=10, waiting=0)
2025-04-14 22:26:01,832 DEBUG [HikariPool-1 housekeeper][HikariPool.java:421] - HikariPool-1 - Pool stats (total=10, active=0, idle=10, waiting=0)
2025-04-14 22:26:01,832 DEBUG [HikariPool-1 housekeeper][HikariPool.java:517] - HikariPool-1 - Fill pool skipped, pool is at sufficient level.
2025-04-14 22:26:01,832 DEBUG [HikariPool-1 housekeeper][HikariPool.java:517] - HikariPool-1 - Fill pool skipped, pool is at sufficient level.
2025-04-14 22:26:21,388 DEBUG [HikariPool-1 housekeeper][HikariPool.java:421] - HikariPool-1 - Pool stats (total=10, active=0, idle=10, waiting=0)
2025-04-14 22:26:21,388 DEBUG [HikariPool-1 housekeeper][HikariPool.java:517] - HikariPool-1 - Fill pool skipped, pool is at sufficient level.
2025-04-14 22:26:21,388 DEBUG [HikariPool-1 housekeeper][HikariPool.java:421] - HikariPool-1 - Pool stats (total=10, active=0, idle=10, waiting=0)
2025-04-14 22:26:21,388 DEBUG [HikariPool-1 housekeeper][HikariPool.java:517] - HikariPool-1 - Fill pool skipped, pool is at sufficient level.
2025-04-14 22:26:31,847 DEBUG [HikariPool-1 housekeeper][HikariPool.java:421] - HikariPool-1 - Pool stats (total=10, active=0, idle=10, waiting=0)
2025-04-14 22:26:31,847 DEBUG [HikariPool-1 housekeeper][HikariPool.java:421] - HikariPool-1 - Pool stats (total=10, active=0, idle=10, waiting=0)
2025-04-14 22:26:31,847 DEBUG [HikariPool-1 housekeeper][HikariPool.java:517] - HikariPool-1 - Fill pool skipped, pool is at sufficient level.
2025-04-14 22:26:31,847 DEBUG [HikariPool-1 housekeeper][HikariPool.java:517] - HikariPool-1 - Fill pool skipped, pool is at sufficient level.
2025-04-14 22:26:51,395 DEBUG [HikariPool-1 housekeeper][HikariPool.java:421] - HikariPool-1 - Pool stats (total=10, active=0, idle=10, waiting=0)
2025-04-14 22:26:51,395 DEBUG [HikariPool-1 housekeeper][HikariPool.java:421] - HikariPool-1 - Pool stats (total=10, active=0, idle=10, waiting=0)
2025-04-14 22:26:51,395 DEBUG [HikariPool-1 housekeeper][HikariPool.java:517] - HikariPool-1 - Fill pool skipped, pool is at sufficient level.
2025-04-14 22:26:51,395 DEBUG [HikariPool-1 housekeeper][HikariPool.java:517] - HikariPool-1 - Fill pool skipped, pool is at sufficient level.
2025-04-14 22:27:01,857 DEBUG [HikariPool-1 housekeeper][HikariPool.java:421] - HikariPool-1 - Pool stats (total=10, active=0, idle=10, waiting=0)
2025-04-14 22:27:01,857 DEBUG [HikariPool-1 housekeeper][HikariPool.java:421] - HikariPool-1 - Pool stats (total=10, active=0, idle=10, waiting=0)
2025-04-14 22:27:01,857 DEBUG [HikariPool-1 housekeeper][HikariPool.java:517] - HikariPool-1 - Fill pool skipped, pool is at sufficient level.
2025-04-14 22:27:01,857 DEBUG [HikariPool-1 housekeeper][HikariPool.java:517] - HikariPool-1 - Fill pool skipped, pool is at sufficient level.
2025-04-14 22:27:21,400 DEBUG [HikariPool-1 housekeeper][HikariPool.java:421] - HikariPool-1 - Pool stats (total=10, active=0, idle=10, waiting=0)
2025-04-14 22:27:21,400 DEBUG [HikariPool-1 housekeeper][HikariPool.java:421] - HikariPool-1 - Pool stats (total=10, active=0, idle=10, waiting=0)
2025-04-14 22:27:21,400 DEBUG [HikariPool-1 housekeeper][HikariPool.java:517] - HikariPool-1 - Fill pool skipped, pool is at sufficient level.
2025-04-14 22:27:21,400 DEBUG [HikariPool-1 housekeeper][HikariPool.java:517] - HikariPool-1 - Fill pool skipped, pool is at sufficient level.
2025-04-14 22:27:31,865 DEBUG [HikariPool-1 housekeeper][HikariPool.java:421] - HikariPool-1 - Pool stats (total=10, active=0, idle=10, waiting=0)
2025-04-14 22:27:31,865 DEBUG [HikariPool-1 housekeeper][HikariPool.java:421] - HikariPool-1 - Pool stats (total=10, active=0, idle=10, waiting=0)
2025-04-14 22:27:31,865 DEBUG [HikariPool-1 housekeeper][HikariPool.java:517] - HikariPool-1 - Fill pool skipped, pool is at sufficient level.
2025-04-14 22:27:31,865 DEBUG [HikariPool-1 housekeeper][HikariPool.java:517] - HikariPool-1 - Fill pool skipped, pool is at sufficient level.
2025-04-14 22:27:51,413 DEBUG [HikariPool-1 housekeeper][HikariPool.java:421] - HikariPool-1 - Pool stats (total=10, active=0, idle=10, waiting=0)
2025-04-14 22:27:51,413 DEBUG [HikariPool-1 housekeeper][HikariPool.java:421] - HikariPool-1 - Pool stats (total=10, active=0, idle=10, waiting=0)
2025-04-14 22:27:51,413 DEBUG [HikariPool-1 housekeeper][HikariPool.java:517] - HikariPool-1 - Fill pool skipped, pool is at sufficient level.
2025-04-14 22:27:51,413 DEBUG [HikariPool-1 housekeeper][HikariPool.java:517] - HikariPool-1 - Fill pool skipped, pool is at sufficient level.
2025-04-14 22:28:01,876 DEBUG [HikariPool-1 housekeeper][HikariPool.java:421] - HikariPool-1 - Pool stats (total=10, active=0, idle=10, waiting=0)
2025-04-14 22:28:01,876 DEBUG [HikariPool-1 housekeeper][HikariPool.java:421] - HikariPool-1 - Pool stats (total=10, active=0, idle=10, waiting=0)
2025-04-14 22:28:01,876 DEBUG [HikariPool-1 housekeeper][HikariPool.java:517] - HikariPool-1 - Fill pool skipped, pool is at sufficient level.
2025-04-14 22:28:01,876 DEBUG [HikariPool-1 housekeeper][HikariPool.java:517] - HikariPool-1 - Fill pool skipped, pool is at sufficient level.
2025-04-14 22:28:21,421 DEBUG [HikariPool-1 housekeeper][HikariPool.java:421] - HikariPool-1 - Pool stats (total=10, active=0, idle=10, waiting=0)
2025-04-14 22:28:21,421 DEBUG [HikariPool-1 housekeeper][HikariPool.java:421] - HikariPool-1 - Pool stats (total=10, active=0, idle=10, waiting=0)
2025-04-14 22:28:21,421 DEBUG [HikariPool-1 housekeeper][HikariPool.java:517] - HikariPool-1 - Fill pool skipped, pool is at sufficient level.
2025-04-14 22:28:21,421 DEBUG [HikariPool-1 housekeeper][HikariPool.java:517] - HikariPool-1 - Fill pool skipped, pool is at sufficient level.
2025-04-14 22:28:31,882 DEBUG [HikariPool-1 housekeeper][HikariPool.java:421] - HikariPool-1 - Pool stats (total=10, active=0, idle=10, waiting=0)
2025-04-14 22:28:31,882 DEBUG [HikariPool-1 housekeeper][HikariPool.java:421] - HikariPool-1 - Pool stats (total=10, active=0, idle=10, waiting=0)
2025-04-14 22:28:31,882 DEBUG [HikariPool-1 housekeeper][HikariPool.java:517] - HikariPool-1 - Fill pool skipped, pool is at sufficient level.
2025-04-14 22:28:31,882 DEBUG [HikariPool-1 housekeeper][HikariPool.java:517] - HikariPool-1 - Fill pool skipped, pool is at sufficient level.
2025-04-14 22:28:51,431 DEBUG [HikariPool-1 housekeeper][HikariPool.java:421] - HikariPool-1 - Pool stats (total=10, active=0, idle=10, waiting=0)
2025-04-14 22:28:51,431 DEBUG [HikariPool-1 housekeeper][HikariPool.java:421] - HikariPool-1 - Pool stats (total=10, active=0, idle=10, waiting=0)
2025-04-14 22:28:51,431 DEBUG [HikariPool-1 housekeeper][HikariPool.java:517] - HikariPool-1 - Fill pool skipped, pool is at sufficient level.
2025-04-14 22:28:51,431 DEBUG [HikariPool-1 housekeeper][HikariPool.java:517] - HikariPool-1 - Fill pool skipped, pool is at sufficient level.
2025-04-14 22:29:01,886 DEBUG [HikariPool-1 housekeeper][HikariPool.java:421] - HikariPool-1 - Pool stats (total=10, active=0, idle=10, waiting=0)
2025-04-14 22:29:01,886 DEBUG [HikariPool-1 housekeeper][HikariPool.java:517] - HikariPool-1 - Fill pool skipped, pool is at sufficient level.
2025-04-14 22:29:01,886 DEBUG [HikariPool-1 housekeeper][HikariPool.java:421] - HikariPool-1 - Pool stats (total=10, active=0, idle=10, waiting=0)
2025-04-14 22:29:01,886 DEBUG [HikariPool-1 housekeeper][HikariPool.java:517] - HikariPool-1 - Fill pool skipped, pool is at sufficient level.
2025-04-14 22:29:21,445 DEBUG [HikariPool-1 housekeeper][HikariPool.java:421] - HikariPool-1 - Pool stats (total=10, active=0, idle=10, waiting=0)
2025-04-14 22:29:21,445 DEBUG [HikariPool-1 housekeeper][HikariPool.java:421] - HikariPool-1 - Pool stats (total=10, active=0, idle=10, waiting=0)
2025-04-14 22:29:21,445 DEBUG [HikariPool-1 housekeeper][HikariPool.java:517] - HikariPool-1 - Fill pool skipped, pool is at sufficient level.
2025-04-14 22:29:21,445 DEBUG [HikariPool-1 housekeeper][HikariPool.java:517] - HikariPool-1 - Fill pool skipped, pool is at sufficient level.
2025-04-14 22:29:31,902 DEBUG [HikariPool-1 housekeeper][HikariPool.java:421] - HikariPool-1 - Pool stats (total=10, active=0, idle=10, waiting=0)
2025-04-14 22:29:31,902 DEBUG [HikariPool-1 housekeeper][HikariPool.java:421] - HikariPool-1 - Pool stats (total=10, active=0, idle=10, waiting=0)
2025-04-14 22:29:31,902 DEBUG [HikariPool-1 housekeeper][HikariPool.java:517] - HikariPool-1 - Fill pool skipped, pool is at sufficient level.
2025-04-14 22:29:31,902 DEBUG [HikariPool-1 housekeeper][HikariPool.java:517] - HikariPool-1 - Fill pool skipped, pool is at sufficient level.
2025-04-14 22:29:51,459 DEBUG [HikariPool-1 housekeeper][HikariPool.java:421] - HikariPool-1 - Pool stats (total=10, active=0, idle=10, waiting=0)
2025-04-14 22:29:51,459 DEBUG [HikariPool-1 housekeeper][HikariPool.java:421] - HikariPool-1 - Pool stats (total=10, active=0, idle=10, waiting=0)
2025-04-14 22:29:51,459 DEBUG [HikariPool-1 housekeeper][HikariPool.java:517] - HikariPool-1 - Fill pool skipped, pool is at sufficient level.
2025-04-14 22:29:51,459 DEBUG [HikariPool-1 housekeeper][HikariPool.java:517] - HikariPool-1 - Fill pool skipped, pool is at sufficient level.
2025-04-14 22:30:01,904 DEBUG [HikariPool-1 housekeeper][HikariPool.java:421] - HikariPool-1 - Pool stats (total=10, active=0, idle=10, waiting=0)
2025-04-14 22:30:01,904 DEBUG [HikariPool-1 housekeeper][HikariPool.java:421] - HikariPool-1 - Pool stats (total=10, active=0, idle=10, waiting=0)
2025-04-14 22:30:01,904 DEBUG [HikariPool-1 housekeeper][HikariPool.java:517] - HikariPool-1 - Fill pool skipped, pool is at sufficient level.
2025-04-14 22:30:01,904 DEBUG [HikariPool-1 housekeeper][HikariPool.java:517] - HikariPool-1 - Fill pool skipped, pool is at sufficient level.
2025-04-14 22:30:21,475 DEBUG [HikariPool-1 housekeeper][HikariPool.java:421] - HikariPool-1 - Pool stats (total=10, active=0, idle=10, waiting=0)
2025-04-14 22:30:21,475 DEBUG [HikariPool-1 housekeeper][HikariPool.java:517] - HikariPool-1 - Fill pool skipped, pool is at sufficient level.
2025-04-14 22:30:21,475 DEBUG [HikariPool-1 housekeeper][HikariPool.java:421] - HikariPool-1 - Pool stats (total=10, active=0, idle=10, waiting=0)
2025-04-14 22:30:21,475 DEBUG [HikariPool-1 housekeeper][HikariPool.java:517] - HikariPool-1 - Fill pool skipped, pool is at sufficient level.
2025-04-14 22:30:31,916 DEBUG [HikariPool-1 housekeeper][HikariPool.java:421] - HikariPool-1 - Pool stats (total=10, active=0, idle=10, waiting=0)
2025-04-14 22:30:31,916 DEBUG [HikariPool-1 housekeeper][HikariPool.java:421] - HikariPool-1 - Pool stats (total=10, active=0, idle=10, waiting=0)
2025-04-14 22:30:31,916 DEBUG [HikariPool-1 housekeeper][HikariPool.java:517] - HikariPool-1 - Fill pool skipped, pool is at sufficient level.
2025-04-14 22:30:31,916 DEBUG [HikariPool-1 housekeeper][HikariPool.java:517] - HikariPool-1 - Fill pool skipped, pool is at sufficient level.
2025-04-14 22:30:51,477 DEBUG [HikariPool-1 housekeeper][HikariPool.java:421] - HikariPool-1 - Pool stats (total=10, active=0, idle=10, waiting=0)
2025-04-14 22:30:51,477 DEBUG [HikariPool-1 housekeeper][HikariPool.java:421] - HikariPool-1 - Pool stats (total=10, active=0, idle=10, waiting=0)
2025-04-14 22:30:51,477 DEBUG [HikariPool-1 housekeeper][HikariPool.java:517] - HikariPool-1 - Fill pool skipped, pool is at sufficient level.
2025-04-14 22:30:51,477 DEBUG [HikariPool-1 housekeeper][HikariPool.java:517] - HikariPool-1 - Fill pool skipped, pool is at sufficient level.
2025-04-14 22:31:01,920 DEBUG [HikariPool-1 housekeeper][HikariPool.java:421] - HikariPool-1 - Pool stats (total=10, active=0, idle=10, waiting=0)
2025-04-14 22:31:01,920 DEBUG [HikariPool-1 housekeeper][HikariPool.java:421] - HikariPool-1 - Pool stats (total=10, active=0, idle=10, waiting=0)
2025-04-14 22:31:01,920 DEBUG [HikariPool-1 housekeeper][HikariPool.java:517] - HikariPool-1 - Fill pool skipped, pool is at sufficient level.
2025-04-14 22:31:01,920 DEBUG [HikariPool-1 housekeeper][HikariPool.java:517] - HikariPool-1 - Fill pool skipped, pool is at sufficient level.
2025-04-14 22:31:21,489 DEBUG [HikariPool-1 housekeeper][HikariPool.java:421] - HikariPool-1 - Pool stats (total=10, active=0, idle=10, waiting=0)
2025-04-14 22:31:21,489 DEBUG [HikariPool-1 housekeeper][HikariPool.java:421] - HikariPool-1 - Pool stats (total=10, active=0, idle=10, waiting=0)
2025-04-14 22:31:21,489 DEBUG [HikariPool-1 housekeeper][HikariPool.java:517] - HikariPool-1 - Fill pool skipped, pool is at sufficient level.
2025-04-14 22:31:21,489 DEBUG [HikariPool-1 housekeeper][HikariPool.java:517] - HikariPool-1 - Fill pool skipped, pool is at sufficient level.
2025-04-14 22:31:31,933 DEBUG [HikariPool-1 housekeeper][HikariPool.java:421] - HikariPool-1 - Pool stats (total=10, active=0, idle=10, waiting=0)
2025-04-14 22:31:31,933 DEBUG [HikariPool-1 housekeeper][HikariPool.java:421] - HikariPool-1 - Pool stats (total=10, active=0, idle=10, waiting=0)
2025-04-14 22:31:31,933 DEBUG [HikariPool-1 housekeeper][HikariPool.java:517] - HikariPool-1 - Fill pool skipped, pool is at sufficient level.
2025-04-14 22:31:31,933 DEBUG [HikariPool-1 housekeeper][HikariPool.java:517] - HikariPool-1 - Fill pool skipped, pool is at sufficient level.
2025-04-14 22:31:51,494 DEBUG [HikariPool-1 housekeeper][HikariPool.java:421] - HikariPool-1 - Pool stats (total=10, active=0, idle=10, waiting=0)
2025-04-14 22:31:51,494 DEBUG [HikariPool-1 housekeeper][HikariPool.java:517] - HikariPool-1 - Fill pool skipped, pool is at sufficient level.
2025-04-14 22:31:51,494 DEBUG [HikariPool-1 housekeeper][HikariPool.java:421] - HikariPool-1 - Pool stats (total=10, active=0, idle=10, waiting=0)
2025-04-14 22:31:51,494 DEBUG [HikariPool-1 housekeeper][HikariPool.java:517] - HikariPool-1 - Fill pool skipped, pool is at sufficient level.
2025-04-14 22:32:01,937 DEBUG [HikariPool-1 housekeeper][HikariPool.java:421] - HikariPool-1 - Pool stats (total=10, active=0, idle=10, waiting=0)
2025-04-14 22:32:01,937 DEBUG [HikariPool-1 housekeeper][HikariPool.java:421] - HikariPool-1 - Pool stats (total=10, active=0, idle=10, waiting=0)
2025-04-14 22:32:01,937 DEBUG [HikariPool-1 housekeeper][HikariPool.java:517] - HikariPool-1 - Fill pool skipped, pool is at sufficient level.
2025-04-14 22:32:01,937 DEBUG [HikariPool-1 housekeeper][HikariPool.java:517] - HikariPool-1 - Fill pool skipped, pool is at sufficient level.
2025-04-14 22:32:21,502 DEBUG [HikariPool-1 housekeeper][HikariPool.java:421] - HikariPool-1 - Pool stats (total=10, active=0, idle=10, waiting=0)
2025-04-14 22:32:21,502 DEBUG [HikariPool-1 housekeeper][HikariPool.java:421] - HikariPool-1 - Pool stats (total=10, active=0, idle=10, waiting=0)
2025-04-14 22:32:21,502 DEBUG [HikariPool-1 housekeeper][HikariPool.java:517] - HikariPool-1 - Fill pool skipped, pool is at sufficient level.
2025-04-14 22:32:21,502 DEBUG [HikariPool-1 housekeeper][HikariPool.java:517] - HikariPool-1 - Fill pool skipped, pool is at sufficient level.
2025-04-14 22:32:31,947 DEBUG [HikariPool-1 housekeeper][HikariPool.java:421] - HikariPool-1 - Pool stats (total=10, active=0, idle=10, waiting=0)
2025-04-14 22:32:31,947 DEBUG [HikariPool-1 housekeeper][HikariPool.java:421] - HikariPool-1 - Pool stats (total=10, active=0, idle=10, waiting=0)
2025-04-14 22:32:31,947 DEBUG [HikariPool-1 housekeeper][HikariPool.java:517] - HikariPool-1 - Fill pool skipped, pool is at sufficient level.
2025-04-14 22:32:31,947 DEBUG [HikariPool-1 housekeeper][HikariPool.java:517] - HikariPool-1 - Fill pool skipped, pool is at sufficient level.
2025-04-14 22:32:51,516 DEBUG [HikariPool-1 housekeeper][HikariPool.java:421] - HikariPool-1 - Pool stats (total=10, active=0, idle=10, waiting=0)
2025-04-14 22:32:51,516 DEBUG [HikariPool-1 housekeeper][HikariPool.java:421] - HikariPool-1 - Pool stats (total=10, active=0, idle=10, waiting=0)
2025-04-14 22:32:51,516 DEBUG [HikariPool-1 housekeeper][HikariPool.java:517] - HikariPool-1 - Fill pool skipped, pool is at sufficient level.
2025-04-14 22:32:51,516 DEBUG [HikariPool-1 housekeeper][HikariPool.java:517] - HikariPool-1 - Fill pool skipped, pool is at sufficient level.
2025-04-14 22:33:01,953 DEBUG [HikariPool-1 housekeeper][HikariPool.java:421] - HikariPool-1 - Pool stats (total=10, active=0, idle=10, waiting=0)
2025-04-14 22:33:01,953 DEBUG [HikariPool-1 housekeeper][HikariPool.java:421] - HikariPool-1 - Pool stats (total=10, active=0, idle=10, waiting=0)
2025-04-14 22:33:01,953 DEBUG [HikariPool-1 housekeeper][HikariPool.java:517] - HikariPool-1 - Fill pool skipped, pool is at sufficient level.
2025-04-14 22:33:01,953 DEBUG [HikariPool-1 housekeeper][HikariPool.java:517] - HikariPool-1 - Fill pool skipped, pool is at sufficient level.
2025-04-14 22:33:08,988 DEBUG [HikariPool-1 connection closer][PoolBase.java:134] - HikariPool-1 - Closing connection com.mysql.cj.jdbc.ConnectionImpl@21469018: (connection has passed maxLifetime)
2025-04-14 22:33:08,988 DEBUG [HikariPool-1 connection closer][PoolBase.java:134] - HikariPool-1 - Closing connection com.mysql.cj.jdbc.ConnectionImpl@21469018: (connection has passed maxLifetime)
2025-04-14 22:33:08,995 DEBUG [HikariPool-1 connection adder][HikariPool.java:728] - HikariPool-1 - Added connection com.mysql.cj.jdbc.ConnectionImpl@382a26c1
2025-04-14 22:33:08,995 DEBUG [HikariPool-1 connection adder][HikariPool.java:728] - HikariPool-1 - Added connection com.mysql.cj.jdbc.ConnectionImpl@382a26c1
2025-04-14 22:33:21,526 DEBUG [HikariPool-1 housekeeper][HikariPool.java:421] - HikariPool-1 - Pool stats (total=10, active=0, idle=10, waiting=0)
2025-04-14 22:33:21,526 DEBUG [HikariPool-1 housekeeper][HikariPool.java:421] - HikariPool-1 - Pool stats (total=10, active=0, idle=10, waiting=0)
2025-04-14 22:33:21,526 DEBUG [HikariPool-1 housekeeper][HikariPool.java:517] - HikariPool-1 - Fill pool skipped, pool is at sufficient level.
2025-04-14 22:33:21,526 DEBUG [HikariPool-1 housekeeper][HikariPool.java:517] - HikariPool-1 - Fill pool skipped, pool is at sufficient level.
2025-04-14 22:33:31,962 DEBUG [HikariPool-1 housekeeper][HikariPool.java:421] - HikariPool-1 - Pool stats (total=10, active=0, idle=10, waiting=0)
2025-04-14 22:33:31,962 DEBUG [HikariPool-1 housekeeper][HikariPool.java:421] - HikariPool-1 - Pool stats (total=10, active=0, idle=10, waiting=0)
2025-04-14 22:33:31,962 DEBUG [HikariPool-1 housekeeper][HikariPool.java:517] - HikariPool-1 - Fill pool skipped, pool is at sufficient level.
2025-04-14 22:33:31,962 DEBUG [HikariPool-1 housekeeper][HikariPool.java:517] - HikariPool-1 - Fill pool skipped, pool is at sufficient level.
2025-04-14 22:33:41,111 DEBUG [HikariPool-1 connection closer][PoolBase.java:134] - HikariPool-1 - Closing connection com.mysql.cj.jdbc.ConnectionImpl@41210266: (connection has passed maxLifetime)
2025-04-14 22:33:41,111 DEBUG [HikariPool-1 connection closer][PoolBase.java:134] - HikariPool-1 - Closing connection com.mysql.cj.jdbc.ConnectionImpl@41210266: (connection has passed maxLifetime)
2025-04-14 22:33:41,118 DEBUG [HikariPool-1 connection adder][HikariPool.java:728] - HikariPool-1 - Added connection com.mysql.cj.jdbc.ConnectionImpl@4357a786
2025-04-14 22:33:41,118 DEBUG [HikariPool-1 connection adder][HikariPool.java:728] - HikariPool-1 - Added connection com.mysql.cj.jdbc.ConnectionImpl@4357a786
2025-04-14 22:33:49,135 DEBUG [HikariPool-1 connection closer][PoolBase.java:134] - HikariPool-1 - Closing connection com.mysql.cj.jdbc.ConnectionImpl@4deecaa8: (connection has passed maxLifetime)
2025-04-14 22:33:49,135 DEBUG [HikariPool-1 connection closer][PoolBase.java:134] - HikariPool-1 - Closing connection com.mysql.cj.jdbc.ConnectionImpl@4deecaa8: (connection has passed maxLifetime)
2025-04-14 22:33:49,144 DEBUG [HikariPool-1 connection adder][HikariPool.java:728] - HikariPool-1 - Added connection com.mysql.cj.jdbc.ConnectionImpl@41725089
2025-04-14 22:33:49,144 DEBUG [HikariPool-1 connection adder][HikariPool.java:728] - HikariPool-1 - Added connection com.mysql.cj.jdbc.ConnectionImpl@41725089
2025-04-14 22:33:51,540 DEBUG [HikariPool-1 housekeeper][HikariPool.java:421] - HikariPool-1 - Pool stats (total=10, active=0, idle=10, waiting=0)
2025-04-14 22:33:51,540 DEBUG [HikariPool-1 housekeeper][HikariPool.java:517] - HikariPool-1 - Fill pool skipped, pool is at sufficient level.
2025-04-14 22:33:51,540 DEBUG [HikariPool-1 housekeeper][HikariPool.java:421] - HikariPool-1 - Pool stats (total=10, active=0, idle=10, waiting=0)
2025-04-14 22:33:51,540 DEBUG [HikariPool-1 housekeeper][HikariPool.java:517] - HikariPool-1 - Fill pool skipped, pool is at sufficient level.
2025-04-14 22:33:58,016 DEBUG [HikariPool-1 connection closer][PoolBase.java:134] - HikariPool-1 - Closing connection com.mysql.cj.jdbc.ConnectionImpl@18eaa21b: (connection has passed maxLifetime)
2025-04-14 22:33:58,016 DEBUG [HikariPool-1 connection closer][PoolBase.java:134] - HikariPool-1 - Closing connection com.mysql.cj.jdbc.ConnectionImpl@18eaa21b: (connection has passed maxLifetime)
2025-04-14 22:33:58,024 DEBUG [HikariPool-1 connection adder][HikariPool.java:728] - HikariPool-1 - Added connection com.mysql.cj.jdbc.ConnectionImpl@144576a
2025-04-14 22:33:58,024 DEBUG [HikariPool-1 connection adder][HikariPool.java:728] - HikariPool-1 - Added connection com.mysql.cj.jdbc.ConnectionImpl@144576a
2025-04-14 22:34:01,971 DEBUG [HikariPool-1 housekeeper][HikariPool.java:421] - HikariPool-1 - Pool stats (total=10, active=0, idle=10, waiting=0)
2025-04-14 22:34:01,971 DEBUG [HikariPool-1 housekeeper][HikariPool.java:421] - HikariPool-1 - Pool stats (total=10, active=0, idle=10, waiting=0)
2025-04-14 22:34:01,971 DEBUG [HikariPool-1 housekeeper][HikariPool.java:517] - HikariPool-1 - Fill pool skipped, pool is at sufficient level.
2025-04-14 22:34:01,971 DEBUG [HikariPool-1 housekeeper][HikariPool.java:517] - HikariPool-1 - Fill pool skipped, pool is at sufficient level.
2025-04-14 22:34:21,554 DEBUG [HikariPool-1 housekeeper][HikariPool.java:421] - HikariPool-1 - Pool stats (total=10, active=0, idle=10, waiting=0)
2025-04-14 22:34:21,554 DEBUG [HikariPool-1 housekeeper][HikariPool.java:421] - HikariPool-1 - Pool stats (total=10, active=0, idle=10, waiting=0)
2025-04-14 22:34:21,554 DEBUG [HikariPool-1 housekeeper][HikariPool.java:517] - HikariPool-1 - Fill pool skipped, pool is at sufficient level.
2025-04-14 22:34:21,554 DEBUG [HikariPool-1 housekeeper][HikariPool.java:517] - HikariPool-1 - Fill pool skipped, pool is at sufficient level.
2025-04-14 22:34:31,982 DEBUG [HikariPool-1 housekeeper][HikariPool.java:421] - HikariPool-1 - Pool stats (total=10, active=0, idle=10, waiting=0)
2025-04-14 22:34:31,982 DEBUG [HikariPool-1 housekeeper][HikariPool.java:421] - HikariPool-1 - Pool stats (total=10, active=0, idle=10, waiting=0)
2025-04-14 22:34:31,983 DEBUG [HikariPool-1 housekeeper][HikariPool.java:517] - HikariPool-1 - Fill pool skipped, pool is at sufficient level.
2025-04-14 22:34:31,983 DEBUG [HikariPool-1 housekeeper][HikariPool.java:517] - HikariPool-1 - Fill pool skipped, pool is at sufficient level.
2025-04-14 22:34:39,216 DEBUG [HikariPool-1 connection closer][PoolBase.java:134] - HikariPool-1 - Closing connection com.mysql.cj.jdbc.ConnectionImpl@6583cadb: (connection has passed maxLifetime)
2025-04-14 22:34:39,216 DEBUG [HikariPool-1 connection closer][PoolBase.java:134] - HikariPool-1 - Closing connection com.mysql.cj.jdbc.ConnectionImpl@6583cadb: (connection has passed maxLifetime)
2025-04-14 22:34:39,224 DEBUG [HikariPool-1 connection adder][HikariPool.java:728] - HikariPool-1 - Added connection com.mysql.cj.jdbc.ConnectionImpl@74e27194
2025-04-14 22:34:39,224 DEBUG [HikariPool-1 connection adder][HikariPool.java:728] - HikariPool-1 - Added connection com.mysql.cj.jdbc.ConnectionImpl@74e27194
2025-04-14 22:34:41,438 DEBUG [HikariPool-1 connection closer][PoolBase.java:134] - HikariPool-1 - Closing connection com.mysql.cj.jdbc.ConnectionImpl@1589c01: (connection has passed maxLifetime)
2025-04-14 22:34:41,438 DEBUG [HikariPool-1 connection closer][PoolBase.java:134] - HikariPool-1 - Closing connection com.mysql.cj.jdbc.ConnectionImpl@1589c01: (connection has passed maxLifetime)
2025-04-14 22:34:41,446 DEBUG [HikariPool-1 connection adder][HikariPool.java:728] - HikariPool-1 - Added connection com.mysql.cj.jdbc.ConnectionImpl@35df7baf
2025-04-14 22:34:41,446 DEBUG [HikariPool-1 connection adder][HikariPool.java:728] - HikariPool-1 - Added connection com.mysql.cj.jdbc.ConnectionImpl@35df7baf
2025-04-14 22:34:48,113 DEBUG [HikariPool-1 connection closer][PoolBase.java:134] - HikariPool-1 - Closing connection com.mysql.cj.jdbc.ConnectionImpl@4065963a: (connection has passed maxLifetime)
2025-04-14 22:34:48,113 DEBUG [HikariPool-1 connection closer][PoolBase.java:134] - HikariPool-1 - Closing connection com.mysql.cj.jdbc.ConnectionImpl@4065963a: (connection has passed maxLifetime)
2025-04-14 22:34:48,124 DEBUG [HikariPool-1 connection adder][HikariPool.java:728] - HikariPool-1 - Added connection com.mysql.cj.jdbc.ConnectionImpl@8b15e3c
2025-04-14 22:34:48,124 DEBUG [HikariPool-1 connection adder][HikariPool.java:728] - HikariPool-1 - Added connection com.mysql.cj.jdbc.ConnectionImpl@8b15e3c
2025-04-14 22:34:51,570 DEBUG [HikariPool-1 housekeeper][HikariPool.java:421] - HikariPool-1 - Pool stats (total=10, active=0, idle=10, waiting=0)
2025-04-14 22:34:51,570 DEBUG [HikariPool-1 housekeeper][HikariPool.java:421] - HikariPool-1 - Pool stats (total=10, active=0, idle=10, waiting=0)
2025-04-14 22:34:51,570 DEBUG [HikariPool-1 housekeeper][HikariPool.java:517] - HikariPool-1 - Fill pool skipped, pool is at sufficient level.
2025-04-14 22:34:51,570 DEBUG [HikariPool-1 housekeeper][HikariPool.java:517] - HikariPool-1 - Fill pool skipped, pool is at sufficient level.
2025-04-14 22:34:54,685 DEBUG [HikariPool-1 connection closer][PoolBase.java:134] - HikariPool-1 - Closing connection com.mysql.cj.jdbc.ConnectionImpl@25938dd1: (connection has passed maxLifetime)
2025-04-14 22:34:54,685 DEBUG [HikariPool-1 connection closer][PoolBase.java:134] - HikariPool-1 - Closing connection com.mysql.cj.jdbc.ConnectionImpl@25938dd1: (connection has passed maxLifetime)
2025-04-14 22:34:54,692 DEBUG [HikariPool-1 connection adder][HikariPool.java:728] - HikariPool-1 - Added connection com.mysql.cj.jdbc.ConnectionImpl@6394ae8e
2025-04-14 22:34:54,692 DEBUG [HikariPool-1 connection adder][HikariPool.java:728] - HikariPool-1 - Added connection com.mysql.cj.jdbc.ConnectionImpl@6394ae8e
2025-04-14 22:34:57,544 DEBUG [HikariPool-1 connection closer][PoolBase.java:134] - HikariPool-1 - Closing connection com.mysql.cj.jdbc.ConnectionImpl@3ac4cdda: (connection has passed maxLifetime)
2025-04-14 22:34:57,544 DEBUG [HikariPool-1 connection closer][PoolBase.java:134] - HikariPool-1 - Closing connection com.mysql.cj.jdbc.ConnectionImpl@3ac4cdda: (connection has passed maxLifetime)
2025-04-14 22:34:57,553 DEBUG [HikariPool-1 connection adder][HikariPool.java:728] - HikariPool-1 - Added connection com.mysql.cj.jdbc.ConnectionImpl@5f4d990c
2025-04-14 22:34:57,553 DEBUG [HikariPool-1 connection adder][HikariPool.java:728] - HikariPool-1 - Added connection com.mysql.cj.jdbc.ConnectionImpl@5f4d990c
2025-04-14 22:34:58,474 DEBUG [HikariPool-1 connection closer][PoolBase.java:134] - HikariPool-1 - Closing connection com.mysql.cj.jdbc.ConnectionImpl@4ac83ac9: (connection has passed maxLifetime)
2025-04-14 22:34:58,474 DEBUG [HikariPool-1 connection closer][PoolBase.java:134] - HikariPool-1 - Closing connection com.mysql.cj.jdbc.ConnectionImpl@4ac83ac9: (connection has passed maxLifetime)
2025-04-14 22:34:58,480 DEBUG [HikariPool-1 connection adder][HikariPool.java:728] - HikariPool-1 - Added connection com.mysql.cj.jdbc.ConnectionImpl@1e709337
2025-04-14 22:34:58,480 DEBUG [HikariPool-1 connection adder][HikariPool.java:728] - HikariPool-1 - Added connection com.mysql.cj.jdbc.ConnectionImpl@1e709337
2025-04-14 22:34:59,889 DEBUG [HikariPool-1 connection closer][PoolBase.java:134] - HikariPool-1 - Closing connection com.mysql.cj.jdbc.ConnectionImpl@7bf9c7e1: (connection has passed maxLifetime)
2025-04-14 22:34:59,889 DEBUG [HikariPool-1 connection closer][PoolBase.java:134] - HikariPool-1 - Closing connection com.mysql.cj.jdbc.ConnectionImpl@7bf9c7e1: (connection has passed maxLifetime)
2025-04-14 22:34:59,896 DEBUG [HikariPool-1 connection adder][HikariPool.java:728] - HikariPool-1 - Added connection com.mysql.cj.jdbc.ConnectionImpl@2f248ac6
2025-04-14 22:34:59,896 DEBUG [HikariPool-1 connection adder][HikariPool.java:728] - HikariPool-1 - Added connection com.mysql.cj.jdbc.ConnectionImpl@2f248ac6
2025-04-14 22:35:01,989 DEBUG [HikariPool-1 housekeeper][HikariPool.java:421] - HikariPool-1 - Pool stats (total=10, active=0, idle=10, waiting=0)
2025-04-14 22:35:01,989 DEBUG [HikariPool-1 housekeeper][HikariPool.java:421] - HikariPool-1 - Pool stats (total=10, active=0, idle=10, waiting=0)
2025-04-14 22:35:01,989 DEBUG [HikariPool-1 housekeeper][HikariPool.java:517] - HikariPool-1 - Fill pool skipped, pool is at sufficient level.
2025-04-14 22:35:01,989 DEBUG [HikariPool-1 housekeeper][HikariPool.java:517] - HikariPool-1 - Fill pool skipped, pool is at sufficient level.
2025-04-14 22:35:03,202 DEBUG [HikariPool-1 connection closer][PoolBase.java:134] - HikariPool-1 - Closing connection com.mysql.cj.jdbc.ConnectionImpl@5b1f9cf6: (connection has passed maxLifetime)
2025-04-14 22:35:03,202 DEBUG [HikariPool-1 connection closer][PoolBase.java:134] - HikariPool-1 - Closing connection com.mysql.cj.jdbc.ConnectionImpl@5b1f9cf6: (connection has passed maxLifetime)
2025-04-14 22:35:03,210 DEBUG [HikariPool-1 connection adder][HikariPool.java:728] - HikariPool-1 - Added connection com.mysql.cj.jdbc.ConnectionImpl@7e5f6c78
2025-04-14 22:35:03,210 DEBUG [HikariPool-1 connection adder][HikariPool.java:728] - HikariPool-1 - Added connection com.mysql.cj.jdbc.ConnectionImpl@7e5f6c78
2025-04-14 22:35:08,981 DEBUG [HikariPool-1 connection closer][PoolBase.java:134] - HikariPool-1 - Closing connection com.mysql.cj.jdbc.ConnectionImpl@1bd638ae: (connection has passed maxLifetime)
2025-04-14 22:35:08,981 DEBUG [HikariPool-1 connection closer][PoolBase.java:134] - HikariPool-1 - Closing connection com.mysql.cj.jdbc.ConnectionImpl@1bd638ae: (connection has passed maxLifetime)
2025-04-14 22:35:08,988 DEBUG [HikariPool-1 connection adder][HikariPool.java:728] - HikariPool-1 - Added connection com.mysql.cj.jdbc.ConnectionImpl@14d30b61
2025-04-14 22:35:08,988 DEBUG [HikariPool-1 connection adder][HikariPool.java:728] - HikariPool-1 - Added connection com.mysql.cj.jdbc.ConnectionImpl@14d30b61
2025-04-14 22:35:10,215 DEBUG [HikariPool-1 connection closer][PoolBase.java:134] - HikariPool-1 - Closing connection com.mysql.cj.jdbc.ConnectionImpl@4ab40082: (connection has passed maxLifetime)
2025-04-14 22:35:10,215 DEBUG [HikariPool-1 connection closer][PoolBase.java:134] - HikariPool-1 - Closing connection com.mysql.cj.jdbc.ConnectionImpl@4ab40082: (connection has passed maxLifetime)
2025-04-14 22:35:10,221 DEBUG [HikariPool-1 connection adder][HikariPool.java:728] - HikariPool-1 - Added connection com.mysql.cj.jdbc.ConnectionImpl@55ee015a
2025-04-14 22:35:10,221 DEBUG [HikariPool-1 connection adder][HikariPool.java:728] - HikariPool-1 - Added connection com.mysql.cj.jdbc.ConnectionImpl@55ee015a
2025-04-14 22:35:13,642 DEBUG [HikariPool-1 connection closer][PoolBase.java:134] - HikariPool-1 - Closing connection com.mysql.cj.jdbc.ConnectionImpl@45184296: (connection has passed maxLifetime)
2025-04-14 22:35:13,642 DEBUG [HikariPool-1 connection closer][PoolBase.java:134] - HikariPool-1 - Closing connection com.mysql.cj.jdbc.ConnectionImpl@45184296: (connection has passed maxLifetime)
2025-04-14 22:35:13,648 DEBUG [HikariPool-1 connection adder][HikariPool.java:728] - HikariPool-1 - Added connection com.mysql.cj.jdbc.ConnectionImpl@64f1d5b6
2025-04-14 22:35:13,648 DEBUG [HikariPool-1 connection adder][HikariPool.java:728] - HikariPool-1 - Added connection com.mysql.cj.jdbc.ConnectionImpl@64f1d5b6
2025-04-14 22:35:17,556 DEBUG [HikariPool-1 connection closer][PoolBase.java:134] - HikariPool-1 - Closing connection com.mysql.cj.jdbc.ConnectionImpl@3aa8c47e: (connection has passed maxLifetime)
2025-04-14 22:35:17,556 DEBUG [HikariPool-1 connection closer][PoolBase.java:134] - HikariPool-1 - Closing connection com.mysql.cj.jdbc.ConnectionImpl@3aa8c47e: (connection has passed maxLifetime)
2025-04-14 22:35:17,564 DEBUG [HikariPool-1 connection adder][HikariPool.java:728] - HikariPool-1 - Added connection com.mysql.cj.jdbc.ConnectionImpl@21299095
2025-04-14 22:35:17,564 DEBUG [HikariPool-1 connection adder][HikariPool.java:728] - HikariPool-1 - Added connection com.mysql.cj.jdbc.ConnectionImpl@21299095
2025-04-14 22:35:21,582 DEBUG [HikariPool-1 housekeeper][HikariPool.java:421] - HikariPool-1 - Pool stats (total=10, active=0, idle=10, waiting=0)
2025-04-14 22:35:21,582 DEBUG [HikariPool-1 housekeeper][HikariPool.java:421] - HikariPool-1 - Pool stats (total=10, active=0, idle=10, waiting=0)
2025-04-14 22:35:21,582 DEBUG [HikariPool-1 housekeeper][HikariPool.java:517] - HikariPool-1 - Fill pool skipped, pool is at sufficient level.
2025-04-14 22:35:21,582 DEBUG [HikariPool-1 housekeeper][HikariPool.java:517] - HikariPool-1 - Fill pool skipped, pool is at sufficient level.
2025-04-14 22:35:32,002 DEBUG [HikariPool-1 housekeeper][HikariPool.java:421] - HikariPool-1 - Pool stats (total=10, active=0, idle=10, waiting=0)
2025-04-14 22:35:32,002 DEBUG [HikariPool-1 housekeeper][HikariPool.java:421] - HikariPool-1 - Pool stats (total=10, active=0, idle=10, waiting=0)
2025-04-14 22:35:32,002 DEBUG [HikariPool-1 housekeeper][HikariPool.java:517] - HikariPool-1 - Fill pool skipped, pool is at sufficient level.
2025-04-14 22:35:32,002 DEBUG [HikariPool-1 housekeeper][HikariPool.java:517] - HikariPool-1 - Fill pool skipped, pool is at sufficient level.
2025-04-14 22:35:50,291 DEBUG [HikariPool-1 connection closer][PoolBase.java:134] - HikariPool-1 - Closing connection com.mysql.cj.jdbc.ConnectionImpl@24657696: (connection has passed maxLifetime)
2025-04-14 22:35:50,291 DEBUG [HikariPool-1 connection closer][PoolBase.java:134] - HikariPool-1 - Closing connection com.mysql.cj.jdbc.ConnectionImpl@24657696: (connection has passed maxLifetime)
2025-04-14 22:35:50,298 DEBUG [HikariPool-1 connection adder][HikariPool.java:728] - HikariPool-1 - Added connection com.mysql.cj.jdbc.ConnectionImpl@37417e32
2025-04-14 22:35:50,298 DEBUG [HikariPool-1 connection adder][HikariPool.java:728] - HikariPool-1 - Added connection com.mysql.cj.jdbc.ConnectionImpl@37417e32
2025-04-14 22:35:51,595 DEBUG [HikariPool-1 housekeeper][HikariPool.java:421] - HikariPool-1 - Pool stats (total=10, active=0, idle=10, waiting=0)
2025-04-14 22:35:51,595 DEBUG [HikariPool-1 housekeeper][HikariPool.java:421] - HikariPool-1 - Pool stats (total=10, active=0, idle=10, waiting=0)
2025-04-14 22:35:51,595 DEBUG [HikariPool-1 housekeeper][HikariPool.java:517] - HikariPool-1 - Fill pool skipped, pool is at sufficient level.
2025-04-14 22:35:51,595 DEBUG [HikariPool-1 housekeeper][HikariPool.java:517] - HikariPool-1 - Fill pool skipped, pool is at sufficient level.
2025-04-14 22:35:56,961 DEBUG [HikariPool-1 connection closer][PoolBase.java:134] - HikariPool-1 - Closing connection com.mysql.cj.jdbc.ConnectionImpl@5ee55caf: (connection has passed maxLifetime)
2025-04-14 22:35:56,961 DEBUG [HikariPool-1 connection closer][PoolBase.java:134] - HikariPool-1 - Closing connection com.mysql.cj.jdbc.ConnectionImpl@5ee55caf: (connection has passed maxLifetime)
2025-04-14 22:35:56,969 DEBUG [HikariPool-1 connection adder][HikariPool.java:728] - HikariPool-1 - Added connection com.mysql.cj.jdbc.ConnectionImpl@429f87a
2025-04-14 22:35:56,969 DEBUG [HikariPool-1 connection adder][HikariPool.java:728] - HikariPool-1 - Added connection com.mysql.cj.jdbc.ConnectionImpl@429f87a
2025-04-14 22:36:02,005 DEBUG [HikariPool-1 housekeeper][HikariPool.java:421] - HikariPool-1 - Pool stats (total=10, active=0, idle=10, waiting=0)
2025-04-14 22:36:02,005 DEBUG [HikariPool-1 housekeeper][HikariPool.java:421] - HikariPool-1 - Pool stats (total=10, active=0, idle=10, waiting=0)
2025-04-14 22:36:02,005 DEBUG [HikariPool-1 housekeeper][HikariPool.java:517] - HikariPool-1 - Fill pool skipped, pool is at sufficient level.
2025-04-14 22:36:02,005 DEBUG [HikariPool-1 housekeeper][HikariPool.java:517] - HikariPool-1 - Fill pool skipped, pool is at sufficient level.
2025-04-14 22:36:21,606 DEBUG [HikariPool-1 housekeeper][HikariPool.java:421] - HikariPool-1 - Pool stats (total=10, active=0, idle=10, waiting=0)
2025-04-14 22:36:21,606 DEBUG [HikariPool-1 housekeeper][HikariPool.java:421] - HikariPool-1 - Pool stats (total=10, active=0, idle=10, waiting=0)
2025-04-14 22:36:21,606 DEBUG [HikariPool-1 housekeeper][HikariPool.java:517] - HikariPool-1 - Fill pool skipped, pool is at sufficient level.
2025-04-14 22:36:21,606 DEBUG [HikariPool-1 housekeeper][HikariPool.java:517] - HikariPool-1 - Fill pool skipped, pool is at sufficient level.
2025-04-14 22:36:23,053 DEBUG [HikariPool-1 connection closer][PoolBase.java:134] - HikariPool-1 - Closing connection com.mysql.cj.jdbc.ConnectionImpl@24a2cfc4: (connection has passed maxLifetime)
2025-04-14 22:36:23,053 DEBUG [HikariPool-1 connection closer][PoolBase.java:134] - HikariPool-1 - Closing connection com.mysql.cj.jdbc.ConnectionImpl@24a2cfc4: (connection has passed maxLifetime)
2025-04-14 22:36:23,062 DEBUG [HikariPool-1 connection adder][HikariPool.java:728] - HikariPool-1 - Added connection com.mysql.cj.jdbc.ConnectionImpl@235d6394
2025-04-14 22:36:23,062 DEBUG [HikariPool-1 connection adder][HikariPool.java:728] - HikariPool-1 - Added connection com.mysql.cj.jdbc.ConnectionImpl@235d6394
2025-04-14 22:36:25,922 DEBUG [HikariPool-1 connection closer][PoolBase.java:134] - HikariPool-1 - Closing connection com.mysql.cj.jdbc.ConnectionImpl@4836d570: (connection has passed maxLifetime)
2025-04-14 22:36:25,922 DEBUG [HikariPool-1 connection closer][PoolBase.java:134] - HikariPool-1 - Closing connection com.mysql.cj.jdbc.ConnectionImpl@4836d570: (connection has passed maxLifetime)
2025-04-14 22:36:25,928 DEBUG [HikariPool-1 connection adder][HikariPool.java:728] - HikariPool-1 - Added connection com.mysql.cj.jdbc.ConnectionImpl@626069af
2025-04-14 22:36:25,928 DEBUG [HikariPool-1 connection adder][HikariPool.java:728] - HikariPool-1 - Added connection com.mysql.cj.jdbc.ConnectionImpl@626069af
2025-04-14 22:36:32,015 DEBUG [HikariPool-1 housekeeper][HikariPool.java:421] - HikariPool-1 - Pool stats (total=10, active=0, idle=10, waiting=0)
2025-04-14 22:36:32,015 DEBUG [HikariPool-1 housekeeper][HikariPool.java:421] - HikariPool-1 - Pool stats (total=10, active=0, idle=10, waiting=0)
2025-04-14 22:36:32,015 DEBUG [HikariPool-1 housekeeper][HikariPool.java:517] - HikariPool-1 - Fill pool skipped, pool is at sufficient level.
2025-04-14 22:36:32,015 DEBUG [HikariPool-1 housekeeper][HikariPool.java:517] - HikariPool-1 - Fill pool skipped, pool is at sufficient level.
2025-04-14 22:36:51,612 DEBUG [HikariPool-1 housekeeper][HikariPool.java:421] - HikariPool-1 - Pool stats (total=10, active=0, idle=10, waiting=0)
2025-04-14 22:36:51,612 DEBUG [HikariPool-1 housekeeper][HikariPool.java:421] - HikariPool-1 - Pool stats (total=10, active=0, idle=10, waiting=0)
2025-04-14 22:36:51,612 DEBUG [HikariPool-1 housekeeper][HikariPool.java:517] - HikariPool-1 - Fill pool skipped, pool is at sufficient level.
2025-04-14 22:36:51,612 DEBUG [HikariPool-1 housekeeper][HikariPool.java:517] - HikariPool-1 - Fill pool skipped, pool is at sufficient level.
2025-04-14 22:37:02,026 DEBUG [HikariPool-1 housekeeper][HikariPool.java:421] - HikariPool-1 - Pool stats (total=10, active=0, idle=10, waiting=0)
2025-04-14 22:37:02,026 DEBUG [HikariPool-1 housekeeper][HikariPool.java:517] - HikariPool-1 - Fill pool skipped, pool is at sufficient level.
2025-04-14 22:37:02,026 DEBUG [HikariPool-1 housekeeper][HikariPool.java:421] - HikariPool-1 - Pool stats (total=10, active=0, idle=10, waiting=0)
2025-04-14 22:37:02,026 DEBUG [HikariPool-1 housekeeper][HikariPool.java:517] - HikariPool-1 - Fill pool skipped, pool is at sufficient level.
2025-04-14 22:37:21,618 DEBUG [HikariPool-1 housekeeper][HikariPool.java:421] - HikariPool-1 - Pool stats (total=10, active=0, idle=10, waiting=0)
2025-04-14 22:37:21,618 DEBUG [HikariPool-1 housekeeper][HikariPool.java:421] - HikariPool-1 - Pool stats (total=10, active=0, idle=10, waiting=0)
2025-04-14 22:37:21,618 DEBUG [HikariPool-1 housekeeper][HikariPool.java:517] - HikariPool-1 - Fill pool skipped, pool is at sufficient level.
2025-04-14 22:37:21,618 DEBUG [HikariPool-1 housekeeper][HikariPool.java:517] - HikariPool-1 - Fill pool skipped, pool is at sufficient level.
2025-04-14 22:37:32,040 DEBUG [HikariPool-1 housekeeper][HikariPool.java:421] - HikariPool-1 - Pool stats (total=10, active=0, idle=10, waiting=0)
2025-04-14 22:37:32,040 DEBUG [HikariPool-1 housekeeper][HikariPool.java:517] - HikariPool-1 - Fill pool skipped, pool is at sufficient level.
2025-04-14 22:37:32,040 DEBUG [HikariPool-1 housekeeper][HikariPool.java:421] - HikariPool-1 - Pool stats (total=10, active=0, idle=10, waiting=0)
2025-04-14 22:37:32,040 DEBUG [HikariPool-1 housekeeper][HikariPool.java:517] - HikariPool-1 - Fill pool skipped, pool is at sufficient level.
2025-04-14 22:37:51,625 DEBUG [HikariPool-1 housekeeper][HikariPool.java:421] - HikariPool-1 - Pool stats (total=10, active=0, idle=10, waiting=0)
2025-04-14 22:37:51,625 DEBUG [HikariPool-1 housekeeper][HikariPool.java:421] - HikariPool-1 - Pool stats (total=10, active=0, idle=10, waiting=0)
2025-04-14 22:37:51,625 DEBUG [HikariPool-1 housekeeper][HikariPool.java:517] - HikariPool-1 - Fill pool skipped, pool is at sufficient level.
2025-04-14 22:37:51,625 DEBUG [HikariPool-1 housekeeper][HikariPool.java:517] - HikariPool-1 - Fill pool skipped, pool is at sufficient level.
2025-04-14 22:38:02,052 DEBUG [HikariPool-1 housekeeper][HikariPool.java:421] - HikariPool-1 - Pool stats (total=10, active=0, idle=10, waiting=0)
2025-04-14 22:38:02,052 DEBUG [HikariPool-1 housekeeper][HikariPool.java:517] - HikariPool-1 - Fill pool skipped, pool is at sufficient level.
2025-04-14 22:38:02,052 DEBUG [HikariPool-1 housekeeper][HikariPool.java:421] - HikariPool-1 - Pool stats (total=10, active=0, idle=10, waiting=0)
2025-04-14 22:38:02,052 DEBUG [HikariPool-1 housekeeper][HikariPool.java:517] - HikariPool-1 - Fill pool skipped, pool is at sufficient level.
2025-04-14 22:38:21,625 DEBUG [HikariPool-1 housekeeper][HikariPool.java:421] - HikariPool-1 - Pool stats (total=10, active=0, idle=10, waiting=0)
2025-04-14 22:38:21,625 DEBUG [HikariPool-1 housekeeper][HikariPool.java:421] - HikariPool-1 - Pool stats (total=10, active=0, idle=10, waiting=0)
2025-04-14 22:38:21,625 DEBUG [HikariPool-1 housekeeper][HikariPool.java:517] - HikariPool-1 - Fill pool skipped, pool is at sufficient level.
2025-04-14 22:38:21,625 DEBUG [HikariPool-1 housekeeper][HikariPool.java:517] - HikariPool-1 - Fill pool skipped, pool is at sufficient level.
2025-04-14 22:38:32,059 DEBUG [HikariPool-1 housekeeper][HikariPool.java:421] - HikariPool-1 - Pool stats (total=10, active=0, idle=10, waiting=0)
2025-04-14 22:38:32,059 DEBUG [HikariPool-1 housekeeper][HikariPool.java:517] - HikariPool-1 - Fill pool skipped, pool is at sufficient level.
2025-04-14 22:38:32,059 DEBUG [HikariPool-1 housekeeper][HikariPool.java:421] - HikariPool-1 - Pool stats (total=10, active=0, idle=10, waiting=0)
2025-04-14 22:38:32,059 DEBUG [HikariPool-1 housekeeper][HikariPool.java:517] - HikariPool-1 - Fill pool skipped, pool is at sufficient level.
2025-04-14 22:38:51,633 DEBUG [HikariPool-1 housekeeper][HikariPool.java:421] - HikariPool-1 - Pool stats (total=10, active=0, idle=10, waiting=0)
2025-04-14 22:38:51,633 DEBUG [HikariPool-1 housekeeper][HikariPool.java:421] - HikariPool-1 - Pool stats (total=10, active=0, idle=10, waiting=0)
2025-04-14 22:38:51,633 DEBUG [HikariPool-1 housekeeper][HikariPool.java:517] - HikariPool-1 - Fill pool skipped, pool is at sufficient level.
2025-04-14 22:38:51,633 DEBUG [HikariPool-1 housekeeper][HikariPool.java:517] - HikariPool-1 - Fill pool skipped, pool is at sufficient level.
2025-04-14 22:39:02,061 DEBUG [HikariPool-1 housekeeper][HikariPool.java:421] - HikariPool-1 - Pool stats (total=10, active=0, idle=10, waiting=0)
2025-04-14 22:39:02,061 DEBUG [HikariPool-1 housekeeper][HikariPool.java:421] - HikariPool-1 - Pool stats (total=10, active=0, idle=10, waiting=0)
2025-04-14 22:39:02,061 DEBUG [HikariPool-1 housekeeper][HikariPool.java:517] - HikariPool-1 - Fill pool skipped, pool is at sufficient level.
2025-04-14 22:39:02,061 DEBUG [HikariPool-1 housekeeper][HikariPool.java:517] - HikariPool-1 - Fill pool skipped, pool is at sufficient level.
2025-04-14 22:39:21,635 DEBUG [HikariPool-1 housekeeper][HikariPool.java:421] - HikariPool-1 - Pool stats (total=10, active=0, idle=10, waiting=0)
2025-04-14 22:39:21,635 DEBUG [HikariPool-1 housekeeper][HikariPool.java:517] - HikariPool-1 - Fill pool skipped, pool is at sufficient level.
2025-04-14 22:39:21,635 DEBUG [HikariPool-1 housekeeper][HikariPool.java:421] - HikariPool-1 - Pool stats (total=10, active=0, idle=10, waiting=0)
2025-04-14 22:39:21,635 DEBUG [HikariPool-1 housekeeper][HikariPool.java:517] - HikariPool-1 - Fill pool skipped, pool is at sufficient level.
2025-04-14 22:39:32,065 DEBUG [HikariPool-1 housekeeper][HikariPool.java:421] - HikariPool-1 - Pool stats (total=10, active=0, idle=10, waiting=0)
2025-04-14 22:39:32,065 DEBUG [HikariPool-1 housekeeper][HikariPool.java:421] - HikariPool-1 - Pool stats (total=10, active=0, idle=10, waiting=0)
2025-04-14 22:39:32,066 DEBUG [HikariPool-1 housekeeper][HikariPool.java:517] - HikariPool-1 - Fill pool skipped, pool is at sufficient level.
2025-04-14 22:39:32,066 DEBUG [HikariPool-1 housekeeper][HikariPool.java:517] - HikariPool-1 - Fill pool skipped, pool is at sufficient level.
2025-04-14 22:39:51,642 DEBUG [HikariPool-1 housekeeper][HikariPool.java:421] - HikariPool-1 - Pool stats (total=10, active=0, idle=10, waiting=0)
2025-04-14 22:39:51,642 DEBUG [HikariPool-1 housekeeper][HikariPool.java:421] - HikariPool-1 - Pool stats (total=10, active=0, idle=10, waiting=0)
2025-04-14 22:39:51,642 DEBUG [HikariPool-1 housekeeper][HikariPool.java:517] - HikariPool-1 - Fill pool skipped, pool is at sufficient level.
2025-04-14 22:39:51,642 DEBUG [HikariPool-1 housekeeper][HikariPool.java:517] - HikariPool-1 - Fill pool skipped, pool is at sufficient level.
2025-04-14 22:40:02,072 DEBUG [HikariPool-1 housekeeper][HikariPool.java:421] - HikariPool-1 - Pool stats (total=10, active=0, idle=10, waiting=0)
2025-04-14 22:40:02,072 DEBUG [HikariPool-1 housekeeper][HikariPool.java:421] - HikariPool-1 - Pool stats (total=10, active=0, idle=10, waiting=0)
2025-04-14 22:40:02,072 DEBUG [HikariPool-1 housekeeper][HikariPool.java:517] - HikariPool-1 - Fill pool skipped, pool is at sufficient level.
2025-04-14 22:40:02,072 DEBUG [HikariPool-1 housekeeper][HikariPool.java:517] - HikariPool-1 - Fill pool skipped, pool is at sufficient level.
2025-04-14 22:40:21,652 DEBUG [HikariPool-1 housekeeper][HikariPool.java:421] - HikariPool-1 - Pool stats (total=10, active=0, idle=10, waiting=0)
2025-04-14 22:40:21,652 DEBUG [HikariPool-1 housekeeper][HikariPool.java:421] - HikariPool-1 - Pool stats (total=10, active=0, idle=10, waiting=0)
2025-04-14 22:40:21,652 DEBUG [HikariPool-1 housekeeper][HikariPool.java:517] - HikariPool-1 - Fill pool skipped, pool is at sufficient level.
2025-04-14 22:40:21,652 DEBUG [HikariPool-1 housekeeper][HikariPool.java:517] - HikariPool-1 - Fill pool skipped, pool is at sufficient level.
2025-04-14 22:40:32,078 DEBUG [HikariPool-1 housekeeper][HikariPool.java:421] - HikariPool-1 - Pool stats (total=10, active=0, idle=10, waiting=0)
2025-04-14 22:40:32,078 DEBUG [HikariPool-1 housekeeper][HikariPool.java:421] - HikariPool-1 - Pool stats (total=10, active=0, idle=10, waiting=0)
2025-04-14 22:40:32,078 DEBUG [HikariPool-1 housekeeper][HikariPool.java:517] - HikariPool-1 - Fill pool skipped, pool is at sufficient level.
2025-04-14 22:40:32,078 DEBUG [HikariPool-1 housekeeper][HikariPool.java:517] - HikariPool-1 - Fill pool skipped, pool is at sufficient level.
2025-04-14 22:40:50,736 DEBUG [SpringContextShutdownHook][AbstractApplicationContext.java:1006] - Closing org.springframework.boot.web.servlet.context.AnnotationConfigServletWebServerApplicationContext@4409e975, started on Mon Apr 14 17:05:19 CST 2025, parent: org.springframework.context.annotation.AnnotationConfigApplicationContext@44be0077
2025-04-14 22:40:50,736 DEBUG [SpringContextShutdownHook][AbstractApplicationContext.java:1006] - Closing org.springframework.boot.web.servlet.context.AnnotationConfigServletWebServerApplicationContext@4409e975, started on Mon Apr 14 17:05:19 CST 2025, parent: org.springframework.context.annotation.AnnotationConfigApplicationContext@44be0077
2025-04-14 22:40:50,749 DEBUG [SpringContextShutdownHook][DefaultLifecycleProcessor.java:369] - Stopping beans in phase 2147483647
2025-04-14 22:40:50,749 DEBUG [SpringContextShutdownHook][DefaultLifecycleProcessor.java:369] - Stopping beans in phase 2147483647
2025-04-14 22:40:50,750 DEBUG [SpringContextShutdownHook][DefaultLifecycleProcessor.java:242] - Bean 'documentationPluginsBootstrapper' completed its stop procedure
2025-04-14 22:40:50,750 DEBUG [SpringContextShutdownHook][DefaultLifecycleProcessor.java:242] - Bean 'documentationPluginsBootstrapper' completed its stop procedure
2025-04-14 22:40:50,754 DEBUG [SpringContextShutdownHook][DefaultLifecycleProcessor.java:242] - Bean 'webServerGracefulShutdown' completed its stop procedure
2025-04-14 22:40:50,754 DEBUG [SpringContextShutdownHook][DefaultLifecycleProcessor.java:242] - Bean 'webServerGracefulShutdown' completed its stop procedure
2025-04-14 22:40:50,754 DEBUG [SpringContextShutdownHook][DefaultLifecycleProcessor.java:369] - Stopping beans in phase 2147483646
2025-04-14 22:40:50,754 DEBUG [SpringContextShutdownHook][DefaultLifecycleProcessor.java:369] - Stopping beans in phase 2147483646
2025-04-14 22:40:50,846 DEBUG [SpringContextShutdownHook][DefaultLifecycleProcessor.java:242] - Bean 'webServerStartStop' completed its stop procedure
2025-04-14 22:40:50,846 DEBUG [SpringContextShutdownHook][DefaultLifecycleProcessor.java:242] - Bean 'webServerStartStop' completed its stop procedure
2025-04-14 22:40:50,849 DEBUG [SpringContextShutdownHook][MBeanExporter.java:452] - Unregistering JMX-exposed beans on shutdown
2025-04-14 22:40:50,849 DEBUG [SpringContextShutdownHook][MBeanExporter.java:452] - Unregistering JMX-exposed beans on shutdown
2025-04-14 22:40:50,849 DEBUG [SpringContextShutdownHook][MBeanRegistrationSupport.java:186] - Unregistering JMX-exposed beans
2025-04-14 22:40:50,849 DEBUG [SpringContextShutdownHook][MBeanRegistrationSupport.java:186] - Unregistering JMX-exposed beans
2025-04-14 22:40:50,850 INFO [SpringContextShutdownHook][ExecutorConfigurationSupport.java:218] - Shutting down ExecutorService 'applicationTaskExecutor'
2025-04-14 22:40:50,850 INFO [SpringContextShutdownHook][ExecutorConfigurationSupport.java:218] - Shutting down ExecutorService 'applicationTaskExecutor'
2025-04-14 22:40:50,852 INFO [SpringContextShutdownHook][HikariDataSource.java:350] - HikariPool-1 - Shutdown initiated...
2025-04-14 22:40:50,852 INFO [SpringContextShutdownHook][HikariDataSource.java:350] - HikariPool-1 - Shutdown initiated...
2025-04-14 22:40:50,852 DEBUG [SpringContextShutdownHook][HikariPool.java:421] - HikariPool-1 - Before shutdown stats (total=10, active=0, idle=10, waiting=0)
2025-04-14 22:40:50,852 DEBUG [SpringContextShutdownHook][HikariPool.java:421] - HikariPool-1 - Before shutdown stats (total=10, active=0, idle=10, waiting=0)
2025-04-14 22:40:50,854 DEBUG [HikariPool-1 connection closer][PoolBase.java:134] - HikariPool-1 - Closing connection com.mysql.cj.jdbc.ConnectionImpl@382a26c1: (connection evicted)
2025-04-14 22:40:50,854 DEBUG [HikariPool-1 connection closer][PoolBase.java:134] - HikariPool-1 - Closing connection com.mysql.cj.jdbc.ConnectionImpl@382a26c1: (connection evicted)
2025-04-14 22:40:50,854 DEBUG [HikariPool-1 connection closer][PoolBase.java:134] - HikariPool-1 - Closing connection com.mysql.cj.jdbc.ConnectionImpl@4357a786: (connection evicted)
2025-04-14 22:40:50,854 DEBUG [HikariPool-1 connection closer][PoolBase.java:134] - HikariPool-1 - Closing connection com.mysql.cj.jdbc.ConnectionImpl@4357a786: (connection evicted)
2025-04-14 22:40:50,854 DEBUG [HikariPool-1 connection closer][PoolBase.java:134] - HikariPool-1 - Closing connection com.mysql.cj.jdbc.ConnectionImpl@41725089: (connection evicted)
2025-04-14 22:40:50,854 DEBUG [HikariPool-1 connection closer][PoolBase.java:134] - HikariPool-1 - Closing connection com.mysql.cj.jdbc.ConnectionImpl@41725089: (connection evicted)
2025-04-14 22:40:50,854 DEBUG [HikariPool-1 connection closer][PoolBase.java:134] - HikariPool-1 - Closing connection com.mysql.cj.jdbc.ConnectionImpl@144576a: (connection evicted)
2025-04-14 22:40:50,854 DEBUG [HikariPool-1 connection closer][PoolBase.java:134] - HikariPool-1 - Closing connection com.mysql.cj.jdbc.ConnectionImpl@144576a: (connection evicted)
2025-04-14 22:40:50,854 DEBUG [HikariPool-1 connection closer][PoolBase.java:134] - HikariPool-1 - Closing connection com.mysql.cj.jdbc.ConnectionImpl@74e27194: (connection evicted)
2025-04-14 22:40:50,854 DEBUG [HikariPool-1 connection closer][PoolBase.java:134] - HikariPool-1 - Closing connection com.mysql.cj.jdbc.ConnectionImpl@74e27194: (connection evicted)
2025-04-14 22:40:50,854 DEBUG [HikariPool-1 connection closer][PoolBase.java:134] - HikariPool-1 - Closing connection com.mysql.cj.jdbc.ConnectionImpl@35df7baf: (connection evicted)
2025-04-14 22:40:50,854 DEBUG [HikariPool-1 connection closer][PoolBase.java:134] - HikariPool-1 - Closing connection com.mysql.cj.jdbc.ConnectionImpl@35df7baf: (connection evicted)
2025-04-14 22:40:50,855 DEBUG [HikariPool-1 connection closer][PoolBase.java:134] - HikariPool-1 - Closing connection com.mysql.cj.jdbc.ConnectionImpl@8b15e3c: (connection evicted)
2025-04-14 22:40:50,855 DEBUG [HikariPool-1 connection closer][PoolBase.java:134] - HikariPool-1 - Closing connection com.mysql.cj.jdbc.ConnectionImpl@8b15e3c: (connection evicted)
2025-04-14 22:40:50,855 DEBUG [HikariPool-1 connection closer][PoolBase.java:134] - HikariPool-1 - Closing connection com.mysql.cj.jdbc.ConnectionImpl@6394ae8e: (connection evicted)
2025-04-14 22:40:50,855 DEBUG [HikariPool-1 connection closer][PoolBase.java:134] - HikariPool-1 - Closing connection com.mysql.cj.jdbc.ConnectionImpl@6394ae8e: (connection evicted)
2025-04-14 22:40:50,855 DEBUG [HikariPool-1 connection closer][PoolBase.java:134] - HikariPool-1 - Closing connection com.mysql.cj.jdbc.ConnectionImpl@21299095: (connection evicted)
2025-04-14 22:40:50,855 DEBUG [HikariPool-1 connection closer][PoolBase.java:134] - HikariPool-1 - Closing connection com.mysql.cj.jdbc.ConnectionImpl@21299095: (connection evicted)
2025-04-14 22:40:50,856 DEBUG [HikariPool-1 connection closer][PoolBase.java:134] - HikariPool-1 - Closing connection com.mysql.cj.jdbc.ConnectionImpl@429f87a: (connection evicted)
2025-04-14 22:40:50,856 DEBUG [HikariPool-1 connection closer][PoolBase.java:134] - HikariPool-1 - Closing connection com.mysql.cj.jdbc.ConnectionImpl@429f87a: (connection evicted)
2025-04-14 22:40:50,856 DEBUG [SpringContextShutdownHook][HikariPool.java:421] - HikariPool-1 - After shutdown stats (total=0, active=0, idle=0, waiting=0)
2025-04-14 22:40:50,856 DEBUG [SpringContextShutdownHook][HikariPool.java:421] - HikariPool-1 - After shutdown stats (total=0, active=0, idle=0, waiting=0)
2025-04-14 22:40:50,856 INFO [SpringContextShutdownHook][HikariDataSource.java:352] - HikariPool-1 - Shutdown completed.
2025-04-14 22:40:50,856 INFO [SpringContextShutdownHook][HikariDataSource.java:352] - HikariPool-1 - Shutdown completed.
2025-04-14 22:40:50,865 INFO [SpringContextShutdownHook][ExecutorConfigurationSupport.java:218] - Shutting down ExecutorService 'taskScheduler'
2025-04-14 22:40:50,865 INFO [SpringContextShutdownHook][ExecutorConfigurationSupport.java:218] - Shutting down ExecutorService 'taskScheduler'
2025-04-14 22:40:50,866 INFO [SpringContextShutdownHook][ExecutorConfigurationSupport.java:218] - Shutting down ExecutorService 'applicationTaskExecutor'
2025-04-14 22:40:50,866 INFO [SpringContextShutdownHook][ExecutorConfigurationSupport.java:218] - Shutting down ExecutorService 'applicationTaskExecutor'
2025-04-14 22:40:50,869 INFO [SpringContextShutdownHook][HikariDataSource.java:350] - HikariPool-1 - Shutdown initiated...
2025-04-14 22:40:50,869 INFO [SpringContextShutdownHook][HikariDataSource.java:350] - HikariPool-1 - Shutdown initiated...
2025-04-14 22:40:50,869 DEBUG [SpringContextShutdownHook][HikariPool.java:421] - HikariPool-1 - Before shutdown stats (total=10, active=0, idle=10, waiting=0)
2025-04-14 22:40:50,869 DEBUG [SpringContextShutdownHook][HikariPool.java:421] - HikariPool-1 - Before shutdown stats (total=10, active=0, idle=10, waiting=0)
2025-04-14 22:40:50,869 DEBUG [HikariPool-1 connection closer][PoolBase.java:134] - HikariPool-1 - Closing connection com.mysql.cj.jdbc.ConnectionImpl@5f4d990c: (connection evicted)
2025-04-14 22:40:50,869 DEBUG [HikariPool-1 connection closer][PoolBase.java:134] - HikariPool-1 - Closing connection com.mysql.cj.jdbc.ConnectionImpl@5f4d990c: (connection evicted)
2025-04-14 22:40:50,869 DEBUG [HikariPool-1 connection closer][PoolBase.java:134] - HikariPool-1 - Closing connection com.mysql.cj.jdbc.ConnectionImpl@1e709337: (connection evicted)
2025-04-14 22:40:50,869 DEBUG [HikariPool-1 connection closer][PoolBase.java:134] - HikariPool-1 - Closing connection com.mysql.cj.jdbc.ConnectionImpl@1e709337: (connection evicted)
2025-04-14 22:40:50,869 DEBUG [HikariPool-1 connection closer][PoolBase.java:134] - HikariPool-1 - Closing connection com.mysql.cj.jdbc.ConnectionImpl@2f248ac6: (connection evicted)
2025-04-14 22:40:50,869 DEBUG [HikariPool-1 connection closer][PoolBase.java:134] - HikariPool-1 - Closing connection com.mysql.cj.jdbc.ConnectionImpl@2f248ac6: (connection evicted)
2025-04-14 22:40:50,869 DEBUG [HikariPool-1 connection closer][PoolBase.java:134] - HikariPool-1 - Closing connection com.mysql.cj.jdbc.ConnectionImpl@7e5f6c78: (connection evicted)
2025-04-14 22:40:50,869 DEBUG [HikariPool-1 connection closer][PoolBase.java:134] - HikariPool-1 - Closing connection com.mysql.cj.jdbc.ConnectionImpl@7e5f6c78: (connection evicted)
2025-04-14 22:40:50,871 DEBUG [HikariPool-1 connection closer][PoolBase.java:134] - HikariPool-1 - Closing connection com.mysql.cj.jdbc.ConnectionImpl@14d30b61: (connection evicted)
2025-04-14 22:40:50,871 DEBUG [HikariPool-1 connection closer][PoolBase.java:134] - HikariPool-1 - Closing connection com.mysql.cj.jdbc.ConnectionImpl@14d30b61: (connection evicted)
2025-04-14 22:40:50,871 DEBUG [HikariPool-1 connection closer][PoolBase.java:134] - HikariPool-1 - Closing connection com.mysql.cj.jdbc.ConnectionImpl@55ee015a: (connection evicted)
2025-04-14 22:40:50,871 DEBUG [HikariPool-1 connection closer][PoolBase.java:134] - HikariPool-1 - Closing connection com.mysql.cj.jdbc.ConnectionImpl@55ee015a: (connection evicted)
2025-04-14 22:40:50,872 DEBUG [HikariPool-1 connection closer][PoolBase.java:134] - HikariPool-1 - Closing connection com.mysql.cj.jdbc.ConnectionImpl@64f1d5b6: (connection evicted)
2025-04-14 22:40:50,872 DEBUG [HikariPool-1 connection closer][PoolBase.java:134] - HikariPool-1 - Closing connection com.mysql.cj.jdbc.ConnectionImpl@64f1d5b6: (connection evicted)
2025-04-14 22:40:50,872 DEBUG [HikariPool-1 connection closer][PoolBase.java:134] - HikariPool-1 - Closing connection com.mysql.cj.jdbc.ConnectionImpl@37417e32: (connection evicted)
2025-04-14 22:40:50,872 DEBUG [HikariPool-1 connection closer][PoolBase.java:134] - HikariPool-1 - Closing connection com.mysql.cj.jdbc.ConnectionImpl@37417e32: (connection evicted)
2025-04-14 22:40:50,873 DEBUG [HikariPool-1 connection closer][PoolBase.java:134] - HikariPool-1 - Closing connection com.mysql.cj.jdbc.ConnectionImpl@235d6394: (connection evicted)
2025-04-14 22:40:50,873 DEBUG [HikariPool-1 connection closer][PoolBase.java:134] - HikariPool-1 - Closing connection com.mysql.cj.jdbc.ConnectionImpl@235d6394: (connection evicted)
2025-04-14 22:40:50,873 DEBUG [HikariPool-1 connection closer][PoolBase.java:134] - HikariPool-1 - Closing connection com.mysql.cj.jdbc.ConnectionImpl@626069af: (connection evicted)
2025-04-14 22:40:50,873 DEBUG [HikariPool-1 connection closer][PoolBase.java:134] - HikariPool-1 - Closing connection com.mysql.cj.jdbc.ConnectionImpl@626069af: (connection evicted)
2025-04-14 22:40:50,874 DEBUG [SpringContextShutdownHook][HikariPool.java:421] - HikariPool-1 - After shutdown stats (total=0, active=0, idle=0, waiting=0)
2025-04-14 22:40:50,874 DEBUG [SpringContextShutdownHook][HikariPool.java:421] - HikariPool-1 - After shutdown stats (total=0, active=0, idle=0, waiting=0)
2025-04-14 22:40:50,874 INFO [SpringContextShutdownHook][HikariDataSource.java:352] - HikariPool-1 - Shutdown completed.
2025-04-14 22:40:50,874 INFO [SpringContextShutdownHook][HikariDataSource.java:352] - HikariPool-1 - Shutdown completed.
