2025-04-16 22:06:43,509 INFO [http-nio-63110-exec-1][DirectJDKLog.java:173] - Initializing Spring DispatcherServlet 'dispatcherServlet'
2025-04-16 22:06:43,509 INFO [http-nio-63110-exec-1][DirectJDKLog.java:173] - Initializing Spring DispatcherServlet 'dispatcherServlet'
2025-04-16 22:06:43,521 INFO [http-nio-63110-exec-1][FrameworkServlet.java:525] - Initializing Servlet 'dispatcherServlet'
2025-04-16 22:06:43,521 INFO [http-nio-63110-exec-1][FrameworkServlet.java:525] - Initializing Servlet 'dispatcherServlet'
2025-04-16 22:06:43,532 INFO [http-nio-63110-exec-1][FrameworkServlet.java:547] - Completed initialization in 11 ms
2025-04-16 22:06:43,532 INFO [http-nio-63110-exec-1][FrameworkServlet.java:547] - Completed initialization in 11 ms
2025-04-16 22:06:43,623 DEBUG [http-nio-63110-exec-1][HikariConfig.java:1066] - HikariPool-1 - configuration:
2025-04-16 22:06:43,623 DEBUG [http-nio-63110-exec-1][HikariConfig.java:1066] - HikariPool-1 - configuration:
2025-04-16 22:06:43,624 DEBUG [http-nio-63110-exec-1][HikariConfig.java:1098] - allowPoolSuspension.............false
2025-04-16 22:06:43,624 DEBUG [http-nio-63110-exec-1][HikariConfig.java:1098] - allowPoolSuspension.............false
2025-04-16 22:06:43,625 DEBUG [http-nio-63110-exec-1][HikariConfig.java:1098] - autoCommit......................true
2025-04-16 22:06:43,625 DEBUG [http-nio-63110-exec-1][HikariConfig.java:1098] - autoCommit......................true
2025-04-16 22:06:43,625 DEBUG [http-nio-63110-exec-1][HikariConfig.java:1098] - catalog.........................none
2025-04-16 22:06:43,625 DEBUG [http-nio-63110-exec-1][HikariConfig.java:1098] - catalog.........................none
2025-04-16 22:06:43,625 DEBUG [http-nio-63110-exec-1][HikariConfig.java:1098] - connectionInitSql...............none
2025-04-16 22:06:43,625 DEBUG [http-nio-63110-exec-1][HikariConfig.java:1098] - connectionInitSql...............none
2025-04-16 22:06:43,625 DEBUG [http-nio-63110-exec-1][HikariConfig.java:1098] - connectionTestQuery.............none
2025-04-16 22:06:43,625 DEBUG [http-nio-63110-exec-1][HikariConfig.java:1098] - connectionTestQuery.............none
2025-04-16 22:06:43,626 DEBUG [http-nio-63110-exec-1][HikariConfig.java:1098] - connectionTimeout...............30000
2025-04-16 22:06:43,626 DEBUG [http-nio-63110-exec-1][HikariConfig.java:1098] - connectionTimeout...............30000
2025-04-16 22:06:43,626 DEBUG [http-nio-63110-exec-1][HikariConfig.java:1098] - dataSource......................none
2025-04-16 22:06:43,626 DEBUG [http-nio-63110-exec-1][HikariConfig.java:1098] - dataSource......................none
2025-04-16 22:06:43,626 DEBUG [http-nio-63110-exec-1][HikariConfig.java:1098] - dataSourceClassName.............none
2025-04-16 22:06:43,626 DEBUG [http-nio-63110-exec-1][HikariConfig.java:1098] - dataSourceClassName.............none
2025-04-16 22:06:43,626 DEBUG [http-nio-63110-exec-1][HikariConfig.java:1098] - dataSourceJNDI..................none
2025-04-16 22:06:43,626 DEBUG [http-nio-63110-exec-1][HikariConfig.java:1098] - dataSourceJNDI..................none
2025-04-16 22:06:43,628 DEBUG [http-nio-63110-exec-1][HikariConfig.java:1098] - dataSourceProperties............{password=<masked>}
2025-04-16 22:06:43,628 DEBUG [http-nio-63110-exec-1][HikariConfig.java:1098] - dataSourceProperties............{password=<masked>}
2025-04-16 22:06:43,629 DEBUG [http-nio-63110-exec-1][HikariConfig.java:1098] - driverClassName................."com.mysql.cj.jdbc.Driver"
2025-04-16 22:06:43,629 DEBUG [http-nio-63110-exec-1][HikariConfig.java:1098] - driverClassName................."com.mysql.cj.jdbc.Driver"
2025-04-16 22:06:43,629 DEBUG [http-nio-63110-exec-1][HikariConfig.java:1098] - exceptionOverrideClassName......none
2025-04-16 22:06:43,629 DEBUG [http-nio-63110-exec-1][HikariConfig.java:1098] - exceptionOverrideClassName......none
2025-04-16 22:06:43,630 DEBUG [http-nio-63110-exec-1][HikariConfig.java:1098] - healthCheckProperties...........{}
2025-04-16 22:06:43,630 DEBUG [http-nio-63110-exec-1][HikariConfig.java:1098] - healthCheckProperties...........{}
2025-04-16 22:06:43,630 DEBUG [http-nio-63110-exec-1][HikariConfig.java:1098] - healthCheckRegistry.............none
2025-04-16 22:06:43,630 DEBUG [http-nio-63110-exec-1][HikariConfig.java:1098] - healthCheckRegistry.............none
2025-04-16 22:06:43,630 DEBUG [http-nio-63110-exec-1][HikariConfig.java:1098] - idleTimeout.....................600000
2025-04-16 22:06:43,630 DEBUG [http-nio-63110-exec-1][HikariConfig.java:1098] - idleTimeout.....................600000
2025-04-16 22:06:43,630 DEBUG [http-nio-63110-exec-1][HikariConfig.java:1098] - initializationFailTimeout.......1
2025-04-16 22:06:43,630 DEBUG [http-nio-63110-exec-1][HikariConfig.java:1098] - initializationFailTimeout.......1
2025-04-16 22:06:43,631 DEBUG [http-nio-63110-exec-1][HikariConfig.java:1098] - isolateInternalQueries..........false
2025-04-16 22:06:43,631 DEBUG [http-nio-63110-exec-1][HikariConfig.java:1098] - isolateInternalQueries..........false
2025-04-16 22:06:43,631 DEBUG [http-nio-63110-exec-1][HikariConfig.java:1098] - jdbcUrl.........................jdbc:mysql://192.168.101.65:3306/xc402_system?serverTimezone=UTC&useUnicode=true&useSSL=false&
2025-04-16 22:06:43,631 DEBUG [http-nio-63110-exec-1][HikariConfig.java:1098] - jdbcUrl.........................jdbc:mysql://192.168.101.65:3306/xc402_system?serverTimezone=UTC&useUnicode=true&useSSL=false&
2025-04-16 22:06:43,631 DEBUG [http-nio-63110-exec-1][HikariConfig.java:1098] - leakDetectionThreshold..........0
2025-04-16 22:06:43,631 DEBUG [http-nio-63110-exec-1][HikariConfig.java:1098] - leakDetectionThreshold..........0
2025-04-16 22:06:43,631 DEBUG [http-nio-63110-exec-1][HikariConfig.java:1098] - maxLifetime.....................1800000
2025-04-16 22:06:43,631 DEBUG [http-nio-63110-exec-1][HikariConfig.java:1098] - maxLifetime.....................1800000
2025-04-16 22:06:43,632 DEBUG [http-nio-63110-exec-1][HikariConfig.java:1098] - maximumPoolSize.................10
2025-04-16 22:06:43,632 DEBUG [http-nio-63110-exec-1][HikariConfig.java:1098] - maximumPoolSize.................10
2025-04-16 22:06:43,632 DEBUG [http-nio-63110-exec-1][HikariConfig.java:1098] - metricRegistry..................none
2025-04-16 22:06:43,632 DEBUG [http-nio-63110-exec-1][HikariConfig.java:1098] - metricRegistry..................none
2025-04-16 22:06:43,632 DEBUG [http-nio-63110-exec-1][HikariConfig.java:1098] - metricsTrackerFactory...........none
2025-04-16 22:06:43,632 DEBUG [http-nio-63110-exec-1][HikariConfig.java:1098] - metricsTrackerFactory...........none
2025-04-16 22:06:43,632 DEBUG [http-nio-63110-exec-1][HikariConfig.java:1098] - minimumIdle.....................10
2025-04-16 22:06:43,632 DEBUG [http-nio-63110-exec-1][HikariConfig.java:1098] - minimumIdle.....................10
2025-04-16 22:06:43,633 DEBUG [http-nio-63110-exec-1][HikariConfig.java:1098] - password........................<masked>
2025-04-16 22:06:43,633 DEBUG [http-nio-63110-exec-1][HikariConfig.java:1098] - password........................<masked>
2025-04-16 22:06:43,633 DEBUG [http-nio-63110-exec-1][HikariConfig.java:1098] - poolName........................"HikariPool-1"
2025-04-16 22:06:43,633 DEBUG [http-nio-63110-exec-1][HikariConfig.java:1098] - poolName........................"HikariPool-1"
2025-04-16 22:06:43,633 DEBUG [http-nio-63110-exec-1][HikariConfig.java:1098] - readOnly........................false
2025-04-16 22:06:43,633 DEBUG [http-nio-63110-exec-1][HikariConfig.java:1098] - readOnly........................false
2025-04-16 22:06:43,633 DEBUG [http-nio-63110-exec-1][HikariConfig.java:1098] - registerMbeans..................false
2025-04-16 22:06:43,633 DEBUG [http-nio-63110-exec-1][HikariConfig.java:1098] - registerMbeans..................false
2025-04-16 22:06:43,634 DEBUG [http-nio-63110-exec-1][HikariConfig.java:1098] - scheduledExecutor...............none
2025-04-16 22:06:43,634 DEBUG [http-nio-63110-exec-1][HikariConfig.java:1098] - scheduledExecutor...............none
2025-04-16 22:06:43,634 DEBUG [http-nio-63110-exec-1][HikariConfig.java:1098] - schema..........................none
2025-04-16 22:06:43,634 DEBUG [http-nio-63110-exec-1][HikariConfig.java:1098] - schema..........................none
2025-04-16 22:06:43,634 DEBUG [http-nio-63110-exec-1][HikariConfig.java:1098] - threadFactory...................internal
2025-04-16 22:06:43,634 DEBUG [http-nio-63110-exec-1][HikariConfig.java:1098] - threadFactory...................internal
2025-04-16 22:06:43,634 DEBUG [http-nio-63110-exec-1][HikariConfig.java:1098] - transactionIsolation............default
2025-04-16 22:06:43,634 DEBUG [http-nio-63110-exec-1][HikariConfig.java:1098] - transactionIsolation............default
2025-04-16 22:06:43,634 DEBUG [http-nio-63110-exec-1][HikariConfig.java:1098] - username........................"root"
2025-04-16 22:06:43,634 DEBUG [http-nio-63110-exec-1][HikariConfig.java:1098] - username........................"root"
2025-04-16 22:06:43,635 DEBUG [http-nio-63110-exec-1][HikariConfig.java:1098] - validationTimeout...............5000
2025-04-16 22:06:43,635 DEBUG [http-nio-63110-exec-1][HikariConfig.java:1098] - validationTimeout...............5000
2025-04-16 22:06:43,635 INFO [http-nio-63110-exec-1][HikariDataSource.java:110] - HikariPool-1 - Starting...
2025-04-16 22:06:43,635 INFO [http-nio-63110-exec-1][HikariDataSource.java:110] - HikariPool-1 - Starting...
2025-04-16 22:06:43,766 DEBUG [http-nio-63110-exec-1][HikariPool.java:564] - HikariPool-1 - Added connection com.mysql.cj.jdbc.ConnectionImpl@67daee03
2025-04-16 22:06:43,766 DEBUG [http-nio-63110-exec-1][HikariPool.java:564] - HikariPool-1 - Added connection com.mysql.cj.jdbc.ConnectionImpl@67daee03
2025-04-16 22:06:43,767 INFO [http-nio-63110-exec-1][HikariDataSource.java:123] - HikariPool-1 - Start completed.
2025-04-16 22:06:43,767 INFO [http-nio-63110-exec-1][HikariDataSource.java:123] - HikariPool-1 - Start completed.
2025-04-16 22:06:43,774 DEBUG [http-nio-63110-exec-1][BaseJdbcLogger.java:137] - ==>  Preparing: SELECT id,name,code,item_values FROM dictionary
2025-04-16 22:06:43,774 DEBUG [http-nio-63110-exec-1][BaseJdbcLogger.java:137] - ==>  Preparing: SELECT id,name,code,item_values FROM dictionary
2025-04-16 22:06:43,800 DEBUG [http-nio-63110-exec-1][BaseJdbcLogger.java:137] - ==> Parameters: 
2025-04-16 22:06:43,800 DEBUG [http-nio-63110-exec-1][BaseJdbcLogger.java:137] - ==> Parameters: 
2025-04-16 22:06:43,826 DEBUG [http-nio-63110-exec-1][BaseJdbcLogger.java:137] - <==      Total: 17
2025-04-16 22:06:43,826 DEBUG [http-nio-63110-exec-1][BaseJdbcLogger.java:137] - <==      Total: 17
2025-04-16 22:06:43,874 DEBUG [HikariPool-1 housekeeper][HikariPool.java:421] - HikariPool-1 - Pool stats (total=1, active=0, idle=1, waiting=0)
2025-04-16 22:06:43,874 DEBUG [HikariPool-1 housekeeper][HikariPool.java:421] - HikariPool-1 - Pool stats (total=1, active=0, idle=1, waiting=0)
2025-04-16 22:06:43,887 DEBUG [HikariPool-1 connection adder][HikariPool.java:728] - HikariPool-1 - Added connection com.mysql.cj.jdbc.ConnectionImpl@5a0732c0
2025-04-16 22:06:43,887 DEBUG [HikariPool-1 connection adder][HikariPool.java:728] - HikariPool-1 - Added connection com.mysql.cj.jdbc.ConnectionImpl@5a0732c0
2025-04-16 22:06:43,897 DEBUG [HikariPool-1 connection adder][HikariPool.java:728] - HikariPool-1 - Added connection com.mysql.cj.jdbc.ConnectionImpl@1b3a38fb
2025-04-16 22:06:43,897 DEBUG [HikariPool-1 connection adder][HikariPool.java:728] - HikariPool-1 - Added connection com.mysql.cj.jdbc.ConnectionImpl@1b3a38fb
2025-04-16 22:06:43,908 DEBUG [HikariPool-1 connection adder][HikariPool.java:728] - HikariPool-1 - Added connection com.mysql.cj.jdbc.ConnectionImpl@2a6b66e3
2025-04-16 22:06:43,908 DEBUG [HikariPool-1 connection adder][HikariPool.java:728] - HikariPool-1 - Added connection com.mysql.cj.jdbc.ConnectionImpl@2a6b66e3
2025-04-16 22:06:43,918 DEBUG [HikariPool-1 connection adder][HikariPool.java:728] - HikariPool-1 - Added connection com.mysql.cj.jdbc.ConnectionImpl@7b15c7b4
2025-04-16 22:06:43,918 DEBUG [HikariPool-1 connection adder][HikariPool.java:728] - HikariPool-1 - Added connection com.mysql.cj.jdbc.ConnectionImpl@7b15c7b4
2025-04-16 22:06:43,927 DEBUG [HikariPool-1 connection adder][HikariPool.java:728] - HikariPool-1 - Added connection com.mysql.cj.jdbc.ConnectionImpl@dc75128
2025-04-16 22:06:43,927 DEBUG [HikariPool-1 connection adder][HikariPool.java:728] - HikariPool-1 - Added connection com.mysql.cj.jdbc.ConnectionImpl@dc75128
2025-04-16 22:06:43,934 DEBUG [HikariPool-1 connection adder][HikariPool.java:728] - HikariPool-1 - Added connection com.mysql.cj.jdbc.ConnectionImpl@7f5b5808
2025-04-16 22:06:43,934 DEBUG [HikariPool-1 connection adder][HikariPool.java:728] - HikariPool-1 - Added connection com.mysql.cj.jdbc.ConnectionImpl@7f5b5808
2025-04-16 22:06:43,958 DEBUG [HikariPool-1 connection adder][HikariPool.java:728] - HikariPool-1 - Added connection com.mysql.cj.jdbc.ConnectionImpl@7d2ef1d4
2025-04-16 22:06:43,958 DEBUG [HikariPool-1 connection adder][HikariPool.java:728] - HikariPool-1 - Added connection com.mysql.cj.jdbc.ConnectionImpl@7d2ef1d4
2025-04-16 22:06:43,970 DEBUG [HikariPool-1 connection adder][HikariPool.java:728] - HikariPool-1 - Added connection com.mysql.cj.jdbc.ConnectionImpl@7743525c
2025-04-16 22:06:43,970 DEBUG [HikariPool-1 connection adder][HikariPool.java:728] - HikariPool-1 - Added connection com.mysql.cj.jdbc.ConnectionImpl@7743525c
2025-04-16 22:06:43,980 DEBUG [HikariPool-1 connection adder][HikariPool.java:728] - HikariPool-1 - Added connection com.mysql.cj.jdbc.ConnectionImpl@2f97a8ea
2025-04-16 22:06:43,980 DEBUG [HikariPool-1 connection adder][HikariPool.java:728] - HikariPool-1 - Added connection com.mysql.cj.jdbc.ConnectionImpl@2f97a8ea
2025-04-16 22:06:43,980 DEBUG [HikariPool-1 connection adder][HikariPool.java:421] - HikariPool-1 - After adding stats (total=10, active=0, idle=10, waiting=0)
2025-04-16 22:06:43,980 DEBUG [HikariPool-1 connection adder][HikariPool.java:421] - HikariPool-1 - After adding stats (total=10, active=0, idle=10, waiting=0)
2025-04-16 22:06:46,183 DEBUG [http-nio-63040-exec-3][LogFormatUtils.java:91] - POST "/content/course/list?pageNo=1&pageSize=10", parameters={masked}
2025-04-16 22:06:46,183 DEBUG [http-nio-63040-exec-3][LogFormatUtils.java:91] - POST "/content/course/list?pageNo=1&pageSize=10", parameters={masked}
2025-04-16 22:06:46,183 DEBUG [http-nio-63040-exec-3][AbstractHandlerMapping.java:415] - Mapped to com.xuecheng.content.api.CourseBaseInfoController#list(PageParams, QueryCourseParamsDto)
2025-04-16 22:06:46,183 DEBUG [http-nio-63040-exec-3][AbstractHandlerMapping.java:415] - Mapped to com.xuecheng.content.api.CourseBaseInfoController#list(PageParams, QueryCourseParamsDto)
2025-04-16 22:06:46,199 DEBUG [http-nio-63040-exec-3][LogFormatUtils.java:91] - Read "application/json;charset=UTF-8" to [QueryCourseParamsDto(auditStatus=, courseName=, publishStatus=null)]
2025-04-16 22:06:46,199 DEBUG [http-nio-63040-exec-3][LogFormatUtils.java:91] - Read "application/json;charset=UTF-8" to [QueryCourseParamsDto(auditStatus=, courseName=, publishStatus=null)]
2025-04-16 22:06:46,260 DEBUG [http-nio-63040-exec-3][Logger.java:49] - Creating a new SqlSession
2025-04-16 22:06:46,260 DEBUG [http-nio-63040-exec-3][Logger.java:49] - Creating a new SqlSession
2025-04-16 22:06:46,260 DEBUG [http-nio-63040-exec-3][Logger.java:49] - SqlSession [org.apache.ibatis.session.defaults.DefaultSqlSession@62fd9755] was not registered for synchronization because synchronization is not active
2025-04-16 22:06:46,260 DEBUG [http-nio-63040-exec-3][Logger.java:49] - SqlSession [org.apache.ibatis.session.defaults.DefaultSqlSession@62fd9755] was not registered for synchronization because synchronization is not active
2025-04-16 22:06:46,396 DEBUG [http-nio-63040-exec-3][DataSourceUtils.java:115] - Fetching JDBC Connection from DataSource
2025-04-16 22:06:46,396 DEBUG [http-nio-63040-exec-3][DataSourceUtils.java:115] - Fetching JDBC Connection from DataSource
2025-04-16 22:06:46,398 DEBUG [http-nio-63040-exec-3][Logger.java:49] - JDBC Connection [HikariProxyConnection@1862171685 wrapping com.mysql.cj.jdbc.ConnectionImpl@24c94754] will not be managed by Spring
2025-04-16 22:06:46,398 DEBUG [http-nio-63040-exec-3][Logger.java:49] - JDBC Connection [HikariProxyConnection@1862171685 wrapping com.mysql.cj.jdbc.ConnectionImpl@24c94754] will not be managed by Spring
2025-04-16 22:06:46,399 DEBUG [http-nio-63040-exec-3][BaseJdbcLogger.java:137] - ==>  Preparing: SELECT COUNT(*) FROM course_base
2025-04-16 22:06:46,399 DEBUG [http-nio-63040-exec-3][BaseJdbcLogger.java:137] - ==>  Preparing: SELECT COUNT(*) FROM course_base
2025-04-16 22:06:46,399 DEBUG [http-nio-63040-exec-3][BaseJdbcLogger.java:137] - ==> Parameters: 
2025-04-16 22:06:46,399 DEBUG [http-nio-63040-exec-3][BaseJdbcLogger.java:137] - ==> Parameters: 
2025-04-16 22:06:46,401 DEBUG [http-nio-63040-exec-3][BaseJdbcLogger.java:137] - <==      Total: 1
2025-04-16 22:06:46,401 DEBUG [http-nio-63040-exec-3][BaseJdbcLogger.java:137] - <==      Total: 1
2025-04-16 22:06:46,411 DEBUG [http-nio-63040-exec-3][BaseJdbcLogger.java:137] - ==>  Preparing: SELECT id,company_id,company_name,name,users,tags,mt,st,grade,teachmode,description,pic,create_date,change_date,create_people,change_people,audit_status,status FROM course_base LIMIT ?
2025-04-16 22:06:46,411 DEBUG [http-nio-63040-exec-3][BaseJdbcLogger.java:137] - ==>  Preparing: SELECT id,company_id,company_name,name,users,tags,mt,st,grade,teachmode,description,pic,create_date,change_date,create_people,change_people,audit_status,status FROM course_base LIMIT ?
2025-04-16 22:06:46,412 DEBUG [http-nio-63040-exec-3][BaseJdbcLogger.java:137] - ==> Parameters: 10(Long)
2025-04-16 22:06:46,412 DEBUG [http-nio-63040-exec-3][BaseJdbcLogger.java:137] - ==> Parameters: 10(Long)
2025-04-16 22:06:46,417 DEBUG [http-nio-63040-exec-3][BaseJdbcLogger.java:137] - <==      Total: 10
2025-04-16 22:06:46,417 DEBUG [http-nio-63040-exec-3][BaseJdbcLogger.java:137] - <==      Total: 10
2025-04-16 22:06:46,417 DEBUG [http-nio-63040-exec-3][Logger.java:49] - Closing non transactional SqlSession [org.apache.ibatis.session.defaults.DefaultSqlSession@62fd9755]
2025-04-16 22:06:46,417 DEBUG [http-nio-63040-exec-3][Logger.java:49] - Closing non transactional SqlSession [org.apache.ibatis.session.defaults.DefaultSqlSession@62fd9755]
2025-04-16 22:06:46,419 DEBUG [http-nio-63040-exec-3][AbstractMessageConverterMethodProcessor.java:255] - Using 'application/json', given [application/json, text/plain, */*] and supported [application/json, application/*+json, application/json, application/*+json]
2025-04-16 22:06:46,419 DEBUG [http-nio-63040-exec-3][AbstractMessageConverterMethodProcessor.java:255] - Using 'application/json', given [application/json, text/plain, */*] and supported [application/json, application/*+json, application/json, application/*+json]
2025-04-16 22:06:46,420 DEBUG [http-nio-63040-exec-3][LogFormatUtils.java:91] - Writing [PageResult(items=[CourseBase(id=1, companyId=1232141425, companyName=, name=JAVA8/9/10新特性讲解, users=j (truncated)...]
2025-04-16 22:06:46,420 DEBUG [http-nio-63040-exec-3][LogFormatUtils.java:91] - Writing [PageResult(items=[CourseBase(id=1, companyId=1232141425, companyName=, name=JAVA8/9/10新特性讲解, users=j (truncated)...]
2025-04-16 22:06:46,429 DEBUG [http-nio-63040-exec-3][FrameworkServlet.java:1131] - Completed 200 OK
2025-04-16 22:06:46,429 DEBUG [http-nio-63040-exec-3][FrameworkServlet.java:1131] - Completed 200 OK
2025-04-16 22:06:49,117 DEBUG [http-nio-63040-exec-8][LogFormatUtils.java:91] - POST "/content/course/list?pageNo=7&pageSize=10", parameters={masked}
2025-04-16 22:06:49,117 DEBUG [http-nio-63040-exec-8][LogFormatUtils.java:91] - POST "/content/course/list?pageNo=7&pageSize=10", parameters={masked}
2025-04-16 22:06:49,117 DEBUG [http-nio-63040-exec-8][AbstractHandlerMapping.java:415] - Mapped to com.xuecheng.content.api.CourseBaseInfoController#list(PageParams, QueryCourseParamsDto)
2025-04-16 22:06:49,117 DEBUG [http-nio-63040-exec-8][AbstractHandlerMapping.java:415] - Mapped to com.xuecheng.content.api.CourseBaseInfoController#list(PageParams, QueryCourseParamsDto)
2025-04-16 22:06:49,118 DEBUG [http-nio-63040-exec-8][LogFormatUtils.java:91] - Read "application/json;charset=UTF-8" to [QueryCourseParamsDto(auditStatus=, courseName=, publishStatus=null)]
2025-04-16 22:06:49,118 DEBUG [http-nio-63040-exec-8][LogFormatUtils.java:91] - Read "application/json;charset=UTF-8" to [QueryCourseParamsDto(auditStatus=, courseName=, publishStatus=null)]
2025-04-16 22:06:49,119 DEBUG [http-nio-63040-exec-8][Logger.java:49] - Creating a new SqlSession
2025-04-16 22:06:49,119 DEBUG [http-nio-63040-exec-8][Logger.java:49] - Creating a new SqlSession
2025-04-16 22:06:49,119 DEBUG [http-nio-63040-exec-8][Logger.java:49] - SqlSession [org.apache.ibatis.session.defaults.DefaultSqlSession@45fc2265] was not registered for synchronization because synchronization is not active
2025-04-16 22:06:49,119 DEBUG [http-nio-63040-exec-8][Logger.java:49] - SqlSession [org.apache.ibatis.session.defaults.DefaultSqlSession@45fc2265] was not registered for synchronization because synchronization is not active
2025-04-16 22:06:49,122 DEBUG [http-nio-63040-exec-8][DataSourceUtils.java:115] - Fetching JDBC Connection from DataSource
2025-04-16 22:06:49,122 DEBUG [http-nio-63040-exec-8][DataSourceUtils.java:115] - Fetching JDBC Connection from DataSource
2025-04-16 22:06:49,124 DEBUG [http-nio-63040-exec-8][Logger.java:49] - JDBC Connection [HikariProxyConnection@1262208170 wrapping com.mysql.cj.jdbc.ConnectionImpl@24c94754] will not be managed by Spring
2025-04-16 22:06:49,124 DEBUG [http-nio-63040-exec-8][Logger.java:49] - JDBC Connection [HikariProxyConnection@1262208170 wrapping com.mysql.cj.jdbc.ConnectionImpl@24c94754] will not be managed by Spring
2025-04-16 22:06:49,125 DEBUG [http-nio-63040-exec-8][BaseJdbcLogger.java:137] - ==>  Preparing: SELECT COUNT(*) FROM course_base
2025-04-16 22:06:49,125 DEBUG [http-nio-63040-exec-8][BaseJdbcLogger.java:137] - ==>  Preparing: SELECT COUNT(*) FROM course_base
2025-04-16 22:06:49,125 DEBUG [http-nio-63040-exec-8][BaseJdbcLogger.java:137] - ==> Parameters: 
2025-04-16 22:06:49,125 DEBUG [http-nio-63040-exec-8][BaseJdbcLogger.java:137] - ==> Parameters: 
2025-04-16 22:06:49,128 DEBUG [http-nio-63040-exec-8][BaseJdbcLogger.java:137] - <==      Total: 1
2025-04-16 22:06:49,128 DEBUG [http-nio-63040-exec-8][BaseJdbcLogger.java:137] - <==      Total: 1
2025-04-16 22:06:49,129 DEBUG [http-nio-63040-exec-8][BaseJdbcLogger.java:137] - ==>  Preparing: SELECT id,company_id,company_name,name,users,tags,mt,st,grade,teachmode,description,pic,create_date,change_date,create_people,change_people,audit_status,status FROM course_base LIMIT ?,?
2025-04-16 22:06:49,129 DEBUG [http-nio-63040-exec-8][BaseJdbcLogger.java:137] - ==>  Preparing: SELECT id,company_id,company_name,name,users,tags,mt,st,grade,teachmode,description,pic,create_date,change_date,create_people,change_people,audit_status,status FROM course_base LIMIT ?,?
2025-04-16 22:06:49,132 DEBUG [http-nio-63040-exec-8][BaseJdbcLogger.java:137] - ==> Parameters: 60(Long), 10(Long)
2025-04-16 22:06:49,132 DEBUG [http-nio-63040-exec-8][BaseJdbcLogger.java:137] - ==> Parameters: 60(Long), 10(Long)
2025-04-16 22:06:49,140 DEBUG [http-nio-63040-exec-8][BaseJdbcLogger.java:137] - <==      Total: 4
2025-04-16 22:06:49,140 DEBUG [http-nio-63040-exec-8][BaseJdbcLogger.java:137] - <==      Total: 4
2025-04-16 22:06:49,142 DEBUG [http-nio-63040-exec-8][Logger.java:49] - Closing non transactional SqlSession [org.apache.ibatis.session.defaults.DefaultSqlSession@45fc2265]
2025-04-16 22:06:49,142 DEBUG [http-nio-63040-exec-8][Logger.java:49] - Closing non transactional SqlSession [org.apache.ibatis.session.defaults.DefaultSqlSession@45fc2265]
2025-04-16 22:06:49,142 DEBUG [http-nio-63040-exec-8][AbstractMessageConverterMethodProcessor.java:255] - Using 'application/json', given [application/json, text/plain, */*] and supported [application/json, application/*+json, application/json, application/*+json]
2025-04-16 22:06:49,142 DEBUG [http-nio-63040-exec-8][AbstractMessageConverterMethodProcessor.java:255] - Using 'application/json', given [application/json, text/plain, */*] and supported [application/json, application/*+json, application/json, application/*+json]
2025-04-16 22:06:49,144 DEBUG [http-nio-63040-exec-8][LogFormatUtils.java:91] - Writing [PageResult(items=[CourseBase(id=121, companyId=1232141425, companyName=null, name=Spring Cloud 开发实战, (truncated)...]
2025-04-16 22:06:49,144 DEBUG [http-nio-63040-exec-8][LogFormatUtils.java:91] - Writing [PageResult(items=[CourseBase(id=121, companyId=1232141425, companyName=null, name=Spring Cloud 开发实战, (truncated)...]
2025-04-16 22:06:49,145 DEBUG [http-nio-63040-exec-8][FrameworkServlet.java:1131] - Completed 200 OK
2025-04-16 22:06:49,145 DEBUG [http-nio-63040-exec-8][FrameworkServlet.java:1131] - Completed 200 OK
2025-04-16 22:06:51,998 DEBUG [http-nio-63040-exec-10][LogFormatUtils.java:91] - GET "/content/course/128", parameters={}
2025-04-16 22:06:51,998 DEBUG [http-nio-63040-exec-9][LogFormatUtils.java:91] - GET "/content/course-category/tree-nodes", parameters={}
2025-04-16 22:06:51,998 DEBUG [http-nio-63040-exec-9][LogFormatUtils.java:91] - GET "/content/course-category/tree-nodes", parameters={}
2025-04-16 22:06:51,998 DEBUG [http-nio-63040-exec-10][LogFormatUtils.java:91] - GET "/content/course/128", parameters={}
2025-04-16 22:06:51,998 DEBUG [http-nio-63040-exec-9][AbstractHandlerMapping.java:415] - Mapped to com.xuecheng.content.api.CourseCategotyController#queryTreeNodes()
2025-04-16 22:06:51,998 DEBUG [http-nio-63040-exec-9][AbstractHandlerMapping.java:415] - Mapped to com.xuecheng.content.api.CourseCategotyController#queryTreeNodes()
2025-04-16 22:06:51,999 DEBUG [http-nio-63040-exec-9][Logger.java:49] - Creating a new SqlSession
2025-04-16 22:06:51,999 DEBUG [http-nio-63040-exec-9][Logger.java:49] - Creating a new SqlSession
2025-04-16 22:06:52,000 DEBUG [http-nio-63040-exec-9][Logger.java:49] - SqlSession [org.apache.ibatis.session.defaults.DefaultSqlSession@45cb15cc] was not registered for synchronization because synchronization is not active
2025-04-16 22:06:52,000 DEBUG [http-nio-63040-exec-10][AbstractHandlerMapping.java:415] - Mapped to com.xuecheng.content.api.CourseBaseInfoController#updateCourseBaseById(Long)
2025-04-16 22:06:52,000 DEBUG [http-nio-63040-exec-9][Logger.java:49] - SqlSession [org.apache.ibatis.session.defaults.DefaultSqlSession@45cb15cc] was not registered for synchronization because synchronization is not active
2025-04-16 22:06:52,000 DEBUG [http-nio-63040-exec-10][AbstractHandlerMapping.java:415] - Mapped to com.xuecheng.content.api.CourseBaseInfoController#updateCourseBaseById(Long)
2025-04-16 22:06:52,000 DEBUG [http-nio-63040-exec-9][DataSourceUtils.java:115] - Fetching JDBC Connection from DataSource
2025-04-16 22:06:52,000 DEBUG [http-nio-63040-exec-9][DataSourceUtils.java:115] - Fetching JDBC Connection from DataSource
2025-04-16 22:06:52,004 DEBUG [http-nio-63040-exec-10][Logger.java:49] - Creating a new SqlSession
2025-04-16 22:06:52,004 DEBUG [http-nio-63040-exec-10][Logger.java:49] - Creating a new SqlSession
2025-04-16 22:06:52,006 DEBUG [http-nio-63040-exec-10][Logger.java:49] - SqlSession [org.apache.ibatis.session.defaults.DefaultSqlSession@5441645] was not registered for synchronization because synchronization is not active
2025-04-16 22:06:52,006 DEBUG [http-nio-63040-exec-10][Logger.java:49] - SqlSession [org.apache.ibatis.session.defaults.DefaultSqlSession@5441645] was not registered for synchronization because synchronization is not active
2025-04-16 22:06:52,007 DEBUG [http-nio-63040-exec-10][DataSourceUtils.java:115] - Fetching JDBC Connection from DataSource
2025-04-16 22:06:52,007 DEBUG [http-nio-63040-exec-10][DataSourceUtils.java:115] - Fetching JDBC Connection from DataSource
2025-04-16 22:06:52,008 DEBUG [http-nio-63040-exec-9][Logger.java:49] - JDBC Connection [HikariProxyConnection@1259135749 wrapping com.mysql.cj.jdbc.ConnectionImpl@24c94754] will not be managed by Spring
2025-04-16 22:06:52,008 DEBUG [http-nio-63040-exec-9][Logger.java:49] - JDBC Connection [HikariProxyConnection@1259135749 wrapping com.mysql.cj.jdbc.ConnectionImpl@24c94754] will not be managed by Spring
2025-04-16 22:06:52,008 DEBUG [http-nio-63040-exec-9][BaseJdbcLogger.java:137] - ==>  Preparing: with recursive t1 as( select * from course_category p where id = ? union all select t.* from course_category t join t1 on t1.id=t.parentid ) select * from t1 order by t1.id,t1.orderby
2025-04-16 22:06:52,008 DEBUG [http-nio-63040-exec-9][BaseJdbcLogger.java:137] - ==>  Preparing: with recursive t1 as( select * from course_category p where id = ? union all select t.* from course_category t join t1 on t1.id=t.parentid ) select * from t1 order by t1.id,t1.orderby
2025-04-16 22:06:52,009 DEBUG [http-nio-63040-exec-10][Logger.java:49] - JDBC Connection [HikariProxyConnection@1652057757 wrapping com.mysql.cj.jdbc.ConnectionImpl@2c0e167b] will not be managed by Spring
2025-04-16 22:06:52,009 DEBUG [http-nio-63040-exec-10][Logger.java:49] - JDBC Connection [HikariProxyConnection@1652057757 wrapping com.mysql.cj.jdbc.ConnectionImpl@2c0e167b] will not be managed by Spring
2025-04-16 22:06:52,009 DEBUG [http-nio-63040-exec-10][BaseJdbcLogger.java:137] - ==>  Preparing: SELECT id,company_id,company_name,name,users,tags,mt,st,grade,teachmode,description,pic,create_date,change_date,create_people,change_people,audit_status,status FROM course_base WHERE id=?
2025-04-16 22:06:52,009 DEBUG [http-nio-63040-exec-10][BaseJdbcLogger.java:137] - ==>  Preparing: SELECT id,company_id,company_name,name,users,tags,mt,st,grade,teachmode,description,pic,create_date,change_date,create_people,change_people,audit_status,status FROM course_base WHERE id=?
2025-04-16 22:06:52,009 DEBUG [http-nio-63040-exec-9][BaseJdbcLogger.java:137] - ==> Parameters: 1(String)
2025-04-16 22:06:52,009 DEBUG [http-nio-63040-exec-9][BaseJdbcLogger.java:137] - ==> Parameters: 1(String)
2025-04-16 22:06:52,010 DEBUG [http-nio-63040-exec-10][BaseJdbcLogger.java:137] - ==> Parameters: 128(Long)
2025-04-16 22:06:52,010 DEBUG [http-nio-63040-exec-10][BaseJdbcLogger.java:137] - ==> Parameters: 128(Long)
2025-04-16 22:06:52,013 DEBUG [http-nio-63040-exec-10][BaseJdbcLogger.java:137] - <==      Total: 1
2025-04-16 22:06:52,014 DEBUG [http-nio-63040-exec-10][Logger.java:49] - Closing non transactional SqlSession [org.apache.ibatis.session.defaults.DefaultSqlSession@5441645]
2025-04-16 22:06:52,013 DEBUG [http-nio-63040-exec-10][BaseJdbcLogger.java:137] - <==      Total: 1
2025-04-16 22:06:52,016 DEBUG [http-nio-63040-exec-10][Logger.java:49] - Creating a new SqlSession
2025-04-16 22:06:52,016 DEBUG [http-nio-63040-exec-10][Logger.java:49] - SqlSession [org.apache.ibatis.session.defaults.DefaultSqlSession@3cc0c656] was not registered for synchronization because synchronization is not active
2025-04-16 22:06:52,017 DEBUG [http-nio-63040-exec-10][DataSourceUtils.java:115] - Fetching JDBC Connection from DataSource
2025-04-16 22:06:52,017 DEBUG [http-nio-63040-exec-10][Logger.java:49] - JDBC Connection [HikariProxyConnection@497877981 wrapping com.mysql.cj.jdbc.ConnectionImpl@2c0e167b] will not be managed by Spring
2025-04-16 22:06:52,014 DEBUG [http-nio-63040-exec-10][Logger.java:49] - Closing non transactional SqlSession [org.apache.ibatis.session.defaults.DefaultSqlSession@5441645]
2025-04-16 22:06:52,016 DEBUG [http-nio-63040-exec-10][Logger.java:49] - Creating a new SqlSession
2025-04-16 22:06:52,016 DEBUG [http-nio-63040-exec-10][Logger.java:49] - SqlSession [org.apache.ibatis.session.defaults.DefaultSqlSession@3cc0c656] was not registered for synchronization because synchronization is not active
2025-04-16 22:06:52,017 DEBUG [http-nio-63040-exec-10][BaseJdbcLogger.java:137] - ==>  Preparing: SELECT id,charge,price,original_price,qq,wechat,phone,valid_days FROM course_market WHERE id=?
2025-04-16 22:06:52,017 DEBUG [http-nio-63040-exec-10][DataSourceUtils.java:115] - Fetching JDBC Connection from DataSource
2025-04-16 22:06:52,017 DEBUG [http-nio-63040-exec-10][Logger.java:49] - JDBC Connection [HikariProxyConnection@497877981 wrapping com.mysql.cj.jdbc.ConnectionImpl@2c0e167b] will not be managed by Spring
2025-04-16 22:06:52,017 DEBUG [http-nio-63040-exec-10][BaseJdbcLogger.java:137] - ==>  Preparing: SELECT id,charge,price,original_price,qq,wechat,phone,valid_days FROM course_market WHERE id=?
2025-04-16 22:06:52,018 DEBUG [http-nio-63040-exec-10][BaseJdbcLogger.java:137] - ==> Parameters: 128(Long)
2025-04-16 22:06:52,018 DEBUG [http-nio-63040-exec-10][BaseJdbcLogger.java:137] - ==> Parameters: 128(Long)
2025-04-16 22:06:52,035 DEBUG [http-nio-63040-exec-9][BaseJdbcLogger.java:137] - <==      Total: 144
2025-04-16 22:06:52,037 DEBUG [http-nio-63040-exec-10][BaseJdbcLogger.java:137] - <==      Total: 1
2025-04-16 22:06:52,037 DEBUG [http-nio-63040-exec-9][Logger.java:49] - Closing non transactional SqlSession [org.apache.ibatis.session.defaults.DefaultSqlSession@45cb15cc]
2025-04-16 22:06:52,035 DEBUG [http-nio-63040-exec-9][BaseJdbcLogger.java:137] - <==      Total: 144
2025-04-16 22:06:52,037 DEBUG [http-nio-63040-exec-10][BaseJdbcLogger.java:137] - <==      Total: 1
2025-04-16 22:06:52,037 DEBUG [http-nio-63040-exec-9][Logger.java:49] - Closing non transactional SqlSession [org.apache.ibatis.session.defaults.DefaultSqlSession@45cb15cc]
2025-04-16 22:06:52,038 DEBUG [http-nio-63040-exec-10][Logger.java:49] - Closing non transactional SqlSession [org.apache.ibatis.session.defaults.DefaultSqlSession@3cc0c656]
2025-04-16 22:06:52,039 DEBUG [http-nio-63040-exec-10][Logger.java:49] - Creating a new SqlSession
2025-04-16 22:06:52,039 DEBUG [http-nio-63040-exec-10][Logger.java:49] - SqlSession [org.apache.ibatis.session.defaults.DefaultSqlSession@35b0b956] was not registered for synchronization because synchronization is not active
2025-04-16 22:06:52,041 DEBUG [http-nio-63040-exec-10][DataSourceUtils.java:115] - Fetching JDBC Connection from DataSource
2025-04-16 22:06:52,042 DEBUG [http-nio-63040-exec-10][Logger.java:49] - JDBC Connection [HikariProxyConnection@88555704 wrapping com.mysql.cj.jdbc.ConnectionImpl@2c0e167b] will not be managed by Spring
2025-04-16 22:06:52,042 DEBUG [http-nio-63040-exec-10][BaseJdbcLogger.java:137] - ==>  Preparing: SELECT id,name,label,parentid,is_show,orderby,is_leaf FROM course_category WHERE id=?
2025-04-16 22:06:52,047 DEBUG [http-nio-63040-exec-9][AbstractMessageConverterMethodProcessor.java:255] - Using 'application/json', given [application/json, text/plain, */*] and supported [application/json, application/*+json, application/json, application/*+json]
2025-04-16 22:06:52,047 DEBUG [http-nio-63040-exec-10][Logger.java:49] - Closing non transactional SqlSession [org.apache.ibatis.session.defaults.DefaultSqlSession@3cc0c656]
2025-04-16 22:06:52,039 DEBUG [http-nio-63040-exec-10][Logger.java:49] - Creating a new SqlSession
2025-04-16 22:06:52,039 DEBUG [http-nio-63040-exec-10][Logger.java:49] - SqlSession [org.apache.ibatis.session.defaults.DefaultSqlSession@35b0b956] was not registered for synchronization because synchronization is not active
2025-04-16 22:06:52,041 DEBUG [http-nio-63040-exec-10][DataSourceUtils.java:115] - Fetching JDBC Connection from DataSource
2025-04-16 22:06:52,042 DEBUG [http-nio-63040-exec-10][Logger.java:49] - JDBC Connection [HikariProxyConnection@88555704 wrapping com.mysql.cj.jdbc.ConnectionImpl@2c0e167b] will not be managed by Spring
2025-04-16 22:06:52,042 DEBUG [http-nio-63040-exec-10][BaseJdbcLogger.java:137] - ==>  Preparing: SELECT id,name,label,parentid,is_show,orderby,is_leaf FROM course_category WHERE id=?
2025-04-16 22:06:52,047 DEBUG [http-nio-63040-exec-9][AbstractMessageConverterMethodProcessor.java:255] - Using 'application/json', given [application/json, text/plain, */*] and supported [application/json, application/*+json, application/json, application/*+json]
2025-04-16 22:06:52,048 DEBUG [http-nio-63040-exec-10][BaseJdbcLogger.java:137] - ==> Parameters: 1-8-2(String)
2025-04-16 22:06:52,048 DEBUG [http-nio-63040-exec-10][BaseJdbcLogger.java:137] - ==> Parameters: 1-8-2(String)
2025-04-16 22:06:52,048 DEBUG [http-nio-63040-exec-9][LogFormatUtils.java:91] - Writing [[CourseCategoryTreeDto(childrenTreeNodes=[CourseCategoryTreeDto(childrenTreeNodes=null), CourseCateg (truncated)...]
2025-04-16 22:06:52,048 DEBUG [http-nio-63040-exec-9][LogFormatUtils.java:91] - Writing [[CourseCategoryTreeDto(childrenTreeNodes=[CourseCategoryTreeDto(childrenTreeNodes=null), CourseCateg (truncated)...]
2025-04-16 22:06:52,051 DEBUG [http-nio-63040-exec-10][BaseJdbcLogger.java:137] - <==      Total: 1
2025-04-16 22:06:52,051 DEBUG [http-nio-63040-exec-10][BaseJdbcLogger.java:137] - <==      Total: 1
2025-04-16 22:06:52,051 DEBUG [http-nio-63040-exec-10][Logger.java:49] - Closing non transactional SqlSession [org.apache.ibatis.session.defaults.DefaultSqlSession@35b0b956]
2025-04-16 22:06:52,051 DEBUG [http-nio-63040-exec-10][Logger.java:49] - Closing non transactional SqlSession [org.apache.ibatis.session.defaults.DefaultSqlSession@35b0b956]
2025-04-16 22:06:52,051 DEBUG [http-nio-63040-exec-10][Logger.java:49] - Creating a new SqlSession
2025-04-16 22:06:52,051 DEBUG [http-nio-63040-exec-10][Logger.java:49] - Creating a new SqlSession
2025-04-16 22:06:52,051 DEBUG [http-nio-63040-exec-10][Logger.java:49] - SqlSession [org.apache.ibatis.session.defaults.DefaultSqlSession@57ac6f43] was not registered for synchronization because synchronization is not active
2025-04-16 22:06:52,051 DEBUG [http-nio-63040-exec-10][Logger.java:49] - SqlSession [org.apache.ibatis.session.defaults.DefaultSqlSession@57ac6f43] was not registered for synchronization because synchronization is not active
2025-04-16 22:06:52,052 DEBUG [http-nio-63040-exec-10][DataSourceUtils.java:115] - Fetching JDBC Connection from DataSource
2025-04-16 22:06:52,052 DEBUG [http-nio-63040-exec-10][DataSourceUtils.java:115] - Fetching JDBC Connection from DataSource
2025-04-16 22:06:52,052 DEBUG [http-nio-63040-exec-10][Logger.java:49] - JDBC Connection [HikariProxyConnection@1734739689 wrapping com.mysql.cj.jdbc.ConnectionImpl@2c0e167b] will not be managed by Spring
2025-04-16 22:06:52,052 DEBUG [http-nio-63040-exec-10][Logger.java:49] - JDBC Connection [HikariProxyConnection@1734739689 wrapping com.mysql.cj.jdbc.ConnectionImpl@2c0e167b] will not be managed by Spring
2025-04-16 22:06:52,052 DEBUG [http-nio-63040-exec-10][BaseJdbcLogger.java:137] - ==>  Preparing: SELECT id,name,label,parentid,is_show,orderby,is_leaf FROM course_category WHERE id=?
2025-04-16 22:06:52,052 DEBUG [http-nio-63040-exec-10][BaseJdbcLogger.java:137] - ==>  Preparing: SELECT id,name,label,parentid,is_show,orderby,is_leaf FROM course_category WHERE id=?
2025-04-16 22:06:52,052 DEBUG [http-nio-63040-exec-10][BaseJdbcLogger.java:137] - ==> Parameters: 1-8(String)
2025-04-16 22:06:52,052 DEBUG [http-nio-63040-exec-10][BaseJdbcLogger.java:137] - ==> Parameters: 1-8(String)
2025-04-16 22:06:52,054 DEBUG [http-nio-63040-exec-10][BaseJdbcLogger.java:137] - <==      Total: 1
2025-04-16 22:06:52,054 DEBUG [http-nio-63040-exec-10][BaseJdbcLogger.java:137] - <==      Total: 1
2025-04-16 22:06:52,056 DEBUG [http-nio-63040-exec-10][Logger.java:49] - Closing non transactional SqlSession [org.apache.ibatis.session.defaults.DefaultSqlSession@57ac6f43]
2025-04-16 22:06:52,056 DEBUG [http-nio-63040-exec-10][Logger.java:49] - Closing non transactional SqlSession [org.apache.ibatis.session.defaults.DefaultSqlSession@57ac6f43]
2025-04-16 22:06:52,056 DEBUG [http-nio-63040-exec-10][AbstractMessageConverterMethodProcessor.java:255] - Using 'application/json', given [application/json, text/plain, */*] and supported [application/json, application/*+json, application/json, application/*+json]
2025-04-16 22:06:52,056 DEBUG [http-nio-63040-exec-10][AbstractMessageConverterMethodProcessor.java:255] - Using 'application/json', given [application/json, text/plain, */*] and supported [application/json, application/*+json, application/json, application/*+json]
2025-04-16 22:06:52,057 DEBUG [http-nio-63040-exec-10][LogFormatUtils.java:91] - Writing [CourseBaseInfoDto(charge=201000, price=1.0, originalPrice=999.0, qq=2222, wechat=22222, phone=212312 (truncated)...]
2025-04-16 22:06:52,058 DEBUG [http-nio-63040-exec-9][FrameworkServlet.java:1131] - Completed 200 OK
2025-04-16 22:06:52,058 DEBUG [http-nio-63040-exec-10][FrameworkServlet.java:1131] - Completed 200 OK
2025-04-16 22:06:52,057 DEBUG [http-nio-63040-exec-10][LogFormatUtils.java:91] - Writing [CourseBaseInfoDto(charge=201000, price=1.0, originalPrice=999.0, qq=2222, wechat=22222, phone=212312 (truncated)...]
2025-04-16 22:06:52,058 DEBUG [http-nio-63040-exec-9][FrameworkServlet.java:1131] - Completed 200 OK
2025-04-16 22:06:52,058 DEBUG [http-nio-63040-exec-10][FrameworkServlet.java:1131] - Completed 200 OK
2025-04-16 22:07:02,592 DEBUG [http-nio-63040-exec-1][LogFormatUtils.java:91] - PUT "/content/course", parameters={}
2025-04-16 22:07:02,592 DEBUG [http-nio-63040-exec-1][LogFormatUtils.java:91] - PUT "/content/course", parameters={}
2025-04-16 22:07:02,592 DEBUG [http-nio-63040-exec-1][AbstractHandlerMapping.java:415] - Mapped to com.xuecheng.content.api.CourseBaseInfoController#modifyCourseBaseById(EditCourseDto)
2025-04-16 22:07:02,592 DEBUG [http-nio-63040-exec-1][AbstractHandlerMapping.java:415] - Mapped to com.xuecheng.content.api.CourseBaseInfoController#modifyCourseBaseById(EditCourseDto)
2025-04-16 22:07:02,593 DEBUG [http-nio-63040-exec-1][LogFormatUtils.java:91] - Read "application/json;charset=UTF-8" to [EditCourseDto(id=128)]
2025-04-16 22:07:02,593 DEBUG [http-nio-63040-exec-1][LogFormatUtils.java:91] - Read "application/json;charset=UTF-8" to [EditCourseDto(id=128)]
2025-04-16 22:07:02,593 DEBUG [http-nio-63040-exec-1][Logger.java:49] - Creating a new SqlSession
2025-04-16 22:07:02,593 DEBUG [http-nio-63040-exec-1][Logger.java:49] - Creating a new SqlSession
2025-04-16 22:07:02,594 DEBUG [http-nio-63040-exec-1][Logger.java:49] - SqlSession [org.apache.ibatis.session.defaults.DefaultSqlSession@6c361966] was not registered for synchronization because synchronization is not active
2025-04-16 22:07:02,594 DEBUG [http-nio-63040-exec-1][Logger.java:49] - SqlSession [org.apache.ibatis.session.defaults.DefaultSqlSession@6c361966] was not registered for synchronization because synchronization is not active
2025-04-16 22:07:02,594 DEBUG [http-nio-63040-exec-1][DataSourceUtils.java:115] - Fetching JDBC Connection from DataSource
2025-04-16 22:07:02,594 DEBUG [http-nio-63040-exec-1][DataSourceUtils.java:115] - Fetching JDBC Connection from DataSource
2025-04-16 22:07:02,595 DEBUG [http-nio-63040-exec-1][Logger.java:49] - JDBC Connection [HikariProxyConnection@137868988 wrapping com.mysql.cj.jdbc.ConnectionImpl@24c94754] will not be managed by Spring
2025-04-16 22:07:02,595 DEBUG [http-nio-63040-exec-1][Logger.java:49] - JDBC Connection [HikariProxyConnection@137868988 wrapping com.mysql.cj.jdbc.ConnectionImpl@24c94754] will not be managed by Spring
2025-04-16 22:07:02,596 DEBUG [http-nio-63040-exec-1][BaseJdbcLogger.java:137] - ==>  Preparing: SELECT id,company_id,company_name,name,users,tags,mt,st,grade,teachmode,description,pic,create_date,change_date,create_people,change_people,audit_status,status FROM course_base WHERE id=?
2025-04-16 22:07:02,596 DEBUG [http-nio-63040-exec-1][BaseJdbcLogger.java:137] - ==>  Preparing: SELECT id,company_id,company_name,name,users,tags,mt,st,grade,teachmode,description,pic,create_date,change_date,create_people,change_people,audit_status,status FROM course_base WHERE id=?
2025-04-16 22:07:02,596 DEBUG [http-nio-63040-exec-1][BaseJdbcLogger.java:137] - ==> Parameters: 128(Long)
2025-04-16 22:07:02,596 DEBUG [http-nio-63040-exec-1][BaseJdbcLogger.java:137] - ==> Parameters: 128(Long)
2025-04-16 22:07:02,600 DEBUG [http-nio-63040-exec-1][BaseJdbcLogger.java:137] - <==      Total: 1
2025-04-16 22:07:02,600 DEBUG [http-nio-63040-exec-1][BaseJdbcLogger.java:137] - <==      Total: 1
2025-04-16 22:07:02,600 DEBUG [http-nio-63040-exec-1][Logger.java:49] - Closing non transactional SqlSession [org.apache.ibatis.session.defaults.DefaultSqlSession@6c361966]
2025-04-16 22:07:02,600 DEBUG [http-nio-63040-exec-1][Logger.java:49] - Closing non transactional SqlSession [org.apache.ibatis.session.defaults.DefaultSqlSession@6c361966]
2025-04-16 22:07:02,601 DEBUG [http-nio-63040-exec-1][Logger.java:49] - Creating a new SqlSession
2025-04-16 22:07:02,601 DEBUG [http-nio-63040-exec-1][Logger.java:49] - Creating a new SqlSession
2025-04-16 22:07:02,601 DEBUG [http-nio-63040-exec-1][Logger.java:49] - SqlSession [org.apache.ibatis.session.defaults.DefaultSqlSession@6f7c1a0c] was not registered for synchronization because synchronization is not active
2025-04-16 22:07:02,601 DEBUG [http-nio-63040-exec-1][Logger.java:49] - SqlSession [org.apache.ibatis.session.defaults.DefaultSqlSession@6f7c1a0c] was not registered for synchronization because synchronization is not active
2025-04-16 22:07:02,603 DEBUG [http-nio-63040-exec-1][DataSourceUtils.java:115] - Fetching JDBC Connection from DataSource
2025-04-16 22:07:02,603 DEBUG [http-nio-63040-exec-1][DataSourceUtils.java:115] - Fetching JDBC Connection from DataSource
2025-04-16 22:07:02,603 DEBUG [http-nio-63040-exec-1][Logger.java:49] - JDBC Connection [HikariProxyConnection@1514914569 wrapping com.mysql.cj.jdbc.ConnectionImpl@24c94754] will not be managed by Spring
2025-04-16 22:07:02,603 DEBUG [http-nio-63040-exec-1][Logger.java:49] - JDBC Connection [HikariProxyConnection@1514914569 wrapping com.mysql.cj.jdbc.ConnectionImpl@24c94754] will not be managed by Spring
2025-04-16 22:07:02,603 DEBUG [http-nio-63040-exec-1][BaseJdbcLogger.java:137] - ==>  Preparing: UPDATE course_base SET company_id=?, name=?, users=?, tags=?, mt=?, st=?, grade=?, teachmode=?, description=?, pic=?, create_date=?, change_date=?, change_people=?, audit_status=?, status=? WHERE id=?
2025-04-16 22:07:02,603 DEBUG [http-nio-63040-exec-1][BaseJdbcLogger.java:137] - ==>  Preparing: UPDATE course_base SET company_id=?, name=?, users=?, tags=?, mt=?, st=?, grade=?, teachmode=?, description=?, pic=?, create_date=?, change_date=?, change_people=?, audit_status=?, status=? WHERE id=?
2025-04-16 22:07:02,604 DEBUG [http-nio-63040-exec-1][BaseJdbcLogger.java:137] - ==> Parameters: 1232141425(Long), 马梓涵---2.0(String), 300岁巨婴(String), mazihan(String), 1-8(String), 1-8-2(String), 204003(String), 200002(String), 马梓涵工作室6666666(String), (String), 2025-04-15T21:09:18(LocalDateTime), 2025-04-16T22:07:02.601(LocalDateTime), 300岁巨婴(String), 202002(String), 203001(String), 128(Long)
2025-04-16 22:07:02,604 DEBUG [http-nio-63040-exec-1][BaseJdbcLogger.java:137] - ==> Parameters: 1232141425(Long), 马梓涵---2.0(String), 300岁巨婴(String), mazihan(String), 1-8(String), 1-8-2(String), 204003(String), 200002(String), 马梓涵工作室6666666(String), (String), 2025-04-15T21:09:18(LocalDateTime), 2025-04-16T22:07:02.601(LocalDateTime), 300岁巨婴(String), 202002(String), 203001(String), 128(Long)
2025-04-16 22:07:02,610 DEBUG [http-nio-63040-exec-1][BaseJdbcLogger.java:137] - <==    Updates: 1
2025-04-16 22:07:02,610 DEBUG [http-nio-63040-exec-1][BaseJdbcLogger.java:137] - <==    Updates: 1
2025-04-16 22:07:02,611 DEBUG [http-nio-63040-exec-1][Logger.java:49] - Closing non transactional SqlSession [org.apache.ibatis.session.defaults.DefaultSqlSession@6f7c1a0c]
2025-04-16 22:07:02,611 DEBUG [http-nio-63040-exec-1][Logger.java:49] - Closing non transactional SqlSession [org.apache.ibatis.session.defaults.DefaultSqlSession@6f7c1a0c]
2025-04-16 22:07:02,611 DEBUG [http-nio-63040-exec-1][Logger.java:49] - Creating a new SqlSession
2025-04-16 22:07:02,611 DEBUG [http-nio-63040-exec-1][Logger.java:49] - Creating a new SqlSession
2025-04-16 22:07:02,611 DEBUG [http-nio-63040-exec-1][Logger.java:49] - SqlSession [org.apache.ibatis.session.defaults.DefaultSqlSession@bd7c0e3] was not registered for synchronization because synchronization is not active
2025-04-16 22:07:02,611 DEBUG [http-nio-63040-exec-1][Logger.java:49] - SqlSession [org.apache.ibatis.session.defaults.DefaultSqlSession@bd7c0e3] was not registered for synchronization because synchronization is not active
2025-04-16 22:07:02,611 DEBUG [http-nio-63040-exec-1][DataSourceUtils.java:115] - Fetching JDBC Connection from DataSource
2025-04-16 22:07:02,611 DEBUG [http-nio-63040-exec-1][DataSourceUtils.java:115] - Fetching JDBC Connection from DataSource
2025-04-16 22:07:02,611 DEBUG [http-nio-63040-exec-1][Logger.java:49] - JDBC Connection [HikariProxyConnection@2351091 wrapping com.mysql.cj.jdbc.ConnectionImpl@24c94754] will not be managed by Spring
2025-04-16 22:07:02,611 DEBUG [http-nio-63040-exec-1][Logger.java:49] - JDBC Connection [HikariProxyConnection@2351091 wrapping com.mysql.cj.jdbc.ConnectionImpl@24c94754] will not be managed by Spring
2025-04-16 22:07:02,612 DEBUG [http-nio-63040-exec-1][BaseJdbcLogger.java:137] - ==>  Preparing: SELECT id,company_id,company_name,name,users,tags,mt,st,grade,teachmode,description,pic,create_date,change_date,create_people,change_people,audit_status,status FROM course_base WHERE id=?
2025-04-16 22:07:02,612 DEBUG [http-nio-63040-exec-1][BaseJdbcLogger.java:137] - ==>  Preparing: SELECT id,company_id,company_name,name,users,tags,mt,st,grade,teachmode,description,pic,create_date,change_date,create_people,change_people,audit_status,status FROM course_base WHERE id=?
2025-04-16 22:07:02,612 DEBUG [http-nio-63040-exec-1][BaseJdbcLogger.java:137] - ==> Parameters: 128(Long)
2025-04-16 22:07:02,612 DEBUG [http-nio-63040-exec-1][BaseJdbcLogger.java:137] - ==> Parameters: 128(Long)
2025-04-16 22:07:02,615 DEBUG [http-nio-63040-exec-1][BaseJdbcLogger.java:137] - <==      Total: 1
2025-04-16 22:07:02,615 DEBUG [http-nio-63040-exec-1][BaseJdbcLogger.java:137] - <==      Total: 1
2025-04-16 22:07:02,615 DEBUG [http-nio-63040-exec-1][Logger.java:49] - Closing non transactional SqlSession [org.apache.ibatis.session.defaults.DefaultSqlSession@bd7c0e3]
2025-04-16 22:07:02,615 DEBUG [http-nio-63040-exec-1][Logger.java:49] - Closing non transactional SqlSession [org.apache.ibatis.session.defaults.DefaultSqlSession@bd7c0e3]
2025-04-16 22:07:02,616 DEBUG [http-nio-63040-exec-1][Logger.java:49] - Creating a new SqlSession
2025-04-16 22:07:02,616 DEBUG [http-nio-63040-exec-1][Logger.java:49] - Creating a new SqlSession
2025-04-16 22:07:02,616 DEBUG [http-nio-63040-exec-1][Logger.java:49] - SqlSession [org.apache.ibatis.session.defaults.DefaultSqlSession@55c4ef0f] was not registered for synchronization because synchronization is not active
2025-04-16 22:07:02,616 DEBUG [http-nio-63040-exec-1][Logger.java:49] - SqlSession [org.apache.ibatis.session.defaults.DefaultSqlSession@55c4ef0f] was not registered for synchronization because synchronization is not active
2025-04-16 22:07:02,616 DEBUG [http-nio-63040-exec-1][DataSourceUtils.java:115] - Fetching JDBC Connection from DataSource
2025-04-16 22:07:02,616 DEBUG [http-nio-63040-exec-1][DataSourceUtils.java:115] - Fetching JDBC Connection from DataSource
2025-04-16 22:07:02,616 DEBUG [http-nio-63040-exec-1][Logger.java:49] - JDBC Connection [HikariProxyConnection@1907081527 wrapping com.mysql.cj.jdbc.ConnectionImpl@24c94754] will not be managed by Spring
2025-04-16 22:07:02,616 DEBUG [http-nio-63040-exec-1][Logger.java:49] - JDBC Connection [HikariProxyConnection@1907081527 wrapping com.mysql.cj.jdbc.ConnectionImpl@24c94754] will not be managed by Spring
2025-04-16 22:07:02,616 DEBUG [http-nio-63040-exec-1][BaseJdbcLogger.java:137] - ==>  Preparing: SELECT id,charge,price,original_price,qq,wechat,phone,valid_days FROM course_market WHERE id=?
2025-04-16 22:07:02,616 DEBUG [http-nio-63040-exec-1][BaseJdbcLogger.java:137] - ==>  Preparing: SELECT id,charge,price,original_price,qq,wechat,phone,valid_days FROM course_market WHERE id=?
2025-04-16 22:07:02,616 DEBUG [http-nio-63040-exec-1][BaseJdbcLogger.java:137] - ==> Parameters: 128(Long)
2025-04-16 22:07:02,616 DEBUG [http-nio-63040-exec-1][BaseJdbcLogger.java:137] - ==> Parameters: 128(Long)
2025-04-16 22:07:02,620 DEBUG [http-nio-63040-exec-1][BaseJdbcLogger.java:137] - <==      Total: 1
2025-04-16 22:07:02,620 DEBUG [http-nio-63040-exec-1][BaseJdbcLogger.java:137] - <==      Total: 1
2025-04-16 22:07:02,621 DEBUG [http-nio-63040-exec-1][Logger.java:49] - Closing non transactional SqlSession [org.apache.ibatis.session.defaults.DefaultSqlSession@55c4ef0f]
2025-04-16 22:07:02,621 DEBUG [http-nio-63040-exec-1][Logger.java:49] - Closing non transactional SqlSession [org.apache.ibatis.session.defaults.DefaultSqlSession@55c4ef0f]
2025-04-16 22:07:02,621 DEBUG [http-nio-63040-exec-1][Logger.java:49] - Creating a new SqlSession
2025-04-16 22:07:02,621 DEBUG [http-nio-63040-exec-1][Logger.java:49] - Creating a new SqlSession
2025-04-16 22:07:02,621 DEBUG [http-nio-63040-exec-1][Logger.java:49] - SqlSession [org.apache.ibatis.session.defaults.DefaultSqlSession@feda80] was not registered for synchronization because synchronization is not active
2025-04-16 22:07:02,621 DEBUG [http-nio-63040-exec-1][Logger.java:49] - SqlSession [org.apache.ibatis.session.defaults.DefaultSqlSession@feda80] was not registered for synchronization because synchronization is not active
2025-04-16 22:07:02,621 DEBUG [http-nio-63040-exec-1][DataSourceUtils.java:115] - Fetching JDBC Connection from DataSource
2025-04-16 22:07:02,621 DEBUG [http-nio-63040-exec-1][DataSourceUtils.java:115] - Fetching JDBC Connection from DataSource
2025-04-16 22:07:02,622 DEBUG [http-nio-63040-exec-1][Logger.java:49] - JDBC Connection [HikariProxyConnection@1915805959 wrapping com.mysql.cj.jdbc.ConnectionImpl@24c94754] will not be managed by Spring
2025-04-16 22:07:02,622 DEBUG [http-nio-63040-exec-1][Logger.java:49] - JDBC Connection [HikariProxyConnection@1915805959 wrapping com.mysql.cj.jdbc.ConnectionImpl@24c94754] will not be managed by Spring
2025-04-16 22:07:02,622 DEBUG [http-nio-63040-exec-1][BaseJdbcLogger.java:137] - ==>  Preparing: SELECT id,name,label,parentid,is_show,orderby,is_leaf FROM course_category WHERE id=?
2025-04-16 22:07:02,622 DEBUG [http-nio-63040-exec-1][BaseJdbcLogger.java:137] - ==>  Preparing: SELECT id,name,label,parentid,is_show,orderby,is_leaf FROM course_category WHERE id=?
2025-04-16 22:07:02,622 DEBUG [http-nio-63040-exec-1][BaseJdbcLogger.java:137] - ==> Parameters: 1-8-2(String)
2025-04-16 22:07:02,622 DEBUG [http-nio-63040-exec-1][BaseJdbcLogger.java:137] - ==> Parameters: 1-8-2(String)
2025-04-16 22:07:02,625 DEBUG [http-nio-63040-exec-1][BaseJdbcLogger.java:137] - <==      Total: 1
2025-04-16 22:07:02,625 DEBUG [http-nio-63040-exec-1][BaseJdbcLogger.java:137] - <==      Total: 1
2025-04-16 22:07:02,625 DEBUG [http-nio-63040-exec-1][Logger.java:49] - Closing non transactional SqlSession [org.apache.ibatis.session.defaults.DefaultSqlSession@feda80]
2025-04-16 22:07:02,625 DEBUG [http-nio-63040-exec-1][Logger.java:49] - Closing non transactional SqlSession [org.apache.ibatis.session.defaults.DefaultSqlSession@feda80]
2025-04-16 22:07:02,625 DEBUG [http-nio-63040-exec-1][Logger.java:49] - Creating a new SqlSession
2025-04-16 22:07:02,625 DEBUG [http-nio-63040-exec-1][Logger.java:49] - Creating a new SqlSession
2025-04-16 22:07:02,625 DEBUG [http-nio-63040-exec-1][Logger.java:49] - SqlSession [org.apache.ibatis.session.defaults.DefaultSqlSession@785417ea] was not registered for synchronization because synchronization is not active
2025-04-16 22:07:02,625 DEBUG [http-nio-63040-exec-1][Logger.java:49] - SqlSession [org.apache.ibatis.session.defaults.DefaultSqlSession@785417ea] was not registered for synchronization because synchronization is not active
2025-04-16 22:07:02,625 DEBUG [http-nio-63040-exec-1][DataSourceUtils.java:115] - Fetching JDBC Connection from DataSource
2025-04-16 22:07:02,625 DEBUG [http-nio-63040-exec-1][DataSourceUtils.java:115] - Fetching JDBC Connection from DataSource
2025-04-16 22:07:02,625 DEBUG [http-nio-63040-exec-1][Logger.java:49] - JDBC Connection [HikariProxyConnection@235468986 wrapping com.mysql.cj.jdbc.ConnectionImpl@24c94754] will not be managed by Spring
2025-04-16 22:07:02,625 DEBUG [http-nio-63040-exec-1][Logger.java:49] - JDBC Connection [HikariProxyConnection@235468986 wrapping com.mysql.cj.jdbc.ConnectionImpl@24c94754] will not be managed by Spring
2025-04-16 22:07:02,626 DEBUG [http-nio-63040-exec-1][BaseJdbcLogger.java:137] - ==>  Preparing: SELECT id,name,label,parentid,is_show,orderby,is_leaf FROM course_category WHERE id=?
2025-04-16 22:07:02,626 DEBUG [http-nio-63040-exec-1][BaseJdbcLogger.java:137] - ==>  Preparing: SELECT id,name,label,parentid,is_show,orderby,is_leaf FROM course_category WHERE id=?
2025-04-16 22:07:02,626 DEBUG [http-nio-63040-exec-1][BaseJdbcLogger.java:137] - ==> Parameters: 1-8(String)
2025-04-16 22:07:02,626 DEBUG [http-nio-63040-exec-1][BaseJdbcLogger.java:137] - ==> Parameters: 1-8(String)
2025-04-16 22:07:02,628 DEBUG [http-nio-63040-exec-1][BaseJdbcLogger.java:137] - <==      Total: 1
2025-04-16 22:07:02,628 DEBUG [http-nio-63040-exec-1][BaseJdbcLogger.java:137] - <==      Total: 1
2025-04-16 22:07:02,630 DEBUG [http-nio-63040-exec-1][Logger.java:49] - Closing non transactional SqlSession [org.apache.ibatis.session.defaults.DefaultSqlSession@785417ea]
2025-04-16 22:07:02,630 DEBUG [http-nio-63040-exec-1][Logger.java:49] - Closing non transactional SqlSession [org.apache.ibatis.session.defaults.DefaultSqlSession@785417ea]
2025-04-16 22:07:02,630 DEBUG [http-nio-63040-exec-1][AbstractMessageConverterMethodProcessor.java:255] - Using 'application/json', given [application/json, text/plain, */*] and supported [application/json, application/*+json, application/json, application/*+json]
2025-04-16 22:07:02,630 DEBUG [http-nio-63040-exec-1][AbstractMessageConverterMethodProcessor.java:255] - Using 'application/json', given [application/json, text/plain, */*] and supported [application/json, application/*+json, application/json, application/*+json]
2025-04-16 22:07:02,631 DEBUG [http-nio-63040-exec-1][LogFormatUtils.java:91] - Writing [CourseBaseInfoDto(charge=201000, price=1.0, originalPrice=999.0, qq=2222, wechat=22222, phone=212312 (truncated)...]
2025-04-16 22:07:02,631 DEBUG [http-nio-63040-exec-1][LogFormatUtils.java:91] - Writing [CourseBaseInfoDto(charge=201000, price=1.0, originalPrice=999.0, qq=2222, wechat=22222, phone=212312 (truncated)...]
2025-04-16 22:07:02,632 DEBUG [http-nio-63040-exec-1][FrameworkServlet.java:1131] - Completed 200 OK
2025-04-16 22:07:02,632 DEBUG [http-nio-63040-exec-1][FrameworkServlet.java:1131] - Completed 200 OK
2025-04-16 22:07:02,945 DEBUG [http-nio-63040-exec-5][LogFormatUtils.java:91] - GET "/content/teachplan/128/tree-nodes", parameters={}
2025-04-16 22:07:02,945 DEBUG [http-nio-63040-exec-5][LogFormatUtils.java:91] - GET "/content/teachplan/128/tree-nodes", parameters={}
2025-04-16 22:07:02,945 DEBUG [http-nio-63040-exec-5][AbstractHandlerMapping.java:415] - Mapped to ResourceHttpRequestHandler ["classpath:/META-INF/resources/", "classpath:/resources/", "classpath:/static/", "classpath:/public/", "/"]
2025-04-16 22:07:02,945 DEBUG [http-nio-63040-exec-5][AbstractHandlerMapping.java:415] - Mapped to ResourceHttpRequestHandler ["classpath:/META-INF/resources/", "classpath:/resources/", "classpath:/static/", "classpath:/public/", "/"]
2025-04-16 22:07:02,987 DEBUG [http-nio-63040-exec-5][ResourceHttpRequestHandler.java:487] - Resource not found
2025-04-16 22:07:02,987 DEBUG [http-nio-63040-exec-5][ResourceHttpRequestHandler.java:487] - Resource not found
2025-04-16 22:07:02,988 DEBUG [http-nio-63040-exec-5][FrameworkServlet.java:1131] - Completed 404 NOT_FOUND
2025-04-16 22:07:02,988 DEBUG [http-nio-63040-exec-5][FrameworkServlet.java:1131] - Completed 404 NOT_FOUND
2025-04-16 22:07:02,988 DEBUG [http-nio-63040-exec-5][LogFormatUtils.java:91] - "ERROR" dispatch for GET "/content/error", parameters={}
2025-04-16 22:07:02,988 DEBUG [http-nio-63040-exec-5][LogFormatUtils.java:91] - "ERROR" dispatch for GET "/content/error", parameters={}
2025-04-16 22:07:02,988 DEBUG [http-nio-63040-exec-5][AbstractHandlerMapping.java:415] - Mapped to org.springframework.boot.autoconfigure.web.servlet.error.BasicErrorController#error(HttpServletRequest)
2025-04-16 22:07:02,988 DEBUG [http-nio-63040-exec-5][AbstractHandlerMapping.java:415] - Mapped to org.springframework.boot.autoconfigure.web.servlet.error.BasicErrorController#error(HttpServletRequest)
2025-04-16 22:07:02,991 DEBUG [http-nio-63040-exec-5][AbstractMessageConverterMethodProcessor.java:255] - Using 'application/json', given [application/json, text/plain, */*] and supported [application/json, application/*+json, application/json, application/*+json]
2025-04-16 22:07:02,991 DEBUG [http-nio-63040-exec-5][AbstractMessageConverterMethodProcessor.java:255] - Using 'application/json', given [application/json, text/plain, */*] and supported [application/json, application/*+json, application/json, application/*+json]
2025-04-16 22:07:02,991 DEBUG [http-nio-63040-exec-5][LogFormatUtils.java:91] - Writing [{timestamp=Wed Apr 16 22:07:02 CST 2025, status=404, error=Not Found, message=, path=/content/teachp (truncated)...]
2025-04-16 22:07:02,991 DEBUG [http-nio-63040-exec-5][LogFormatUtils.java:91] - Writing [{timestamp=Wed Apr 16 22:07:02 CST 2025, status=404, error=Not Found, message=, path=/content/teachp (truncated)...]
2025-04-16 22:07:02,992 DEBUG [http-nio-63040-exec-5][FrameworkServlet.java:1127] - Exiting from "ERROR" dispatch, status 404
2025-04-16 22:07:02,992 DEBUG [http-nio-63040-exec-5][FrameworkServlet.java:1127] - Exiting from "ERROR" dispatch, status 404
2025-04-16 22:07:05,001 DEBUG [http-nio-63040-exec-7][LogFormatUtils.java:91] - POST "/content/course/list?pageNo=1&pageSize=10", parameters={masked}
2025-04-16 22:07:05,002 DEBUG [http-nio-63040-exec-7][AbstractHandlerMapping.java:415] - Mapped to com.xuecheng.content.api.CourseBaseInfoController#list(PageParams, QueryCourseParamsDto)
2025-04-16 22:07:05,004 DEBUG [http-nio-63040-exec-7][LogFormatUtils.java:91] - Read "application/json;charset=UTF-8" to [QueryCourseParamsDto(auditStatus=, courseName=, publishStatus=null)]
2025-04-16 22:07:05,005 DEBUG [http-nio-63040-exec-7][Logger.java:49] - Creating a new SqlSession
2025-04-16 22:07:05,005 DEBUG [http-nio-63040-exec-7][Logger.java:49] - SqlSession [org.apache.ibatis.session.defaults.DefaultSqlSession@6d20c7ba] was not registered for synchronization because synchronization is not active
2025-04-16 22:07:05,009 DEBUG [http-nio-63040-exec-7][DataSourceUtils.java:115] - Fetching JDBC Connection from DataSource
2025-04-16 22:07:05,001 DEBUG [http-nio-63040-exec-7][LogFormatUtils.java:91] - POST "/content/course/list?pageNo=1&pageSize=10", parameters={masked}
2025-04-16 22:07:05,002 DEBUG [http-nio-63040-exec-7][AbstractHandlerMapping.java:415] - Mapped to com.xuecheng.content.api.CourseBaseInfoController#list(PageParams, QueryCourseParamsDto)
2025-04-16 22:07:05,004 DEBUG [http-nio-63040-exec-7][LogFormatUtils.java:91] - Read "application/json;charset=UTF-8" to [QueryCourseParamsDto(auditStatus=, courseName=, publishStatus=null)]
2025-04-16 22:07:05,005 DEBUG [http-nio-63040-exec-7][Logger.java:49] - Creating a new SqlSession
2025-04-16 22:07:05,005 DEBUG [http-nio-63040-exec-7][Logger.java:49] - SqlSession [org.apache.ibatis.session.defaults.DefaultSqlSession@6d20c7ba] was not registered for synchronization because synchronization is not active
2025-04-16 22:07:05,009 DEBUG [http-nio-63040-exec-7][DataSourceUtils.java:115] - Fetching JDBC Connection from DataSource
2025-04-16 22:07:05,032 DEBUG [http-nio-63040-exec-7][Logger.java:49] - JDBC Connection [HikariProxyConnection@482430173 wrapping com.mysql.cj.jdbc.ConnectionImpl@24c94754] will not be managed by Spring
2025-04-16 22:07:05,032 DEBUG [http-nio-63040-exec-7][Logger.java:49] - JDBC Connection [HikariProxyConnection@482430173 wrapping com.mysql.cj.jdbc.ConnectionImpl@24c94754] will not be managed by Spring
2025-04-16 22:07:05,033 DEBUG [http-nio-63040-exec-7][BaseJdbcLogger.java:137] - ==>  Preparing: SELECT COUNT(*) FROM course_base
2025-04-16 22:07:05,033 DEBUG [http-nio-63040-exec-7][BaseJdbcLogger.java:137] - ==>  Preparing: SELECT COUNT(*) FROM course_base
2025-04-16 22:07:05,033 DEBUG [http-nio-63040-exec-7][BaseJdbcLogger.java:137] - ==> Parameters: 
2025-04-16 22:07:05,033 DEBUG [http-nio-63040-exec-7][BaseJdbcLogger.java:137] - ==> Parameters: 
2025-04-16 22:07:05,036 DEBUG [http-nio-63040-exec-7][BaseJdbcLogger.java:137] - <==      Total: 1
2025-04-16 22:07:05,036 DEBUG [http-nio-63040-exec-7][BaseJdbcLogger.java:137] - <==      Total: 1
2025-04-16 22:07:05,037 DEBUG [http-nio-63040-exec-7][BaseJdbcLogger.java:137] - ==>  Preparing: SELECT id,company_id,company_name,name,users,tags,mt,st,grade,teachmode,description,pic,create_date,change_date,create_people,change_people,audit_status,status FROM course_base LIMIT ?
2025-04-16 22:07:05,037 DEBUG [http-nio-63040-exec-7][BaseJdbcLogger.java:137] - ==>  Preparing: SELECT id,company_id,company_name,name,users,tags,mt,st,grade,teachmode,description,pic,create_date,change_date,create_people,change_people,audit_status,status FROM course_base LIMIT ?
2025-04-16 22:07:05,037 DEBUG [http-nio-63040-exec-7][BaseJdbcLogger.java:137] - ==> Parameters: 10(Long)
2025-04-16 22:07:05,037 DEBUG [http-nio-63040-exec-7][BaseJdbcLogger.java:137] - ==> Parameters: 10(Long)
2025-04-16 22:07:05,046 DEBUG [http-nio-63040-exec-7][BaseJdbcLogger.java:137] - <==      Total: 10
2025-04-16 22:07:05,046 DEBUG [http-nio-63040-exec-7][BaseJdbcLogger.java:137] - <==      Total: 10
2025-04-16 22:07:05,047 DEBUG [http-nio-63040-exec-7][Logger.java:49] - Closing non transactional SqlSession [org.apache.ibatis.session.defaults.DefaultSqlSession@6d20c7ba]
2025-04-16 22:07:05,047 DEBUG [http-nio-63040-exec-7][Logger.java:49] - Closing non transactional SqlSession [org.apache.ibatis.session.defaults.DefaultSqlSession@6d20c7ba]
2025-04-16 22:07:05,047 DEBUG [http-nio-63040-exec-7][AbstractMessageConverterMethodProcessor.java:255] - Using 'application/json', given [application/json, text/plain, */*] and supported [application/json, application/*+json, application/json, application/*+json]
2025-04-16 22:07:05,047 DEBUG [http-nio-63040-exec-7][AbstractMessageConverterMethodProcessor.java:255] - Using 'application/json', given [application/json, text/plain, */*] and supported [application/json, application/*+json, application/json, application/*+json]
2025-04-16 22:07:05,048 DEBUG [http-nio-63040-exec-7][LogFormatUtils.java:91] - Writing [PageResult(items=[CourseBase(id=1, companyId=1232141425, companyName=, name=JAVA8/9/10新特性讲解, users=j (truncated)...]
2025-04-16 22:07:05,048 DEBUG [http-nio-63040-exec-7][LogFormatUtils.java:91] - Writing [PageResult(items=[CourseBase(id=1, companyId=1232141425, companyName=, name=JAVA8/9/10新特性讲解, users=j (truncated)...]
2025-04-16 22:07:05,049 DEBUG [http-nio-63040-exec-7][FrameworkServlet.java:1131] - Completed 200 OK
2025-04-16 22:07:05,049 DEBUG [http-nio-63040-exec-7][FrameworkServlet.java:1131] - Completed 200 OK
2025-04-16 22:07:07,388 DEBUG [http-nio-63110-exec-2][BaseJdbcLogger.java:137] - ==>  Preparing: SELECT id,name,code,item_values FROM dictionary
2025-04-16 22:07:07,388 DEBUG [http-nio-63110-exec-2][BaseJdbcLogger.java:137] - ==>  Preparing: SELECT id,name,code,item_values FROM dictionary
2025-04-16 22:07:07,389 DEBUG [http-nio-63110-exec-2][BaseJdbcLogger.java:137] - ==> Parameters: 
2025-04-16 22:07:07,389 DEBUG [http-nio-63110-exec-2][BaseJdbcLogger.java:137] - ==> Parameters: 
2025-04-16 22:07:07,394 DEBUG [http-nio-63110-exec-2][BaseJdbcLogger.java:137] - <==      Total: 17
2025-04-16 22:07:07,394 DEBUG [http-nio-63110-exec-2][BaseJdbcLogger.java:137] - <==      Total: 17
2025-04-16 22:07:07,588 DEBUG [http-nio-63040-exec-4][LogFormatUtils.java:91] - POST "/content/course/list?pageNo=1&pageSize=10", parameters={masked}
2025-04-16 22:07:07,588 DEBUG [http-nio-63040-exec-4][LogFormatUtils.java:91] - POST "/content/course/list?pageNo=1&pageSize=10", parameters={masked}
2025-04-16 22:07:07,593 DEBUG [http-nio-63040-exec-4][AbstractHandlerMapping.java:415] - Mapped to com.xuecheng.content.api.CourseBaseInfoController#list(PageParams, QueryCourseParamsDto)
2025-04-16 22:07:07,593 DEBUG [http-nio-63040-exec-4][AbstractHandlerMapping.java:415] - Mapped to com.xuecheng.content.api.CourseBaseInfoController#list(PageParams, QueryCourseParamsDto)
2025-04-16 22:07:07,594 DEBUG [http-nio-63040-exec-4][LogFormatUtils.java:91] - Read "application/json;charset=UTF-8" to [QueryCourseParamsDto(auditStatus=, courseName=, publishStatus=null)]
2025-04-16 22:07:07,594 DEBUG [http-nio-63040-exec-4][LogFormatUtils.java:91] - Read "application/json;charset=UTF-8" to [QueryCourseParamsDto(auditStatus=, courseName=, publishStatus=null)]
2025-04-16 22:07:07,594 DEBUG [http-nio-63040-exec-4][Logger.java:49] - Creating a new SqlSession
2025-04-16 22:07:07,594 DEBUG [http-nio-63040-exec-4][Logger.java:49] - SqlSession [org.apache.ibatis.session.defaults.DefaultSqlSession@4d68e5c] was not registered for synchronization because synchronization is not active
2025-04-16 22:07:07,596 DEBUG [http-nio-63040-exec-4][DataSourceUtils.java:115] - Fetching JDBC Connection from DataSource
2025-04-16 22:07:07,594 DEBUG [http-nio-63040-exec-4][Logger.java:49] - Creating a new SqlSession
2025-04-16 22:07:07,594 DEBUG [http-nio-63040-exec-4][Logger.java:49] - SqlSession [org.apache.ibatis.session.defaults.DefaultSqlSession@4d68e5c] was not registered for synchronization because synchronization is not active
2025-04-16 22:07:07,596 DEBUG [http-nio-63040-exec-4][DataSourceUtils.java:115] - Fetching JDBC Connection from DataSource
2025-04-16 22:07:07,599 DEBUG [http-nio-63040-exec-4][Logger.java:49] - JDBC Connection [HikariProxyConnection@2061864828 wrapping com.mysql.cj.jdbc.ConnectionImpl@24c94754] will not be managed by Spring
2025-04-16 22:07:07,600 DEBUG [http-nio-63040-exec-4][BaseJdbcLogger.java:137] - ==>  Preparing: SELECT COUNT(*) FROM course_base
2025-04-16 22:07:07,600 DEBUG [http-nio-63040-exec-4][BaseJdbcLogger.java:137] - ==> Parameters: 
2025-04-16 22:07:07,599 DEBUG [http-nio-63040-exec-4][Logger.java:49] - JDBC Connection [HikariProxyConnection@2061864828 wrapping com.mysql.cj.jdbc.ConnectionImpl@24c94754] will not be managed by Spring
2025-04-16 22:07:07,600 DEBUG [http-nio-63040-exec-4][BaseJdbcLogger.java:137] - ==>  Preparing: SELECT COUNT(*) FROM course_base
2025-04-16 22:07:07,600 DEBUG [http-nio-63040-exec-4][BaseJdbcLogger.java:137] - ==> Parameters: 
2025-04-16 22:07:07,610 DEBUG [http-nio-63040-exec-4][BaseJdbcLogger.java:137] - <==      Total: 1
2025-04-16 22:07:07,611 DEBUG [http-nio-63040-exec-4][BaseJdbcLogger.java:137] - ==>  Preparing: SELECT id,company_id,company_name,name,users,tags,mt,st,grade,teachmode,description,pic,create_date,change_date,create_people,change_people,audit_status,status FROM course_base LIMIT ?
2025-04-16 22:07:07,612 DEBUG [http-nio-63040-exec-4][BaseJdbcLogger.java:137] - ==> Parameters: 10(Long)
2025-04-16 22:07:07,610 DEBUG [http-nio-63040-exec-4][BaseJdbcLogger.java:137] - <==      Total: 1
2025-04-16 22:07:07,611 DEBUG [http-nio-63040-exec-4][BaseJdbcLogger.java:137] - ==>  Preparing: SELECT id,company_id,company_name,name,users,tags,mt,st,grade,teachmode,description,pic,create_date,change_date,create_people,change_people,audit_status,status FROM course_base LIMIT ?
2025-04-16 22:07:07,612 DEBUG [http-nio-63040-exec-4][BaseJdbcLogger.java:137] - ==> Parameters: 10(Long)
2025-04-16 22:07:07,621 DEBUG [http-nio-63040-exec-4][BaseJdbcLogger.java:137] - <==      Total: 10
2025-04-16 22:07:07,621 DEBUG [http-nio-63040-exec-4][Logger.java:49] - Closing non transactional SqlSession [org.apache.ibatis.session.defaults.DefaultSqlSession@4d68e5c]
2025-04-16 22:07:07,621 DEBUG [http-nio-63040-exec-4][BaseJdbcLogger.java:137] - <==      Total: 10
2025-04-16 22:07:07,621 DEBUG [http-nio-63040-exec-4][Logger.java:49] - Closing non transactional SqlSession [org.apache.ibatis.session.defaults.DefaultSqlSession@4d68e5c]
2025-04-16 22:07:07,624 DEBUG [http-nio-63040-exec-4][AbstractMessageConverterMethodProcessor.java:255] - Using 'application/json', given [application/json, text/plain, */*] and supported [application/json, application/*+json, application/json, application/*+json]
2025-04-16 22:07:07,625 DEBUG [http-nio-63040-exec-4][LogFormatUtils.java:91] - Writing [PageResult(items=[CourseBase(id=1, companyId=1232141425, companyName=, name=JAVA8/9/10新特性讲解, users=j (truncated)...]
2025-04-16 22:07:07,624 DEBUG [http-nio-63040-exec-4][AbstractMessageConverterMethodProcessor.java:255] - Using 'application/json', given [application/json, text/plain, */*] and supported [application/json, application/*+json, application/json, application/*+json]
2025-04-16 22:07:07,625 DEBUG [http-nio-63040-exec-4][LogFormatUtils.java:91] - Writing [PageResult(items=[CourseBase(id=1, companyId=1232141425, companyName=, name=JAVA8/9/10新特性讲解, users=j (truncated)...]
2025-04-16 22:07:07,626 DEBUG [http-nio-63040-exec-4][FrameworkServlet.java:1131] - Completed 200 OK
2025-04-16 22:07:07,626 DEBUG [http-nio-63040-exec-4][FrameworkServlet.java:1131] - Completed 200 OK
2025-04-16 22:07:09,295 DEBUG [http-nio-63040-exec-2][LogFormatUtils.java:91] - POST "/content/course/list?pageNo=7&pageSize=10", parameters={masked}
2025-04-16 22:07:09,295 DEBUG [http-nio-63040-exec-2][LogFormatUtils.java:91] - POST "/content/course/list?pageNo=7&pageSize=10", parameters={masked}
2025-04-16 22:07:09,295 DEBUG [http-nio-63040-exec-2][AbstractHandlerMapping.java:415] - Mapped to com.xuecheng.content.api.CourseBaseInfoController#list(PageParams, QueryCourseParamsDto)
2025-04-16 22:07:09,295 DEBUG [http-nio-63040-exec-2][AbstractHandlerMapping.java:415] - Mapped to com.xuecheng.content.api.CourseBaseInfoController#list(PageParams, QueryCourseParamsDto)
2025-04-16 22:07:09,296 DEBUG [http-nio-63040-exec-2][LogFormatUtils.java:91] - Read "application/json;charset=UTF-8" to [QueryCourseParamsDto(auditStatus=, courseName=, publishStatus=null)]
2025-04-16 22:07:09,296 DEBUG [http-nio-63040-exec-2][LogFormatUtils.java:91] - Read "application/json;charset=UTF-8" to [QueryCourseParamsDto(auditStatus=, courseName=, publishStatus=null)]
2025-04-16 22:07:09,297 DEBUG [http-nio-63040-exec-2][Logger.java:49] - Creating a new SqlSession
2025-04-16 22:07:09,297 DEBUG [http-nio-63040-exec-2][Logger.java:49] - Creating a new SqlSession
2025-04-16 22:07:09,297 DEBUG [http-nio-63040-exec-2][Logger.java:49] - SqlSession [org.apache.ibatis.session.defaults.DefaultSqlSession@1837b763] was not registered for synchronization because synchronization is not active
2025-04-16 22:07:09,297 DEBUG [http-nio-63040-exec-2][Logger.java:49] - SqlSession [org.apache.ibatis.session.defaults.DefaultSqlSession@1837b763] was not registered for synchronization because synchronization is not active
2025-04-16 22:07:09,299 DEBUG [http-nio-63040-exec-2][DataSourceUtils.java:115] - Fetching JDBC Connection from DataSource
2025-04-16 22:07:09,299 DEBUG [http-nio-63040-exec-2][DataSourceUtils.java:115] - Fetching JDBC Connection from DataSource
2025-04-16 22:07:09,301 DEBUG [http-nio-63040-exec-2][Logger.java:49] - JDBC Connection [HikariProxyConnection@384850453 wrapping com.mysql.cj.jdbc.ConnectionImpl@24c94754] will not be managed by Spring
2025-04-16 22:07:09,301 DEBUG [http-nio-63040-exec-2][Logger.java:49] - JDBC Connection [HikariProxyConnection@384850453 wrapping com.mysql.cj.jdbc.ConnectionImpl@24c94754] will not be managed by Spring
2025-04-16 22:07:09,301 DEBUG [http-nio-63040-exec-2][BaseJdbcLogger.java:137] - ==>  Preparing: SELECT COUNT(*) FROM course_base
2025-04-16 22:07:09,301 DEBUG [http-nio-63040-exec-2][BaseJdbcLogger.java:137] - ==>  Preparing: SELECT COUNT(*) FROM course_base
2025-04-16 22:07:09,302 DEBUG [http-nio-63040-exec-2][BaseJdbcLogger.java:137] - ==> Parameters: 
2025-04-16 22:07:09,302 DEBUG [http-nio-63040-exec-2][BaseJdbcLogger.java:137] - ==> Parameters: 
2025-04-16 22:07:09,303 DEBUG [http-nio-63040-exec-2][BaseJdbcLogger.java:137] - <==      Total: 1
2025-04-16 22:07:09,303 DEBUG [http-nio-63040-exec-2][BaseJdbcLogger.java:137] - <==      Total: 1
2025-04-16 22:07:09,304 DEBUG [http-nio-63040-exec-2][BaseJdbcLogger.java:137] - ==>  Preparing: SELECT id,company_id,company_name,name,users,tags,mt,st,grade,teachmode,description,pic,create_date,change_date,create_people,change_people,audit_status,status FROM course_base LIMIT ?,?
2025-04-16 22:07:09,304 DEBUG [http-nio-63040-exec-2][BaseJdbcLogger.java:137] - ==>  Preparing: SELECT id,company_id,company_name,name,users,tags,mt,st,grade,teachmode,description,pic,create_date,change_date,create_people,change_people,audit_status,status FROM course_base LIMIT ?,?
2025-04-16 22:07:09,304 DEBUG [http-nio-63040-exec-2][BaseJdbcLogger.java:137] - ==> Parameters: 60(Long), 10(Long)
2025-04-16 22:07:09,304 DEBUG [http-nio-63040-exec-2][BaseJdbcLogger.java:137] - ==> Parameters: 60(Long), 10(Long)
2025-04-16 22:07:09,309 DEBUG [http-nio-63040-exec-2][BaseJdbcLogger.java:137] - <==      Total: 4
2025-04-16 22:07:09,309 DEBUG [http-nio-63040-exec-2][BaseJdbcLogger.java:137] - <==      Total: 4
2025-04-16 22:07:09,310 DEBUG [http-nio-63040-exec-2][Logger.java:49] - Closing non transactional SqlSession [org.apache.ibatis.session.defaults.DefaultSqlSession@1837b763]
2025-04-16 22:07:09,310 DEBUG [http-nio-63040-exec-2][Logger.java:49] - Closing non transactional SqlSession [org.apache.ibatis.session.defaults.DefaultSqlSession@1837b763]
2025-04-16 22:07:09,310 DEBUG [http-nio-63040-exec-2][AbstractMessageConverterMethodProcessor.java:255] - Using 'application/json', given [application/json, text/plain, */*] and supported [application/json, application/*+json, application/json, application/*+json]
2025-04-16 22:07:09,310 DEBUG [http-nio-63040-exec-2][AbstractMessageConverterMethodProcessor.java:255] - Using 'application/json', given [application/json, text/plain, */*] and supported [application/json, application/*+json, application/json, application/*+json]
2025-04-16 22:07:09,310 DEBUG [http-nio-63040-exec-2][LogFormatUtils.java:91] - Writing [PageResult(items=[CourseBase(id=121, companyId=1232141425, companyName=null, name=Spring Cloud 开发实战, (truncated)...]
2025-04-16 22:07:09,310 DEBUG [http-nio-63040-exec-2][LogFormatUtils.java:91] - Writing [PageResult(items=[CourseBase(id=121, companyId=1232141425, companyName=null, name=Spring Cloud 开发实战, (truncated)...]
2025-04-16 22:07:09,312 DEBUG [http-nio-63040-exec-2][FrameworkServlet.java:1131] - Completed 200 OK
2025-04-16 22:07:09,312 DEBUG [http-nio-63040-exec-2][FrameworkServlet.java:1131] - Completed 200 OK
2025-04-16 22:07:12,359 DEBUG [http-nio-63040-exec-6][LogFormatUtils.java:91] - GET "/content/course-category/tree-nodes", parameters={}
2025-04-16 22:07:12,359 DEBUG [http-nio-63040-exec-6][LogFormatUtils.java:91] - GET "/content/course-category/tree-nodes", parameters={}
2025-04-16 22:07:12,359 DEBUG [http-nio-63040-exec-3][LogFormatUtils.java:91] - GET "/content/course/128", parameters={}
2025-04-16 22:07:12,359 DEBUG [http-nio-63040-exec-3][LogFormatUtils.java:91] - GET "/content/course/128", parameters={}
2025-04-16 22:07:12,359 DEBUG [http-nio-63040-exec-6][AbstractHandlerMapping.java:415] - Mapped to com.xuecheng.content.api.CourseCategotyController#queryTreeNodes()
2025-04-16 22:07:12,359 DEBUG [http-nio-63040-exec-6][AbstractHandlerMapping.java:415] - Mapped to com.xuecheng.content.api.CourseCategotyController#queryTreeNodes()
2025-04-16 22:07:12,360 DEBUG [http-nio-63040-exec-3][AbstractHandlerMapping.java:415] - Mapped to com.xuecheng.content.api.CourseBaseInfoController#updateCourseBaseById(Long)
2025-04-16 22:07:12,360 DEBUG [http-nio-63040-exec-3][AbstractHandlerMapping.java:415] - Mapped to com.xuecheng.content.api.CourseBaseInfoController#updateCourseBaseById(Long)
2025-04-16 22:07:12,360 DEBUG [http-nio-63040-exec-6][Logger.java:49] - Creating a new SqlSession
2025-04-16 22:07:12,360 DEBUG [http-nio-63040-exec-6][Logger.java:49] - Creating a new SqlSession
2025-04-16 22:07:12,360 DEBUG [http-nio-63040-exec-3][Logger.java:49] - Creating a new SqlSession
2025-04-16 22:07:12,360 DEBUG [http-nio-63040-exec-3][Logger.java:49] - Creating a new SqlSession
2025-04-16 22:07:12,360 DEBUG [http-nio-63040-exec-6][Logger.java:49] - SqlSession [org.apache.ibatis.session.defaults.DefaultSqlSession@2f57e743] was not registered for synchronization because synchronization is not active
2025-04-16 22:07:12,360 DEBUG [http-nio-63040-exec-6][Logger.java:49] - SqlSession [org.apache.ibatis.session.defaults.DefaultSqlSession@2f57e743] was not registered for synchronization because synchronization is not active
2025-04-16 22:07:12,360 DEBUG [http-nio-63040-exec-3][Logger.java:49] - SqlSession [org.apache.ibatis.session.defaults.DefaultSqlSession@1900426e] was not registered for synchronization because synchronization is not active
2025-04-16 22:07:12,360 DEBUG [http-nio-63040-exec-3][Logger.java:49] - SqlSession [org.apache.ibatis.session.defaults.DefaultSqlSession@1900426e] was not registered for synchronization because synchronization is not active
2025-04-16 22:07:12,361 DEBUG [http-nio-63040-exec-6][DataSourceUtils.java:115] - Fetching JDBC Connection from DataSource
2025-04-16 22:07:12,361 DEBUG [http-nio-63040-exec-6][DataSourceUtils.java:115] - Fetching JDBC Connection from DataSource
2025-04-16 22:07:12,361 DEBUG [http-nio-63040-exec-3][DataSourceUtils.java:115] - Fetching JDBC Connection from DataSource
2025-04-16 22:07:12,361 DEBUG [http-nio-63040-exec-3][DataSourceUtils.java:115] - Fetching JDBC Connection from DataSource
2025-04-16 22:07:12,362 DEBUG [http-nio-63040-exec-6][Logger.java:49] - JDBC Connection [HikariProxyConnection@563088601 wrapping com.mysql.cj.jdbc.ConnectionImpl@24c94754] will not be managed by Spring
2025-04-16 22:07:12,362 DEBUG [http-nio-63040-exec-3][Logger.java:49] - JDBC Connection [HikariProxyConnection@413644614 wrapping com.mysql.cj.jdbc.ConnectionImpl@2c0e167b] will not be managed by Spring
2025-04-16 22:07:12,362 DEBUG [http-nio-63040-exec-3][Logger.java:49] - JDBC Connection [HikariProxyConnection@413644614 wrapping com.mysql.cj.jdbc.ConnectionImpl@2c0e167b] will not be managed by Spring
2025-04-16 22:07:12,362 DEBUG [http-nio-63040-exec-6][Logger.java:49] - JDBC Connection [HikariProxyConnection@563088601 wrapping com.mysql.cj.jdbc.ConnectionImpl@24c94754] will not be managed by Spring
2025-04-16 22:07:12,362 DEBUG [http-nio-63040-exec-3][BaseJdbcLogger.java:137] - ==>  Preparing: SELECT id,company_id,company_name,name,users,tags,mt,st,grade,teachmode,description,pic,create_date,change_date,create_people,change_people,audit_status,status FROM course_base WHERE id=?
2025-04-16 22:07:12,362 DEBUG [http-nio-63040-exec-3][BaseJdbcLogger.java:137] - ==>  Preparing: SELECT id,company_id,company_name,name,users,tags,mt,st,grade,teachmode,description,pic,create_date,change_date,create_people,change_people,audit_status,status FROM course_base WHERE id=?
2025-04-16 22:07:12,362 DEBUG [http-nio-63040-exec-6][BaseJdbcLogger.java:137] - ==>  Preparing: with recursive t1 as( select * from course_category p where id = ? union all select t.* from course_category t join t1 on t1.id=t.parentid ) select * from t1 order by t1.id,t1.orderby
2025-04-16 22:07:12,362 DEBUG [http-nio-63040-exec-6][BaseJdbcLogger.java:137] - ==>  Preparing: with recursive t1 as( select * from course_category p where id = ? union all select t.* from course_category t join t1 on t1.id=t.parentid ) select * from t1 order by t1.id,t1.orderby
2025-04-16 22:07:12,363 DEBUG [http-nio-63040-exec-3][BaseJdbcLogger.java:137] - ==> Parameters: 128(Long)
2025-04-16 22:07:12,363 DEBUG [http-nio-63040-exec-6][BaseJdbcLogger.java:137] - ==> Parameters: 1(String)
2025-04-16 22:07:12,363 DEBUG [http-nio-63040-exec-3][BaseJdbcLogger.java:137] - ==> Parameters: 128(Long)
2025-04-16 22:07:12,363 DEBUG [http-nio-63040-exec-6][BaseJdbcLogger.java:137] - ==> Parameters: 1(String)
2025-04-16 22:07:12,366 DEBUG [http-nio-63040-exec-3][BaseJdbcLogger.java:137] - <==      Total: 1
2025-04-16 22:07:12,366 DEBUG [http-nio-63040-exec-3][BaseJdbcLogger.java:137] - <==      Total: 1
2025-04-16 22:07:12,366 DEBUG [http-nio-63040-exec-3][Logger.java:49] - Closing non transactional SqlSession [org.apache.ibatis.session.defaults.DefaultSqlSession@1900426e]
2025-04-16 22:07:12,366 DEBUG [http-nio-63040-exec-3][Logger.java:49] - Closing non transactional SqlSession [org.apache.ibatis.session.defaults.DefaultSqlSession@1900426e]
2025-04-16 22:07:12,367 DEBUG [http-nio-63040-exec-3][Logger.java:49] - Creating a new SqlSession
2025-04-16 22:07:12,367 DEBUG [http-nio-63040-exec-3][Logger.java:49] - Creating a new SqlSession
2025-04-16 22:07:12,367 DEBUG [http-nio-63040-exec-3][Logger.java:49] - SqlSession [org.apache.ibatis.session.defaults.DefaultSqlSession@77987063] was not registered for synchronization because synchronization is not active
2025-04-16 22:07:12,367 DEBUG [http-nio-63040-exec-3][Logger.java:49] - SqlSession [org.apache.ibatis.session.defaults.DefaultSqlSession@77987063] was not registered for synchronization because synchronization is not active
2025-04-16 22:07:12,367 DEBUG [http-nio-63040-exec-3][DataSourceUtils.java:115] - Fetching JDBC Connection from DataSource
2025-04-16 22:07:12,367 DEBUG [http-nio-63040-exec-3][DataSourceUtils.java:115] - Fetching JDBC Connection from DataSource
2025-04-16 22:07:12,368 DEBUG [http-nio-63040-exec-3][Logger.java:49] - JDBC Connection [HikariProxyConnection@1821401036 wrapping com.mysql.cj.jdbc.ConnectionImpl@2c0e167b] will not be managed by Spring
2025-04-16 22:07:12,368 DEBUG [http-nio-63040-exec-3][Logger.java:49] - JDBC Connection [HikariProxyConnection@1821401036 wrapping com.mysql.cj.jdbc.ConnectionImpl@2c0e167b] will not be managed by Spring
2025-04-16 22:07:12,368 DEBUG [http-nio-63040-exec-3][BaseJdbcLogger.java:137] - ==>  Preparing: SELECT id,charge,price,original_price,qq,wechat,phone,valid_days FROM course_market WHERE id=?
2025-04-16 22:07:12,368 DEBUG [http-nio-63040-exec-3][BaseJdbcLogger.java:137] - ==>  Preparing: SELECT id,charge,price,original_price,qq,wechat,phone,valid_days FROM course_market WHERE id=?
2025-04-16 22:07:12,368 DEBUG [http-nio-63040-exec-3][BaseJdbcLogger.java:137] - ==> Parameters: 128(Long)
2025-04-16 22:07:12,368 DEBUG [http-nio-63040-exec-3][BaseJdbcLogger.java:137] - ==> Parameters: 128(Long)
2025-04-16 22:07:12,371 DEBUG [http-nio-63040-exec-3][BaseJdbcLogger.java:137] - <==      Total: 1
2025-04-16 22:07:12,371 DEBUG [http-nio-63040-exec-3][BaseJdbcLogger.java:137] - <==      Total: 1
2025-04-16 22:07:12,372 DEBUG [http-nio-63040-exec-6][BaseJdbcLogger.java:137] - <==      Total: 144
2025-04-16 22:07:12,373 DEBUG [http-nio-63040-exec-6][Logger.java:49] - Closing non transactional SqlSession [org.apache.ibatis.session.defaults.DefaultSqlSession@2f57e743]
2025-04-16 22:07:12,372 DEBUG [http-nio-63040-exec-6][BaseJdbcLogger.java:137] - <==      Total: 144
2025-04-16 22:07:12,373 DEBUG [http-nio-63040-exec-3][Logger.java:49] - Closing non transactional SqlSession [org.apache.ibatis.session.defaults.DefaultSqlSession@77987063]
2025-04-16 22:07:12,373 DEBUG [http-nio-63040-exec-6][Logger.java:49] - Closing non transactional SqlSession [org.apache.ibatis.session.defaults.DefaultSqlSession@2f57e743]
2025-04-16 22:07:12,373 DEBUG [http-nio-63040-exec-3][Logger.java:49] - Closing non transactional SqlSession [org.apache.ibatis.session.defaults.DefaultSqlSession@77987063]
2025-04-16 22:07:12,374 DEBUG [http-nio-63040-exec-3][Logger.java:49] - Creating a new SqlSession
2025-04-16 22:07:12,374 DEBUG [http-nio-63040-exec-3][Logger.java:49] - Creating a new SqlSession
2025-04-16 22:07:12,374 DEBUG [http-nio-63040-exec-6][AbstractMessageConverterMethodProcessor.java:255] - Using 'application/json', given [application/json, text/plain, */*] and supported [application/json, application/*+json, application/json, application/*+json]
2025-04-16 22:07:12,374 DEBUG [http-nio-63040-exec-6][AbstractMessageConverterMethodProcessor.java:255] - Using 'application/json', given [application/json, text/plain, */*] and supported [application/json, application/*+json, application/json, application/*+json]
2025-04-16 22:07:12,374 DEBUG [http-nio-63040-exec-3][Logger.java:49] - SqlSession [org.apache.ibatis.session.defaults.DefaultSqlSession@63ecba9a] was not registered for synchronization because synchronization is not active
2025-04-16 22:07:12,374 DEBUG [http-nio-63040-exec-3][Logger.java:49] - SqlSession [org.apache.ibatis.session.defaults.DefaultSqlSession@63ecba9a] was not registered for synchronization because synchronization is not active
2025-04-16 22:07:12,374 DEBUG [http-nio-63040-exec-6][LogFormatUtils.java:91] - Writing [[CourseCategoryTreeDto(childrenTreeNodes=[CourseCategoryTreeDto(childrenTreeNodes=null), CourseCateg (truncated)...]
2025-04-16 22:07:12,374 DEBUG [http-nio-63040-exec-6][LogFormatUtils.java:91] - Writing [[CourseCategoryTreeDto(childrenTreeNodes=[CourseCategoryTreeDto(childrenTreeNodes=null), CourseCateg (truncated)...]
2025-04-16 22:07:12,374 DEBUG [http-nio-63040-exec-3][DataSourceUtils.java:115] - Fetching JDBC Connection from DataSource
2025-04-16 22:07:12,374 DEBUG [http-nio-63040-exec-3][DataSourceUtils.java:115] - Fetching JDBC Connection from DataSource
2025-04-16 22:07:12,375 DEBUG [http-nio-63040-exec-3][Logger.java:49] - JDBC Connection [HikariProxyConnection@1464063468 wrapping com.mysql.cj.jdbc.ConnectionImpl@2c0e167b] will not be managed by Spring
2025-04-16 22:07:12,375 DEBUG [http-nio-63040-exec-3][Logger.java:49] - JDBC Connection [HikariProxyConnection@1464063468 wrapping com.mysql.cj.jdbc.ConnectionImpl@2c0e167b] will not be managed by Spring
2025-04-16 22:07:12,375 DEBUG [http-nio-63040-exec-3][BaseJdbcLogger.java:137] - ==>  Preparing: SELECT id,name,label,parentid,is_show,orderby,is_leaf FROM course_category WHERE id=?
2025-04-16 22:07:12,375 DEBUG [http-nio-63040-exec-3][BaseJdbcLogger.java:137] - ==>  Preparing: SELECT id,name,label,parentid,is_show,orderby,is_leaf FROM course_category WHERE id=?
2025-04-16 22:07:12,375 DEBUG [http-nio-63040-exec-3][BaseJdbcLogger.java:137] - ==> Parameters: 1-8-2(String)
2025-04-16 22:07:12,375 DEBUG [http-nio-63040-exec-3][BaseJdbcLogger.java:137] - ==> Parameters: 1-8-2(String)
2025-04-16 22:07:12,376 DEBUG [http-nio-63040-exec-6][FrameworkServlet.java:1131] - Completed 200 OK
2025-04-16 22:07:12,376 DEBUG [http-nio-63040-exec-6][FrameworkServlet.java:1131] - Completed 200 OK
2025-04-16 22:07:12,379 DEBUG [http-nio-63040-exec-3][BaseJdbcLogger.java:137] - <==      Total: 1
2025-04-16 22:07:12,379 DEBUG [http-nio-63040-exec-3][Logger.java:49] - Closing non transactional SqlSession [org.apache.ibatis.session.defaults.DefaultSqlSession@63ecba9a]
2025-04-16 22:07:12,379 DEBUG [http-nio-63040-exec-3][BaseJdbcLogger.java:137] - <==      Total: 1
2025-04-16 22:07:12,379 DEBUG [http-nio-63040-exec-3][Logger.java:49] - Closing non transactional SqlSession [org.apache.ibatis.session.defaults.DefaultSqlSession@63ecba9a]
2025-04-16 22:07:12,380 DEBUG [http-nio-63040-exec-3][Logger.java:49] - Creating a new SqlSession
2025-04-16 22:07:12,380 DEBUG [http-nio-63040-exec-3][Logger.java:49] - Creating a new SqlSession
2025-04-16 22:07:12,380 DEBUG [http-nio-63040-exec-3][Logger.java:49] - SqlSession [org.apache.ibatis.session.defaults.DefaultSqlSession@36204560] was not registered for synchronization because synchronization is not active
2025-04-16 22:07:12,380 DEBUG [http-nio-63040-exec-3][Logger.java:49] - SqlSession [org.apache.ibatis.session.defaults.DefaultSqlSession@36204560] was not registered for synchronization because synchronization is not active
2025-04-16 22:07:12,380 DEBUG [http-nio-63040-exec-3][DataSourceUtils.java:115] - Fetching JDBC Connection from DataSource
2025-04-16 22:07:12,380 DEBUG [http-nio-63040-exec-3][DataSourceUtils.java:115] - Fetching JDBC Connection from DataSource
2025-04-16 22:07:12,380 DEBUG [http-nio-63040-exec-3][Logger.java:49] - JDBC Connection [HikariProxyConnection@815661396 wrapping com.mysql.cj.jdbc.ConnectionImpl@2c0e167b] will not be managed by Spring
2025-04-16 22:07:12,380 DEBUG [http-nio-63040-exec-3][Logger.java:49] - JDBC Connection [HikariProxyConnection@815661396 wrapping com.mysql.cj.jdbc.ConnectionImpl@2c0e167b] will not be managed by Spring
2025-04-16 22:07:12,381 DEBUG [http-nio-63040-exec-3][BaseJdbcLogger.java:137] - ==>  Preparing: SELECT id,name,label,parentid,is_show,orderby,is_leaf FROM course_category WHERE id=?
2025-04-16 22:07:12,381 DEBUG [http-nio-63040-exec-3][BaseJdbcLogger.java:137] - ==>  Preparing: SELECT id,name,label,parentid,is_show,orderby,is_leaf FROM course_category WHERE id=?
2025-04-16 22:07:12,381 DEBUG [http-nio-63040-exec-3][BaseJdbcLogger.java:137] - ==> Parameters: 1-8(String)
2025-04-16 22:07:12,381 DEBUG [http-nio-63040-exec-3][BaseJdbcLogger.java:137] - ==> Parameters: 1-8(String)
2025-04-16 22:07:12,383 DEBUG [http-nio-63040-exec-3][BaseJdbcLogger.java:137] - <==      Total: 1
2025-04-16 22:07:12,383 DEBUG [http-nio-63040-exec-3][BaseJdbcLogger.java:137] - <==      Total: 1
2025-04-16 22:07:12,383 DEBUG [http-nio-63040-exec-3][Logger.java:49] - Closing non transactional SqlSession [org.apache.ibatis.session.defaults.DefaultSqlSession@36204560]
2025-04-16 22:07:12,383 DEBUG [http-nio-63040-exec-3][Logger.java:49] - Closing non transactional SqlSession [org.apache.ibatis.session.defaults.DefaultSqlSession@36204560]
2025-04-16 22:07:12,385 DEBUG [http-nio-63040-exec-3][AbstractMessageConverterMethodProcessor.java:255] - Using 'application/json', given [application/json, text/plain, */*] and supported [application/json, application/*+json, application/json, application/*+json]
2025-04-16 22:07:12,385 DEBUG [http-nio-63040-exec-3][AbstractMessageConverterMethodProcessor.java:255] - Using 'application/json', given [application/json, text/plain, */*] and supported [application/json, application/*+json, application/json, application/*+json]
2025-04-16 22:07:12,385 DEBUG [http-nio-63040-exec-3][LogFormatUtils.java:91] - Writing [CourseBaseInfoDto(charge=201000, price=1.0, originalPrice=999.0, qq=2222, wechat=22222, phone=212312 (truncated)...]
2025-04-16 22:07:12,385 DEBUG [http-nio-63040-exec-3][LogFormatUtils.java:91] - Writing [CourseBaseInfoDto(charge=201000, price=1.0, originalPrice=999.0, qq=2222, wechat=22222, phone=212312 (truncated)...]
2025-04-16 22:07:12,386 DEBUG [http-nio-63040-exec-3][FrameworkServlet.java:1131] - Completed 200 OK
2025-04-16 22:07:12,386 DEBUG [http-nio-63040-exec-3][FrameworkServlet.java:1131] - Completed 200 OK
2025-04-16 22:07:13,153 DEBUG [HikariPool-1 housekeeper][HikariPool.java:421] - HikariPool-1 - Pool stats (total=10, active=0, idle=10, waiting=0)
2025-04-16 22:07:13,153 DEBUG [HikariPool-1 housekeeper][HikariPool.java:421] - HikariPool-1 - Pool stats (total=10, active=0, idle=10, waiting=0)
2025-04-16 22:07:13,153 DEBUG [HikariPool-1 housekeeper][HikariPool.java:517] - HikariPool-1 - Fill pool skipped, pool is at sufficient level.
2025-04-16 22:07:13,153 DEBUG [HikariPool-1 housekeeper][HikariPool.java:517] - HikariPool-1 - Fill pool skipped, pool is at sufficient level.
2025-04-16 22:07:13,886 DEBUG [HikariPool-1 housekeeper][HikariPool.java:421] - HikariPool-1 - Pool stats (total=10, active=0, idle=10, waiting=0)
2025-04-16 22:07:13,886 DEBUG [HikariPool-1 housekeeper][HikariPool.java:421] - HikariPool-1 - Pool stats (total=10, active=0, idle=10, waiting=0)
2025-04-16 22:07:13,886 DEBUG [HikariPool-1 housekeeper][HikariPool.java:517] - HikariPool-1 - Fill pool skipped, pool is at sufficient level.
2025-04-16 22:07:13,886 DEBUG [HikariPool-1 housekeeper][HikariPool.java:517] - HikariPool-1 - Fill pool skipped, pool is at sufficient level.
2025-04-16 22:07:43,157 DEBUG [HikariPool-1 housekeeper][HikariPool.java:421] - HikariPool-1 - Pool stats (total=10, active=0, idle=10, waiting=0)
2025-04-16 22:07:43,157 DEBUG [HikariPool-1 housekeeper][HikariPool.java:421] - HikariPool-1 - Pool stats (total=10, active=0, idle=10, waiting=0)
2025-04-16 22:07:43,157 DEBUG [HikariPool-1 housekeeper][HikariPool.java:517] - HikariPool-1 - Fill pool skipped, pool is at sufficient level.
2025-04-16 22:07:43,157 DEBUG [HikariPool-1 housekeeper][HikariPool.java:517] - HikariPool-1 - Fill pool skipped, pool is at sufficient level.
2025-04-16 22:07:43,892 DEBUG [HikariPool-1 housekeeper][HikariPool.java:421] - HikariPool-1 - Pool stats (total=10, active=0, idle=10, waiting=0)
2025-04-16 22:07:43,892 DEBUG [HikariPool-1 housekeeper][HikariPool.java:421] - HikariPool-1 - Pool stats (total=10, active=0, idle=10, waiting=0)
2025-04-16 22:07:43,892 DEBUG [HikariPool-1 housekeeper][HikariPool.java:517] - HikariPool-1 - Fill pool skipped, pool is at sufficient level.
2025-04-16 22:07:43,892 DEBUG [HikariPool-1 housekeeper][HikariPool.java:517] - HikariPool-1 - Fill pool skipped, pool is at sufficient level.
2025-04-16 22:08:13,159 DEBUG [HikariPool-1 housekeeper][HikariPool.java:421] - HikariPool-1 - Pool stats (total=10, active=0, idle=10, waiting=0)
2025-04-16 22:08:13,159 DEBUG [HikariPool-1 housekeeper][HikariPool.java:421] - HikariPool-1 - Pool stats (total=10, active=0, idle=10, waiting=0)
2025-04-16 22:08:13,159 DEBUG [HikariPool-1 housekeeper][HikariPool.java:517] - HikariPool-1 - Fill pool skipped, pool is at sufficient level.
2025-04-16 22:08:13,159 DEBUG [HikariPool-1 housekeeper][HikariPool.java:517] - HikariPool-1 - Fill pool skipped, pool is at sufficient level.
2025-04-16 22:08:13,896 DEBUG [HikariPool-1 housekeeper][HikariPool.java:421] - HikariPool-1 - Pool stats (total=10, active=0, idle=10, waiting=0)
2025-04-16 22:08:13,896 DEBUG [HikariPool-1 housekeeper][HikariPool.java:421] - HikariPool-1 - Pool stats (total=10, active=0, idle=10, waiting=0)
2025-04-16 22:08:13,896 DEBUG [HikariPool-1 housekeeper][HikariPool.java:517] - HikariPool-1 - Fill pool skipped, pool is at sufficient level.
2025-04-16 22:08:13,896 DEBUG [HikariPool-1 housekeeper][HikariPool.java:517] - HikariPool-1 - Fill pool skipped, pool is at sufficient level.
2025-04-16 22:08:43,163 DEBUG [HikariPool-1 housekeeper][HikariPool.java:421] - HikariPool-1 - Pool stats (total=10, active=0, idle=10, waiting=0)
2025-04-16 22:08:43,163 DEBUG [HikariPool-1 housekeeper][HikariPool.java:421] - HikariPool-1 - Pool stats (total=10, active=0, idle=10, waiting=0)
2025-04-16 22:08:43,163 DEBUG [HikariPool-1 housekeeper][HikariPool.java:517] - HikariPool-1 - Fill pool skipped, pool is at sufficient level.
2025-04-16 22:08:43,163 DEBUG [HikariPool-1 housekeeper][HikariPool.java:517] - HikariPool-1 - Fill pool skipped, pool is at sufficient level.
2025-04-16 22:08:43,911 DEBUG [HikariPool-1 housekeeper][HikariPool.java:421] - HikariPool-1 - Pool stats (total=10, active=0, idle=10, waiting=0)
2025-04-16 22:08:43,911 DEBUG [HikariPool-1 housekeeper][HikariPool.java:421] - HikariPool-1 - Pool stats (total=10, active=0, idle=10, waiting=0)
2025-04-16 22:08:43,911 DEBUG [HikariPool-1 housekeeper][HikariPool.java:517] - HikariPool-1 - Fill pool skipped, pool is at sufficient level.
2025-04-16 22:08:43,911 DEBUG [HikariPool-1 housekeeper][HikariPool.java:517] - HikariPool-1 - Fill pool skipped, pool is at sufficient level.
2025-04-16 22:09:13,165 DEBUG [HikariPool-1 housekeeper][HikariPool.java:421] - HikariPool-1 - Pool stats (total=10, active=0, idle=10, waiting=0)
2025-04-16 22:09:13,165 DEBUG [HikariPool-1 housekeeper][HikariPool.java:421] - HikariPool-1 - Pool stats (total=10, active=0, idle=10, waiting=0)
2025-04-16 22:09:13,165 DEBUG [HikariPool-1 housekeeper][HikariPool.java:517] - HikariPool-1 - Fill pool skipped, pool is at sufficient level.
2025-04-16 22:09:13,165 DEBUG [HikariPool-1 housekeeper][HikariPool.java:517] - HikariPool-1 - Fill pool skipped, pool is at sufficient level.
2025-04-16 22:09:13,913 DEBUG [HikariPool-1 housekeeper][HikariPool.java:421] - HikariPool-1 - Pool stats (total=10, active=0, idle=10, waiting=0)
2025-04-16 22:09:13,913 DEBUG [HikariPool-1 housekeeper][HikariPool.java:421] - HikariPool-1 - Pool stats (total=10, active=0, idle=10, waiting=0)
2025-04-16 22:09:13,913 DEBUG [HikariPool-1 housekeeper][HikariPool.java:517] - HikariPool-1 - Fill pool skipped, pool is at sufficient level.
2025-04-16 22:09:13,913 DEBUG [HikariPool-1 housekeeper][HikariPool.java:517] - HikariPool-1 - Fill pool skipped, pool is at sufficient level.
2025-04-16 22:09:43,174 DEBUG [HikariPool-1 housekeeper][HikariPool.java:421] - HikariPool-1 - Pool stats (total=10, active=0, idle=10, waiting=0)
2025-04-16 22:09:43,174 DEBUG [HikariPool-1 housekeeper][HikariPool.java:421] - HikariPool-1 - Pool stats (total=10, active=0, idle=10, waiting=0)
2025-04-16 22:09:43,174 DEBUG [HikariPool-1 housekeeper][HikariPool.java:517] - HikariPool-1 - Fill pool skipped, pool is at sufficient level.
2025-04-16 22:09:43,174 DEBUG [HikariPool-1 housekeeper][HikariPool.java:517] - HikariPool-1 - Fill pool skipped, pool is at sufficient level.
2025-04-16 22:09:43,921 DEBUG [HikariPool-1 housekeeper][HikariPool.java:421] - HikariPool-1 - Pool stats (total=10, active=0, idle=10, waiting=0)
2025-04-16 22:09:43,921 DEBUG [HikariPool-1 housekeeper][HikariPool.java:421] - HikariPool-1 - Pool stats (total=10, active=0, idle=10, waiting=0)
2025-04-16 22:09:43,921 DEBUG [HikariPool-1 housekeeper][HikariPool.java:517] - HikariPool-1 - Fill pool skipped, pool is at sufficient level.
2025-04-16 22:09:43,921 DEBUG [HikariPool-1 housekeeper][HikariPool.java:517] - HikariPool-1 - Fill pool skipped, pool is at sufficient level.
2025-04-16 22:10:13,182 DEBUG [HikariPool-1 housekeeper][HikariPool.java:421] - HikariPool-1 - Pool stats (total=10, active=0, idle=10, waiting=0)
2025-04-16 22:10:13,182 DEBUG [HikariPool-1 housekeeper][HikariPool.java:421] - HikariPool-1 - Pool stats (total=10, active=0, idle=10, waiting=0)
2025-04-16 22:10:13,182 DEBUG [HikariPool-1 housekeeper][HikariPool.java:517] - HikariPool-1 - Fill pool skipped, pool is at sufficient level.
2025-04-16 22:10:13,182 DEBUG [HikariPool-1 housekeeper][HikariPool.java:517] - HikariPool-1 - Fill pool skipped, pool is at sufficient level.
2025-04-16 22:10:13,930 DEBUG [HikariPool-1 housekeeper][HikariPool.java:421] - HikariPool-1 - Pool stats (total=10, active=0, idle=10, waiting=0)
2025-04-16 22:10:13,930 DEBUG [HikariPool-1 housekeeper][HikariPool.java:421] - HikariPool-1 - Pool stats (total=10, active=0, idle=10, waiting=0)
2025-04-16 22:10:13,930 DEBUG [HikariPool-1 housekeeper][HikariPool.java:517] - HikariPool-1 - Fill pool skipped, pool is at sufficient level.
2025-04-16 22:10:13,930 DEBUG [HikariPool-1 housekeeper][HikariPool.java:517] - HikariPool-1 - Fill pool skipped, pool is at sufficient level.
2025-04-16 22:10:43,193 DEBUG [HikariPool-1 housekeeper][HikariPool.java:421] - HikariPool-1 - Pool stats (total=10, active=0, idle=10, waiting=0)
2025-04-16 22:10:43,193 DEBUG [HikariPool-1 housekeeper][HikariPool.java:421] - HikariPool-1 - Pool stats (total=10, active=0, idle=10, waiting=0)
2025-04-16 22:10:43,193 DEBUG [HikariPool-1 housekeeper][HikariPool.java:517] - HikariPool-1 - Fill pool skipped, pool is at sufficient level.
2025-04-16 22:10:43,193 DEBUG [HikariPool-1 housekeeper][HikariPool.java:517] - HikariPool-1 - Fill pool skipped, pool is at sufficient level.
2025-04-16 22:10:43,931 DEBUG [HikariPool-1 housekeeper][HikariPool.java:421] - HikariPool-1 - Pool stats (total=10, active=0, idle=10, waiting=0)
2025-04-16 22:10:43,931 DEBUG [HikariPool-1 housekeeper][HikariPool.java:421] - HikariPool-1 - Pool stats (total=10, active=0, idle=10, waiting=0)
2025-04-16 22:10:43,931 DEBUG [HikariPool-1 housekeeper][HikariPool.java:517] - HikariPool-1 - Fill pool skipped, pool is at sufficient level.
2025-04-16 22:10:43,931 DEBUG [HikariPool-1 housekeeper][HikariPool.java:517] - HikariPool-1 - Fill pool skipped, pool is at sufficient level.
2025-04-16 22:11:13,208 DEBUG [HikariPool-1 housekeeper][HikariPool.java:421] - HikariPool-1 - Pool stats (total=10, active=0, idle=10, waiting=0)
2025-04-16 22:11:13,208 DEBUG [HikariPool-1 housekeeper][HikariPool.java:421] - HikariPool-1 - Pool stats (total=10, active=0, idle=10, waiting=0)
2025-04-16 22:11:13,208 DEBUG [HikariPool-1 housekeeper][HikariPool.java:517] - HikariPool-1 - Fill pool skipped, pool is at sufficient level.
2025-04-16 22:11:13,208 DEBUG [HikariPool-1 housekeeper][HikariPool.java:517] - HikariPool-1 - Fill pool skipped, pool is at sufficient level.
2025-04-16 22:11:13,944 DEBUG [HikariPool-1 housekeeper][HikariPool.java:421] - HikariPool-1 - Pool stats (total=10, active=0, idle=10, waiting=0)
2025-04-16 22:11:13,944 DEBUG [HikariPool-1 housekeeper][HikariPool.java:421] - HikariPool-1 - Pool stats (total=10, active=0, idle=10, waiting=0)
2025-04-16 22:11:13,944 DEBUG [HikariPool-1 housekeeper][HikariPool.java:517] - HikariPool-1 - Fill pool skipped, pool is at sufficient level.
2025-04-16 22:11:13,944 DEBUG [HikariPool-1 housekeeper][HikariPool.java:517] - HikariPool-1 - Fill pool skipped, pool is at sufficient level.
2025-04-16 22:11:43,217 DEBUG [HikariPool-1 housekeeper][HikariPool.java:421] - HikariPool-1 - Pool stats (total=10, active=0, idle=10, waiting=0)
2025-04-16 22:11:43,217 DEBUG [HikariPool-1 housekeeper][HikariPool.java:517] - HikariPool-1 - Fill pool skipped, pool is at sufficient level.
2025-04-16 22:11:43,217 DEBUG [HikariPool-1 housekeeper][HikariPool.java:421] - HikariPool-1 - Pool stats (total=10, active=0, idle=10, waiting=0)
2025-04-16 22:11:43,217 DEBUG [HikariPool-1 housekeeper][HikariPool.java:517] - HikariPool-1 - Fill pool skipped, pool is at sufficient level.
2025-04-16 22:11:43,949 DEBUG [HikariPool-1 housekeeper][HikariPool.java:421] - HikariPool-1 - Pool stats (total=10, active=0, idle=10, waiting=0)
2025-04-16 22:11:43,949 DEBUG [HikariPool-1 housekeeper][HikariPool.java:421] - HikariPool-1 - Pool stats (total=10, active=0, idle=10, waiting=0)
2025-04-16 22:11:43,949 DEBUG [HikariPool-1 housekeeper][HikariPool.java:517] - HikariPool-1 - Fill pool skipped, pool is at sufficient level.
2025-04-16 22:11:43,949 DEBUG [HikariPool-1 housekeeper][HikariPool.java:517] - HikariPool-1 - Fill pool skipped, pool is at sufficient level.
2025-04-16 22:12:13,230 DEBUG [HikariPool-1 housekeeper][HikariPool.java:421] - HikariPool-1 - Pool stats (total=10, active=0, idle=10, waiting=0)
2025-04-16 22:12:13,230 DEBUG [HikariPool-1 housekeeper][HikariPool.java:421] - HikariPool-1 - Pool stats (total=10, active=0, idle=10, waiting=0)
2025-04-16 22:12:13,230 DEBUG [HikariPool-1 housekeeper][HikariPool.java:517] - HikariPool-1 - Fill pool skipped, pool is at sufficient level.
2025-04-16 22:12:13,230 DEBUG [HikariPool-1 housekeeper][HikariPool.java:517] - HikariPool-1 - Fill pool skipped, pool is at sufficient level.
2025-04-16 22:12:13,963 DEBUG [HikariPool-1 housekeeper][HikariPool.java:421] - HikariPool-1 - Pool stats (total=10, active=0, idle=10, waiting=0)
2025-04-16 22:12:13,963 DEBUG [HikariPool-1 housekeeper][HikariPool.java:421] - HikariPool-1 - Pool stats (total=10, active=0, idle=10, waiting=0)
2025-04-16 22:12:13,963 DEBUG [HikariPool-1 housekeeper][HikariPool.java:517] - HikariPool-1 - Fill pool skipped, pool is at sufficient level.
2025-04-16 22:12:13,963 DEBUG [HikariPool-1 housekeeper][HikariPool.java:517] - HikariPool-1 - Fill pool skipped, pool is at sufficient level.
2025-04-16 22:12:43,240 DEBUG [HikariPool-1 housekeeper][HikariPool.java:421] - HikariPool-1 - Pool stats (total=10, active=0, idle=10, waiting=0)
2025-04-16 22:12:43,240 DEBUG [HikariPool-1 housekeeper][HikariPool.java:421] - HikariPool-1 - Pool stats (total=10, active=0, idle=10, waiting=0)
2025-04-16 22:12:43,240 DEBUG [HikariPool-1 housekeeper][HikariPool.java:517] - HikariPool-1 - Fill pool skipped, pool is at sufficient level.
2025-04-16 22:12:43,240 DEBUG [HikariPool-1 housekeeper][HikariPool.java:517] - HikariPool-1 - Fill pool skipped, pool is at sufficient level.
2025-04-16 22:12:43,970 DEBUG [HikariPool-1 housekeeper][HikariPool.java:421] - HikariPool-1 - Pool stats (total=10, active=0, idle=10, waiting=0)
2025-04-16 22:12:43,970 DEBUG [HikariPool-1 housekeeper][HikariPool.java:421] - HikariPool-1 - Pool stats (total=10, active=0, idle=10, waiting=0)
2025-04-16 22:12:43,971 DEBUG [HikariPool-1 housekeeper][HikariPool.java:517] - HikariPool-1 - Fill pool skipped, pool is at sufficient level.
2025-04-16 22:12:43,971 DEBUG [HikariPool-1 housekeeper][HikariPool.java:517] - HikariPool-1 - Fill pool skipped, pool is at sufficient level.
2025-04-16 22:13:13,243 DEBUG [HikariPool-1 housekeeper][HikariPool.java:421] - HikariPool-1 - Pool stats (total=10, active=0, idle=10, waiting=0)
2025-04-16 22:13:13,243 DEBUG [HikariPool-1 housekeeper][HikariPool.java:421] - HikariPool-1 - Pool stats (total=10, active=0, idle=10, waiting=0)
2025-04-16 22:13:13,243 DEBUG [HikariPool-1 housekeeper][HikariPool.java:517] - HikariPool-1 - Fill pool skipped, pool is at sufficient level.
2025-04-16 22:13:13,243 DEBUG [HikariPool-1 housekeeper][HikariPool.java:517] - HikariPool-1 - Fill pool skipped, pool is at sufficient level.
2025-04-16 22:13:13,976 DEBUG [HikariPool-1 housekeeper][HikariPool.java:421] - HikariPool-1 - Pool stats (total=10, active=0, idle=10, waiting=0)
2025-04-16 22:13:13,976 DEBUG [HikariPool-1 housekeeper][HikariPool.java:421] - HikariPool-1 - Pool stats (total=10, active=0, idle=10, waiting=0)
2025-04-16 22:13:13,976 DEBUG [HikariPool-1 housekeeper][HikariPool.java:517] - HikariPool-1 - Fill pool skipped, pool is at sufficient level.
2025-04-16 22:13:13,976 DEBUG [HikariPool-1 housekeeper][HikariPool.java:517] - HikariPool-1 - Fill pool skipped, pool is at sufficient level.
2025-04-16 22:13:43,246 DEBUG [HikariPool-1 housekeeper][HikariPool.java:421] - HikariPool-1 - Pool stats (total=10, active=0, idle=10, waiting=0)
2025-04-16 22:13:43,246 DEBUG [HikariPool-1 housekeeper][HikariPool.java:421] - HikariPool-1 - Pool stats (total=10, active=0, idle=10, waiting=0)
2025-04-16 22:13:43,246 DEBUG [HikariPool-1 housekeeper][HikariPool.java:517] - HikariPool-1 - Fill pool skipped, pool is at sufficient level.
2025-04-16 22:13:43,246 DEBUG [HikariPool-1 housekeeper][HikariPool.java:517] - HikariPool-1 - Fill pool skipped, pool is at sufficient level.
2025-04-16 22:13:43,979 DEBUG [HikariPool-1 housekeeper][HikariPool.java:421] - HikariPool-1 - Pool stats (total=10, active=0, idle=10, waiting=0)
2025-04-16 22:13:43,979 DEBUG [HikariPool-1 housekeeper][HikariPool.java:421] - HikariPool-1 - Pool stats (total=10, active=0, idle=10, waiting=0)
2025-04-16 22:13:43,980 DEBUG [HikariPool-1 housekeeper][HikariPool.java:517] - HikariPool-1 - Fill pool skipped, pool is at sufficient level.
2025-04-16 22:13:43,980 DEBUG [HikariPool-1 housekeeper][HikariPool.java:517] - HikariPool-1 - Fill pool skipped, pool is at sufficient level.
2025-04-16 22:14:13,255 DEBUG [HikariPool-1 housekeeper][HikariPool.java:421] - HikariPool-1 - Pool stats (total=10, active=0, idle=10, waiting=0)
2025-04-16 22:14:13,255 DEBUG [HikariPool-1 housekeeper][HikariPool.java:421] - HikariPool-1 - Pool stats (total=10, active=0, idle=10, waiting=0)
2025-04-16 22:14:13,255 DEBUG [HikariPool-1 housekeeper][HikariPool.java:517] - HikariPool-1 - Fill pool skipped, pool is at sufficient level.
2025-04-16 22:14:13,255 DEBUG [HikariPool-1 housekeeper][HikariPool.java:517] - HikariPool-1 - Fill pool skipped, pool is at sufficient level.
2025-04-16 22:14:13,982 DEBUG [HikariPool-1 housekeeper][HikariPool.java:421] - HikariPool-1 - Pool stats (total=10, active=0, idle=10, waiting=0)
2025-04-16 22:14:13,982 DEBUG [HikariPool-1 housekeeper][HikariPool.java:421] - HikariPool-1 - Pool stats (total=10, active=0, idle=10, waiting=0)
2025-04-16 22:14:13,982 DEBUG [HikariPool-1 housekeeper][HikariPool.java:517] - HikariPool-1 - Fill pool skipped, pool is at sufficient level.
2025-04-16 22:14:13,982 DEBUG [HikariPool-1 housekeeper][HikariPool.java:517] - HikariPool-1 - Fill pool skipped, pool is at sufficient level.
2025-04-16 22:14:43,257 DEBUG [HikariPool-1 housekeeper][HikariPool.java:421] - HikariPool-1 - Pool stats (total=10, active=0, idle=10, waiting=0)
2025-04-16 22:14:43,257 DEBUG [HikariPool-1 housekeeper][HikariPool.java:421] - HikariPool-1 - Pool stats (total=10, active=0, idle=10, waiting=0)
2025-04-16 22:14:43,257 DEBUG [HikariPool-1 housekeeper][HikariPool.java:517] - HikariPool-1 - Fill pool skipped, pool is at sufficient level.
2025-04-16 22:14:43,257 DEBUG [HikariPool-1 housekeeper][HikariPool.java:517] - HikariPool-1 - Fill pool skipped, pool is at sufficient level.
2025-04-16 22:14:43,989 DEBUG [HikariPool-1 housekeeper][HikariPool.java:421] - HikariPool-1 - Pool stats (total=10, active=0, idle=10, waiting=0)
2025-04-16 22:14:43,989 DEBUG [HikariPool-1 housekeeper][HikariPool.java:421] - HikariPool-1 - Pool stats (total=10, active=0, idle=10, waiting=0)
2025-04-16 22:14:43,989 DEBUG [HikariPool-1 housekeeper][HikariPool.java:517] - HikariPool-1 - Fill pool skipped, pool is at sufficient level.
2025-04-16 22:14:43,989 DEBUG [HikariPool-1 housekeeper][HikariPool.java:517] - HikariPool-1 - Fill pool skipped, pool is at sufficient level.
2025-04-16 22:15:13,267 DEBUG [HikariPool-1 housekeeper][HikariPool.java:421] - HikariPool-1 - Pool stats (total=10, active=0, idle=10, waiting=0)
2025-04-16 22:15:13,267 DEBUG [HikariPool-1 housekeeper][HikariPool.java:421] - HikariPool-1 - Pool stats (total=10, active=0, idle=10, waiting=0)
2025-04-16 22:15:13,267 DEBUG [HikariPool-1 housekeeper][HikariPool.java:517] - HikariPool-1 - Fill pool skipped, pool is at sufficient level.
2025-04-16 22:15:13,267 DEBUG [HikariPool-1 housekeeper][HikariPool.java:517] - HikariPool-1 - Fill pool skipped, pool is at sufficient level.
2025-04-16 22:15:14,000 DEBUG [HikariPool-1 housekeeper][HikariPool.java:421] - HikariPool-1 - Pool stats (total=10, active=0, idle=10, waiting=0)
2025-04-16 22:15:14,000 DEBUG [HikariPool-1 housekeeper][HikariPool.java:421] - HikariPool-1 - Pool stats (total=10, active=0, idle=10, waiting=0)
2025-04-16 22:15:14,000 DEBUG [HikariPool-1 housekeeper][HikariPool.java:517] - HikariPool-1 - Fill pool skipped, pool is at sufficient level.
2025-04-16 22:15:14,000 DEBUG [HikariPool-1 housekeeper][HikariPool.java:517] - HikariPool-1 - Fill pool skipped, pool is at sufficient level.
2025-04-16 22:15:43,269 DEBUG [HikariPool-1 housekeeper][HikariPool.java:421] - HikariPool-1 - Pool stats (total=10, active=0, idle=10, waiting=0)
2025-04-16 22:15:43,269 DEBUG [HikariPool-1 housekeeper][HikariPool.java:421] - HikariPool-1 - Pool stats (total=10, active=0, idle=10, waiting=0)
2025-04-16 22:15:43,269 DEBUG [HikariPool-1 housekeeper][HikariPool.java:517] - HikariPool-1 - Fill pool skipped, pool is at sufficient level.
2025-04-16 22:15:43,269 DEBUG [HikariPool-1 housekeeper][HikariPool.java:517] - HikariPool-1 - Fill pool skipped, pool is at sufficient level.
2025-04-16 22:15:44,016 DEBUG [HikariPool-1 housekeeper][HikariPool.java:421] - HikariPool-1 - Pool stats (total=10, active=0, idle=10, waiting=0)
2025-04-16 22:15:44,016 DEBUG [HikariPool-1 housekeeper][HikariPool.java:421] - HikariPool-1 - Pool stats (total=10, active=0, idle=10, waiting=0)
2025-04-16 22:15:44,016 DEBUG [HikariPool-1 housekeeper][HikariPool.java:517] - HikariPool-1 - Fill pool skipped, pool is at sufficient level.
2025-04-16 22:15:44,016 DEBUG [HikariPool-1 housekeeper][HikariPool.java:517] - HikariPool-1 - Fill pool skipped, pool is at sufficient level.
2025-04-16 22:16:13,273 DEBUG [HikariPool-1 housekeeper][HikariPool.java:421] - HikariPool-1 - Pool stats (total=10, active=0, idle=10, waiting=0)
2025-04-16 22:16:13,273 DEBUG [HikariPool-1 housekeeper][HikariPool.java:421] - HikariPool-1 - Pool stats (total=10, active=0, idle=10, waiting=0)
2025-04-16 22:16:13,273 DEBUG [HikariPool-1 housekeeper][HikariPool.java:517] - HikariPool-1 - Fill pool skipped, pool is at sufficient level.
2025-04-16 22:16:13,273 DEBUG [HikariPool-1 housekeeper][HikariPool.java:517] - HikariPool-1 - Fill pool skipped, pool is at sufficient level.
2025-04-16 22:16:14,018 DEBUG [HikariPool-1 housekeeper][HikariPool.java:421] - HikariPool-1 - Pool stats (total=10, active=0, idle=10, waiting=0)
2025-04-16 22:16:14,018 DEBUG [HikariPool-1 housekeeper][HikariPool.java:421] - HikariPool-1 - Pool stats (total=10, active=0, idle=10, waiting=0)
2025-04-16 22:16:14,018 DEBUG [HikariPool-1 housekeeper][HikariPool.java:517] - HikariPool-1 - Fill pool skipped, pool is at sufficient level.
2025-04-16 22:16:14,018 DEBUG [HikariPool-1 housekeeper][HikariPool.java:517] - HikariPool-1 - Fill pool skipped, pool is at sufficient level.
2025-04-16 22:16:43,289 DEBUG [HikariPool-1 housekeeper][HikariPool.java:421] - HikariPool-1 - Pool stats (total=10, active=0, idle=10, waiting=0)
2025-04-16 22:16:43,289 DEBUG [HikariPool-1 housekeeper][HikariPool.java:421] - HikariPool-1 - Pool stats (total=10, active=0, idle=10, waiting=0)
2025-04-16 22:16:43,289 DEBUG [HikariPool-1 housekeeper][HikariPool.java:517] - HikariPool-1 - Fill pool skipped, pool is at sufficient level.
2025-04-16 22:16:43,289 DEBUG [HikariPool-1 housekeeper][HikariPool.java:517] - HikariPool-1 - Fill pool skipped, pool is at sufficient level.
2025-04-16 22:16:44,018 DEBUG [HikariPool-1 housekeeper][HikariPool.java:421] - HikariPool-1 - Pool stats (total=10, active=0, idle=10, waiting=0)
2025-04-16 22:16:44,018 DEBUG [HikariPool-1 housekeeper][HikariPool.java:421] - HikariPool-1 - Pool stats (total=10, active=0, idle=10, waiting=0)
2025-04-16 22:16:44,019 DEBUG [HikariPool-1 housekeeper][HikariPool.java:517] - HikariPool-1 - Fill pool skipped, pool is at sufficient level.
2025-04-16 22:16:44,019 DEBUG [HikariPool-1 housekeeper][HikariPool.java:517] - HikariPool-1 - Fill pool skipped, pool is at sufficient level.
2025-04-16 22:17:13,294 DEBUG [HikariPool-1 housekeeper][HikariPool.java:421] - HikariPool-1 - Pool stats (total=10, active=0, idle=10, waiting=0)
2025-04-16 22:17:13,294 DEBUG [HikariPool-1 housekeeper][HikariPool.java:421] - HikariPool-1 - Pool stats (total=10, active=0, idle=10, waiting=0)
2025-04-16 22:17:13,295 DEBUG [HikariPool-1 housekeeper][HikariPool.java:517] - HikariPool-1 - Fill pool skipped, pool is at sufficient level.
2025-04-16 22:17:13,295 DEBUG [HikariPool-1 housekeeper][HikariPool.java:517] - HikariPool-1 - Fill pool skipped, pool is at sufficient level.
2025-04-16 22:17:14,027 DEBUG [HikariPool-1 housekeeper][HikariPool.java:421] - HikariPool-1 - Pool stats (total=10, active=0, idle=10, waiting=0)
2025-04-16 22:17:14,027 DEBUG [HikariPool-1 housekeeper][HikariPool.java:421] - HikariPool-1 - Pool stats (total=10, active=0, idle=10, waiting=0)
2025-04-16 22:17:14,027 DEBUG [HikariPool-1 housekeeper][HikariPool.java:517] - HikariPool-1 - Fill pool skipped, pool is at sufficient level.
2025-04-16 22:17:14,027 DEBUG [HikariPool-1 housekeeper][HikariPool.java:517] - HikariPool-1 - Fill pool skipped, pool is at sufficient level.
2025-04-16 22:17:43,299 DEBUG [HikariPool-1 housekeeper][HikariPool.java:421] - HikariPool-1 - Pool stats (total=10, active=0, idle=10, waiting=0)
2025-04-16 22:17:43,299 DEBUG [HikariPool-1 housekeeper][HikariPool.java:421] - HikariPool-1 - Pool stats (total=10, active=0, idle=10, waiting=0)
2025-04-16 22:17:43,299 DEBUG [HikariPool-1 housekeeper][HikariPool.java:517] - HikariPool-1 - Fill pool skipped, pool is at sufficient level.
2025-04-16 22:17:43,299 DEBUG [HikariPool-1 housekeeper][HikariPool.java:517] - HikariPool-1 - Fill pool skipped, pool is at sufficient level.
2025-04-16 22:17:44,043 DEBUG [HikariPool-1 housekeeper][HikariPool.java:421] - HikariPool-1 - Pool stats (total=10, active=0, idle=10, waiting=0)
2025-04-16 22:17:44,043 DEBUG [HikariPool-1 housekeeper][HikariPool.java:421] - HikariPool-1 - Pool stats (total=10, active=0, idle=10, waiting=0)
2025-04-16 22:17:44,043 DEBUG [HikariPool-1 housekeeper][HikariPool.java:517] - HikariPool-1 - Fill pool skipped, pool is at sufficient level.
2025-04-16 22:17:44,043 DEBUG [HikariPool-1 housekeeper][HikariPool.java:517] - HikariPool-1 - Fill pool skipped, pool is at sufficient level.
2025-04-16 22:18:01,656 DEBUG [SpringContextShutdownHook][AbstractApplicationContext.java:1006] - Closing org.springframework.boot.web.servlet.context.AnnotationConfigServletWebServerApplicationContext@4351c8c3, started on Wed Apr 16 21:56:49 CST 2025, parent: org.springframework.context.annotation.AnnotationConfigApplicationContext@609bcfb6
2025-04-16 22:18:01,656 DEBUG [SpringContextShutdownHook][AbstractApplicationContext.java:1006] - Closing org.springframework.boot.web.servlet.context.AnnotationConfigServletWebServerApplicationContext@4351c8c3, started on Wed Apr 16 21:56:49 CST 2025, parent: org.springframework.context.annotation.AnnotationConfigApplicationContext@609bcfb6
2025-04-16 22:18:01,660 DEBUG [SpringContextShutdownHook][DefaultLifecycleProcessor.java:369] - Stopping beans in phase 2147483647
2025-04-16 22:18:01,660 DEBUG [SpringContextShutdownHook][DefaultLifecycleProcessor.java:369] - Stopping beans in phase 2147483647
2025-04-16 22:18:01,660 DEBUG [SpringContextShutdownHook][DefaultLifecycleProcessor.java:242] - Bean 'documentationPluginsBootstrapper' completed its stop procedure
2025-04-16 22:18:01,660 DEBUG [SpringContextShutdownHook][DefaultLifecycleProcessor.java:242] - Bean 'documentationPluginsBootstrapper' completed its stop procedure
2025-04-16 22:18:01,663 DEBUG [SpringContextShutdownHook][DefaultLifecycleProcessor.java:242] - Bean 'webServerGracefulShutdown' completed its stop procedure
2025-04-16 22:18:01,663 DEBUG [SpringContextShutdownHook][DefaultLifecycleProcessor.java:242] - Bean 'webServerGracefulShutdown' completed its stop procedure
2025-04-16 22:18:01,663 DEBUG [SpringContextShutdownHook][DefaultLifecycleProcessor.java:369] - Stopping beans in phase 2147483646
2025-04-16 22:18:01,663 DEBUG [SpringContextShutdownHook][DefaultLifecycleProcessor.java:369] - Stopping beans in phase 2147483646
2025-04-16 22:18:01,741 DEBUG [SpringContextShutdownHook][DefaultLifecycleProcessor.java:242] - Bean 'webServerStartStop' completed its stop procedure
2025-04-16 22:18:01,741 DEBUG [SpringContextShutdownHook][DefaultLifecycleProcessor.java:242] - Bean 'webServerStartStop' completed its stop procedure
2025-04-16 22:18:01,742 DEBUG [SpringContextShutdownHook][MBeanExporter.java:452] - Unregistering JMX-exposed beans on shutdown
2025-04-16 22:18:01,742 DEBUG [SpringContextShutdownHook][MBeanExporter.java:452] - Unregistering JMX-exposed beans on shutdown
2025-04-16 22:18:01,742 DEBUG [SpringContextShutdownHook][MBeanRegistrationSupport.java:186] - Unregistering JMX-exposed beans
2025-04-16 22:18:01,742 DEBUG [SpringContextShutdownHook][MBeanRegistrationSupport.java:186] - Unregistering JMX-exposed beans
2025-04-16 22:18:01,743 INFO [SpringContextShutdownHook][ExecutorConfigurationSupport.java:218] - Shutting down ExecutorService 'applicationTaskExecutor'
2025-04-16 22:18:01,743 INFO [SpringContextShutdownHook][ExecutorConfigurationSupport.java:218] - Shutting down ExecutorService 'applicationTaskExecutor'
2025-04-16 22:18:01,744 INFO [SpringContextShutdownHook][HikariDataSource.java:350] - HikariPool-1 - Shutdown initiated...
2025-04-16 22:18:01,744 INFO [SpringContextShutdownHook][HikariDataSource.java:350] - HikariPool-1 - Shutdown initiated...
2025-04-16 22:18:01,745 DEBUG [SpringContextShutdownHook][HikariPool.java:421] - HikariPool-1 - Before shutdown stats (total=10, active=0, idle=10, waiting=0)
2025-04-16 22:18:01,745 DEBUG [SpringContextShutdownHook][HikariPool.java:421] - HikariPool-1 - Before shutdown stats (total=10, active=0, idle=10, waiting=0)
2025-04-16 22:18:01,745 DEBUG [HikariPool-1 connection closer][PoolBase.java:134] - HikariPool-1 - Closing connection com.mysql.cj.jdbc.ConnectionImpl@24c94754: (connection evicted)
2025-04-16 22:18:01,745 DEBUG [HikariPool-1 connection closer][PoolBase.java:134] - HikariPool-1 - Closing connection com.mysql.cj.jdbc.ConnectionImpl@24c94754: (connection evicted)
2025-04-16 22:18:01,750 DEBUG [HikariPool-1 connection closer][PoolBase.java:134] - HikariPool-1 - Closing connection com.mysql.cj.jdbc.ConnectionImpl@2c0e167b: (connection evicted)
2025-04-16 22:18:01,750 DEBUG [HikariPool-1 connection closer][PoolBase.java:134] - HikariPool-1 - Closing connection com.mysql.cj.jdbc.ConnectionImpl@2c0e167b: (connection evicted)
2025-04-16 22:18:01,750 DEBUG [HikariPool-1 connection closer][PoolBase.java:134] - HikariPool-1 - Closing connection com.mysql.cj.jdbc.ConnectionImpl@4c21e934: (connection evicted)
2025-04-16 22:18:01,750 DEBUG [HikariPool-1 connection closer][PoolBase.java:134] - HikariPool-1 - Closing connection com.mysql.cj.jdbc.ConnectionImpl@4c21e934: (connection evicted)
2025-04-16 22:18:01,751 DEBUG [HikariPool-1 connection closer][PoolBase.java:134] - HikariPool-1 - Closing connection com.mysql.cj.jdbc.ConnectionImpl@486fd1bc: (connection evicted)
2025-04-16 22:18:01,751 DEBUG [HikariPool-1 connection closer][PoolBase.java:134] - HikariPool-1 - Closing connection com.mysql.cj.jdbc.ConnectionImpl@486fd1bc: (connection evicted)
2025-04-16 22:18:01,751 DEBUG [HikariPool-1 connection closer][PoolBase.java:134] - HikariPool-1 - Closing connection com.mysql.cj.jdbc.ConnectionImpl@496b0d9b: (connection evicted)
2025-04-16 22:18:01,751 DEBUG [HikariPool-1 connection closer][PoolBase.java:134] - HikariPool-1 - Closing connection com.mysql.cj.jdbc.ConnectionImpl@496b0d9b: (connection evicted)
2025-04-16 22:18:01,751 DEBUG [HikariPool-1 connection closer][PoolBase.java:134] - HikariPool-1 - Closing connection com.mysql.cj.jdbc.ConnectionImpl@37027471: (connection evicted)
2025-04-16 22:18:01,751 DEBUG [HikariPool-1 connection closer][PoolBase.java:134] - HikariPool-1 - Closing connection com.mysql.cj.jdbc.ConnectionImpl@37027471: (connection evicted)
2025-04-16 22:18:01,752 DEBUG [HikariPool-1 connection closer][PoolBase.java:134] - HikariPool-1 - Closing connection com.mysql.cj.jdbc.ConnectionImpl@35eceaa8: (connection evicted)
2025-04-16 22:18:01,752 DEBUG [HikariPool-1 connection closer][PoolBase.java:134] - HikariPool-1 - Closing connection com.mysql.cj.jdbc.ConnectionImpl@35eceaa8: (connection evicted)
2025-04-16 22:18:01,752 DEBUG [HikariPool-1 connection closer][PoolBase.java:134] - HikariPool-1 - Closing connection com.mysql.cj.jdbc.ConnectionImpl@ec975db: (connection evicted)
2025-04-16 22:18:01,752 DEBUG [HikariPool-1 connection closer][PoolBase.java:134] - HikariPool-1 - Closing connection com.mysql.cj.jdbc.ConnectionImpl@ec975db: (connection evicted)
2025-04-16 22:18:01,753 DEBUG [HikariPool-1 connection closer][PoolBase.java:134] - HikariPool-1 - Closing connection com.mysql.cj.jdbc.ConnectionImpl@33d5fc73: (connection evicted)
2025-04-16 22:18:01,753 DEBUG [HikariPool-1 connection closer][PoolBase.java:134] - HikariPool-1 - Closing connection com.mysql.cj.jdbc.ConnectionImpl@33d5fc73: (connection evicted)
2025-04-16 22:18:01,754 DEBUG [HikariPool-1 connection closer][PoolBase.java:134] - HikariPool-1 - Closing connection com.mysql.cj.jdbc.ConnectionImpl@2766c1dd: (connection evicted)
2025-04-16 22:18:01,754 DEBUG [HikariPool-1 connection closer][PoolBase.java:134] - HikariPool-1 - Closing connection com.mysql.cj.jdbc.ConnectionImpl@2766c1dd: (connection evicted)
2025-04-16 22:18:01,754 DEBUG [SpringContextShutdownHook][HikariPool.java:421] - HikariPool-1 - After shutdown stats (total=0, active=0, idle=0, waiting=0)
2025-04-16 22:18:01,754 DEBUG [SpringContextShutdownHook][HikariPool.java:421] - HikariPool-1 - After shutdown stats (total=0, active=0, idle=0, waiting=0)
2025-04-16 22:18:01,754 INFO [SpringContextShutdownHook][HikariDataSource.java:352] - HikariPool-1 - Shutdown completed.
2025-04-16 22:18:01,754 INFO [SpringContextShutdownHook][HikariDataSource.java:352] - HikariPool-1 - Shutdown completed.
2025-04-16 22:18:06,185 DEBUG [main][ClasspathLoggingApplicationListener.java:51] - Application started with classpath: [file:/C:/Users/23624/.jdks/corretto-1.8.0_442/jre/lib/charsets.jar, file:/C:/Users/23624/.jdks/corretto-1.8.0_442/jre/lib/ext/access-bridge-64.jar, file:/C:/Users/23624/.jdks/corretto-1.8.0_442/jre/lib/ext/cldrdata.jar, file:/C:/Users/23624/.jdks/corretto-1.8.0_442/jre/lib/ext/dnsns.jar, file:/C:/Users/23624/.jdks/corretto-1.8.0_442/jre/lib/ext/jaccess.jar, file:/C:/Users/23624/.jdks/corretto-1.8.0_442/jre/lib/ext/jfxrt.jar, file:/C:/Users/23624/.jdks/corretto-1.8.0_442/jre/lib/ext/localedata.jar, file:/C:/Users/23624/.jdks/corretto-1.8.0_442/jre/lib/ext/nashorn.jar, file:/C:/Users/23624/.jdks/corretto-1.8.0_442/jre/lib/ext/sunec.jar, file:/C:/Users/23624/.jdks/corretto-1.8.0_442/jre/lib/ext/sunjce_provider.jar, file:/C:/Users/23624/.jdks/corretto-1.8.0_442/jre/lib/ext/sunmscapi.jar, file:/C:/Users/23624/.jdks/corretto-1.8.0_442/jre/lib/ext/sunpkcs11.jar, file:/C:/Users/23624/.jdks/corretto-1.8.0_442/jre/lib/ext/zipfs.jar, file:/C:/Users/23624/.jdks/corretto-1.8.0_442/jre/lib/jce.jar, file:/C:/Users/23624/.jdks/corretto-1.8.0_442/jre/lib/jfr.jar, file:/C:/Users/23624/.jdks/corretto-1.8.0_442/jre/lib/jfxswt.jar, file:/C:/Users/23624/.jdks/corretto-1.8.0_442/jre/lib/jsse.jar, file:/C:/Users/23624/.jdks/corretto-1.8.0_442/jre/lib/management-agent.jar, file:/C:/Users/23624/.jdks/corretto-1.8.0_442/jre/lib/resources.jar, file:/C:/Users/23624/.jdks/corretto-1.8.0_442/jre/lib/rt.jar, file:/D:/JavaProject/studyOnline/xuecheng-plus-project/xuecheng-plus-content/xuecheng-plus-content-api/target/classes/, file:/D:/JavaProject/studyOnline/xuecheng-plus-project/xuecheng-plus-content/xuecheng-plus-content-service/target/classes/, file:/D:/JavaProject/studyOnline/xuecheng-plus-project/xuecheng-plus-content/xuecheng-plus-content-model/target/classes/, file:/D:/JavaProject/studyOnline/xuecheng-plus-project/xuecheng-plus-base/target/classes/, file:/D:/apache-maven-3.8.8/mavenLib/org/apache/commons/commons-lang3/3.10/commons-lang3-3.10.jar, file:/D:/apache-maven-3.8.8/mavenLib/com/alibaba/fastjson/1.2.83/fastjson-1.2.83.jar, file:/D:/apache-maven-3.8.8/mavenLib/commons-lang/commons-lang/2.6/commons-lang-2.6.jar, file:/D:/apache-maven-3.8.8/mavenLib/commons-codec/commons-codec/1.14/commons-codec-1.14.jar, file:/D:/apache-maven-3.8.8/mavenLib/com/j256/simplemagic/simplemagic/1.17/simplemagic-1.17.jar, file:/D:/apache-maven-3.8.8/mavenLib/com/google/zxing/core/3.3.3/core-3.3.3.jar, file:/D:/apache-maven-3.8.8/mavenLib/com/google/zxing/javase/3.3.3/javase-3.3.3.jar, file:/D:/apache-maven-3.8.8/mavenLib/com/beust/jcommander/1.72/jcommander-1.72.jar, file:/D:/apache-maven-3.8.8/mavenLib/com/github/jai-imageio/jai-imageio-core/1.4.0/jai-imageio-core-1.4.0.jar, file:/D:/apache-maven-3.8.8/mavenLib/com/baomidou/mybatis-plus-annotation/3.4.1/mybatis-plus-annotation-3.4.1.jar, file:/D:/apache-maven-3.8.8/mavenLib/com/baomidou/mybatis-plus-core/3.4.1/mybatis-plus-core-3.4.1.jar, file:/D:/apache-maven-3.8.8/mavenLib/com/github/jsqlparser/jsqlparser/3.2/jsqlparser-3.2.jar, file:/D:/apache-maven-3.8.8/mavenLib/org/mybatis/mybatis/3.5.6/mybatis-3.5.6.jar, file:/D:/apache-maven-3.8.8/mavenLib/org/projectlombok/lombok/1.18.8/lombok-1.18.8.jar, file:/D:/apache-maven-3.8.8/mavenLib/mysql/mysql-connector-java/8.0.30/mysql-connector-java-8.0.30.jar, file:/D:/apache-maven-3.8.8/mavenLib/com/google/protobuf/protobuf-java/3.13.0/protobuf-java-3.13.0.jar, file:/D:/apache-maven-3.8.8/mavenLib/com/baomidou/mybatis-plus-boot-starter/3.4.1/mybatis-plus-boot-starter-3.4.1.jar, file:/D:/apache-maven-3.8.8/mavenLib/com/baomidou/mybatis-plus/3.4.1/mybatis-plus-3.4.1.jar, file:/D:/apache-maven-3.8.8/mavenLib/com/baomidou/mybatis-plus-extension/3.4.1/mybatis-plus-extension-3.4.1.jar, file:/D:/apache-maven-3.8.8/mavenLib/org/mybatis/mybatis-spring/2.0.5/mybatis-spring-2.0.5.jar, file:/D:/apache-maven-3.8.8/mavenLib/org/springframework/boot/spring-boot-starter-jdbc/2.3.7.RELEASE/spring-boot-starter-jdbc-2.3.7.RELEASE.jar, file:/D:/apache-maven-3.8.8/mavenLib/com/zaxxer/HikariCP/3.4.5/HikariCP-3.4.5.jar, file:/D:/apache-maven-3.8.8/mavenLib/org/springframework/spring-jdbc/5.2.12.RELEASE/spring-jdbc-5.2.12.RELEASE.jar, file:/D:/apache-maven-3.8.8/mavenLib/org/springframework/spring-tx/5.2.12.RELEASE/spring-tx-5.2.12.RELEASE.jar, file:/D:/apache-maven-3.8.8/mavenLib/org/springframework/cloud/spring-cloud-context/2.2.6.RELEASE/spring-cloud-context-2.2.6.RELEASE.jar, file:/D:/apache-maven-3.8.8/mavenLib/org/springframework/security/spring-security-crypto/5.3.6.RELEASE/spring-security-crypto-5.3.6.RELEASE.jar, file:/D:/apache-maven-3.8.8/mavenLib/org/springframework/boot/spring-boot-starter-web/2.3.7.RELEASE/spring-boot-starter-web-2.3.7.RELEASE.jar, file:/D:/apache-maven-3.8.8/mavenLib/org/springframework/boot/spring-boot-starter-json/2.3.7.RELEASE/spring-boot-starter-json-2.3.7.RELEASE.jar, file:/D:/apache-maven-3.8.8/mavenLib/com/fasterxml/jackson/core/jackson-databind/2.11.3/jackson-databind-2.11.3.jar, file:/D:/apache-maven-3.8.8/mavenLib/com/fasterxml/jackson/core/jackson-annotations/2.11.3/jackson-annotations-2.11.3.jar, file:/D:/apache-maven-3.8.8/mavenLib/com/fasterxml/jackson/core/jackson-core/2.11.3/jackson-core-2.11.3.jar, file:/D:/apache-maven-3.8.8/mavenLib/com/fasterxml/jackson/datatype/jackson-datatype-jdk8/2.11.3/jackson-datatype-jdk8-2.11.3.jar, file:/D:/apache-maven-3.8.8/mavenLib/com/fasterxml/jackson/datatype/jackson-datatype-jsr310/2.11.3/jackson-datatype-jsr310-2.11.3.jar, file:/D:/apache-maven-3.8.8/mavenLib/com/fasterxml/jackson/module/jackson-module-parameter-names/2.11.3/jackson-module-parameter-names-2.11.3.jar, file:/D:/apache-maven-3.8.8/mavenLib/org/springframework/boot/spring-boot-starter-tomcat/2.3.7.RELEASE/spring-boot-starter-tomcat-2.3.7.RELEASE.jar, file:/D:/apache-maven-3.8.8/mavenLib/org/apache/tomcat/embed/tomcat-embed-core/9.0.41/tomcat-embed-core-9.0.41.jar, file:/D:/apache-maven-3.8.8/mavenLib/org/apache/tomcat/embed/tomcat-embed-websocket/9.0.41/tomcat-embed-websocket-9.0.41.jar, file:/D:/apache-maven-3.8.8/mavenLib/org/springframework/spring-web/5.2.12.RELEASE/spring-web-5.2.12.RELEASE.jar, file:/D:/apache-maven-3.8.8/mavenLib/org/springframework/spring-beans/5.2.12.RELEASE/spring-beans-5.2.12.RELEASE.jar, file:/D:/apache-maven-3.8.8/mavenLib/org/springframework/spring-webmvc/5.2.12.RELEASE/spring-webmvc-5.2.12.RELEASE.jar, file:/D:/apache-maven-3.8.8/mavenLib/org/springframework/spring-aop/5.2.12.RELEASE/spring-aop-5.2.12.RELEASE.jar, file:/D:/apache-maven-3.8.8/mavenLib/org/springframework/spring-context/5.2.12.RELEASE/spring-context-5.2.12.RELEASE.jar, file:/D:/apache-maven-3.8.8/mavenLib/org/springframework/spring-expression/5.2.12.RELEASE/spring-expression-5.2.12.RELEASE.jar, file:/D:/apache-maven-3.8.8/mavenLib/org/springframework/boot/spring-boot-starter/2.3.7.RELEASE/spring-boot-starter-2.3.7.RELEASE.jar, file:/D:/apache-maven-3.8.8/mavenLib/org/springframework/boot/spring-boot/2.3.7.RELEASE/spring-boot-2.3.7.RELEASE.jar, file:/D:/apache-maven-3.8.8/mavenLib/org/springframework/boot/spring-boot-autoconfigure/2.3.7.RELEASE/spring-boot-autoconfigure-2.3.7.RELEASE.jar, file:/D:/apache-maven-3.8.8/mavenLib/jakarta/annotation/jakarta.annotation-api/1.3.5/jakarta.annotation-api-1.3.5.jar, file:/D:/apache-maven-3.8.8/mavenLib/org/springframework/spring-core/5.2.12.RELEASE/spring-core-5.2.12.RELEASE.jar, file:/D:/apache-maven-3.8.8/mavenLib/org/springframework/spring-jcl/5.2.12.RELEASE/spring-jcl-5.2.12.RELEASE.jar, file:/D:/apache-maven-3.8.8/mavenLib/org/yaml/snakeyaml/1.26/snakeyaml-1.26.jar, file:/D:/apache-maven-3.8.8/mavenLib/org/springframework/boot/spring-boot-starter-validation/2.3.7.RELEASE/spring-boot-starter-validation-2.3.7.RELEASE.jar, file:/D:/apache-maven-3.8.8/mavenLib/org/glassfish/jakarta.el/3.0.3/jakarta.el-3.0.3.jar, file:/D:/apache-maven-3.8.8/mavenLib/org/hibernate/validator/hibernate-validator/6.1.6.Final/hibernate-validator-6.1.6.Final.jar, file:/D:/apache-maven-3.8.8/mavenLib/jakarta/validation/jakarta.validation-api/2.0.2/jakarta.validation-api-2.0.2.jar, file:/D:/apache-maven-3.8.8/mavenLib/org/jboss/logging/jboss-logging/3.4.1.Final/jboss-logging-3.4.1.Final.jar, file:/D:/apache-maven-3.8.8/mavenLib/com/fasterxml/classmate/1.5.1/classmate-1.5.1.jar, file:/D:/apache-maven-3.8.8/mavenLib/org/springframework/boot/spring-boot-starter-log4j2/2.3.7.RELEASE/spring-boot-starter-log4j2-2.3.7.RELEASE.jar, file:/D:/apache-maven-3.8.8/mavenLib/org/apache/logging/log4j/log4j-slf4j-impl/2.13.3/log4j-slf4j-impl-2.13.3.jar, file:/D:/apache-maven-3.8.8/mavenLib/org/slf4j/slf4j-api/1.7.30/slf4j-api-1.7.30.jar, file:/D:/apache-maven-3.8.8/mavenLib/org/apache/logging/log4j/log4j-api/2.13.3/log4j-api-2.13.3.jar, file:/D:/apache-maven-3.8.8/mavenLib/org/apache/logging/log4j/log4j-core/2.13.3/log4j-core-2.13.3.jar, file:/D:/apache-maven-3.8.8/mavenLib/org/apache/logging/log4j/log4j-jul/2.13.3/log4j-jul-2.13.3.jar, file:/D:/apache-maven-3.8.8/mavenLib/org/slf4j/jul-to-slf4j/1.7.30/jul-to-slf4j-1.7.30.jar, file:/D:/apache-maven-3.8.8/mavenLib/com/spring4all/swagger-spring-boot-starter/1.9.0.RELEASE/swagger-spring-boot-starter-1.9.0.RELEASE.jar, file:/D:/apache-maven-3.8.8/mavenLib/io/springfox/springfox-swagger-ui/2.9.2/springfox-swagger-ui-2.9.2.jar, file:/D:/apache-maven-3.8.8/mavenLib/io/springfox/springfox-spring-web/2.9.2/springfox-spring-web-2.9.2.jar, file:/D:/apache-maven-3.8.8/mavenLib/io/springfox/springfox-swagger2/2.9.2/springfox-swagger2-2.9.2.jar, file:/D:/apache-maven-3.8.8/mavenLib/io/swagger/swagger-annotations/1.5.20/swagger-annotations-1.5.20.jar, file:/D:/apache-maven-3.8.8/mavenLib/io/swagger/swagger-models/1.5.20/swagger-models-1.5.20.jar, file:/D:/apache-maven-3.8.8/mavenLib/io/springfox/springfox-spi/2.9.2/springfox-spi-2.9.2.jar, file:/D:/apache-maven-3.8.8/mavenLib/io/springfox/springfox-core/2.9.2/springfox-core-2.9.2.jar, file:/D:/apache-maven-3.8.8/mavenLib/net/bytebuddy/byte-buddy/1.10.18/byte-buddy-1.10.18.jar, file:/D:/apache-maven-3.8.8/mavenLib/io/springfox/springfox-schema/2.9.2/springfox-schema-2.9.2.jar, file:/D:/apache-maven-3.8.8/mavenLib/io/springfox/springfox-swagger-common/2.9.2/springfox-swagger-common-2.9.2.jar, file:/D:/apache-maven-3.8.8/mavenLib/com/google/guava/guava/25.0-jre/guava-25.0-jre.jar, file:/D:/apache-maven-3.8.8/mavenLib/com/google/code/findbugs/jsr305/1.3.9/jsr305-1.3.9.jar, file:/D:/apache-maven-3.8.8/mavenLib/org/checkerframework/checker-compat-qual/2.0.0/checker-compat-qual-2.0.0.jar, file:/D:/apache-maven-3.8.8/mavenLib/com/google/errorprone/error_prone_annotations/2.1.3/error_prone_annotations-2.1.3.jar, file:/D:/apache-maven-3.8.8/mavenLib/com/google/j2objc/j2objc-annotations/1.1/j2objc-annotations-1.1.jar, file:/D:/apache-maven-3.8.8/mavenLib/org/codehaus/mojo/animal-sniffer-annotations/1.14/animal-sniffer-annotations-1.14.jar, file:/D:/apache-maven-3.8.8/mavenLib/org/springframework/plugin/spring-plugin-core/1.2.0.RELEASE/spring-plugin-core-1.2.0.RELEASE.jar, file:/D:/apache-maven-3.8.8/mavenLib/org/springframework/plugin/spring-plugin-metadata/1.2.0.RELEASE/spring-plugin-metadata-1.2.0.RELEASE.jar, file:/D:/apache-maven-3.8.8/mavenLib/org/mapstruct/mapstruct/1.2.0.Final/mapstruct-1.2.0.Final.jar, file:/D:/apache-maven-3.8.8/mavenLib/io/springfox/springfox-bean-validators/2.9.2/springfox-bean-validators-2.9.2.jar, file:/C:/Program%20Files/JetBrains/IntelliJ%20IDEA%202024.3.4.1/lib/idea_rt.jar]
2025-04-16 22:18:06,185 DEBUG [main][ClasspathLoggingApplicationListener.java:51] - Application started with classpath: [file:/C:/Users/23624/.jdks/corretto-1.8.0_442/jre/lib/charsets.jar, file:/C:/Users/23624/.jdks/corretto-1.8.0_442/jre/lib/ext/access-bridge-64.jar, file:/C:/Users/23624/.jdks/corretto-1.8.0_442/jre/lib/ext/cldrdata.jar, file:/C:/Users/23624/.jdks/corretto-1.8.0_442/jre/lib/ext/dnsns.jar, file:/C:/Users/23624/.jdks/corretto-1.8.0_442/jre/lib/ext/jaccess.jar, file:/C:/Users/23624/.jdks/corretto-1.8.0_442/jre/lib/ext/jfxrt.jar, file:/C:/Users/23624/.jdks/corretto-1.8.0_442/jre/lib/ext/localedata.jar, file:/C:/Users/23624/.jdks/corretto-1.8.0_442/jre/lib/ext/nashorn.jar, file:/C:/Users/23624/.jdks/corretto-1.8.0_442/jre/lib/ext/sunec.jar, file:/C:/Users/23624/.jdks/corretto-1.8.0_442/jre/lib/ext/sunjce_provider.jar, file:/C:/Users/23624/.jdks/corretto-1.8.0_442/jre/lib/ext/sunmscapi.jar, file:/C:/Users/23624/.jdks/corretto-1.8.0_442/jre/lib/ext/sunpkcs11.jar, file:/C:/Users/23624/.jdks/corretto-1.8.0_442/jre/lib/ext/zipfs.jar, file:/C:/Users/23624/.jdks/corretto-1.8.0_442/jre/lib/jce.jar, file:/C:/Users/23624/.jdks/corretto-1.8.0_442/jre/lib/jfr.jar, file:/C:/Users/23624/.jdks/corretto-1.8.0_442/jre/lib/jfxswt.jar, file:/C:/Users/23624/.jdks/corretto-1.8.0_442/jre/lib/jsse.jar, file:/C:/Users/23624/.jdks/corretto-1.8.0_442/jre/lib/management-agent.jar, file:/C:/Users/23624/.jdks/corretto-1.8.0_442/jre/lib/resources.jar, file:/C:/Users/23624/.jdks/corretto-1.8.0_442/jre/lib/rt.jar, file:/D:/JavaProject/studyOnline/xuecheng-plus-project/xuecheng-plus-content/xuecheng-plus-content-api/target/classes/, file:/D:/JavaProject/studyOnline/xuecheng-plus-project/xuecheng-plus-content/xuecheng-plus-content-service/target/classes/, file:/D:/JavaProject/studyOnline/xuecheng-plus-project/xuecheng-plus-content/xuecheng-plus-content-model/target/classes/, file:/D:/JavaProject/studyOnline/xuecheng-plus-project/xuecheng-plus-base/target/classes/, file:/D:/apache-maven-3.8.8/mavenLib/org/apache/commons/commons-lang3/3.10/commons-lang3-3.10.jar, file:/D:/apache-maven-3.8.8/mavenLib/com/alibaba/fastjson/1.2.83/fastjson-1.2.83.jar, file:/D:/apache-maven-3.8.8/mavenLib/commons-lang/commons-lang/2.6/commons-lang-2.6.jar, file:/D:/apache-maven-3.8.8/mavenLib/commons-codec/commons-codec/1.14/commons-codec-1.14.jar, file:/D:/apache-maven-3.8.8/mavenLib/com/j256/simplemagic/simplemagic/1.17/simplemagic-1.17.jar, file:/D:/apache-maven-3.8.8/mavenLib/com/google/zxing/core/3.3.3/core-3.3.3.jar, file:/D:/apache-maven-3.8.8/mavenLib/com/google/zxing/javase/3.3.3/javase-3.3.3.jar, file:/D:/apache-maven-3.8.8/mavenLib/com/beust/jcommander/1.72/jcommander-1.72.jar, file:/D:/apache-maven-3.8.8/mavenLib/com/github/jai-imageio/jai-imageio-core/1.4.0/jai-imageio-core-1.4.0.jar, file:/D:/apache-maven-3.8.8/mavenLib/com/baomidou/mybatis-plus-annotation/3.4.1/mybatis-plus-annotation-3.4.1.jar, file:/D:/apache-maven-3.8.8/mavenLib/com/baomidou/mybatis-plus-core/3.4.1/mybatis-plus-core-3.4.1.jar, file:/D:/apache-maven-3.8.8/mavenLib/com/github/jsqlparser/jsqlparser/3.2/jsqlparser-3.2.jar, file:/D:/apache-maven-3.8.8/mavenLib/org/mybatis/mybatis/3.5.6/mybatis-3.5.6.jar, file:/D:/apache-maven-3.8.8/mavenLib/org/projectlombok/lombok/1.18.8/lombok-1.18.8.jar, file:/D:/apache-maven-3.8.8/mavenLib/mysql/mysql-connector-java/8.0.30/mysql-connector-java-8.0.30.jar, file:/D:/apache-maven-3.8.8/mavenLib/com/google/protobuf/protobuf-java/3.13.0/protobuf-java-3.13.0.jar, file:/D:/apache-maven-3.8.8/mavenLib/com/baomidou/mybatis-plus-boot-starter/3.4.1/mybatis-plus-boot-starter-3.4.1.jar, file:/D:/apache-maven-3.8.8/mavenLib/com/baomidou/mybatis-plus/3.4.1/mybatis-plus-3.4.1.jar, file:/D:/apache-maven-3.8.8/mavenLib/com/baomidou/mybatis-plus-extension/3.4.1/mybatis-plus-extension-3.4.1.jar, file:/D:/apache-maven-3.8.8/mavenLib/org/mybatis/mybatis-spring/2.0.5/mybatis-spring-2.0.5.jar, file:/D:/apache-maven-3.8.8/mavenLib/org/springframework/boot/spring-boot-starter-jdbc/2.3.7.RELEASE/spring-boot-starter-jdbc-2.3.7.RELEASE.jar, file:/D:/apache-maven-3.8.8/mavenLib/com/zaxxer/HikariCP/3.4.5/HikariCP-3.4.5.jar, file:/D:/apache-maven-3.8.8/mavenLib/org/springframework/spring-jdbc/5.2.12.RELEASE/spring-jdbc-5.2.12.RELEASE.jar, file:/D:/apache-maven-3.8.8/mavenLib/org/springframework/spring-tx/5.2.12.RELEASE/spring-tx-5.2.12.RELEASE.jar, file:/D:/apache-maven-3.8.8/mavenLib/org/springframework/cloud/spring-cloud-context/2.2.6.RELEASE/spring-cloud-context-2.2.6.RELEASE.jar, file:/D:/apache-maven-3.8.8/mavenLib/org/springframework/security/spring-security-crypto/5.3.6.RELEASE/spring-security-crypto-5.3.6.RELEASE.jar, file:/D:/apache-maven-3.8.8/mavenLib/org/springframework/boot/spring-boot-starter-web/2.3.7.RELEASE/spring-boot-starter-web-2.3.7.RELEASE.jar, file:/D:/apache-maven-3.8.8/mavenLib/org/springframework/boot/spring-boot-starter-json/2.3.7.RELEASE/spring-boot-starter-json-2.3.7.RELEASE.jar, file:/D:/apache-maven-3.8.8/mavenLib/com/fasterxml/jackson/core/jackson-databind/2.11.3/jackson-databind-2.11.3.jar, file:/D:/apache-maven-3.8.8/mavenLib/com/fasterxml/jackson/core/jackson-annotations/2.11.3/jackson-annotations-2.11.3.jar, file:/D:/apache-maven-3.8.8/mavenLib/com/fasterxml/jackson/core/jackson-core/2.11.3/jackson-core-2.11.3.jar, file:/D:/apache-maven-3.8.8/mavenLib/com/fasterxml/jackson/datatype/jackson-datatype-jdk8/2.11.3/jackson-datatype-jdk8-2.11.3.jar, file:/D:/apache-maven-3.8.8/mavenLib/com/fasterxml/jackson/datatype/jackson-datatype-jsr310/2.11.3/jackson-datatype-jsr310-2.11.3.jar, file:/D:/apache-maven-3.8.8/mavenLib/com/fasterxml/jackson/module/jackson-module-parameter-names/2.11.3/jackson-module-parameter-names-2.11.3.jar, file:/D:/apache-maven-3.8.8/mavenLib/org/springframework/boot/spring-boot-starter-tomcat/2.3.7.RELEASE/spring-boot-starter-tomcat-2.3.7.RELEASE.jar, file:/D:/apache-maven-3.8.8/mavenLib/org/apache/tomcat/embed/tomcat-embed-core/9.0.41/tomcat-embed-core-9.0.41.jar, file:/D:/apache-maven-3.8.8/mavenLib/org/apache/tomcat/embed/tomcat-embed-websocket/9.0.41/tomcat-embed-websocket-9.0.41.jar, file:/D:/apache-maven-3.8.8/mavenLib/org/springframework/spring-web/5.2.12.RELEASE/spring-web-5.2.12.RELEASE.jar, file:/D:/apache-maven-3.8.8/mavenLib/org/springframework/spring-beans/5.2.12.RELEASE/spring-beans-5.2.12.RELEASE.jar, file:/D:/apache-maven-3.8.8/mavenLib/org/springframework/spring-webmvc/5.2.12.RELEASE/spring-webmvc-5.2.12.RELEASE.jar, file:/D:/apache-maven-3.8.8/mavenLib/org/springframework/spring-aop/5.2.12.RELEASE/spring-aop-5.2.12.RELEASE.jar, file:/D:/apache-maven-3.8.8/mavenLib/org/springframework/spring-context/5.2.12.RELEASE/spring-context-5.2.12.RELEASE.jar, file:/D:/apache-maven-3.8.8/mavenLib/org/springframework/spring-expression/5.2.12.RELEASE/spring-expression-5.2.12.RELEASE.jar, file:/D:/apache-maven-3.8.8/mavenLib/org/springframework/boot/spring-boot-starter/2.3.7.RELEASE/spring-boot-starter-2.3.7.RELEASE.jar, file:/D:/apache-maven-3.8.8/mavenLib/org/springframework/boot/spring-boot/2.3.7.RELEASE/spring-boot-2.3.7.RELEASE.jar, file:/D:/apache-maven-3.8.8/mavenLib/org/springframework/boot/spring-boot-autoconfigure/2.3.7.RELEASE/spring-boot-autoconfigure-2.3.7.RELEASE.jar, file:/D:/apache-maven-3.8.8/mavenLib/jakarta/annotation/jakarta.annotation-api/1.3.5/jakarta.annotation-api-1.3.5.jar, file:/D:/apache-maven-3.8.8/mavenLib/org/springframework/spring-core/5.2.12.RELEASE/spring-core-5.2.12.RELEASE.jar, file:/D:/apache-maven-3.8.8/mavenLib/org/springframework/spring-jcl/5.2.12.RELEASE/spring-jcl-5.2.12.RELEASE.jar, file:/D:/apache-maven-3.8.8/mavenLib/org/yaml/snakeyaml/1.26/snakeyaml-1.26.jar, file:/D:/apache-maven-3.8.8/mavenLib/org/springframework/boot/spring-boot-starter-validation/2.3.7.RELEASE/spring-boot-starter-validation-2.3.7.RELEASE.jar, file:/D:/apache-maven-3.8.8/mavenLib/org/glassfish/jakarta.el/3.0.3/jakarta.el-3.0.3.jar, file:/D:/apache-maven-3.8.8/mavenLib/org/hibernate/validator/hibernate-validator/6.1.6.Final/hibernate-validator-6.1.6.Final.jar, file:/D:/apache-maven-3.8.8/mavenLib/jakarta/validation/jakarta.validation-api/2.0.2/jakarta.validation-api-2.0.2.jar, file:/D:/apache-maven-3.8.8/mavenLib/org/jboss/logging/jboss-logging/3.4.1.Final/jboss-logging-3.4.1.Final.jar, file:/D:/apache-maven-3.8.8/mavenLib/com/fasterxml/classmate/1.5.1/classmate-1.5.1.jar, file:/D:/apache-maven-3.8.8/mavenLib/org/springframework/boot/spring-boot-starter-log4j2/2.3.7.RELEASE/spring-boot-starter-log4j2-2.3.7.RELEASE.jar, file:/D:/apache-maven-3.8.8/mavenLib/org/apache/logging/log4j/log4j-slf4j-impl/2.13.3/log4j-slf4j-impl-2.13.3.jar, file:/D:/apache-maven-3.8.8/mavenLib/org/slf4j/slf4j-api/1.7.30/slf4j-api-1.7.30.jar, file:/D:/apache-maven-3.8.8/mavenLib/org/apache/logging/log4j/log4j-api/2.13.3/log4j-api-2.13.3.jar, file:/D:/apache-maven-3.8.8/mavenLib/org/apache/logging/log4j/log4j-core/2.13.3/log4j-core-2.13.3.jar, file:/D:/apache-maven-3.8.8/mavenLib/org/apache/logging/log4j/log4j-jul/2.13.3/log4j-jul-2.13.3.jar, file:/D:/apache-maven-3.8.8/mavenLib/org/slf4j/jul-to-slf4j/1.7.30/jul-to-slf4j-1.7.30.jar, file:/D:/apache-maven-3.8.8/mavenLib/com/spring4all/swagger-spring-boot-starter/1.9.0.RELEASE/swagger-spring-boot-starter-1.9.0.RELEASE.jar, file:/D:/apache-maven-3.8.8/mavenLib/io/springfox/springfox-swagger-ui/2.9.2/springfox-swagger-ui-2.9.2.jar, file:/D:/apache-maven-3.8.8/mavenLib/io/springfox/springfox-spring-web/2.9.2/springfox-spring-web-2.9.2.jar, file:/D:/apache-maven-3.8.8/mavenLib/io/springfox/springfox-swagger2/2.9.2/springfox-swagger2-2.9.2.jar, file:/D:/apache-maven-3.8.8/mavenLib/io/swagger/swagger-annotations/1.5.20/swagger-annotations-1.5.20.jar, file:/D:/apache-maven-3.8.8/mavenLib/io/swagger/swagger-models/1.5.20/swagger-models-1.5.20.jar, file:/D:/apache-maven-3.8.8/mavenLib/io/springfox/springfox-spi/2.9.2/springfox-spi-2.9.2.jar, file:/D:/apache-maven-3.8.8/mavenLib/io/springfox/springfox-core/2.9.2/springfox-core-2.9.2.jar, file:/D:/apache-maven-3.8.8/mavenLib/net/bytebuddy/byte-buddy/1.10.18/byte-buddy-1.10.18.jar, file:/D:/apache-maven-3.8.8/mavenLib/io/springfox/springfox-schema/2.9.2/springfox-schema-2.9.2.jar, file:/D:/apache-maven-3.8.8/mavenLib/io/springfox/springfox-swagger-common/2.9.2/springfox-swagger-common-2.9.2.jar, file:/D:/apache-maven-3.8.8/mavenLib/com/google/guava/guava/25.0-jre/guava-25.0-jre.jar, file:/D:/apache-maven-3.8.8/mavenLib/com/google/code/findbugs/jsr305/1.3.9/jsr305-1.3.9.jar, file:/D:/apache-maven-3.8.8/mavenLib/org/checkerframework/checker-compat-qual/2.0.0/checker-compat-qual-2.0.0.jar, file:/D:/apache-maven-3.8.8/mavenLib/com/google/errorprone/error_prone_annotations/2.1.3/error_prone_annotations-2.1.3.jar, file:/D:/apache-maven-3.8.8/mavenLib/com/google/j2objc/j2objc-annotations/1.1/j2objc-annotations-1.1.jar, file:/D:/apache-maven-3.8.8/mavenLib/org/codehaus/mojo/animal-sniffer-annotations/1.14/animal-sniffer-annotations-1.14.jar, file:/D:/apache-maven-3.8.8/mavenLib/org/springframework/plugin/spring-plugin-core/1.2.0.RELEASE/spring-plugin-core-1.2.0.RELEASE.jar, file:/D:/apache-maven-3.8.8/mavenLib/org/springframework/plugin/spring-plugin-metadata/1.2.0.RELEASE/spring-plugin-metadata-1.2.0.RELEASE.jar, file:/D:/apache-maven-3.8.8/mavenLib/org/mapstruct/mapstruct/1.2.0.Final/mapstruct-1.2.0.Final.jar, file:/D:/apache-maven-3.8.8/mavenLib/io/springfox/springfox-bean-validators/2.9.2/springfox-bean-validators-2.9.2.jar, file:/C:/Program%20Files/JetBrains/IntelliJ%20IDEA%202024.3.4.1/lib/idea_rt.jar]
2025-04-16 22:18:06,211 DEBUG [background-preinit][LoggerProviders.java:152] - Logging Provider: org.jboss.logging.Log4j2LoggerProvider
2025-04-16 22:18:06,211 DEBUG [background-preinit][LoggerProviders.java:152] - Logging Provider: org.jboss.logging.Log4j2LoggerProvider
2025-04-16 22:18:06,212 INFO [background-preinit][Version.java:21] - HV000001: Hibernate Validator 6.1.6.Final
2025-04-16 22:18:06,212 INFO [background-preinit][Version.java:21] - HV000001: Hibernate Validator 6.1.6.Final
2025-04-16 22:18:06,219 DEBUG [background-preinit][ValidationXmlParser.java:120] - Trying to load META-INF/validation.xml for XML based Validator configuration.
2025-04-16 22:18:06,219 DEBUG [background-preinit][ValidationXmlParser.java:120] - Trying to load META-INF/validation.xml for XML based Validator configuration.
2025-04-16 22:18:06,220 DEBUG [background-preinit][ResourceLoaderHelper.java:60] - Trying to load META-INF/validation.xml via TCCL
2025-04-16 22:18:06,220 DEBUG [background-preinit][ResourceLoaderHelper.java:60] - Trying to load META-INF/validation.xml via TCCL
2025-04-16 22:18:06,221 DEBUG [background-preinit][ResourceLoaderHelper.java:66] - Trying to load META-INF/validation.xml via Hibernate Validator's class loader
2025-04-16 22:18:06,221 DEBUG [background-preinit][ResourceLoaderHelper.java:66] - Trying to load META-INF/validation.xml via Hibernate Validator's class loader
2025-04-16 22:18:06,221 DEBUG [background-preinit][ValidationXmlParser.java:127] - No META-INF/validation.xml found. Using annotation based configuration only.
2025-04-16 22:18:06,221 DEBUG [background-preinit][ValidationXmlParser.java:127] - No META-INF/validation.xml found. Using annotation based configuration only.
2025-04-16 22:18:06,225 DEBUG [background-preinit][TraversableResolvers.java:60] - Cannot find javax.persistence.Persistence on classpath. Assuming non JPA 2 environment. All properties will per default be traversable.
2025-04-16 22:18:06,225 DEBUG [background-preinit][TraversableResolvers.java:60] - Cannot find javax.persistence.Persistence on classpath. Assuming non JPA 2 environment. All properties will per default be traversable.
2025-04-16 22:18:06,246 DEBUG [background-preinit][ResourceBundleMessageInterpolator.java:172] - Loaded expression factory via original TCCL
2025-04-16 22:18:06,246 DEBUG [background-preinit][ResourceBundleMessageInterpolator.java:172] - Loaded expression factory via original TCCL
2025-04-16 22:18:06,267 DEBUG [main][PropertySourcesPropertyResolver.java:115] - Found key 'spring.application.name' in PropertySource 'configurationProperties' with value of type String
2025-04-16 22:18:06,267 DEBUG [main][PropertySourcesPropertyResolver.java:115] - Found key 'spring.application.name' in PropertySource 'configurationProperties' with value of type String
2025-04-16 22:18:06,271 DEBUG [main][SpringApplication.java:679] - Loading source class org.springframework.cloud.bootstrap.BootstrapImportSelectorConfiguration
2025-04-16 22:18:06,271 DEBUG [main][SpringApplication.java:679] - Loading source class org.springframework.cloud.bootstrap.BootstrapImportSelectorConfiguration
2025-04-16 22:18:06,317 DEBUG [main][DeferredLog.java:222] - Loaded config file 'file:/D:/JavaProject/studyOnline/xuecheng-plus-project/xuecheng-plus-content/xuecheng-plus-content-api/target/classes/bootstrap.yml' (classpath:/bootstrap.yml)
2025-04-16 22:18:06,317 DEBUG [main][DeferredLog.java:222] - Loaded config file 'file:/D:/JavaProject/studyOnline/xuecheng-plus-project/xuecheng-plus-content/xuecheng-plus-content-api/target/classes/bootstrap.yml' (classpath:/bootstrap.yml)
2025-04-16 22:18:06,319 DEBUG [main][AbstractApplicationContext.java:596] - Refreshing org.springframework.context.annotation.AnnotationConfigApplicationContext@5e21e98f
2025-04-16 22:18:06,319 DEBUG [main][AbstractApplicationContext.java:596] - Refreshing org.springframework.context.annotation.AnnotationConfigApplicationContext@5e21e98f
2025-04-16 22:18:06,331 DEBUG [main][DefaultSingletonBeanRegistry.java:225] - Creating shared instance of singleton bean 'org.springframework.context.annotation.internalConfigurationAnnotationProcessor'
2025-04-16 22:18:06,331 DEBUG [main][DefaultSingletonBeanRegistry.java:225] - Creating shared instance of singleton bean 'org.springframework.context.annotation.internalConfigurationAnnotationProcessor'
2025-04-16 22:18:06,342 DEBUG [main][DefaultSingletonBeanRegistry.java:225] - Creating shared instance of singleton bean 'org.springframework.boot.autoconfigure.internalCachingMetadataReaderFactory'
2025-04-16 22:18:06,342 DEBUG [main][DefaultSingletonBeanRegistry.java:225] - Creating shared instance of singleton bean 'org.springframework.boot.autoconfigure.internalCachingMetadataReaderFactory'
2025-04-16 22:18:06,385 DEBUG [background-preinit][ValidatorFactoryConfigurationHelper.java:300] - HV000252: Using org.hibernate.validator.internal.engine.DefaultPropertyNodeNameProvider as property node name provider.
2025-04-16 22:18:06,385 DEBUG [background-preinit][ValidatorFactoryConfigurationHelper.java:300] - HV000252: Using org.hibernate.validator.internal.engine.DefaultPropertyNodeNameProvider as property node name provider.
2025-04-16 22:18:06,390 DEBUG [background-preinit][ValidatorFactoryConfigurationHelper.java:375] - HV000234: Using org.hibernate.validator.messageinterpolation.ResourceBundleMessageInterpolator as ValidatorFactory-scoped message interpolator.
2025-04-16 22:18:06,390 DEBUG [background-preinit][ValidatorFactoryConfigurationHelper.java:375] - HV000234: Using org.hibernate.validator.messageinterpolation.ResourceBundleMessageInterpolator as ValidatorFactory-scoped message interpolator.
2025-04-16 22:18:06,390 DEBUG [background-preinit][ValidatorFactoryConfigurationHelper.java:376] - HV000234: Using org.hibernate.validator.internal.engine.resolver.TraverseAllTraversableResolver as ValidatorFactory-scoped traversable resolver.
2025-04-16 22:18:06,390 DEBUG [background-preinit][ValidatorFactoryConfigurationHelper.java:376] - HV000234: Using org.hibernate.validator.internal.engine.resolver.TraverseAllTraversableResolver as ValidatorFactory-scoped traversable resolver.
2025-04-16 22:18:06,391 DEBUG [background-preinit][ValidatorFactoryConfigurationHelper.java:377] - HV000234: Using org.hibernate.validator.internal.util.ExecutableParameterNameProvider as ValidatorFactory-scoped parameter name provider.
2025-04-16 22:18:06,391 DEBUG [background-preinit][ValidatorFactoryConfigurationHelper.java:377] - HV000234: Using org.hibernate.validator.internal.util.ExecutableParameterNameProvider as ValidatorFactory-scoped parameter name provider.
2025-04-16 22:18:06,391 DEBUG [background-preinit][ValidatorFactoryConfigurationHelper.java:378] - HV000234: Using org.hibernate.validator.internal.engine.DefaultClockProvider as ValidatorFactory-scoped clock provider.
2025-04-16 22:18:06,391 DEBUG [background-preinit][ValidatorFactoryConfigurationHelper.java:378] - HV000234: Using org.hibernate.validator.internal.engine.DefaultClockProvider as ValidatorFactory-scoped clock provider.
2025-04-16 22:18:06,391 DEBUG [background-preinit][ValidatorFactoryConfigurationHelper.java:379] - HV000234: Using org.hibernate.validator.internal.engine.scripting.DefaultScriptEvaluatorFactory as ValidatorFactory-scoped script evaluator factory.
2025-04-16 22:18:06,391 DEBUG [background-preinit][ValidatorFactoryConfigurationHelper.java:379] - HV000234: Using org.hibernate.validator.internal.engine.scripting.DefaultScriptEvaluatorFactory as ValidatorFactory-scoped script evaluator factory.
2025-04-16 22:18:06,449 DEBUG [main][DefaultSingletonBeanRegistry.java:225] - Creating shared instance of singleton bean 'propertySourcesPlaceholderConfigurer'
2025-04-16 22:18:06,449 DEBUG [main][DefaultSingletonBeanRegistry.java:225] - Creating shared instance of singleton bean 'propertySourcesPlaceholderConfigurer'
2025-04-16 22:18:06,453 DEBUG [main][DefaultSingletonBeanRegistry.java:225] - Creating shared instance of singleton bean 'org.springframework.context.event.internalEventListenerProcessor'
2025-04-16 22:18:06,453 DEBUG [main][DefaultSingletonBeanRegistry.java:225] - Creating shared instance of singleton bean 'org.springframework.context.event.internalEventListenerProcessor'
2025-04-16 22:18:06,454 DEBUG [main][DefaultSingletonBeanRegistry.java:225] - Creating shared instance of singleton bean 'org.springframework.context.event.internalEventListenerFactory'
2025-04-16 22:18:06,454 DEBUG [main][DefaultSingletonBeanRegistry.java:225] - Creating shared instance of singleton bean 'org.springframework.context.event.internalEventListenerFactory'
2025-04-16 22:18:06,456 DEBUG [main][DefaultSingletonBeanRegistry.java:225] - Creating shared instance of singleton bean 'org.springframework.context.annotation.internalAutowiredAnnotationProcessor'
2025-04-16 22:18:06,456 DEBUG [main][DefaultSingletonBeanRegistry.java:225] - Creating shared instance of singleton bean 'org.springframework.context.annotation.internalAutowiredAnnotationProcessor'
2025-04-16 22:18:06,459 DEBUG [main][DefaultSingletonBeanRegistry.java:225] - Creating shared instance of singleton bean 'org.springframework.context.annotation.internalCommonAnnotationProcessor'
2025-04-16 22:18:06,459 DEBUG [main][DefaultSingletonBeanRegistry.java:225] - Creating shared instance of singleton bean 'org.springframework.context.annotation.internalCommonAnnotationProcessor'
2025-04-16 22:18:06,462 DEBUG [main][DefaultSingletonBeanRegistry.java:225] - Creating shared instance of singleton bean 'org.springframework.boot.context.properties.ConfigurationPropertiesBindingPostProcessor'
2025-04-16 22:18:06,462 DEBUG [main][DefaultSingletonBeanRegistry.java:225] - Creating shared instance of singleton bean 'org.springframework.boot.context.properties.ConfigurationPropertiesBindingPostProcessor'
2025-04-16 22:18:06,462 DEBUG [main][DefaultSingletonBeanRegistry.java:225] - Creating shared instance of singleton bean 'org.springframework.boot.context.internalConfigurationPropertiesBinder'
2025-04-16 22:18:06,462 DEBUG [main][DefaultSingletonBeanRegistry.java:225] - Creating shared instance of singleton bean 'org.springframework.boot.context.internalConfigurationPropertiesBinder'
2025-04-16 22:18:06,462 DEBUG [main][DefaultSingletonBeanRegistry.java:225] - Creating shared instance of singleton bean 'org.springframework.boot.context.internalConfigurationPropertiesBinderFactory'
2025-04-16 22:18:06,462 DEBUG [main][DefaultSingletonBeanRegistry.java:225] - Creating shared instance of singleton bean 'org.springframework.boot.context.internalConfigurationPropertiesBinderFactory'
2025-04-16 22:18:06,464 DEBUG [main][DefaultSingletonBeanRegistry.java:225] - Creating shared instance of singleton bean 'configurationPropertiesBeans'
2025-04-16 22:18:06,464 DEBUG [main][DefaultSingletonBeanRegistry.java:225] - Creating shared instance of singleton bean 'configurationPropertiesBeans'
2025-04-16 22:18:06,471 DEBUG [main][DefaultSingletonBeanRegistry.java:225] - Creating shared instance of singleton bean 'bootstrapImportSelectorConfiguration'
2025-04-16 22:18:06,471 DEBUG [main][DefaultSingletonBeanRegistry.java:225] - Creating shared instance of singleton bean 'bootstrapImportSelectorConfiguration'
2025-04-16 22:18:06,472 DEBUG [main][DefaultSingletonBeanRegistry.java:225] - Creating shared instance of singleton bean 'org.springframework.cloud.bootstrap.config.PropertySourceBootstrapConfiguration'
2025-04-16 22:18:06,472 DEBUG [main][DefaultSingletonBeanRegistry.java:225] - Creating shared instance of singleton bean 'org.springframework.cloud.bootstrap.config.PropertySourceBootstrapConfiguration'
2025-04-16 22:18:06,479 DEBUG [main][DefaultSingletonBeanRegistry.java:225] - Creating shared instance of singleton bean 'org.springframework.boot.context.properties.BoundConfigurationProperties'
2025-04-16 22:18:06,479 DEBUG [main][DefaultSingletonBeanRegistry.java:225] - Creating shared instance of singleton bean 'org.springframework.boot.context.properties.BoundConfigurationProperties'
2025-04-16 22:18:06,479 DEBUG [main][DefaultSingletonBeanRegistry.java:225] - Creating shared instance of singleton bean 'org.springframework.boot.context.properties.ConfigurationBeanFactoryMetadata'
2025-04-16 22:18:06,479 DEBUG [main][DefaultSingletonBeanRegistry.java:225] - Creating shared instance of singleton bean 'org.springframework.boot.context.properties.ConfigurationBeanFactoryMetadata'
2025-04-16 22:18:06,479 DEBUG [main][DefaultSingletonBeanRegistry.java:225] - Creating shared instance of singleton bean 'spring.cloud.config-org.springframework.cloud.bootstrap.config.PropertySourceBootstrapProperties'
2025-04-16 22:18:06,479 DEBUG [main][DefaultSingletonBeanRegistry.java:225] - Creating shared instance of singleton bean 'spring.cloud.config-org.springframework.cloud.bootstrap.config.PropertySourceBootstrapProperties'
2025-04-16 22:18:06,488 DEBUG [main][DefaultSingletonBeanRegistry.java:225] - Creating shared instance of singleton bean 'org.springframework.cloud.bootstrap.encrypt.EncryptionBootstrapConfiguration'
2025-04-16 22:18:06,488 DEBUG [main][DefaultSingletonBeanRegistry.java:225] - Creating shared instance of singleton bean 'org.springframework.cloud.bootstrap.encrypt.EncryptionBootstrapConfiguration'
2025-04-16 22:18:06,489 DEBUG [main][DefaultSingletonBeanRegistry.java:225] - Creating shared instance of singleton bean 'encrypt-org.springframework.cloud.bootstrap.encrypt.KeyProperties'
2025-04-16 22:18:06,489 DEBUG [main][DefaultSingletonBeanRegistry.java:225] - Creating shared instance of singleton bean 'encrypt-org.springframework.cloud.bootstrap.encrypt.KeyProperties'
2025-04-16 22:18:06,492 DEBUG [main][DefaultSingletonBeanRegistry.java:225] - Creating shared instance of singleton bean 'environmentDecryptApplicationListener'
2025-04-16 22:18:06,492 DEBUG [main][DefaultSingletonBeanRegistry.java:225] - Creating shared instance of singleton bean 'environmentDecryptApplicationListener'
2025-04-16 22:18:06,493 DEBUG [main][DefaultSingletonBeanRegistry.java:225] - Creating shared instance of singleton bean 'org.springframework.cloud.autoconfigure.ConfigurationPropertiesRebinderAutoConfiguration'
2025-04-16 22:18:06,493 DEBUG [main][DefaultSingletonBeanRegistry.java:225] - Creating shared instance of singleton bean 'org.springframework.cloud.autoconfigure.ConfigurationPropertiesRebinderAutoConfiguration'
2025-04-16 22:18:06,494 DEBUG [main][DefaultSingletonBeanRegistry.java:225] - Creating shared instance of singleton bean 'configurationPropertiesRebinder'
2025-04-16 22:18:06,494 DEBUG [main][DefaultSingletonBeanRegistry.java:225] - Creating shared instance of singleton bean 'configurationPropertiesRebinder'
2025-04-16 22:18:06,495 DEBUG [main][ConstructorResolver.java:807] - Autowiring by type from bean name 'configurationPropertiesRebinder' via factory method to bean named 'configurationPropertiesBeans'
2025-04-16 22:18:06,495 DEBUG [main][ConstructorResolver.java:807] - Autowiring by type from bean name 'configurationPropertiesRebinder' via factory method to bean named 'configurationPropertiesBeans'
2025-04-16 22:18:06,499 DEBUG [main][DefaultSingletonBeanRegistry.java:225] - Creating shared instance of singleton bean 'org.springframework.boot.autoconfigure.context.PropertyPlaceholderAutoConfiguration'
2025-04-16 22:18:06,499 DEBUG [main][DefaultSingletonBeanRegistry.java:225] - Creating shared instance of singleton bean 'org.springframework.boot.autoconfigure.context.PropertyPlaceholderAutoConfiguration'
2025-04-16 22:18:06,500 DEBUG [main][DefaultSingletonBeanRegistry.java:225] - Creating shared instance of singleton bean 'org.springframework.cloud.util.random.CachedRandomPropertySourceAutoConfiguration'
2025-04-16 22:18:06,500 DEBUG [main][DefaultSingletonBeanRegistry.java:225] - Creating shared instance of singleton bean 'org.springframework.cloud.util.random.CachedRandomPropertySourceAutoConfiguration'
2025-04-16 22:18:06,511 DEBUG [main][ConditionEvaluationReportLoggingListener.java:126] - 


============================
CONDITIONS EVALUATION REPORT
============================


Positive matches:
-----------------

   ConfigurationPropertiesRebinderAutoConfiguration matched:
      - @ConditionalOnBean (types: org.springframework.boot.context.properties.ConfigurationPropertiesBindingPostProcessor; SearchStrategy: all) found bean 'org.springframework.boot.context.properties.ConfigurationPropertiesBindingPostProcessor' (OnBeanCondition)

   ConfigurationPropertiesRebinderAutoConfiguration#configurationPropertiesBeans matched:
      - @ConditionalOnMissingBean (types: org.springframework.cloud.context.properties.ConfigurationPropertiesBeans; SearchStrategy: current) did not find any beans (OnBeanCondition)

   ConfigurationPropertiesRebinderAutoConfiguration#configurationPropertiesRebinder matched:
      - @ConditionalOnMissingBean (types: org.springframework.cloud.context.properties.ConfigurationPropertiesRebinder; SearchStrategy: current) did not find any beans (OnBeanCondition)

   EncryptionBootstrapConfiguration matched:
      - @ConditionalOnClass found required class 'org.springframework.security.crypto.encrypt.TextEncryptor' (OnClassCondition)

   PropertyPlaceholderAutoConfiguration#propertySourcesPlaceholderConfigurer matched:
      - @ConditionalOnMissingBean (types: org.springframework.context.support.PropertySourcesPlaceholderConfigurer; SearchStrategy: current) did not find any beans (OnBeanCondition)


Negative matches:
-----------------

   EncryptionBootstrapConfiguration.RsaEncryptionConfiguration:
      Did not match:
         - @ConditionalOnClass did not find required class 'org.springframework.security.rsa.crypto.RsaSecretEncryptor' (OnClassCondition)

   EncryptionBootstrapConfiguration.VanillaEncryptionConfiguration:
      Did not match:
         - Keystore nor key found in Environment (EncryptionBootstrapConfiguration.KeyCondition)
      Matched:
         - @ConditionalOnMissingClass did not find unwanted class 'org.springframework.security.rsa.crypto.RsaSecretEncryptor' (OnClassCondition)


Exclusions:
-----------

    None


Unconditional classes:
----------------------

    None



2025-04-16 22:18:06,511 DEBUG [main][ConditionEvaluationReportLoggingListener.java:126] - 


============================
CONDITIONS EVALUATION REPORT
============================


Positive matches:
-----------------

   ConfigurationPropertiesRebinderAutoConfiguration matched:
      - @ConditionalOnBean (types: org.springframework.boot.context.properties.ConfigurationPropertiesBindingPostProcessor; SearchStrategy: all) found bean 'org.springframework.boot.context.properties.ConfigurationPropertiesBindingPostProcessor' (OnBeanCondition)

   ConfigurationPropertiesRebinderAutoConfiguration#configurationPropertiesBeans matched:
      - @ConditionalOnMissingBean (types: org.springframework.cloud.context.properties.ConfigurationPropertiesBeans; SearchStrategy: current) did not find any beans (OnBeanCondition)

   ConfigurationPropertiesRebinderAutoConfiguration#configurationPropertiesRebinder matched:
      - @ConditionalOnMissingBean (types: org.springframework.cloud.context.properties.ConfigurationPropertiesRebinder; SearchStrategy: current) did not find any beans (OnBeanCondition)

   EncryptionBootstrapConfiguration matched:
      - @ConditionalOnClass found required class 'org.springframework.security.crypto.encrypt.TextEncryptor' (OnClassCondition)

   PropertyPlaceholderAutoConfiguration#propertySourcesPlaceholderConfigurer matched:
      - @ConditionalOnMissingBean (types: org.springframework.context.support.PropertySourcesPlaceholderConfigurer; SearchStrategy: current) did not find any beans (OnBeanCondition)


Negative matches:
-----------------

   EncryptionBootstrapConfiguration.RsaEncryptionConfiguration:
      Did not match:
         - @ConditionalOnClass did not find required class 'org.springframework.security.rsa.crypto.RsaSecretEncryptor' (OnClassCondition)

   EncryptionBootstrapConfiguration.VanillaEncryptionConfiguration:
      Did not match:
         - Keystore nor key found in Environment (EncryptionBootstrapConfiguration.KeyCondition)
      Matched:
         - @ConditionalOnMissingClass did not find unwanted class 'org.springframework.security.rsa.crypto.RsaSecretEncryptor' (OnClassCondition)


Exclusions:
-----------

    None


Unconditional classes:
----------------------

    None



2025-04-16 22:18:06,512 DEBUG [main][PropertySourcesPropertyResolver.java:115] - Found key 'spring.liveBeansView.mbeanDomain' in PropertySource 'systemProperties' with value of type String
2025-04-16 22:18:06,512 DEBUG [main][PropertySourcesPropertyResolver.java:115] - Found key 'spring.liveBeansView.mbeanDomain' in PropertySource 'systemProperties' with value of type String
2025-04-16 22:18:06,557 DEBUG [main][ClasspathLoggingApplicationListener.java:51] - Application started with classpath: [file:/C:/Users/23624/.jdks/corretto-1.8.0_442/jre/lib/charsets.jar, file:/C:/Users/23624/.jdks/corretto-1.8.0_442/jre/lib/ext/access-bridge-64.jar, file:/C:/Users/23624/.jdks/corretto-1.8.0_442/jre/lib/ext/cldrdata.jar, file:/C:/Users/23624/.jdks/corretto-1.8.0_442/jre/lib/ext/dnsns.jar, file:/C:/Users/23624/.jdks/corretto-1.8.0_442/jre/lib/ext/jaccess.jar, file:/C:/Users/23624/.jdks/corretto-1.8.0_442/jre/lib/ext/jfxrt.jar, file:/C:/Users/23624/.jdks/corretto-1.8.0_442/jre/lib/ext/localedata.jar, file:/C:/Users/23624/.jdks/corretto-1.8.0_442/jre/lib/ext/nashorn.jar, file:/C:/Users/23624/.jdks/corretto-1.8.0_442/jre/lib/ext/sunec.jar, file:/C:/Users/23624/.jdks/corretto-1.8.0_442/jre/lib/ext/sunjce_provider.jar, file:/C:/Users/23624/.jdks/corretto-1.8.0_442/jre/lib/ext/sunmscapi.jar, file:/C:/Users/23624/.jdks/corretto-1.8.0_442/jre/lib/ext/sunpkcs11.jar, file:/C:/Users/23624/.jdks/corretto-1.8.0_442/jre/lib/ext/zipfs.jar, file:/C:/Users/23624/.jdks/corretto-1.8.0_442/jre/lib/jce.jar, file:/C:/Users/23624/.jdks/corretto-1.8.0_442/jre/lib/jfr.jar, file:/C:/Users/23624/.jdks/corretto-1.8.0_442/jre/lib/jfxswt.jar, file:/C:/Users/23624/.jdks/corretto-1.8.0_442/jre/lib/jsse.jar, file:/C:/Users/23624/.jdks/corretto-1.8.0_442/jre/lib/management-agent.jar, file:/C:/Users/23624/.jdks/corretto-1.8.0_442/jre/lib/resources.jar, file:/C:/Users/23624/.jdks/corretto-1.8.0_442/jre/lib/rt.jar, file:/D:/JavaProject/studyOnline/xuecheng-plus-project/xuecheng-plus-content/xuecheng-plus-content-api/target/classes/, file:/D:/JavaProject/studyOnline/xuecheng-plus-project/xuecheng-plus-content/xuecheng-plus-content-service/target/classes/, file:/D:/JavaProject/studyOnline/xuecheng-plus-project/xuecheng-plus-content/xuecheng-plus-content-model/target/classes/, file:/D:/JavaProject/studyOnline/xuecheng-plus-project/xuecheng-plus-base/target/classes/, file:/D:/apache-maven-3.8.8/mavenLib/org/apache/commons/commons-lang3/3.10/commons-lang3-3.10.jar, file:/D:/apache-maven-3.8.8/mavenLib/com/alibaba/fastjson/1.2.83/fastjson-1.2.83.jar, file:/D:/apache-maven-3.8.8/mavenLib/commons-lang/commons-lang/2.6/commons-lang-2.6.jar, file:/D:/apache-maven-3.8.8/mavenLib/commons-codec/commons-codec/1.14/commons-codec-1.14.jar, file:/D:/apache-maven-3.8.8/mavenLib/com/j256/simplemagic/simplemagic/1.17/simplemagic-1.17.jar, file:/D:/apache-maven-3.8.8/mavenLib/com/google/zxing/core/3.3.3/core-3.3.3.jar, file:/D:/apache-maven-3.8.8/mavenLib/com/google/zxing/javase/3.3.3/javase-3.3.3.jar, file:/D:/apache-maven-3.8.8/mavenLib/com/beust/jcommander/1.72/jcommander-1.72.jar, file:/D:/apache-maven-3.8.8/mavenLib/com/github/jai-imageio/jai-imageio-core/1.4.0/jai-imageio-core-1.4.0.jar, file:/D:/apache-maven-3.8.8/mavenLib/com/baomidou/mybatis-plus-annotation/3.4.1/mybatis-plus-annotation-3.4.1.jar, file:/D:/apache-maven-3.8.8/mavenLib/com/baomidou/mybatis-plus-core/3.4.1/mybatis-plus-core-3.4.1.jar, file:/D:/apache-maven-3.8.8/mavenLib/com/github/jsqlparser/jsqlparser/3.2/jsqlparser-3.2.jar, file:/D:/apache-maven-3.8.8/mavenLib/org/mybatis/mybatis/3.5.6/mybatis-3.5.6.jar, file:/D:/apache-maven-3.8.8/mavenLib/org/projectlombok/lombok/1.18.8/lombok-1.18.8.jar, file:/D:/apache-maven-3.8.8/mavenLib/mysql/mysql-connector-java/8.0.30/mysql-connector-java-8.0.30.jar, file:/D:/apache-maven-3.8.8/mavenLib/com/google/protobuf/protobuf-java/3.13.0/protobuf-java-3.13.0.jar, file:/D:/apache-maven-3.8.8/mavenLib/com/baomidou/mybatis-plus-boot-starter/3.4.1/mybatis-plus-boot-starter-3.4.1.jar, file:/D:/apache-maven-3.8.8/mavenLib/com/baomidou/mybatis-plus/3.4.1/mybatis-plus-3.4.1.jar, file:/D:/apache-maven-3.8.8/mavenLib/com/baomidou/mybatis-plus-extension/3.4.1/mybatis-plus-extension-3.4.1.jar, file:/D:/apache-maven-3.8.8/mavenLib/org/mybatis/mybatis-spring/2.0.5/mybatis-spring-2.0.5.jar, file:/D:/apache-maven-3.8.8/mavenLib/org/springframework/boot/spring-boot-starter-jdbc/2.3.7.RELEASE/spring-boot-starter-jdbc-2.3.7.RELEASE.jar, file:/D:/apache-maven-3.8.8/mavenLib/com/zaxxer/HikariCP/3.4.5/HikariCP-3.4.5.jar, file:/D:/apache-maven-3.8.8/mavenLib/org/springframework/spring-jdbc/5.2.12.RELEASE/spring-jdbc-5.2.12.RELEASE.jar, file:/D:/apache-maven-3.8.8/mavenLib/org/springframework/spring-tx/5.2.12.RELEASE/spring-tx-5.2.12.RELEASE.jar, file:/D:/apache-maven-3.8.8/mavenLib/org/springframework/cloud/spring-cloud-context/2.2.6.RELEASE/spring-cloud-context-2.2.6.RELEASE.jar, file:/D:/apache-maven-3.8.8/mavenLib/org/springframework/security/spring-security-crypto/5.3.6.RELEASE/spring-security-crypto-5.3.6.RELEASE.jar, file:/D:/apache-maven-3.8.8/mavenLib/org/springframework/boot/spring-boot-starter-web/2.3.7.RELEASE/spring-boot-starter-web-2.3.7.RELEASE.jar, file:/D:/apache-maven-3.8.8/mavenLib/org/springframework/boot/spring-boot-starter-json/2.3.7.RELEASE/spring-boot-starter-json-2.3.7.RELEASE.jar, file:/D:/apache-maven-3.8.8/mavenLib/com/fasterxml/jackson/core/jackson-databind/2.11.3/jackson-databind-2.11.3.jar, file:/D:/apache-maven-3.8.8/mavenLib/com/fasterxml/jackson/core/jackson-annotations/2.11.3/jackson-annotations-2.11.3.jar, file:/D:/apache-maven-3.8.8/mavenLib/com/fasterxml/jackson/core/jackson-core/2.11.3/jackson-core-2.11.3.jar, file:/D:/apache-maven-3.8.8/mavenLib/com/fasterxml/jackson/datatype/jackson-datatype-jdk8/2.11.3/jackson-datatype-jdk8-2.11.3.jar, file:/D:/apache-maven-3.8.8/mavenLib/com/fasterxml/jackson/datatype/jackson-datatype-jsr310/2.11.3/jackson-datatype-jsr310-2.11.3.jar, file:/D:/apache-maven-3.8.8/mavenLib/com/fasterxml/jackson/module/jackson-module-parameter-names/2.11.3/jackson-module-parameter-names-2.11.3.jar, file:/D:/apache-maven-3.8.8/mavenLib/org/springframework/boot/spring-boot-starter-tomcat/2.3.7.RELEASE/spring-boot-starter-tomcat-2.3.7.RELEASE.jar, file:/D:/apache-maven-3.8.8/mavenLib/org/apache/tomcat/embed/tomcat-embed-core/9.0.41/tomcat-embed-core-9.0.41.jar, file:/D:/apache-maven-3.8.8/mavenLib/org/apache/tomcat/embed/tomcat-embed-websocket/9.0.41/tomcat-embed-websocket-9.0.41.jar, file:/D:/apache-maven-3.8.8/mavenLib/org/springframework/spring-web/5.2.12.RELEASE/spring-web-5.2.12.RELEASE.jar, file:/D:/apache-maven-3.8.8/mavenLib/org/springframework/spring-beans/5.2.12.RELEASE/spring-beans-5.2.12.RELEASE.jar, file:/D:/apache-maven-3.8.8/mavenLib/org/springframework/spring-webmvc/5.2.12.RELEASE/spring-webmvc-5.2.12.RELEASE.jar, file:/D:/apache-maven-3.8.8/mavenLib/org/springframework/spring-aop/5.2.12.RELEASE/spring-aop-5.2.12.RELEASE.jar, file:/D:/apache-maven-3.8.8/mavenLib/org/springframework/spring-context/5.2.12.RELEASE/spring-context-5.2.12.RELEASE.jar, file:/D:/apache-maven-3.8.8/mavenLib/org/springframework/spring-expression/5.2.12.RELEASE/spring-expression-5.2.12.RELEASE.jar, file:/D:/apache-maven-3.8.8/mavenLib/org/springframework/boot/spring-boot-starter/2.3.7.RELEASE/spring-boot-starter-2.3.7.RELEASE.jar, file:/D:/apache-maven-3.8.8/mavenLib/org/springframework/boot/spring-boot/2.3.7.RELEASE/spring-boot-2.3.7.RELEASE.jar, file:/D:/apache-maven-3.8.8/mavenLib/org/springframework/boot/spring-boot-autoconfigure/2.3.7.RELEASE/spring-boot-autoconfigure-2.3.7.RELEASE.jar, file:/D:/apache-maven-3.8.8/mavenLib/jakarta/annotation/jakarta.annotation-api/1.3.5/jakarta.annotation-api-1.3.5.jar, file:/D:/apache-maven-3.8.8/mavenLib/org/springframework/spring-core/5.2.12.RELEASE/spring-core-5.2.12.RELEASE.jar, file:/D:/apache-maven-3.8.8/mavenLib/org/springframework/spring-jcl/5.2.12.RELEASE/spring-jcl-5.2.12.RELEASE.jar, file:/D:/apache-maven-3.8.8/mavenLib/org/yaml/snakeyaml/1.26/snakeyaml-1.26.jar, file:/D:/apache-maven-3.8.8/mavenLib/org/springframework/boot/spring-boot-starter-validation/2.3.7.RELEASE/spring-boot-starter-validation-2.3.7.RELEASE.jar, file:/D:/apache-maven-3.8.8/mavenLib/org/glassfish/jakarta.el/3.0.3/jakarta.el-3.0.3.jar, file:/D:/apache-maven-3.8.8/mavenLib/org/hibernate/validator/hibernate-validator/6.1.6.Final/hibernate-validator-6.1.6.Final.jar, file:/D:/apache-maven-3.8.8/mavenLib/jakarta/validation/jakarta.validation-api/2.0.2/jakarta.validation-api-2.0.2.jar, file:/D:/apache-maven-3.8.8/mavenLib/org/jboss/logging/jboss-logging/3.4.1.Final/jboss-logging-3.4.1.Final.jar, file:/D:/apache-maven-3.8.8/mavenLib/com/fasterxml/classmate/1.5.1/classmate-1.5.1.jar, file:/D:/apache-maven-3.8.8/mavenLib/org/springframework/boot/spring-boot-starter-log4j2/2.3.7.RELEASE/spring-boot-starter-log4j2-2.3.7.RELEASE.jar, file:/D:/apache-maven-3.8.8/mavenLib/org/apache/logging/log4j/log4j-slf4j-impl/2.13.3/log4j-slf4j-impl-2.13.3.jar, file:/D:/apache-maven-3.8.8/mavenLib/org/slf4j/slf4j-api/1.7.30/slf4j-api-1.7.30.jar, file:/D:/apache-maven-3.8.8/mavenLib/org/apache/logging/log4j/log4j-api/2.13.3/log4j-api-2.13.3.jar, file:/D:/apache-maven-3.8.8/mavenLib/org/apache/logging/log4j/log4j-core/2.13.3/log4j-core-2.13.3.jar, file:/D:/apache-maven-3.8.8/mavenLib/org/apache/logging/log4j/log4j-jul/2.13.3/log4j-jul-2.13.3.jar, file:/D:/apache-maven-3.8.8/mavenLib/org/slf4j/jul-to-slf4j/1.7.30/jul-to-slf4j-1.7.30.jar, file:/D:/apache-maven-3.8.8/mavenLib/com/spring4all/swagger-spring-boot-starter/1.9.0.RELEASE/swagger-spring-boot-starter-1.9.0.RELEASE.jar, file:/D:/apache-maven-3.8.8/mavenLib/io/springfox/springfox-swagger-ui/2.9.2/springfox-swagger-ui-2.9.2.jar, file:/D:/apache-maven-3.8.8/mavenLib/io/springfox/springfox-spring-web/2.9.2/springfox-spring-web-2.9.2.jar, file:/D:/apache-maven-3.8.8/mavenLib/io/springfox/springfox-swagger2/2.9.2/springfox-swagger2-2.9.2.jar, file:/D:/apache-maven-3.8.8/mavenLib/io/swagger/swagger-annotations/1.5.20/swagger-annotations-1.5.20.jar, file:/D:/apache-maven-3.8.8/mavenLib/io/swagger/swagger-models/1.5.20/swagger-models-1.5.20.jar, file:/D:/apache-maven-3.8.8/mavenLib/io/springfox/springfox-spi/2.9.2/springfox-spi-2.9.2.jar, file:/D:/apache-maven-3.8.8/mavenLib/io/springfox/springfox-core/2.9.2/springfox-core-2.9.2.jar, file:/D:/apache-maven-3.8.8/mavenLib/net/bytebuddy/byte-buddy/1.10.18/byte-buddy-1.10.18.jar, file:/D:/apache-maven-3.8.8/mavenLib/io/springfox/springfox-schema/2.9.2/springfox-schema-2.9.2.jar, file:/D:/apache-maven-3.8.8/mavenLib/io/springfox/springfox-swagger-common/2.9.2/springfox-swagger-common-2.9.2.jar, file:/D:/apache-maven-3.8.8/mavenLib/com/google/guava/guava/25.0-jre/guava-25.0-jre.jar, file:/D:/apache-maven-3.8.8/mavenLib/com/google/code/findbugs/jsr305/1.3.9/jsr305-1.3.9.jar, file:/D:/apache-maven-3.8.8/mavenLib/org/checkerframework/checker-compat-qual/2.0.0/checker-compat-qual-2.0.0.jar, file:/D:/apache-maven-3.8.8/mavenLib/com/google/errorprone/error_prone_annotations/2.1.3/error_prone_annotations-2.1.3.jar, file:/D:/apache-maven-3.8.8/mavenLib/com/google/j2objc/j2objc-annotations/1.1/j2objc-annotations-1.1.jar, file:/D:/apache-maven-3.8.8/mavenLib/org/codehaus/mojo/animal-sniffer-annotations/1.14/animal-sniffer-annotations-1.14.jar, file:/D:/apache-maven-3.8.8/mavenLib/org/springframework/plugin/spring-plugin-core/1.2.0.RELEASE/spring-plugin-core-1.2.0.RELEASE.jar, file:/D:/apache-maven-3.8.8/mavenLib/org/springframework/plugin/spring-plugin-metadata/1.2.0.RELEASE/spring-plugin-metadata-1.2.0.RELEASE.jar, file:/D:/apache-maven-3.8.8/mavenLib/org/mapstruct/mapstruct/1.2.0.Final/mapstruct-1.2.0.Final.jar, file:/D:/apache-maven-3.8.8/mavenLib/io/springfox/springfox-bean-validators/2.9.2/springfox-bean-validators-2.9.2.jar, file:/C:/Program%20Files/JetBrains/IntelliJ%20IDEA%202024.3.4.1/lib/idea_rt.jar]
2025-04-16 22:18:06,557 DEBUG [main][ClasspathLoggingApplicationListener.java:51] - Application started with classpath: [file:/C:/Users/23624/.jdks/corretto-1.8.0_442/jre/lib/charsets.jar, file:/C:/Users/23624/.jdks/corretto-1.8.0_442/jre/lib/ext/access-bridge-64.jar, file:/C:/Users/23624/.jdks/corretto-1.8.0_442/jre/lib/ext/cldrdata.jar, file:/C:/Users/23624/.jdks/corretto-1.8.0_442/jre/lib/ext/dnsns.jar, file:/C:/Users/23624/.jdks/corretto-1.8.0_442/jre/lib/ext/jaccess.jar, file:/C:/Users/23624/.jdks/corretto-1.8.0_442/jre/lib/ext/jfxrt.jar, file:/C:/Users/23624/.jdks/corretto-1.8.0_442/jre/lib/ext/localedata.jar, file:/C:/Users/23624/.jdks/corretto-1.8.0_442/jre/lib/ext/nashorn.jar, file:/C:/Users/23624/.jdks/corretto-1.8.0_442/jre/lib/ext/sunec.jar, file:/C:/Users/23624/.jdks/corretto-1.8.0_442/jre/lib/ext/sunjce_provider.jar, file:/C:/Users/23624/.jdks/corretto-1.8.0_442/jre/lib/ext/sunmscapi.jar, file:/C:/Users/23624/.jdks/corretto-1.8.0_442/jre/lib/ext/sunpkcs11.jar, file:/C:/Users/23624/.jdks/corretto-1.8.0_442/jre/lib/ext/zipfs.jar, file:/C:/Users/23624/.jdks/corretto-1.8.0_442/jre/lib/jce.jar, file:/C:/Users/23624/.jdks/corretto-1.8.0_442/jre/lib/jfr.jar, file:/C:/Users/23624/.jdks/corretto-1.8.0_442/jre/lib/jfxswt.jar, file:/C:/Users/23624/.jdks/corretto-1.8.0_442/jre/lib/jsse.jar, file:/C:/Users/23624/.jdks/corretto-1.8.0_442/jre/lib/management-agent.jar, file:/C:/Users/23624/.jdks/corretto-1.8.0_442/jre/lib/resources.jar, file:/C:/Users/23624/.jdks/corretto-1.8.0_442/jre/lib/rt.jar, file:/D:/JavaProject/studyOnline/xuecheng-plus-project/xuecheng-plus-content/xuecheng-plus-content-api/target/classes/, file:/D:/JavaProject/studyOnline/xuecheng-plus-project/xuecheng-plus-content/xuecheng-plus-content-service/target/classes/, file:/D:/JavaProject/studyOnline/xuecheng-plus-project/xuecheng-plus-content/xuecheng-plus-content-model/target/classes/, file:/D:/JavaProject/studyOnline/xuecheng-plus-project/xuecheng-plus-base/target/classes/, file:/D:/apache-maven-3.8.8/mavenLib/org/apache/commons/commons-lang3/3.10/commons-lang3-3.10.jar, file:/D:/apache-maven-3.8.8/mavenLib/com/alibaba/fastjson/1.2.83/fastjson-1.2.83.jar, file:/D:/apache-maven-3.8.8/mavenLib/commons-lang/commons-lang/2.6/commons-lang-2.6.jar, file:/D:/apache-maven-3.8.8/mavenLib/commons-codec/commons-codec/1.14/commons-codec-1.14.jar, file:/D:/apache-maven-3.8.8/mavenLib/com/j256/simplemagic/simplemagic/1.17/simplemagic-1.17.jar, file:/D:/apache-maven-3.8.8/mavenLib/com/google/zxing/core/3.3.3/core-3.3.3.jar, file:/D:/apache-maven-3.8.8/mavenLib/com/google/zxing/javase/3.3.3/javase-3.3.3.jar, file:/D:/apache-maven-3.8.8/mavenLib/com/beust/jcommander/1.72/jcommander-1.72.jar, file:/D:/apache-maven-3.8.8/mavenLib/com/github/jai-imageio/jai-imageio-core/1.4.0/jai-imageio-core-1.4.0.jar, file:/D:/apache-maven-3.8.8/mavenLib/com/baomidou/mybatis-plus-annotation/3.4.1/mybatis-plus-annotation-3.4.1.jar, file:/D:/apache-maven-3.8.8/mavenLib/com/baomidou/mybatis-plus-core/3.4.1/mybatis-plus-core-3.4.1.jar, file:/D:/apache-maven-3.8.8/mavenLib/com/github/jsqlparser/jsqlparser/3.2/jsqlparser-3.2.jar, file:/D:/apache-maven-3.8.8/mavenLib/org/mybatis/mybatis/3.5.6/mybatis-3.5.6.jar, file:/D:/apache-maven-3.8.8/mavenLib/org/projectlombok/lombok/1.18.8/lombok-1.18.8.jar, file:/D:/apache-maven-3.8.8/mavenLib/mysql/mysql-connector-java/8.0.30/mysql-connector-java-8.0.30.jar, file:/D:/apache-maven-3.8.8/mavenLib/com/google/protobuf/protobuf-java/3.13.0/protobuf-java-3.13.0.jar, file:/D:/apache-maven-3.8.8/mavenLib/com/baomidou/mybatis-plus-boot-starter/3.4.1/mybatis-plus-boot-starter-3.4.1.jar, file:/D:/apache-maven-3.8.8/mavenLib/com/baomidou/mybatis-plus/3.4.1/mybatis-plus-3.4.1.jar, file:/D:/apache-maven-3.8.8/mavenLib/com/baomidou/mybatis-plus-extension/3.4.1/mybatis-plus-extension-3.4.1.jar, file:/D:/apache-maven-3.8.8/mavenLib/org/mybatis/mybatis-spring/2.0.5/mybatis-spring-2.0.5.jar, file:/D:/apache-maven-3.8.8/mavenLib/org/springframework/boot/spring-boot-starter-jdbc/2.3.7.RELEASE/spring-boot-starter-jdbc-2.3.7.RELEASE.jar, file:/D:/apache-maven-3.8.8/mavenLib/com/zaxxer/HikariCP/3.4.5/HikariCP-3.4.5.jar, file:/D:/apache-maven-3.8.8/mavenLib/org/springframework/spring-jdbc/5.2.12.RELEASE/spring-jdbc-5.2.12.RELEASE.jar, file:/D:/apache-maven-3.8.8/mavenLib/org/springframework/spring-tx/5.2.12.RELEASE/spring-tx-5.2.12.RELEASE.jar, file:/D:/apache-maven-3.8.8/mavenLib/org/springframework/cloud/spring-cloud-context/2.2.6.RELEASE/spring-cloud-context-2.2.6.RELEASE.jar, file:/D:/apache-maven-3.8.8/mavenLib/org/springframework/security/spring-security-crypto/5.3.6.RELEASE/spring-security-crypto-5.3.6.RELEASE.jar, file:/D:/apache-maven-3.8.8/mavenLib/org/springframework/boot/spring-boot-starter-web/2.3.7.RELEASE/spring-boot-starter-web-2.3.7.RELEASE.jar, file:/D:/apache-maven-3.8.8/mavenLib/org/springframework/boot/spring-boot-starter-json/2.3.7.RELEASE/spring-boot-starter-json-2.3.7.RELEASE.jar, file:/D:/apache-maven-3.8.8/mavenLib/com/fasterxml/jackson/core/jackson-databind/2.11.3/jackson-databind-2.11.3.jar, file:/D:/apache-maven-3.8.8/mavenLib/com/fasterxml/jackson/core/jackson-annotations/2.11.3/jackson-annotations-2.11.3.jar, file:/D:/apache-maven-3.8.8/mavenLib/com/fasterxml/jackson/core/jackson-core/2.11.3/jackson-core-2.11.3.jar, file:/D:/apache-maven-3.8.8/mavenLib/com/fasterxml/jackson/datatype/jackson-datatype-jdk8/2.11.3/jackson-datatype-jdk8-2.11.3.jar, file:/D:/apache-maven-3.8.8/mavenLib/com/fasterxml/jackson/datatype/jackson-datatype-jsr310/2.11.3/jackson-datatype-jsr310-2.11.3.jar, file:/D:/apache-maven-3.8.8/mavenLib/com/fasterxml/jackson/module/jackson-module-parameter-names/2.11.3/jackson-module-parameter-names-2.11.3.jar, file:/D:/apache-maven-3.8.8/mavenLib/org/springframework/boot/spring-boot-starter-tomcat/2.3.7.RELEASE/spring-boot-starter-tomcat-2.3.7.RELEASE.jar, file:/D:/apache-maven-3.8.8/mavenLib/org/apache/tomcat/embed/tomcat-embed-core/9.0.41/tomcat-embed-core-9.0.41.jar, file:/D:/apache-maven-3.8.8/mavenLib/org/apache/tomcat/embed/tomcat-embed-websocket/9.0.41/tomcat-embed-websocket-9.0.41.jar, file:/D:/apache-maven-3.8.8/mavenLib/org/springframework/spring-web/5.2.12.RELEASE/spring-web-5.2.12.RELEASE.jar, file:/D:/apache-maven-3.8.8/mavenLib/org/springframework/spring-beans/5.2.12.RELEASE/spring-beans-5.2.12.RELEASE.jar, file:/D:/apache-maven-3.8.8/mavenLib/org/springframework/spring-webmvc/5.2.12.RELEASE/spring-webmvc-5.2.12.RELEASE.jar, file:/D:/apache-maven-3.8.8/mavenLib/org/springframework/spring-aop/5.2.12.RELEASE/spring-aop-5.2.12.RELEASE.jar, file:/D:/apache-maven-3.8.8/mavenLib/org/springframework/spring-context/5.2.12.RELEASE/spring-context-5.2.12.RELEASE.jar, file:/D:/apache-maven-3.8.8/mavenLib/org/springframework/spring-expression/5.2.12.RELEASE/spring-expression-5.2.12.RELEASE.jar, file:/D:/apache-maven-3.8.8/mavenLib/org/springframework/boot/spring-boot-starter/2.3.7.RELEASE/spring-boot-starter-2.3.7.RELEASE.jar, file:/D:/apache-maven-3.8.8/mavenLib/org/springframework/boot/spring-boot/2.3.7.RELEASE/spring-boot-2.3.7.RELEASE.jar, file:/D:/apache-maven-3.8.8/mavenLib/org/springframework/boot/spring-boot-autoconfigure/2.3.7.RELEASE/spring-boot-autoconfigure-2.3.7.RELEASE.jar, file:/D:/apache-maven-3.8.8/mavenLib/jakarta/annotation/jakarta.annotation-api/1.3.5/jakarta.annotation-api-1.3.5.jar, file:/D:/apache-maven-3.8.8/mavenLib/org/springframework/spring-core/5.2.12.RELEASE/spring-core-5.2.12.RELEASE.jar, file:/D:/apache-maven-3.8.8/mavenLib/org/springframework/spring-jcl/5.2.12.RELEASE/spring-jcl-5.2.12.RELEASE.jar, file:/D:/apache-maven-3.8.8/mavenLib/org/yaml/snakeyaml/1.26/snakeyaml-1.26.jar, file:/D:/apache-maven-3.8.8/mavenLib/org/springframework/boot/spring-boot-starter-validation/2.3.7.RELEASE/spring-boot-starter-validation-2.3.7.RELEASE.jar, file:/D:/apache-maven-3.8.8/mavenLib/org/glassfish/jakarta.el/3.0.3/jakarta.el-3.0.3.jar, file:/D:/apache-maven-3.8.8/mavenLib/org/hibernate/validator/hibernate-validator/6.1.6.Final/hibernate-validator-6.1.6.Final.jar, file:/D:/apache-maven-3.8.8/mavenLib/jakarta/validation/jakarta.validation-api/2.0.2/jakarta.validation-api-2.0.2.jar, file:/D:/apache-maven-3.8.8/mavenLib/org/jboss/logging/jboss-logging/3.4.1.Final/jboss-logging-3.4.1.Final.jar, file:/D:/apache-maven-3.8.8/mavenLib/com/fasterxml/classmate/1.5.1/classmate-1.5.1.jar, file:/D:/apache-maven-3.8.8/mavenLib/org/springframework/boot/spring-boot-starter-log4j2/2.3.7.RELEASE/spring-boot-starter-log4j2-2.3.7.RELEASE.jar, file:/D:/apache-maven-3.8.8/mavenLib/org/apache/logging/log4j/log4j-slf4j-impl/2.13.3/log4j-slf4j-impl-2.13.3.jar, file:/D:/apache-maven-3.8.8/mavenLib/org/slf4j/slf4j-api/1.7.30/slf4j-api-1.7.30.jar, file:/D:/apache-maven-3.8.8/mavenLib/org/apache/logging/log4j/log4j-api/2.13.3/log4j-api-2.13.3.jar, file:/D:/apache-maven-3.8.8/mavenLib/org/apache/logging/log4j/log4j-core/2.13.3/log4j-core-2.13.3.jar, file:/D:/apache-maven-3.8.8/mavenLib/org/apache/logging/log4j/log4j-jul/2.13.3/log4j-jul-2.13.3.jar, file:/D:/apache-maven-3.8.8/mavenLib/org/slf4j/jul-to-slf4j/1.7.30/jul-to-slf4j-1.7.30.jar, file:/D:/apache-maven-3.8.8/mavenLib/com/spring4all/swagger-spring-boot-starter/1.9.0.RELEASE/swagger-spring-boot-starter-1.9.0.RELEASE.jar, file:/D:/apache-maven-3.8.8/mavenLib/io/springfox/springfox-swagger-ui/2.9.2/springfox-swagger-ui-2.9.2.jar, file:/D:/apache-maven-3.8.8/mavenLib/io/springfox/springfox-spring-web/2.9.2/springfox-spring-web-2.9.2.jar, file:/D:/apache-maven-3.8.8/mavenLib/io/springfox/springfox-swagger2/2.9.2/springfox-swagger2-2.9.2.jar, file:/D:/apache-maven-3.8.8/mavenLib/io/swagger/swagger-annotations/1.5.20/swagger-annotations-1.5.20.jar, file:/D:/apache-maven-3.8.8/mavenLib/io/swagger/swagger-models/1.5.20/swagger-models-1.5.20.jar, file:/D:/apache-maven-3.8.8/mavenLib/io/springfox/springfox-spi/2.9.2/springfox-spi-2.9.2.jar, file:/D:/apache-maven-3.8.8/mavenLib/io/springfox/springfox-core/2.9.2/springfox-core-2.9.2.jar, file:/D:/apache-maven-3.8.8/mavenLib/net/bytebuddy/byte-buddy/1.10.18/byte-buddy-1.10.18.jar, file:/D:/apache-maven-3.8.8/mavenLib/io/springfox/springfox-schema/2.9.2/springfox-schema-2.9.2.jar, file:/D:/apache-maven-3.8.8/mavenLib/io/springfox/springfox-swagger-common/2.9.2/springfox-swagger-common-2.9.2.jar, file:/D:/apache-maven-3.8.8/mavenLib/com/google/guava/guava/25.0-jre/guava-25.0-jre.jar, file:/D:/apache-maven-3.8.8/mavenLib/com/google/code/findbugs/jsr305/1.3.9/jsr305-1.3.9.jar, file:/D:/apache-maven-3.8.8/mavenLib/org/checkerframework/checker-compat-qual/2.0.0/checker-compat-qual-2.0.0.jar, file:/D:/apache-maven-3.8.8/mavenLib/com/google/errorprone/error_prone_annotations/2.1.3/error_prone_annotations-2.1.3.jar, file:/D:/apache-maven-3.8.8/mavenLib/com/google/j2objc/j2objc-annotations/1.1/j2objc-annotations-1.1.jar, file:/D:/apache-maven-3.8.8/mavenLib/org/codehaus/mojo/animal-sniffer-annotations/1.14/animal-sniffer-annotations-1.14.jar, file:/D:/apache-maven-3.8.8/mavenLib/org/springframework/plugin/spring-plugin-core/1.2.0.RELEASE/spring-plugin-core-1.2.0.RELEASE.jar, file:/D:/apache-maven-3.8.8/mavenLib/org/springframework/plugin/spring-plugin-metadata/1.2.0.RELEASE/spring-plugin-metadata-1.2.0.RELEASE.jar, file:/D:/apache-maven-3.8.8/mavenLib/org/mapstruct/mapstruct/1.2.0.Final/mapstruct-1.2.0.Final.jar, file:/D:/apache-maven-3.8.8/mavenLib/io/springfox/springfox-bean-validators/2.9.2/springfox-bean-validators-2.9.2.jar, file:/C:/Program%20Files/JetBrains/IntelliJ%20IDEA%202024.3.4.1/lib/idea_rt.jar]
2025-04-16 22:18:06,568 INFO [main][SpringApplication.java:651] - No active profile set, falling back to default profiles: default
2025-04-16 22:18:06,568 INFO [main][SpringApplication.java:651] - No active profile set, falling back to default profiles: default
2025-04-16 22:18:06,569 DEBUG [main][SpringApplication.java:679] - Loading source class com.xuecheng.ContentApplication,class org.springframework.cloud.bootstrap.BootstrapApplicationListener$BootstrapMarkerConfiguration
2025-04-16 22:18:06,569 DEBUG [main][SpringApplication.java:679] - Loading source class com.xuecheng.ContentApplication,class org.springframework.cloud.bootstrap.BootstrapApplicationListener$BootstrapMarkerConfiguration
2025-04-16 22:18:06,581 DEBUG [main][AbstractApplicationContext.java:596] - Refreshing org.springframework.boot.web.servlet.context.AnnotationConfigServletWebServerApplicationContext@7ec3394b
2025-04-16 22:18:06,581 DEBUG [main][AbstractApplicationContext.java:596] - Refreshing org.springframework.boot.web.servlet.context.AnnotationConfigServletWebServerApplicationContext@7ec3394b
2025-04-16 22:18:06,586 DEBUG [main][DefaultSingletonBeanRegistry.java:225] - Creating shared instance of singleton bean 'org.springframework.context.annotation.internalConfigurationAnnotationProcessor'
2025-04-16 22:18:06,586 DEBUG [main][DefaultSingletonBeanRegistry.java:225] - Creating shared instance of singleton bean 'org.springframework.context.annotation.internalConfigurationAnnotationProcessor'
2025-04-16 22:18:06,586 DEBUG [main][DefaultSingletonBeanRegistry.java:225] - Creating shared instance of singleton bean 'org.springframework.boot.autoconfigure.internalCachingMetadataReaderFactory'
2025-04-16 22:18:06,586 DEBUG [main][DefaultSingletonBeanRegistry.java:225] - Creating shared instance of singleton bean 'org.springframework.boot.autoconfigure.internalCachingMetadataReaderFactory'
2025-04-16 22:18:06,612 DEBUG [main][ClassPathScanningCandidateComponentProvider.java:435] - Identified candidate component class: file [D:\JavaProject\studyOnline\xuecheng-plus-project\xuecheng-plus-content\xuecheng-plus-content-api\target\classes\com\xuecheng\content\api\CourseBaseInfoController.class]
2025-04-16 22:18:06,612 DEBUG [main][ClassPathScanningCandidateComponentProvider.java:435] - Identified candidate component class: file [D:\JavaProject\studyOnline\xuecheng-plus-project\xuecheng-plus-content\xuecheng-plus-content-api\target\classes\com\xuecheng\content\api\CourseBaseInfoController.class]
2025-04-16 22:18:06,612 DEBUG [main][ClassPathScanningCandidateComponentProvider.java:435] - Identified candidate component class: file [D:\JavaProject\studyOnline\xuecheng-plus-project\xuecheng-plus-content\xuecheng-plus-content-api\target\classes\com\xuecheng\content\api\CourseCategotyController.class]
2025-04-16 22:18:06,612 DEBUG [main][ClassPathScanningCandidateComponentProvider.java:435] - Identified candidate component class: file [D:\JavaProject\studyOnline\xuecheng-plus-project\xuecheng-plus-content\xuecheng-plus-content-api\target\classes\com\xuecheng\content\api\CourseCategotyController.class]
2025-04-16 22:18:06,615 DEBUG [main][ClassPathScanningCandidateComponentProvider.java:435] - Identified candidate component class: file [D:\JavaProject\studyOnline\xuecheng-plus-project\xuecheng-plus-content\xuecheng-plus-content-service\target\classes\com\xuecheng\content\config\MybatisPlusConfig.class]
2025-04-16 22:18:06,615 DEBUG [main][ClassPathScanningCandidateComponentProvider.java:435] - Identified candidate component class: file [D:\JavaProject\studyOnline\xuecheng-plus-project\xuecheng-plus-content\xuecheng-plus-content-service\target\classes\com\xuecheng\content\config\MybatisPlusConfig.class]
2025-04-16 22:18:06,630 DEBUG [main][ClassPathScanningCandidateComponentProvider.java:435] - Identified candidate component class: file [D:\JavaProject\studyOnline\xuecheng-plus-project\xuecheng-plus-content\xuecheng-plus-content-service\target\classes\com\xuecheng\content\service\impl\CourseBaseInfoServiceImpl.class]
2025-04-16 22:18:06,630 DEBUG [main][ClassPathScanningCandidateComponentProvider.java:435] - Identified candidate component class: file [D:\JavaProject\studyOnline\xuecheng-plus-project\xuecheng-plus-content\xuecheng-plus-content-service\target\classes\com\xuecheng\content\service\impl\CourseBaseInfoServiceImpl.class]
2025-04-16 22:18:06,630 DEBUG [main][ClassPathScanningCandidateComponentProvider.java:435] - Identified candidate component class: file [D:\JavaProject\studyOnline\xuecheng-plus-project\xuecheng-plus-content\xuecheng-plus-content-service\target\classes\com\xuecheng\content\service\impl\CourseCategoryServiceImpl.class]
2025-04-16 22:18:06,630 DEBUG [main][ClassPathScanningCandidateComponentProvider.java:435] - Identified candidate component class: file [D:\JavaProject\studyOnline\xuecheng-plus-project\xuecheng-plus-content\xuecheng-plus-content-service\target\classes\com\xuecheng\content\service\impl\CourseCategoryServiceImpl.class]
2025-04-16 22:18:06,634 DEBUG [main][ClassPathScanningCandidateComponentProvider.java:435] - Identified candidate component class: file [D:\JavaProject\studyOnline\xuecheng-plus-project\xuecheng-plus-base\target\classes\com\xuecheng\base\config\LocalDateTimeConfig.class]
2025-04-16 22:18:06,634 DEBUG [main][ClassPathScanningCandidateComponentProvider.java:435] - Identified candidate component class: file [D:\JavaProject\studyOnline\xuecheng-plus-project\xuecheng-plus-base\target\classes\com\xuecheng\base\config\LocalDateTimeConfig.class]
2025-04-16 22:18:06,637 DEBUG [main][ClassPathScanningCandidateComponentProvider.java:435] - Identified candidate component class: file [D:\JavaProject\studyOnline\xuecheng-plus-project\xuecheng-plus-base\target\classes\com\xuecheng\base\exception\GlobalExceptionHandler.class]
2025-04-16 22:18:06,637 DEBUG [main][ClassPathScanningCandidateComponentProvider.java:435] - Identified candidate component class: file [D:\JavaProject\studyOnline\xuecheng-plus-project\xuecheng-plus-base\target\classes\com\xuecheng\base\exception\GlobalExceptionHandler.class]
2025-04-16 22:18:06,656 DEBUG [main][PropertySourcesPropertyResolver.java:115] - Found key 'swagger.enabled' in PropertySource 'configurationProperties' with value of type Boolean
2025-04-16 22:18:06,656 DEBUG [main][PropertySourcesPropertyResolver.java:115] - Found key 'swagger.enabled' in PropertySource 'configurationProperties' with value of type Boolean
2025-04-16 22:18:06,665 DEBUG [main][ClassPathScanningCandidateComponentProvider.java:435] - Identified candidate component class: URL [jar:file:/D:/apache-maven-3.8.8/mavenLib/io/springfox/springfox-swagger2/2.9.2/springfox-swagger2-2.9.2.jar!/springfox/documentation/swagger2/mappers/ServiceModelToSwagger2MapperImpl.class]
2025-04-16 22:18:06,665 DEBUG [main][ClassPathScanningCandidateComponentProvider.java:435] - Identified candidate component class: URL [jar:file:/D:/apache-maven-3.8.8/mavenLib/io/springfox/springfox-swagger2/2.9.2/springfox-swagger2-2.9.2.jar!/springfox/documentation/swagger2/mappers/ServiceModelToSwagger2MapperImpl.class]
2025-04-16 22:18:06,665 DEBUG [main][ClassPathScanningCandidateComponentProvider.java:435] - Identified candidate component class: URL [jar:file:/D:/apache-maven-3.8.8/mavenLib/io/springfox/springfox-swagger2/2.9.2/springfox-swagger2-2.9.2.jar!/springfox/documentation/swagger2/mappers/VendorExtensionsMapperImpl.class]
2025-04-16 22:18:06,665 DEBUG [main][ClassPathScanningCandidateComponentProvider.java:435] - Identified candidate component class: URL [jar:file:/D:/apache-maven-3.8.8/mavenLib/io/springfox/springfox-swagger2/2.9.2/springfox-swagger2-2.9.2.jar!/springfox/documentation/swagger2/mappers/VendorExtensionsMapperImpl.class]
2025-04-16 22:18:06,668 DEBUG [main][ClassPathScanningCandidateComponentProvider.java:435] - Identified candidate component class: URL [jar:file:/D:/apache-maven-3.8.8/mavenLib/io/springfox/springfox-swagger2/2.9.2/springfox-swagger2-2.9.2.jar!/springfox/documentation/swagger2/mappers/ParameterMapperImpl.class]
2025-04-16 22:18:06,668 DEBUG [main][ClassPathScanningCandidateComponentProvider.java:435] - Identified candidate component class: URL [jar:file:/D:/apache-maven-3.8.8/mavenLib/io/springfox/springfox-swagger2/2.9.2/springfox-swagger2-2.9.2.jar!/springfox/documentation/swagger2/mappers/ParameterMapperImpl.class]
2025-04-16 22:18:06,669 DEBUG [main][ClassPathScanningCandidateComponentProvider.java:435] - Identified candidate component class: URL [jar:file:/D:/apache-maven-3.8.8/mavenLib/io/springfox/springfox-swagger2/2.9.2/springfox-swagger2-2.9.2.jar!/springfox/documentation/swagger2/mappers/ModelMapperImpl.class]
2025-04-16 22:18:06,669 DEBUG [main][ClassPathScanningCandidateComponentProvider.java:435] - Identified candidate component class: URL [jar:file:/D:/apache-maven-3.8.8/mavenLib/io/springfox/springfox-swagger2/2.9.2/springfox-swagger2-2.9.2.jar!/springfox/documentation/swagger2/mappers/ModelMapperImpl.class]
2025-04-16 22:18:06,670 DEBUG [main][ClassPathScanningCandidateComponentProvider.java:435] - Identified candidate component class: URL [jar:file:/D:/apache-maven-3.8.8/mavenLib/io/springfox/springfox-swagger2/2.9.2/springfox-swagger2-2.9.2.jar!/springfox/documentation/swagger2/mappers/LicenseMapperImpl.class]
2025-04-16 22:18:06,670 DEBUG [main][ClassPathScanningCandidateComponentProvider.java:435] - Identified candidate component class: URL [jar:file:/D:/apache-maven-3.8.8/mavenLib/io/springfox/springfox-swagger2/2.9.2/springfox-swagger2-2.9.2.jar!/springfox/documentation/swagger2/mappers/LicenseMapperImpl.class]
2025-04-16 22:18:06,671 DEBUG [main][ClassPathScanningCandidateComponentProvider.java:435] - Identified candidate component class: URL [jar:file:/D:/apache-maven-3.8.8/mavenLib/io/springfox/springfox-swagger2/2.9.2/springfox-swagger2-2.9.2.jar!/springfox/documentation/swagger2/mappers/SecurityMapperImpl.class]
2025-04-16 22:18:06,671 DEBUG [main][ClassPathScanningCandidateComponentProvider.java:435] - Identified candidate component class: URL [jar:file:/D:/apache-maven-3.8.8/mavenLib/io/springfox/springfox-swagger2/2.9.2/springfox-swagger2-2.9.2.jar!/springfox/documentation/swagger2/mappers/SecurityMapperImpl.class]
2025-04-16 22:18:06,686 DEBUG [main][ClassPathScanningCandidateComponentProvider.java:435] - Identified candidate component class: URL [jar:file:/D:/apache-maven-3.8.8/mavenLib/io/springfox/springfox-spring-web/2.9.2/springfox-spring-web-2.9.2.jar!/springfox/documentation/spring/web/scanners/ApiListingReferenceScanner.class]
2025-04-16 22:18:06,686 DEBUG [main][ClassPathScanningCandidateComponentProvider.java:435] - Identified candidate component class: URL [jar:file:/D:/apache-maven-3.8.8/mavenLib/io/springfox/springfox-spring-web/2.9.2/springfox-spring-web-2.9.2.jar!/springfox/documentation/spring/web/scanners/ApiListingReferenceScanner.class]
2025-04-16 22:18:06,687 DEBUG [main][ClassPathScanningCandidateComponentProvider.java:435] - Identified candidate component class: URL [jar:file:/D:/apache-maven-3.8.8/mavenLib/io/springfox/springfox-spring-web/2.9.2/springfox-spring-web-2.9.2.jar!/springfox/documentation/spring/web/scanners/ApiDocumentationScanner.class]
2025-04-16 22:18:06,687 DEBUG [main][ClassPathScanningCandidateComponentProvider.java:435] - Identified candidate component class: URL [jar:file:/D:/apache-maven-3.8.8/mavenLib/io/springfox/springfox-spring-web/2.9.2/springfox-spring-web-2.9.2.jar!/springfox/documentation/spring/web/scanners/ApiDocumentationScanner.class]
2025-04-16 22:18:06,688 DEBUG [main][ClassPathScanningCandidateComponentProvider.java:435] - Identified candidate component class: URL [jar:file:/D:/apache-maven-3.8.8/mavenLib/io/springfox/springfox-spring-web/2.9.2/springfox-spring-web-2.9.2.jar!/springfox/documentation/spring/web/scanners/ApiDescriptionReader.class]
2025-04-16 22:18:06,688 DEBUG [main][ClassPathScanningCandidateComponentProvider.java:435] - Identified candidate component class: URL [jar:file:/D:/apache-maven-3.8.8/mavenLib/io/springfox/springfox-spring-web/2.9.2/springfox-spring-web-2.9.2.jar!/springfox/documentation/spring/web/scanners/ApiDescriptionReader.class]
2025-04-16 22:18:06,688 DEBUG [main][ClassPathScanningCandidateComponentProvider.java:435] - Identified candidate component class: URL [jar:file:/D:/apache-maven-3.8.8/mavenLib/io/springfox/springfox-spring-web/2.9.2/springfox-spring-web-2.9.2.jar!/springfox/documentation/spring/web/scanners/ApiListingReader.class]
2025-04-16 22:18:06,688 DEBUG [main][ClassPathScanningCandidateComponentProvider.java:435] - Identified candidate component class: URL [jar:file:/D:/apache-maven-3.8.8/mavenLib/io/springfox/springfox-spring-web/2.9.2/springfox-spring-web-2.9.2.jar!/springfox/documentation/spring/web/scanners/ApiListingReader.class]
2025-04-16 22:18:06,689 DEBUG [main][ClassPathScanningCandidateComponentProvider.java:435] - Identified candidate component class: URL [jar:file:/D:/apache-maven-3.8.8/mavenLib/io/springfox/springfox-spring-web/2.9.2/springfox-spring-web-2.9.2.jar!/springfox/documentation/spring/web/scanners/CachingOperationReader.class]
2025-04-16 22:18:06,689 DEBUG [main][ClassPathScanningCandidateComponentProvider.java:435] - Identified candidate component class: URL [jar:file:/D:/apache-maven-3.8.8/mavenLib/io/springfox/springfox-spring-web/2.9.2/springfox-spring-web-2.9.2.jar!/springfox/documentation/spring/web/scanners/CachingOperationReader.class]
2025-04-16 22:18:06,690 DEBUG [main][ClassPathScanningCandidateComponentProvider.java:435] - Identified candidate component class: URL [jar:file:/D:/apache-maven-3.8.8/mavenLib/io/springfox/springfox-spring-web/2.9.2/springfox-spring-web-2.9.2.jar!/springfox/documentation/spring/web/scanners/MediaTypeReader.class]
2025-04-16 22:18:06,690 DEBUG [main][ClassPathScanningCandidateComponentProvider.java:435] - Identified candidate component class: URL [jar:file:/D:/apache-maven-3.8.8/mavenLib/io/springfox/springfox-spring-web/2.9.2/springfox-spring-web-2.9.2.jar!/springfox/documentation/spring/web/scanners/MediaTypeReader.class]
2025-04-16 22:18:06,690 DEBUG [main][ClassPathScanningCandidateComponentProvider.java:435] - Identified candidate component class: URL [jar:file:/D:/apache-maven-3.8.8/mavenLib/io/springfox/springfox-spring-web/2.9.2/springfox-spring-web-2.9.2.jar!/springfox/documentation/spring/web/scanners/ApiListingScanner.class]
2025-04-16 22:18:06,690 DEBUG [main][ClassPathScanningCandidateComponentProvider.java:435] - Identified candidate component class: URL [jar:file:/D:/apache-maven-3.8.8/mavenLib/io/springfox/springfox-spring-web/2.9.2/springfox-spring-web-2.9.2.jar!/springfox/documentation/spring/web/scanners/ApiListingScanner.class]
2025-04-16 22:18:06,691 DEBUG [main][ClassPathScanningCandidateComponentProvider.java:435] - Identified candidate component class: URL [jar:file:/D:/apache-maven-3.8.8/mavenLib/io/springfox/springfox-spring-web/2.9.2/springfox-spring-web-2.9.2.jar!/springfox/documentation/spring/web/scanners/ApiModelReader.class]
2025-04-16 22:18:06,691 DEBUG [main][ClassPathScanningCandidateComponentProvider.java:435] - Identified candidate component class: URL [jar:file:/D:/apache-maven-3.8.8/mavenLib/io/springfox/springfox-spring-web/2.9.2/springfox-spring-web-2.9.2.jar!/springfox/documentation/spring/web/scanners/ApiModelReader.class]
2025-04-16 22:18:06,693 DEBUG [main][ClassPathScanningCandidateComponentProvider.java:435] - Identified candidate component class: URL [jar:file:/D:/apache-maven-3.8.8/mavenLib/io/springfox/springfox-spring-web/2.9.2/springfox-spring-web-2.9.2.jar!/springfox/documentation/spring/web/scanners/ApiDescriptionLookup.class]
2025-04-16 22:18:06,693 DEBUG [main][ClassPathScanningCandidateComponentProvider.java:435] - Identified candidate component class: URL [jar:file:/D:/apache-maven-3.8.8/mavenLib/io/springfox/springfox-spring-web/2.9.2/springfox-spring-web-2.9.2.jar!/springfox/documentation/spring/web/scanners/ApiDescriptionLookup.class]
2025-04-16 22:18:06,697 DEBUG [main][ClassPathScanningCandidateComponentProvider.java:435] - Identified candidate component class: URL [jar:file:/D:/apache-maven-3.8.8/mavenLib/io/springfox/springfox-spring-web/2.9.2/springfox-spring-web-2.9.2.jar!/springfox/documentation/spring/web/readers/operation/OperationModelsProvider.class]
2025-04-16 22:18:06,697 DEBUG [main][ClassPathScanningCandidateComponentProvider.java:435] - Identified candidate component class: URL [jar:file:/D:/apache-maven-3.8.8/mavenLib/io/springfox/springfox-spring-web/2.9.2/springfox-spring-web-2.9.2.jar!/springfox/documentation/spring/web/readers/operation/OperationModelsProvider.class]
2025-04-16 22:18:06,697 DEBUG [main][ClassPathScanningCandidateComponentProvider.java:435] - Identified candidate component class: URL [jar:file:/D:/apache-maven-3.8.8/mavenLib/io/springfox/springfox-spring-web/2.9.2/springfox-spring-web-2.9.2.jar!/springfox/documentation/spring/web/readers/operation/OperationDeprecatedReader.class]
2025-04-16 22:18:06,697 DEBUG [main][ClassPathScanningCandidateComponentProvider.java:435] - Identified candidate component class: URL [jar:file:/D:/apache-maven-3.8.8/mavenLib/io/springfox/springfox-spring-web/2.9.2/springfox-spring-web-2.9.2.jar!/springfox/documentation/spring/web/readers/operation/OperationDeprecatedReader.class]
2025-04-16 22:18:06,697 DEBUG [main][ClassPathScanningCandidateComponentProvider.java:435] - Identified candidate component class: URL [jar:file:/D:/apache-maven-3.8.8/mavenLib/io/springfox/springfox-spring-web/2.9.2/springfox-spring-web-2.9.2.jar!/springfox/documentation/spring/web/readers/operation/ResponseMessagesReader.class]
2025-04-16 22:18:06,697 DEBUG [main][ClassPathScanningCandidateComponentProvider.java:435] - Identified candidate component class: URL [jar:file:/D:/apache-maven-3.8.8/mavenLib/io/springfox/springfox-spring-web/2.9.2/springfox-spring-web-2.9.2.jar!/springfox/documentation/spring/web/readers/operation/ResponseMessagesReader.class]
2025-04-16 22:18:06,700 DEBUG [main][ClassPathScanningCandidateComponentProvider.java:435] - Identified candidate component class: URL [jar:file:/D:/apache-maven-3.8.8/mavenLib/io/springfox/springfox-spring-web/2.9.2/springfox-spring-web-2.9.2.jar!/springfox/documentation/spring/web/readers/operation/OperationParameterReader.class]
2025-04-16 22:18:06,700 DEBUG [main][ClassPathScanningCandidateComponentProvider.java:435] - Identified candidate component class: URL [jar:file:/D:/apache-maven-3.8.8/mavenLib/io/springfox/springfox-spring-web/2.9.2/springfox-spring-web-2.9.2.jar!/springfox/documentation/spring/web/readers/operation/OperationParameterReader.class]
2025-04-16 22:18:06,700 DEBUG [main][ClassPathScanningCandidateComponentProvider.java:435] - Identified candidate component class: URL [jar:file:/D:/apache-maven-3.8.8/mavenLib/io/springfox/springfox-spring-web/2.9.2/springfox-spring-web-2.9.2.jar!/springfox/documentation/spring/web/readers/operation/DefaultTagsProvider.class]
2025-04-16 22:18:06,700 DEBUG [main][ClassPathScanningCandidateComponentProvider.java:435] - Identified candidate component class: URL [jar:file:/D:/apache-maven-3.8.8/mavenLib/io/springfox/springfox-spring-web/2.9.2/springfox-spring-web-2.9.2.jar!/springfox/documentation/spring/web/readers/operation/DefaultTagsProvider.class]
2025-04-16 22:18:06,701 DEBUG [main][ClassPathScanningCandidateComponentProvider.java:435] - Identified candidate component class: URL [jar:file:/D:/apache-maven-3.8.8/mavenLib/io/springfox/springfox-spring-web/2.9.2/springfox-spring-web-2.9.2.jar!/springfox/documentation/spring/web/readers/operation/OperationTagsReader.class]
2025-04-16 22:18:06,701 DEBUG [main][ClassPathScanningCandidateComponentProvider.java:435] - Identified candidate component class: URL [jar:file:/D:/apache-maven-3.8.8/mavenLib/io/springfox/springfox-spring-web/2.9.2/springfox-spring-web-2.9.2.jar!/springfox/documentation/spring/web/readers/operation/OperationTagsReader.class]
2025-04-16 22:18:06,702 DEBUG [main][ClassPathScanningCandidateComponentProvider.java:435] - Identified candidate component class: URL [jar:file:/D:/apache-maven-3.8.8/mavenLib/io/springfox/springfox-spring-web/2.9.2/springfox-spring-web-2.9.2.jar!/springfox/documentation/spring/web/readers/operation/ApiOperationReader.class]
2025-04-16 22:18:06,702 DEBUG [main][ClassPathScanningCandidateComponentProvider.java:435] - Identified candidate component class: URL [jar:file:/D:/apache-maven-3.8.8/mavenLib/io/springfox/springfox-spring-web/2.9.2/springfox-spring-web-2.9.2.jar!/springfox/documentation/spring/web/readers/operation/ApiOperationReader.class]
2025-04-16 22:18:06,702 DEBUG [main][ClassPathScanningCandidateComponentProvider.java:435] - Identified candidate component class: URL [jar:file:/D:/apache-maven-3.8.8/mavenLib/io/springfox/springfox-spring-web/2.9.2/springfox-spring-web-2.9.2.jar!/springfox/documentation/spring/web/readers/operation/DefaultOperationReader.class]
2025-04-16 22:18:06,702 DEBUG [main][ClassPathScanningCandidateComponentProvider.java:435] - Identified candidate component class: URL [jar:file:/D:/apache-maven-3.8.8/mavenLib/io/springfox/springfox-spring-web/2.9.2/springfox-spring-web-2.9.2.jar!/springfox/documentation/spring/web/readers/operation/DefaultOperationReader.class]
2025-04-16 22:18:06,704 DEBUG [main][ClassPathScanningCandidateComponentProvider.java:435] - Identified candidate component class: URL [jar:file:/D:/apache-maven-3.8.8/mavenLib/io/springfox/springfox-spring-web/2.9.2/springfox-spring-web-2.9.2.jar!/springfox/documentation/spring/web/readers/operation/OperationParameterRequestConditionReader.class]
2025-04-16 22:18:06,704 DEBUG [main][ClassPathScanningCandidateComponentProvider.java:435] - Identified candidate component class: URL [jar:file:/D:/apache-maven-3.8.8/mavenLib/io/springfox/springfox-spring-web/2.9.2/springfox-spring-web-2.9.2.jar!/springfox/documentation/spring/web/readers/operation/OperationParameterRequestConditionReader.class]
2025-04-16 22:18:06,705 DEBUG [main][ClassPathScanningCandidateComponentProvider.java:435] - Identified candidate component class: URL [jar:file:/D:/apache-maven-3.8.8/mavenLib/io/springfox/springfox-spring-web/2.9.2/springfox-spring-web-2.9.2.jar!/springfox/documentation/spring/web/readers/operation/OperationParameterHeadersConditionReader.class]
2025-04-16 22:18:06,705 DEBUG [main][ClassPathScanningCandidateComponentProvider.java:435] - Identified candidate component class: URL [jar:file:/D:/apache-maven-3.8.8/mavenLib/io/springfox/springfox-spring-web/2.9.2/springfox-spring-web-2.9.2.jar!/springfox/documentation/spring/web/readers/operation/OperationParameterHeadersConditionReader.class]
2025-04-16 22:18:06,706 DEBUG [main][ClassPathScanningCandidateComponentProvider.java:435] - Identified candidate component class: URL [jar:file:/D:/apache-maven-3.8.8/mavenLib/io/springfox/springfox-spring-web/2.9.2/springfox-spring-web-2.9.2.jar!/springfox/documentation/spring/web/readers/operation/OperationResponseClassReader.class]
2025-04-16 22:18:06,706 DEBUG [main][ClassPathScanningCandidateComponentProvider.java:435] - Identified candidate component class: URL [jar:file:/D:/apache-maven-3.8.8/mavenLib/io/springfox/springfox-spring-web/2.9.2/springfox-spring-web-2.9.2.jar!/springfox/documentation/spring/web/readers/operation/OperationResponseClassReader.class]
2025-04-16 22:18:06,707 DEBUG [main][ClassPathScanningCandidateComponentProvider.java:435] - Identified candidate component class: URL [jar:file:/D:/apache-maven-3.8.8/mavenLib/io/springfox/springfox-spring-web/2.9.2/springfox-spring-web-2.9.2.jar!/springfox/documentation/spring/web/readers/operation/CachingOperationNameGenerator.class]
2025-04-16 22:18:06,707 DEBUG [main][ClassPathScanningCandidateComponentProvider.java:435] - Identified candidate component class: URL [jar:file:/D:/apache-maven-3.8.8/mavenLib/io/springfox/springfox-spring-web/2.9.2/springfox-spring-web-2.9.2.jar!/springfox/documentation/spring/web/readers/operation/CachingOperationNameGenerator.class]
2025-04-16 22:18:06,711 DEBUG [main][ClassPathScanningCandidateComponentProvider.java:435] - Identified candidate component class: URL [jar:file:/D:/apache-maven-3.8.8/mavenLib/io/springfox/springfox-spring-web/2.9.2/springfox-spring-web-2.9.2.jar!/springfox/documentation/spring/web/readers/parameter/ParameterMultiplesReader.class]
2025-04-16 22:18:06,711 DEBUG [main][ClassPathScanningCandidateComponentProvider.java:435] - Identified candidate component class: URL [jar:file:/D:/apache-maven-3.8.8/mavenLib/io/springfox/springfox-spring-web/2.9.2/springfox-spring-web-2.9.2.jar!/springfox/documentation/spring/web/readers/parameter/ParameterMultiplesReader.class]
2025-04-16 22:18:06,713 DEBUG [main][ClassPathScanningCandidateComponentProvider.java:435] - Identified candidate component class: URL [jar:file:/D:/apache-maven-3.8.8/mavenLib/io/springfox/springfox-spring-web/2.9.2/springfox-spring-web-2.9.2.jar!/springfox/documentation/spring/web/readers/parameter/ModelAttributeParameterExpander.class]
2025-04-16 22:18:06,713 DEBUG [main][ClassPathScanningCandidateComponentProvider.java:435] - Identified candidate component class: URL [jar:file:/D:/apache-maven-3.8.8/mavenLib/io/springfox/springfox-spring-web/2.9.2/springfox-spring-web-2.9.2.jar!/springfox/documentation/spring/web/readers/parameter/ModelAttributeParameterExpander.class]
2025-04-16 22:18:06,715 DEBUG [main][ClassPathScanningCandidateComponentProvider.java:435] - Identified candidate component class: URL [jar:file:/D:/apache-maven-3.8.8/mavenLib/io/springfox/springfox-spring-web/2.9.2/springfox-spring-web-2.9.2.jar!/springfox/documentation/spring/web/readers/parameter/ParameterTypeReader.class]
2025-04-16 22:18:06,715 DEBUG [main][ClassPathScanningCandidateComponentProvider.java:435] - Identified candidate component class: URL [jar:file:/D:/apache-maven-3.8.8/mavenLib/io/springfox/springfox-spring-web/2.9.2/springfox-spring-web-2.9.2.jar!/springfox/documentation/spring/web/readers/parameter/ParameterTypeReader.class]
2025-04-16 22:18:06,716 DEBUG [main][ClassPathScanningCandidateComponentProvider.java:435] - Identified candidate component class: URL [jar:file:/D:/apache-maven-3.8.8/mavenLib/io/springfox/springfox-spring-web/2.9.2/springfox-spring-web-2.9.2.jar!/springfox/documentation/spring/web/readers/parameter/ParameterRequiredReader.class]
2025-04-16 22:18:06,716 DEBUG [main][ClassPathScanningCandidateComponentProvider.java:435] - Identified candidate component class: URL [jar:file:/D:/apache-maven-3.8.8/mavenLib/io/springfox/springfox-spring-web/2.9.2/springfox-spring-web-2.9.2.jar!/springfox/documentation/spring/web/readers/parameter/ParameterRequiredReader.class]
2025-04-16 22:18:06,719 DEBUG [main][ClassPathScanningCandidateComponentProvider.java:435] - Identified candidate component class: URL [jar:file:/D:/apache-maven-3.8.8/mavenLib/io/springfox/springfox-spring-web/2.9.2/springfox-spring-web-2.9.2.jar!/springfox/documentation/spring/web/readers/parameter/ParameterDataTypeReader.class]
2025-04-16 22:18:06,719 DEBUG [main][ClassPathScanningCandidateComponentProvider.java:435] - Identified candidate component class: URL [jar:file:/D:/apache-maven-3.8.8/mavenLib/io/springfox/springfox-spring-web/2.9.2/springfox-spring-web-2.9.2.jar!/springfox/documentation/spring/web/readers/parameter/ParameterDataTypeReader.class]
2025-04-16 22:18:06,719 DEBUG [main][ClassPathScanningCandidateComponentProvider.java:435] - Identified candidate component class: URL [jar:file:/D:/apache-maven-3.8.8/mavenLib/io/springfox/springfox-spring-web/2.9.2/springfox-spring-web-2.9.2.jar!/springfox/documentation/spring/web/readers/parameter/ParameterDefaultReader.class]
2025-04-16 22:18:06,719 DEBUG [main][ClassPathScanningCandidateComponentProvider.java:435] - Identified candidate component class: URL [jar:file:/D:/apache-maven-3.8.8/mavenLib/io/springfox/springfox-spring-web/2.9.2/springfox-spring-web-2.9.2.jar!/springfox/documentation/spring/web/readers/parameter/ParameterDefaultReader.class]
2025-04-16 22:18:06,720 DEBUG [main][ClassPathScanningCandidateComponentProvider.java:435] - Identified candidate component class: URL [jar:file:/D:/apache-maven-3.8.8/mavenLib/io/springfox/springfox-spring-web/2.9.2/springfox-spring-web-2.9.2.jar!/springfox/documentation/spring/web/readers/parameter/ParameterNameReader.class]
2025-04-16 22:18:06,720 DEBUG [main][ClassPathScanningCandidateComponentProvider.java:435] - Identified candidate component class: URL [jar:file:/D:/apache-maven-3.8.8/mavenLib/io/springfox/springfox-spring-web/2.9.2/springfox-spring-web-2.9.2.jar!/springfox/documentation/spring/web/readers/parameter/ParameterNameReader.class]
2025-04-16 22:18:06,721 DEBUG [main][ClassPathScanningCandidateComponentProvider.java:435] - Identified candidate component class: URL [jar:file:/D:/apache-maven-3.8.8/mavenLib/io/springfox/springfox-spring-web/2.9.2/springfox-spring-web-2.9.2.jar!/springfox/documentation/spring/web/readers/parameter/ExpandedParameterBuilder.class]
2025-04-16 22:18:06,721 DEBUG [main][ClassPathScanningCandidateComponentProvider.java:435] - Identified candidate component class: URL [jar:file:/D:/apache-maven-3.8.8/mavenLib/io/springfox/springfox-spring-web/2.9.2/springfox-spring-web-2.9.2.jar!/springfox/documentation/spring/web/readers/parameter/ExpandedParameterBuilder.class]
2025-04-16 22:18:06,735 DEBUG [main][ClassPathScanningCandidateComponentProvider.java:435] - Identified candidate component class: URL [jar:file:/D:/apache-maven-3.8.8/mavenLib/io/springfox/springfox-spring-web/2.9.2/springfox-spring-web-2.9.2.jar!/springfox/documentation/spring/web/plugins/DocumentationPluginsBootstrapper.class]
2025-04-16 22:18:06,735 DEBUG [main][ClassPathScanningCandidateComponentProvider.java:435] - Identified candidate component class: URL [jar:file:/D:/apache-maven-3.8.8/mavenLib/io/springfox/springfox-spring-web/2.9.2/springfox-spring-web-2.9.2.jar!/springfox/documentation/spring/web/plugins/DocumentationPluginsBootstrapper.class]
2025-04-16 22:18:06,737 DEBUG [main][ClassPathScanningCandidateComponentProvider.java:435] - Identified candidate component class: URL [jar:file:/D:/apache-maven-3.8.8/mavenLib/io/springfox/springfox-spring-web/2.9.2/springfox-spring-web-2.9.2.jar!/springfox/documentation/spring/web/plugins/WebMvcRequestHandlerProvider.class]
2025-04-16 22:18:06,737 DEBUG [main][ClassPathScanningCandidateComponentProvider.java:435] - Identified candidate component class: URL [jar:file:/D:/apache-maven-3.8.8/mavenLib/io/springfox/springfox-spring-web/2.9.2/springfox-spring-web-2.9.2.jar!/springfox/documentation/spring/web/plugins/WebMvcRequestHandlerProvider.class]
2025-04-16 22:18:06,737 DEBUG [main][ClassPathScanningCandidateComponentProvider.java:435] - Identified candidate component class: URL [jar:file:/D:/apache-maven-3.8.8/mavenLib/io/springfox/springfox-spring-web/2.9.2/springfox-spring-web-2.9.2.jar!/springfox/documentation/spring/web/plugins/DocumentationPluginsManager.class]
2025-04-16 22:18:06,737 DEBUG [main][ClassPathScanningCandidateComponentProvider.java:435] - Identified candidate component class: URL [jar:file:/D:/apache-maven-3.8.8/mavenLib/io/springfox/springfox-spring-web/2.9.2/springfox-spring-web-2.9.2.jar!/springfox/documentation/spring/web/plugins/DocumentationPluginsManager.class]
2025-04-16 22:18:06,739 DEBUG [main][ClassPathScanningCandidateComponentProvider.java:435] - Identified candidate component class: URL [jar:file:/D:/apache-maven-3.8.8/mavenLib/io/springfox/springfox-spring-web/2.9.2/springfox-spring-web-2.9.2.jar!/springfox/documentation/spring/web/paths/QueryStringUriTemplateDecorator.class]
2025-04-16 22:18:06,739 DEBUG [main][ClassPathScanningCandidateComponentProvider.java:435] - Identified candidate component class: URL [jar:file:/D:/apache-maven-3.8.8/mavenLib/io/springfox/springfox-spring-web/2.9.2/springfox-spring-web-2.9.2.jar!/springfox/documentation/spring/web/paths/QueryStringUriTemplateDecorator.class]
2025-04-16 22:18:06,740 DEBUG [main][ClassPathScanningCandidateComponentProvider.java:435] - Identified candidate component class: URL [jar:file:/D:/apache-maven-3.8.8/mavenLib/io/springfox/springfox-spring-web/2.9.2/springfox-spring-web-2.9.2.jar!/springfox/documentation/spring/web/paths/PathMappingDecorator.class]
2025-04-16 22:18:06,740 DEBUG [main][ClassPathScanningCandidateComponentProvider.java:435] - Identified candidate component class: URL [jar:file:/D:/apache-maven-3.8.8/mavenLib/io/springfox/springfox-spring-web/2.9.2/springfox-spring-web-2.9.2.jar!/springfox/documentation/spring/web/paths/PathMappingDecorator.class]
2025-04-16 22:18:06,740 DEBUG [main][ClassPathScanningCandidateComponentProvider.java:435] - Identified candidate component class: URL [jar:file:/D:/apache-maven-3.8.8/mavenLib/io/springfox/springfox-spring-web/2.9.2/springfox-spring-web-2.9.2.jar!/springfox/documentation/spring/web/paths/PathSanitizer.class]
2025-04-16 22:18:06,740 DEBUG [main][ClassPathScanningCandidateComponentProvider.java:435] - Identified candidate component class: URL [jar:file:/D:/apache-maven-3.8.8/mavenLib/io/springfox/springfox-spring-web/2.9.2/springfox-spring-web-2.9.2.jar!/springfox/documentation/spring/web/paths/PathSanitizer.class]
2025-04-16 22:18:06,743 DEBUG [main][ClassPathScanningCandidateComponentProvider.java:435] - Identified candidate component class: URL [jar:file:/D:/apache-maven-3.8.8/mavenLib/io/springfox/springfox-spring-web/2.9.2/springfox-spring-web-2.9.2.jar!/springfox/documentation/spring/web/paths/OperationPathDecorator.class]
2025-04-16 22:18:06,743 DEBUG [main][ClassPathScanningCandidateComponentProvider.java:435] - Identified candidate component class: URL [jar:file:/D:/apache-maven-3.8.8/mavenLib/io/springfox/springfox-spring-web/2.9.2/springfox-spring-web-2.9.2.jar!/springfox/documentation/spring/web/paths/OperationPathDecorator.class]
2025-04-16 22:18:06,777 DEBUG [main][ClassPathScanningCandidateComponentProvider.java:435] - Identified candidate component class: URL [jar:file:/D:/apache-maven-3.8.8/mavenLib/io/springfox/springfox-schema/2.9.2/springfox-schema-2.9.2.jar!/springfox/documentation/schema/CachingModelDependencyProvider.class]
2025-04-16 22:18:06,777 DEBUG [main][ClassPathScanningCandidateComponentProvider.java:435] - Identified candidate component class: URL [jar:file:/D:/apache-maven-3.8.8/mavenLib/io/springfox/springfox-schema/2.9.2/springfox-schema-2.9.2.jar!/springfox/documentation/schema/CachingModelDependencyProvider.class]
2025-04-16 22:18:06,778 DEBUG [main][ClassPathScanningCandidateComponentProvider.java:435] - Identified candidate component class: URL [jar:file:/D:/apache-maven-3.8.8/mavenLib/io/springfox/springfox-schema/2.9.2/springfox-schema-2.9.2.jar!/springfox/documentation/schema/TypeNameExtractor.class]
2025-04-16 22:18:06,778 DEBUG [main][ClassPathScanningCandidateComponentProvider.java:435] - Identified candidate component class: URL [jar:file:/D:/apache-maven-3.8.8/mavenLib/io/springfox/springfox-schema/2.9.2/springfox-schema-2.9.2.jar!/springfox/documentation/schema/TypeNameExtractor.class]
2025-04-16 22:18:06,779 DEBUG [main][ClassPathScanningCandidateComponentProvider.java:435] - Identified candidate component class: URL [jar:file:/D:/apache-maven-3.8.8/mavenLib/io/springfox/springfox-schema/2.9.2/springfox-schema-2.9.2.jar!/springfox/documentation/schema/plugins/PropertyDiscriminatorBasedInheritancePlugin.class]
2025-04-16 22:18:06,779 DEBUG [main][ClassPathScanningCandidateComponentProvider.java:435] - Identified candidate component class: URL [jar:file:/D:/apache-maven-3.8.8/mavenLib/io/springfox/springfox-schema/2.9.2/springfox-schema-2.9.2.jar!/springfox/documentation/schema/plugins/PropertyDiscriminatorBasedInheritancePlugin.class]
2025-04-16 22:18:06,780 DEBUG [main][ClassPathScanningCandidateComponentProvider.java:435] - Identified candidate component class: URL [jar:file:/D:/apache-maven-3.8.8/mavenLib/io/springfox/springfox-schema/2.9.2/springfox-schema-2.9.2.jar!/springfox/documentation/schema/plugins/XmlModelPlugin.class]
2025-04-16 22:18:06,780 DEBUG [main][ClassPathScanningCandidateComponentProvider.java:435] - Identified candidate component class: URL [jar:file:/D:/apache-maven-3.8.8/mavenLib/io/springfox/springfox-schema/2.9.2/springfox-schema-2.9.2.jar!/springfox/documentation/schema/plugins/XmlModelPlugin.class]
2025-04-16 22:18:06,780 DEBUG [main][ClassPathScanningCandidateComponentProvider.java:435] - Identified candidate component class: URL [jar:file:/D:/apache-maven-3.8.8/mavenLib/io/springfox/springfox-schema/2.9.2/springfox-schema-2.9.2.jar!/springfox/documentation/schema/plugins/SchemaPluginsManager.class]
2025-04-16 22:18:06,780 DEBUG [main][ClassPathScanningCandidateComponentProvider.java:435] - Identified candidate component class: URL [jar:file:/D:/apache-maven-3.8.8/mavenLib/io/springfox/springfox-schema/2.9.2/springfox-schema-2.9.2.jar!/springfox/documentation/schema/plugins/SchemaPluginsManager.class]
2025-04-16 22:18:06,781 DEBUG [main][ClassPathScanningCandidateComponentProvider.java:435] - Identified candidate component class: URL [jar:file:/D:/apache-maven-3.8.8/mavenLib/io/springfox/springfox-schema/2.9.2/springfox-schema-2.9.2.jar!/springfox/documentation/schema/property/CachingModelPropertiesProvider.class]
2025-04-16 22:18:06,781 DEBUG [main][ClassPathScanningCandidateComponentProvider.java:435] - Identified candidate component class: URL [jar:file:/D:/apache-maven-3.8.8/mavenLib/io/springfox/springfox-schema/2.9.2/springfox-schema-2.9.2.jar!/springfox/documentation/schema/property/CachingModelPropertiesProvider.class]
2025-04-16 22:18:06,782 DEBUG [main][ClassPathScanningCandidateComponentProvider.java:435] - Identified candidate component class: URL [jar:file:/D:/apache-maven-3.8.8/mavenLib/io/springfox/springfox-schema/2.9.2/springfox-schema-2.9.2.jar!/springfox/documentation/schema/property/ObjectMapperBeanPropertyNamingStrategy.class]
2025-04-16 22:18:06,782 DEBUG [main][ClassPathScanningCandidateComponentProvider.java:435] - Identified candidate component class: URL [jar:file:/D:/apache-maven-3.8.8/mavenLib/io/springfox/springfox-schema/2.9.2/springfox-schema-2.9.2.jar!/springfox/documentation/schema/property/ObjectMapperBeanPropertyNamingStrategy.class]
2025-04-16 22:18:06,783 DEBUG [main][ClassPathScanningCandidateComponentProvider.java:435] - Identified candidate component class: URL [jar:file:/D:/apache-maven-3.8.8/mavenLib/io/springfox/springfox-schema/2.9.2/springfox-schema-2.9.2.jar!/springfox/documentation/schema/property/bean/AccessorsProvider.class]
2025-04-16 22:18:06,783 DEBUG [main][ClassPathScanningCandidateComponentProvider.java:435] - Identified candidate component class: URL [jar:file:/D:/apache-maven-3.8.8/mavenLib/io/springfox/springfox-schema/2.9.2/springfox-schema-2.9.2.jar!/springfox/documentation/schema/property/bean/AccessorsProvider.class]
2025-04-16 22:18:06,784 DEBUG [main][ClassPathScanningCandidateComponentProvider.java:435] - Identified candidate component class: URL [jar:file:/D:/apache-maven-3.8.8/mavenLib/io/springfox/springfox-schema/2.9.2/springfox-schema-2.9.2.jar!/springfox/documentation/schema/property/field/FieldProvider.class]
2025-04-16 22:18:06,784 DEBUG [main][ClassPathScanningCandidateComponentProvider.java:435] - Identified candidate component class: URL [jar:file:/D:/apache-maven-3.8.8/mavenLib/io/springfox/springfox-schema/2.9.2/springfox-schema-2.9.2.jar!/springfox/documentation/schema/property/field/FieldProvider.class]
2025-04-16 22:18:06,790 DEBUG [main][ClassPathScanningCandidateComponentProvider.java:435] - Identified candidate component class: URL [jar:file:/D:/apache-maven-3.8.8/mavenLib/io/springfox/springfox-schema/2.9.2/springfox-schema-2.9.2.jar!/springfox/documentation/schema/property/XmlPropertyPlugin.class]
2025-04-16 22:18:06,790 DEBUG [main][ClassPathScanningCandidateComponentProvider.java:435] - Identified candidate component class: URL [jar:file:/D:/apache-maven-3.8.8/mavenLib/io/springfox/springfox-schema/2.9.2/springfox-schema-2.9.2.jar!/springfox/documentation/schema/property/XmlPropertyPlugin.class]
2025-04-16 22:18:06,790 DEBUG [main][ClassPathScanningCandidateComponentProvider.java:435] - Identified candidate component class: URL [jar:file:/D:/apache-maven-3.8.8/mavenLib/io/springfox/springfox-schema/2.9.2/springfox-schema-2.9.2.jar!/springfox/documentation/schema/property/OptimizedModelPropertiesProvider.class]
2025-04-16 22:18:06,790 DEBUG [main][ClassPathScanningCandidateComponentProvider.java:435] - Identified candidate component class: URL [jar:file:/D:/apache-maven-3.8.8/mavenLib/io/springfox/springfox-schema/2.9.2/springfox-schema-2.9.2.jar!/springfox/documentation/schema/property/OptimizedModelPropertiesProvider.class]
2025-04-16 22:18:06,791 DEBUG [main][ClassPathScanningCandidateComponentProvider.java:435] - Identified candidate component class: URL [jar:file:/D:/apache-maven-3.8.8/mavenLib/io/springfox/springfox-schema/2.9.2/springfox-schema-2.9.2.jar!/springfox/documentation/schema/property/FactoryMethodProvider.class]
2025-04-16 22:18:06,791 DEBUG [main][ClassPathScanningCandidateComponentProvider.java:435] - Identified candidate component class: URL [jar:file:/D:/apache-maven-3.8.8/mavenLib/io/springfox/springfox-schema/2.9.2/springfox-schema-2.9.2.jar!/springfox/documentation/schema/property/FactoryMethodProvider.class]
2025-04-16 22:18:06,800 DEBUG [main][ClassPathScanningCandidateComponentProvider.java:435] - Identified candidate component class: URL [jar:file:/D:/apache-maven-3.8.8/mavenLib/io/springfox/springfox-schema/2.9.2/springfox-schema-2.9.2.jar!/springfox/documentation/schema/CachingModelProvider.class]
2025-04-16 22:18:06,800 DEBUG [main][ClassPathScanningCandidateComponentProvider.java:435] - Identified candidate component class: URL [jar:file:/D:/apache-maven-3.8.8/mavenLib/io/springfox/springfox-schema/2.9.2/springfox-schema-2.9.2.jar!/springfox/documentation/schema/CachingModelProvider.class]
2025-04-16 22:18:06,801 DEBUG [main][ClassPathScanningCandidateComponentProvider.java:435] - Identified candidate component class: URL [jar:file:/D:/apache-maven-3.8.8/mavenLib/io/springfox/springfox-schema/2.9.2/springfox-schema-2.9.2.jar!/springfox/documentation/schema/DefaultModelDependencyProvider.class]
2025-04-16 22:18:06,801 DEBUG [main][ClassPathScanningCandidateComponentProvider.java:435] - Identified candidate component class: URL [jar:file:/D:/apache-maven-3.8.8/mavenLib/io/springfox/springfox-schema/2.9.2/springfox-schema-2.9.2.jar!/springfox/documentation/schema/DefaultModelDependencyProvider.class]
2025-04-16 22:18:06,801 DEBUG [main][ClassPathScanningCandidateComponentProvider.java:435] - Identified candidate component class: URL [jar:file:/D:/apache-maven-3.8.8/mavenLib/io/springfox/springfox-schema/2.9.2/springfox-schema-2.9.2.jar!/springfox/documentation/schema/JacksonEnumTypeDeterminer.class]
2025-04-16 22:18:06,801 DEBUG [main][ClassPathScanningCandidateComponentProvider.java:435] - Identified candidate component class: URL [jar:file:/D:/apache-maven-3.8.8/mavenLib/io/springfox/springfox-schema/2.9.2/springfox-schema-2.9.2.jar!/springfox/documentation/schema/JacksonEnumTypeDeterminer.class]
2025-04-16 22:18:06,803 DEBUG [main][ClassPathScanningCandidateComponentProvider.java:435] - Identified candidate component class: URL [jar:file:/D:/apache-maven-3.8.8/mavenLib/io/springfox/springfox-schema/2.9.2/springfox-schema-2.9.2.jar!/springfox/documentation/schema/DefaultModelProvider.class]
2025-04-16 22:18:06,803 DEBUG [main][ClassPathScanningCandidateComponentProvider.java:435] - Identified candidate component class: URL [jar:file:/D:/apache-maven-3.8.8/mavenLib/io/springfox/springfox-schema/2.9.2/springfox-schema-2.9.2.jar!/springfox/documentation/schema/DefaultModelProvider.class]
2025-04-16 22:18:06,827 DEBUG [main][ClassPathScanningCandidateComponentProvider.java:435] - Identified candidate component class: URL [jar:file:/D:/apache-maven-3.8.8/mavenLib/io/springfox/springfox-swagger-common/2.9.2/springfox-swagger-common-2.9.2.jar!/springfox/documentation/swagger/schema/ApiModelPropertyPropertyBuilder.class]
2025-04-16 22:18:06,827 DEBUG [main][ClassPathScanningCandidateComponentProvider.java:435] - Identified candidate component class: URL [jar:file:/D:/apache-maven-3.8.8/mavenLib/io/springfox/springfox-swagger-common/2.9.2/springfox-swagger-common-2.9.2.jar!/springfox/documentation/swagger/schema/ApiModelPropertyPropertyBuilder.class]
2025-04-16 22:18:06,827 DEBUG [main][ClassPathScanningCandidateComponentProvider.java:435] - Identified candidate component class: URL [jar:file:/D:/apache-maven-3.8.8/mavenLib/io/springfox/springfox-swagger-common/2.9.2/springfox-swagger-common-2.9.2.jar!/springfox/documentation/swagger/schema/ApiModelTypeNameProvider.class]
2025-04-16 22:18:06,827 DEBUG [main][ClassPathScanningCandidateComponentProvider.java:435] - Identified candidate component class: URL [jar:file:/D:/apache-maven-3.8.8/mavenLib/io/springfox/springfox-swagger-common/2.9.2/springfox-swagger-common-2.9.2.jar!/springfox/documentation/swagger/schema/ApiModelTypeNameProvider.class]
2025-04-16 22:18:06,828 DEBUG [main][ClassPathScanningCandidateComponentProvider.java:435] - Identified candidate component class: URL [jar:file:/D:/apache-maven-3.8.8/mavenLib/io/springfox/springfox-swagger-common/2.9.2/springfox-swagger-common-2.9.2.jar!/springfox/documentation/swagger/schema/ApiModelBuilder.class]
2025-04-16 22:18:06,828 DEBUG [main][ClassPathScanningCandidateComponentProvider.java:435] - Identified candidate component class: URL [jar:file:/D:/apache-maven-3.8.8/mavenLib/io/springfox/springfox-swagger-common/2.9.2/springfox-swagger-common-2.9.2.jar!/springfox/documentation/swagger/schema/ApiModelBuilder.class]
2025-04-16 22:18:06,831 DEBUG [main][ClassPathScanningCandidateComponentProvider.java:435] - Identified candidate component class: URL [jar:file:/D:/apache-maven-3.8.8/mavenLib/io/springfox/springfox-swagger-common/2.9.2/springfox-swagger-common-2.9.2.jar!/springfox/documentation/swagger/readers/operation/OperationImplicitParameterReader.class]
2025-04-16 22:18:06,831 DEBUG [main][ClassPathScanningCandidateComponentProvider.java:435] - Identified candidate component class: URL [jar:file:/D:/apache-maven-3.8.8/mavenLib/io/springfox/springfox-swagger-common/2.9.2/springfox-swagger-common-2.9.2.jar!/springfox/documentation/swagger/readers/operation/OperationImplicitParameterReader.class]
2025-04-16 22:18:06,832 DEBUG [main][ClassPathScanningCandidateComponentProvider.java:435] - Identified candidate component class: URL [jar:file:/D:/apache-maven-3.8.8/mavenLib/io/springfox/springfox-swagger-common/2.9.2/springfox-swagger-common-2.9.2.jar!/springfox/documentation/swagger/readers/operation/VendorExtensionsReader.class]
2025-04-16 22:18:06,832 DEBUG [main][ClassPathScanningCandidateComponentProvider.java:435] - Identified candidate component class: URL [jar:file:/D:/apache-maven-3.8.8/mavenLib/io/springfox/springfox-swagger-common/2.9.2/springfox-swagger-common-2.9.2.jar!/springfox/documentation/swagger/readers/operation/VendorExtensionsReader.class]
2025-04-16 22:18:06,832 DEBUG [main][ClassPathScanningCandidateComponentProvider.java:435] - Identified candidate component class: URL [jar:file:/D:/apache-maven-3.8.8/mavenLib/io/springfox/springfox-swagger-common/2.9.2/springfox-swagger-common-2.9.2.jar!/springfox/documentation/swagger/readers/operation/SwaggerOperationResponseClassReader.class]
2025-04-16 22:18:06,832 DEBUG [main][ClassPathScanningCandidateComponentProvider.java:435] - Identified candidate component class: URL [jar:file:/D:/apache-maven-3.8.8/mavenLib/io/springfox/springfox-swagger-common/2.9.2/springfox-swagger-common-2.9.2.jar!/springfox/documentation/swagger/readers/operation/SwaggerOperationResponseClassReader.class]
2025-04-16 22:18:06,833 DEBUG [main][ClassPathScanningCandidateComponentProvider.java:435] - Identified candidate component class: URL [jar:file:/D:/apache-maven-3.8.8/mavenLib/io/springfox/springfox-swagger-common/2.9.2/springfox-swagger-common-2.9.2.jar!/springfox/documentation/swagger/readers/operation/SwaggerOperationModelsProvider.class]
2025-04-16 22:18:06,833 DEBUG [main][ClassPathScanningCandidateComponentProvider.java:435] - Identified candidate component class: URL [jar:file:/D:/apache-maven-3.8.8/mavenLib/io/springfox/springfox-swagger-common/2.9.2/springfox-swagger-common-2.9.2.jar!/springfox/documentation/swagger/readers/operation/SwaggerOperationModelsProvider.class]
2025-04-16 22:18:06,834 DEBUG [main][ClassPathScanningCandidateComponentProvider.java:435] - Identified candidate component class: URL [jar:file:/D:/apache-maven-3.8.8/mavenLib/io/springfox/springfox-swagger-common/2.9.2/springfox-swagger-common-2.9.2.jar!/springfox/documentation/swagger/readers/operation/SwaggerMediaTypeReader.class]
2025-04-16 22:18:06,834 DEBUG [main][ClassPathScanningCandidateComponentProvider.java:435] - Identified candidate component class: URL [jar:file:/D:/apache-maven-3.8.8/mavenLib/io/springfox/springfox-swagger-common/2.9.2/springfox-swagger-common-2.9.2.jar!/springfox/documentation/swagger/readers/operation/SwaggerMediaTypeReader.class]
2025-04-16 22:18:06,834 DEBUG [main][ClassPathScanningCandidateComponentProvider.java:435] - Identified candidate component class: URL [jar:file:/D:/apache-maven-3.8.8/mavenLib/io/springfox/springfox-swagger-common/2.9.2/springfox-swagger-common-2.9.2.jar!/springfox/documentation/swagger/readers/operation/OperationHttpMethodReader.class]
2025-04-16 22:18:06,834 DEBUG [main][ClassPathScanningCandidateComponentProvider.java:435] - Identified candidate component class: URL [jar:file:/D:/apache-maven-3.8.8/mavenLib/io/springfox/springfox-swagger-common/2.9.2/springfox-swagger-common-2.9.2.jar!/springfox/documentation/swagger/readers/operation/OperationHttpMethodReader.class]
2025-04-16 22:18:06,835 DEBUG [main][ClassPathScanningCandidateComponentProvider.java:435] - Identified candidate component class: URL [jar:file:/D:/apache-maven-3.8.8/mavenLib/io/springfox/springfox-swagger-common/2.9.2/springfox-swagger-common-2.9.2.jar!/springfox/documentation/swagger/readers/operation/OperationImplicitParametersReader.class]
2025-04-16 22:18:06,835 DEBUG [main][ClassPathScanningCandidateComponentProvider.java:435] - Identified candidate component class: URL [jar:file:/D:/apache-maven-3.8.8/mavenLib/io/springfox/springfox-swagger-common/2.9.2/springfox-swagger-common-2.9.2.jar!/springfox/documentation/swagger/readers/operation/OperationImplicitParametersReader.class]
2025-04-16 22:18:06,835 DEBUG [main][ClassPathScanningCandidateComponentProvider.java:435] - Identified candidate component class: URL [jar:file:/D:/apache-maven-3.8.8/mavenLib/io/springfox/springfox-swagger-common/2.9.2/springfox-swagger-common-2.9.2.jar!/springfox/documentation/swagger/readers/operation/OperationAuthReader.class]
2025-04-16 22:18:06,835 DEBUG [main][ClassPathScanningCandidateComponentProvider.java:435] - Identified candidate component class: URL [jar:file:/D:/apache-maven-3.8.8/mavenLib/io/springfox/springfox-swagger-common/2.9.2/springfox-swagger-common-2.9.2.jar!/springfox/documentation/swagger/readers/operation/OperationAuthReader.class]
2025-04-16 22:18:06,836 DEBUG [main][ClassPathScanningCandidateComponentProvider.java:435] - Identified candidate component class: URL [jar:file:/D:/apache-maven-3.8.8/mavenLib/io/springfox/springfox-swagger-common/2.9.2/springfox-swagger-common-2.9.2.jar!/springfox/documentation/swagger/readers/operation/OperationHiddenReader.class]
2025-04-16 22:18:06,836 DEBUG [main][ClassPathScanningCandidateComponentProvider.java:435] - Identified candidate component class: URL [jar:file:/D:/apache-maven-3.8.8/mavenLib/io/springfox/springfox-swagger-common/2.9.2/springfox-swagger-common-2.9.2.jar!/springfox/documentation/swagger/readers/operation/OperationHiddenReader.class]
2025-04-16 22:18:06,836 DEBUG [main][ClassPathScanningCandidateComponentProvider.java:435] - Identified candidate component class: URL [jar:file:/D:/apache-maven-3.8.8/mavenLib/io/springfox/springfox-swagger-common/2.9.2/springfox-swagger-common-2.9.2.jar!/springfox/documentation/swagger/readers/operation/OperationSummaryReader.class]
2025-04-16 22:18:06,836 DEBUG [main][ClassPathScanningCandidateComponentProvider.java:435] - Identified candidate component class: URL [jar:file:/D:/apache-maven-3.8.8/mavenLib/io/springfox/springfox-swagger-common/2.9.2/springfox-swagger-common-2.9.2.jar!/springfox/documentation/swagger/readers/operation/OperationSummaryReader.class]
2025-04-16 22:18:06,836 DEBUG [main][ClassPathScanningCandidateComponentProvider.java:435] - Identified candidate component class: URL [jar:file:/D:/apache-maven-3.8.8/mavenLib/io/springfox/springfox-swagger-common/2.9.2/springfox-swagger-common-2.9.2.jar!/springfox/documentation/swagger/readers/operation/SwaggerResponseMessageReader.class]
2025-04-16 22:18:06,836 DEBUG [main][ClassPathScanningCandidateComponentProvider.java:435] - Identified candidate component class: URL [jar:file:/D:/apache-maven-3.8.8/mavenLib/io/springfox/springfox-swagger-common/2.9.2/springfox-swagger-common-2.9.2.jar!/springfox/documentation/swagger/readers/operation/SwaggerResponseMessageReader.class]
2025-04-16 22:18:06,837 DEBUG [main][ClassPathScanningCandidateComponentProvider.java:435] - Identified candidate component class: URL [jar:file:/D:/apache-maven-3.8.8/mavenLib/io/springfox/springfox-swagger-common/2.9.2/springfox-swagger-common-2.9.2.jar!/springfox/documentation/swagger/readers/operation/OperationNicknameIntoUniqueIdReader.class]
2025-04-16 22:18:06,837 DEBUG [main][ClassPathScanningCandidateComponentProvider.java:435] - Identified candidate component class: URL [jar:file:/D:/apache-maven-3.8.8/mavenLib/io/springfox/springfox-swagger-common/2.9.2/springfox-swagger-common-2.9.2.jar!/springfox/documentation/swagger/readers/operation/OperationNicknameIntoUniqueIdReader.class]
2025-04-16 22:18:06,837 DEBUG [main][ClassPathScanningCandidateComponentProvider.java:435] - Identified candidate component class: URL [jar:file:/D:/apache-maven-3.8.8/mavenLib/io/springfox/springfox-swagger-common/2.9.2/springfox-swagger-common-2.9.2.jar!/springfox/documentation/swagger/readers/operation/OperationPositionReader.class]
2025-04-16 22:18:06,837 DEBUG [main][ClassPathScanningCandidateComponentProvider.java:435] - Identified candidate component class: URL [jar:file:/D:/apache-maven-3.8.8/mavenLib/io/springfox/springfox-swagger-common/2.9.2/springfox-swagger-common-2.9.2.jar!/springfox/documentation/swagger/readers/operation/OperationPositionReader.class]
2025-04-16 22:18:06,837 DEBUG [main][ClassPathScanningCandidateComponentProvider.java:435] - Identified candidate component class: URL [jar:file:/D:/apache-maven-3.8.8/mavenLib/io/springfox/springfox-swagger-common/2.9.2/springfox-swagger-common-2.9.2.jar!/springfox/documentation/swagger/readers/operation/OperationNotesReader.class]
2025-04-16 22:18:06,837 DEBUG [main][ClassPathScanningCandidateComponentProvider.java:435] - Identified candidate component class: URL [jar:file:/D:/apache-maven-3.8.8/mavenLib/io/springfox/springfox-swagger-common/2.9.2/springfox-swagger-common-2.9.2.jar!/springfox/documentation/swagger/readers/operation/OperationNotesReader.class]
2025-04-16 22:18:06,838 DEBUG [main][ClassPathScanningCandidateComponentProvider.java:435] - Identified candidate component class: URL [jar:file:/D:/apache-maven-3.8.8/mavenLib/io/springfox/springfox-swagger-common/2.9.2/springfox-swagger-common-2.9.2.jar!/springfox/documentation/swagger/readers/operation/SwaggerOperationTagsReader.class]
2025-04-16 22:18:06,838 DEBUG [main][ClassPathScanningCandidateComponentProvider.java:435] - Identified candidate component class: URL [jar:file:/D:/apache-maven-3.8.8/mavenLib/io/springfox/springfox-swagger-common/2.9.2/springfox-swagger-common-2.9.2.jar!/springfox/documentation/swagger/readers/operation/SwaggerOperationTagsReader.class]
2025-04-16 22:18:06,838 DEBUG [main][ClassPathScanningCandidateComponentProvider.java:435] - Identified candidate component class: URL [jar:file:/D:/apache-maven-3.8.8/mavenLib/io/springfox/springfox-swagger-common/2.9.2/springfox-swagger-common-2.9.2.jar!/springfox/documentation/swagger/readers/parameter/ApiParamParameterBuilder.class]
2025-04-16 22:18:06,838 DEBUG [main][ClassPathScanningCandidateComponentProvider.java:435] - Identified candidate component class: URL [jar:file:/D:/apache-maven-3.8.8/mavenLib/io/springfox/springfox-swagger-common/2.9.2/springfox-swagger-common-2.9.2.jar!/springfox/documentation/swagger/readers/parameter/ApiParamParameterBuilder.class]
2025-04-16 22:18:06,839 DEBUG [main][ClassPathScanningCandidateComponentProvider.java:435] - Identified candidate component class: URL [jar:file:/D:/apache-maven-3.8.8/mavenLib/io/springfox/springfox-swagger-common/2.9.2/springfox-swagger-common-2.9.2.jar!/springfox/documentation/swagger/readers/parameter/SwaggerExpandedParameterBuilder.class]
2025-04-16 22:18:06,839 DEBUG [main][ClassPathScanningCandidateComponentProvider.java:435] - Identified candidate component class: URL [jar:file:/D:/apache-maven-3.8.8/mavenLib/io/springfox/springfox-swagger-common/2.9.2/springfox-swagger-common-2.9.2.jar!/springfox/documentation/swagger/readers/parameter/SwaggerExpandedParameterBuilder.class]
2025-04-16 22:18:06,846 DEBUG [main][ClassPathScanningCandidateComponentProvider.java:435] - Identified candidate component class: URL [jar:file:/D:/apache-maven-3.8.8/mavenLib/io/springfox/springfox-swagger-common/2.9.2/springfox-swagger-common-2.9.2.jar!/springfox/documentation/swagger/web/SwaggerApiListingReader.class]
2025-04-16 22:18:06,846 DEBUG [main][ClassPathScanningCandidateComponentProvider.java:435] - Identified candidate component class: URL [jar:file:/D:/apache-maven-3.8.8/mavenLib/io/springfox/springfox-swagger-common/2.9.2/springfox-swagger-common-2.9.2.jar!/springfox/documentation/swagger/web/SwaggerApiListingReader.class]
2025-04-16 22:18:06,848 DEBUG [main][ClassPathScanningCandidateComponentProvider.java:435] - Identified candidate component class: URL [jar:file:/D:/apache-maven-3.8.8/mavenLib/io/springfox/springfox-swagger-common/2.9.2/springfox-swagger-common-2.9.2.jar!/springfox/documentation/swagger/web/ClassOrApiAnnotationResourceGrouping.class]
2025-04-16 22:18:06,848 DEBUG [main][ClassPathScanningCandidateComponentProvider.java:435] - Identified candidate component class: URL [jar:file:/D:/apache-maven-3.8.8/mavenLib/io/springfox/springfox-swagger-common/2.9.2/springfox-swagger-common-2.9.2.jar!/springfox/documentation/swagger/web/ClassOrApiAnnotationResourceGrouping.class]
2025-04-16 22:18:06,848 DEBUG [main][ClassPathScanningCandidateComponentProvider.java:435] - Identified candidate component class: URL [jar:file:/D:/apache-maven-3.8.8/mavenLib/io/springfox/springfox-swagger-common/2.9.2/springfox-swagger-common-2.9.2.jar!/springfox/documentation/swagger/web/InMemorySwaggerResourcesProvider.class]
2025-04-16 22:18:06,848 DEBUG [main][ClassPathScanningCandidateComponentProvider.java:435] - Identified candidate component class: URL [jar:file:/D:/apache-maven-3.8.8/mavenLib/io/springfox/springfox-swagger-common/2.9.2/springfox-swagger-common-2.9.2.jar!/springfox/documentation/swagger/web/InMemorySwaggerResourcesProvider.class]
2025-04-16 22:18:06,848 DEBUG [main][ClassPathScanningCandidateComponentProvider.java:435] - Identified candidate component class: URL [jar:file:/D:/apache-maven-3.8.8/mavenLib/io/springfox/springfox-swagger-common/2.9.2/springfox-swagger-common-2.9.2.jar!/springfox/documentation/swagger/web/ApiResourceController.class]
2025-04-16 22:18:06,848 DEBUG [main][ClassPathScanningCandidateComponentProvider.java:435] - Identified candidate component class: URL [jar:file:/D:/apache-maven-3.8.8/mavenLib/io/springfox/springfox-swagger-common/2.9.2/springfox-swagger-common-2.9.2.jar!/springfox/documentation/swagger/web/ApiResourceController.class]
2025-04-16 22:18:07,015 DEBUG [main][PropertySourcesPropertyResolver.java:115] - Found key 'spring.jmx.enabled' in PropertySource 'configurationProperties' with value of type String
2025-04-16 22:18:07,015 DEBUG [main][PropertySourcesPropertyResolver.java:115] - Found key 'spring.jmx.enabled' in PropertySource 'configurationProperties' with value of type String
2025-04-16 22:18:07,018 DEBUG [main][PropertySourcesPropertyResolver.java:115] - Found key 'spring.datasource.url' in PropertySource 'configurationProperties' with value of type String
2025-04-16 22:18:07,018 DEBUG [main][PropertySourcesPropertyResolver.java:115] - Found key 'spring.datasource.url' in PropertySource 'configurationProperties' with value of type String
2025-04-16 22:18:07,027 DEBUG [main][PropertySourcesPropertyResolver.java:115] - Found key 'spring.jmx.enabled' in PropertySource 'configurationProperties' with value of type String
2025-04-16 22:18:07,027 DEBUG [main][PropertySourcesPropertyResolver.java:115] - Found key 'spring.jmx.enabled' in PropertySource 'configurationProperties' with value of type String
2025-04-16 22:18:07,029 DEBUG [main][PropertySourcesPropertyResolver.java:115] - Found key 'spring.application.admin.enabled' in PropertySource 'configurationProperties' with value of type String
2025-04-16 22:18:07,029 DEBUG [main][PropertySourcesPropertyResolver.java:115] - Found key 'spring.application.admin.enabled' in PropertySource 'configurationProperties' with value of type String
2025-04-16 22:18:07,086 DEBUG [main][PropertySourcesPropertyResolver.java:115] - Found key 'swagger.enabled' in PropertySource 'configurationProperties' with value of type Boolean
2025-04-16 22:18:07,086 DEBUG [main][PropertySourcesPropertyResolver.java:115] - Found key 'swagger.enabled' in PropertySource 'configurationProperties' with value of type Boolean
2025-04-16 22:18:07,096 DEBUG [main][PropertySourcesPropertyResolver.java:115] - Found key 'swagger.enabled' in PropertySource 'configurationProperties' with value of type Boolean
2025-04-16 22:18:07,096 DEBUG [main][PropertySourcesPropertyResolver.java:115] - Found key 'swagger.enabled' in PropertySource 'configurationProperties' with value of type Boolean
2025-04-16 22:18:07,181 DEBUG [main][PropertySourcesPropertyResolver.java:115] - Found key 'spring.jmx.enabled' in PropertySource 'configurationProperties' with value of type String
2025-04-16 22:18:07,181 DEBUG [main][PropertySourcesPropertyResolver.java:115] - Found key 'spring.jmx.enabled' in PropertySource 'configurationProperties' with value of type String
2025-04-16 22:18:07,192 DEBUG [main][PropertySourcesPropertyResolver.java:115] - Found key 'spring.jmx.enabled' in PropertySource 'configurationProperties' with value of type String
2025-04-16 22:18:07,192 DEBUG [main][PropertySourcesPropertyResolver.java:115] - Found key 'spring.jmx.enabled' in PropertySource 'configurationProperties' with value of type String
2025-04-16 22:18:07,195 DEBUG [main][PropertySourcesPropertyResolver.java:115] - Found key 'spring.application.admin.enabled' in PropertySource 'configurationProperties' with value of type String
2025-04-16 22:18:07,195 DEBUG [main][PropertySourcesPropertyResolver.java:115] - Found key 'spring.application.admin.enabled' in PropertySource 'configurationProperties' with value of type String
2025-04-16 22:18:07,264 DEBUG [main][DefaultSingletonBeanRegistry.java:225] - Creating shared instance of singleton bean 'refreshScope'
2025-04-16 22:18:07,264 DEBUG [main][DefaultSingletonBeanRegistry.java:225] - Creating shared instance of singleton bean 'refreshScope'
2025-04-16 22:18:07,266 DEBUG [main][DefaultSingletonBeanRegistry.java:225] - Creating shared instance of singleton bean 'com.xuecheng.content.config.MybatisPlusConfig#MapperScannerRegistrar#0'
2025-04-16 22:18:07,266 DEBUG [main][DefaultSingletonBeanRegistry.java:225] - Creating shared instance of singleton bean 'com.xuecheng.content.config.MybatisPlusConfig#MapperScannerRegistrar#0'
2025-04-16 22:18:07,277 DEBUG [main][DefaultSingletonBeanRegistry.java:225] - Creating shared instance of singleton bean 'org.springframework.cloud.autoconfigure.RefreshAutoConfiguration$RefreshScopeBeanDefinitionEnhancer'
2025-04-16 22:18:07,277 DEBUG [main][DefaultSingletonBeanRegistry.java:225] - Creating shared instance of singleton bean 'org.springframework.cloud.autoconfigure.RefreshAutoConfiguration$RefreshScopeBeanDefinitionEnhancer'
2025-04-16 22:18:07,278 DEBUG [main][DefaultSingletonBeanRegistry.java:225] - Creating shared instance of singleton bean 'propertySourcesPlaceholderConfigurer'
2025-04-16 22:18:07,278 DEBUG [main][DefaultSingletonBeanRegistry.java:225] - Creating shared instance of singleton bean 'propertySourcesPlaceholderConfigurer'
2025-04-16 22:18:07,289 DEBUG [main][LogFactory.java:105] - Logging initialized using 'class org.apache.ibatis.logging.slf4j.Slf4jImpl' adapter.
2025-04-16 22:18:07,289 DEBUG [main][LogFactory.java:105] - Logging initialized using 'class org.apache.ibatis.logging.slf4j.Slf4jImpl' adapter.
2025-04-16 22:18:07,292 DEBUG [main][ClassPathScanningCandidateComponentProvider.java:435] - Identified candidate component class: file [D:\JavaProject\studyOnline\xuecheng-plus-project\xuecheng-plus-content\xuecheng-plus-content-service\target\classes\com\xuecheng\content\mapper\CourseBaseMapper.class]
2025-04-16 22:18:07,292 DEBUG [main][ClassPathScanningCandidateComponentProvider.java:435] - Identified candidate component class: file [D:\JavaProject\studyOnline\xuecheng-plus-project\xuecheng-plus-content\xuecheng-plus-content-service\target\classes\com\xuecheng\content\mapper\CourseBaseMapper.class]
2025-04-16 22:18:07,293 DEBUG [main][ClassPathScanningCandidateComponentProvider.java:435] - Identified candidate component class: file [D:\JavaProject\studyOnline\xuecheng-plus-project\xuecheng-plus-content\xuecheng-plus-content-service\target\classes\com\xuecheng\content\mapper\CourseCategoryMapper.class]
2025-04-16 22:18:07,293 DEBUG [main][ClassPathScanningCandidateComponentProvider.java:435] - Identified candidate component class: file [D:\JavaProject\studyOnline\xuecheng-plus-project\xuecheng-plus-content\xuecheng-plus-content-service\target\classes\com\xuecheng\content\mapper\CourseCategoryMapper.class]
2025-04-16 22:18:07,293 DEBUG [main][ClassPathScanningCandidateComponentProvider.java:435] - Identified candidate component class: file [D:\JavaProject\studyOnline\xuecheng-plus-project\xuecheng-plus-content\xuecheng-plus-content-service\target\classes\com\xuecheng\content\mapper\CourseMarketMapper.class]
2025-04-16 22:18:07,293 DEBUG [main][ClassPathScanningCandidateComponentProvider.java:435] - Identified candidate component class: file [D:\JavaProject\studyOnline\xuecheng-plus-project\xuecheng-plus-content\xuecheng-plus-content-service\target\classes\com\xuecheng\content\mapper\CourseMarketMapper.class]
2025-04-16 22:18:07,293 DEBUG [main][ClassPathScanningCandidateComponentProvider.java:435] - Identified candidate component class: file [D:\JavaProject\studyOnline\xuecheng-plus-project\xuecheng-plus-content\xuecheng-plus-content-service\target\classes\com\xuecheng\content\mapper\CoursePublishMapper.class]
2025-04-16 22:18:07,293 DEBUG [main][ClassPathScanningCandidateComponentProvider.java:435] - Identified candidate component class: file [D:\JavaProject\studyOnline\xuecheng-plus-project\xuecheng-plus-content\xuecheng-plus-content-service\target\classes\com\xuecheng\content\mapper\CoursePublishMapper.class]
2025-04-16 22:18:07,293 DEBUG [main][ClassPathScanningCandidateComponentProvider.java:435] - Identified candidate component class: file [D:\JavaProject\studyOnline\xuecheng-plus-project\xuecheng-plus-content\xuecheng-plus-content-service\target\classes\com\xuecheng\content\mapper\CoursePublishPreMapper.class]
2025-04-16 22:18:07,293 DEBUG [main][ClassPathScanningCandidateComponentProvider.java:435] - Identified candidate component class: file [D:\JavaProject\studyOnline\xuecheng-plus-project\xuecheng-plus-content\xuecheng-plus-content-service\target\classes\com\xuecheng\content\mapper\CoursePublishPreMapper.class]
2025-04-16 22:18:07,293 DEBUG [main][ClassPathScanningCandidateComponentProvider.java:435] - Identified candidate component class: file [D:\JavaProject\studyOnline\xuecheng-plus-project\xuecheng-plus-content\xuecheng-plus-content-service\target\classes\com\xuecheng\content\mapper\CourseTeacherMapper.class]
2025-04-16 22:18:07,293 DEBUG [main][ClassPathScanningCandidateComponentProvider.java:435] - Identified candidate component class: file [D:\JavaProject\studyOnline\xuecheng-plus-project\xuecheng-plus-content\xuecheng-plus-content-service\target\classes\com\xuecheng\content\mapper\CourseTeacherMapper.class]
2025-04-16 22:18:07,293 DEBUG [main][ClassPathScanningCandidateComponentProvider.java:435] - Identified candidate component class: file [D:\JavaProject\studyOnline\xuecheng-plus-project\xuecheng-plus-content\xuecheng-plus-content-service\target\classes\com\xuecheng\content\mapper\TeachplanMapper.class]
2025-04-16 22:18:07,293 DEBUG [main][ClassPathScanningCandidateComponentProvider.java:435] - Identified candidate component class: file [D:\JavaProject\studyOnline\xuecheng-plus-project\xuecheng-plus-content\xuecheng-plus-content-service\target\classes\com\xuecheng\content\mapper\TeachplanMapper.class]
2025-04-16 22:18:07,293 DEBUG [main][ClassPathScanningCandidateComponentProvider.java:435] - Identified candidate component class: file [D:\JavaProject\studyOnline\xuecheng-plus-project\xuecheng-plus-content\xuecheng-plus-content-service\target\classes\com\xuecheng\content\mapper\TeachplanMediaMapper.class]
2025-04-16 22:18:07,293 DEBUG [main][ClassPathScanningCandidateComponentProvider.java:435] - Identified candidate component class: file [D:\JavaProject\studyOnline\xuecheng-plus-project\xuecheng-plus-content\xuecheng-plus-content-service\target\classes\com\xuecheng\content\mapper\TeachplanMediaMapper.class]
2025-04-16 22:18:07,294 DEBUG [main][Logger.java:49] - Creating MapperFactoryBean with name 'courseBaseMapper' and 'com.xuecheng.content.mapper.CourseBaseMapper' mapperInterface
2025-04-16 22:18:07,294 DEBUG [main][Logger.java:49] - Creating MapperFactoryBean with name 'courseBaseMapper' and 'com.xuecheng.content.mapper.CourseBaseMapper' mapperInterface
2025-04-16 22:18:07,295 DEBUG [main][Logger.java:49] - Enabling autowire by type for MapperFactoryBean with name 'courseBaseMapper'.
2025-04-16 22:18:07,295 DEBUG [main][Logger.java:49] - Enabling autowire by type for MapperFactoryBean with name 'courseBaseMapper'.
2025-04-16 22:18:07,295 DEBUG [main][Logger.java:49] - Creating MapperFactoryBean with name 'courseCategoryMapper' and 'com.xuecheng.content.mapper.CourseCategoryMapper' mapperInterface
2025-04-16 22:18:07,295 DEBUG [main][Logger.java:49] - Creating MapperFactoryBean with name 'courseCategoryMapper' and 'com.xuecheng.content.mapper.CourseCategoryMapper' mapperInterface
2025-04-16 22:18:07,295 DEBUG [main][Logger.java:49] - Enabling autowire by type for MapperFactoryBean with name 'courseCategoryMapper'.
2025-04-16 22:18:07,295 DEBUG [main][Logger.java:49] - Enabling autowire by type for MapperFactoryBean with name 'courseCategoryMapper'.
2025-04-16 22:18:07,295 DEBUG [main][Logger.java:49] - Creating MapperFactoryBean with name 'courseMarketMapper' and 'com.xuecheng.content.mapper.CourseMarketMapper' mapperInterface
2025-04-16 22:18:07,295 DEBUG [main][Logger.java:49] - Creating MapperFactoryBean with name 'courseMarketMapper' and 'com.xuecheng.content.mapper.CourseMarketMapper' mapperInterface
2025-04-16 22:18:07,295 DEBUG [main][Logger.java:49] - Enabling autowire by type for MapperFactoryBean with name 'courseMarketMapper'.
2025-04-16 22:18:07,295 DEBUG [main][Logger.java:49] - Enabling autowire by type for MapperFactoryBean with name 'courseMarketMapper'.
2025-04-16 22:18:07,295 DEBUG [main][Logger.java:49] - Creating MapperFactoryBean with name 'coursePublishMapper' and 'com.xuecheng.content.mapper.CoursePublishMapper' mapperInterface
2025-04-16 22:18:07,295 DEBUG [main][Logger.java:49] - Creating MapperFactoryBean with name 'coursePublishMapper' and 'com.xuecheng.content.mapper.CoursePublishMapper' mapperInterface
2025-04-16 22:18:07,295 DEBUG [main][Logger.java:49] - Enabling autowire by type for MapperFactoryBean with name 'coursePublishMapper'.
2025-04-16 22:18:07,295 DEBUG [main][Logger.java:49] - Enabling autowire by type for MapperFactoryBean with name 'coursePublishMapper'.
2025-04-16 22:18:07,295 DEBUG [main][Logger.java:49] - Creating MapperFactoryBean with name 'coursePublishPreMapper' and 'com.xuecheng.content.mapper.CoursePublishPreMapper' mapperInterface
2025-04-16 22:18:07,295 DEBUG [main][Logger.java:49] - Creating MapperFactoryBean with name 'coursePublishPreMapper' and 'com.xuecheng.content.mapper.CoursePublishPreMapper' mapperInterface
2025-04-16 22:18:07,295 DEBUG [main][Logger.java:49] - Enabling autowire by type for MapperFactoryBean with name 'coursePublishPreMapper'.
2025-04-16 22:18:07,295 DEBUG [main][Logger.java:49] - Enabling autowire by type for MapperFactoryBean with name 'coursePublishPreMapper'.
2025-04-16 22:18:07,295 DEBUG [main][Logger.java:49] - Creating MapperFactoryBean with name 'courseTeacherMapper' and 'com.xuecheng.content.mapper.CourseTeacherMapper' mapperInterface
2025-04-16 22:18:07,295 DEBUG [main][Logger.java:49] - Creating MapperFactoryBean with name 'courseTeacherMapper' and 'com.xuecheng.content.mapper.CourseTeacherMapper' mapperInterface
2025-04-16 22:18:07,295 DEBUG [main][Logger.java:49] - Enabling autowire by type for MapperFactoryBean with name 'courseTeacherMapper'.
2025-04-16 22:18:07,295 DEBUG [main][Logger.java:49] - Enabling autowire by type for MapperFactoryBean with name 'courseTeacherMapper'.
2025-04-16 22:18:07,295 DEBUG [main][Logger.java:49] - Creating MapperFactoryBean with name 'teachplanMapper' and 'com.xuecheng.content.mapper.TeachplanMapper' mapperInterface
2025-04-16 22:18:07,295 DEBUG [main][Logger.java:49] - Creating MapperFactoryBean with name 'teachplanMapper' and 'com.xuecheng.content.mapper.TeachplanMapper' mapperInterface
2025-04-16 22:18:07,296 DEBUG [main][Logger.java:49] - Enabling autowire by type for MapperFactoryBean with name 'teachplanMapper'.
2025-04-16 22:18:07,296 DEBUG [main][Logger.java:49] - Enabling autowire by type for MapperFactoryBean with name 'teachplanMapper'.
2025-04-16 22:18:07,296 DEBUG [main][Logger.java:49] - Creating MapperFactoryBean with name 'teachplanMediaMapper' and 'com.xuecheng.content.mapper.TeachplanMediaMapper' mapperInterface
2025-04-16 22:18:07,296 DEBUG [main][Logger.java:49] - Creating MapperFactoryBean with name 'teachplanMediaMapper' and 'com.xuecheng.content.mapper.TeachplanMediaMapper' mapperInterface
2025-04-16 22:18:07,296 DEBUG [main][Logger.java:49] - Enabling autowire by type for MapperFactoryBean with name 'teachplanMediaMapper'.
2025-04-16 22:18:07,296 DEBUG [main][Logger.java:49] - Enabling autowire by type for MapperFactoryBean with name 'teachplanMediaMapper'.
2025-04-16 22:18:07,357 DEBUG [main][GenericScope.java:291] - Generating bean factory id from names: [accessorsProvider, apiDescriptionLookup, apiDescriptionReader, apiDocumentationScanner, apiListingBuilderPluginRegistry, apiListingReader, apiListingReferenceScanner, apiListingScanner, apiListingScannerPluginRegistry, apiModelBuilder, apiModelPropertyPropertyBuilder, apiModelReader, apiModelTypeNameProvider, apiOperationReader, apiResourceController, applicationAvailability, applicationTaskExecutor, basicErrorController, beanNameHandlerMapping, beanNameViewResolver, bootstrapApplicationListener.BootstrapMarkerConfiguration, cachingModelDependencyProvider, cachingModelPropertiesProvider, cachingModelProvider, cachingOperationNameGenerator, cachingOperationReader, characterEncodingFilter, classOrApiAnnotationResourceGrouping, com.baomidou.mybatisplus.autoconfigure.MybatisPlusAutoConfiguration, com.baomidou.mybatisplus.autoconfigure.MybatisPlusLanguageDriverAutoConfiguration, com.spring4all.swagger.Swagger2Configuration, com.spring4all.swagger.SwaggerAutoConfiguration, com.xuecheng.content.config.MybatisPlusConfig#MapperScannerRegistrar#0, configurationPropertiesBeans, configurationPropertiesRebinder, contentApplication, contextRefresher, conventionErrorViewResolver, courseBaseInfoController, courseBaseInfoServiceImpl, courseBaseMapper, courseCategoryMapper, courseCategoryServiceImpl, courseCategotyController, courseMarketMapper, coursePublishMapper, coursePublishPreMapper, courseTeacherMapper, createRestApi, dataSource, dataSourceInitializerPostProcessor, decimalMinMaxPlugin, defaultModelDependencyProvider, defaultModelProvider, defaultOperationReader, defaultServletHandlerMapping, defaultTagsProvider, defaultValidator, defaultViewResolver, defaults, defaultsProviderPluginRegistry, descriptionResolver, dispatcherServlet, dispatcherServletRegistration, documentationPluginRegistry, documentationPluginsBootstrapper, documentationPluginsManager, environmentManager, error, errorAttributes, errorPageCustomizer, errorPageRegistrarBeanPostProcessor, expandedParameterBuilder, expandedParameterBuilderPluginRegistry, expanderMinMax, expanderNotNull, expanderPattern, expanderSize, factoryMethodProvider, fieldProvider, formContentFilter, globalExceptionHandler, handlerExceptionResolver, handlerFunctionAdapter, hikariPoolDataSourceMetadataProvider, httpRequestHandlerAdapter, inMemorySwaggerResourcesProvider, jackson2ObjectMapperBuilderCustomizer, jacksonEnumTypeDeterminer, jacksonObjectMapper, jacksonObjectMapperBuilder, jdbcTemplate, jsonComponentModule, jsonSerializer, licenseMapperImpl, lifecycleProcessor, localDateTimeConfig, localDateTimeDeserializer, localDateTimeSerializer, localeCharsetMappingsCustomizer, loggingRebinder, mappingJackson2HttpMessageConverter, mbeanExporter, mbeanServer, mediaTypeReader, messageConverters, methodResolver, methodValidationPostProcessor, minMaxPlugin, modelAttributeParameterExpander, modelBuilderPluginRegistry, modelMapperImpl, modelPropertyBuilderPluginRegistry, multipartConfigElement, multipartResolver, mvcContentNegotiationManager, mvcConversionService, mvcHandlerMappingIntrospector, mvcPathMatcher, mvcResourceUrlProvider, mvcUriComponentsContributor, mvcUrlPathHelper, mvcValidator, mvcViewResolver, mybatis-plus-com.baomidou.mybatisplus.autoconfigure.MybatisPlusProperties, mybatisPlusConfig, mybatisPlusInterceptor, namedParameterJdbcTemplate, notNullPlugin, objectMapperBeanPropertyNamingStrategy, objectMapperConfigurer, objectNamingStrategy, operationAuthReader, operationBuilderPluginRegistry, operationDeprecatedReader, operationHiddenReader, operationHttpMethodReader, operationImplicitParameterReader, operationImplicitParametersReader, operationModelsProvider, operationModelsProviderPluginRegistry, operationNicknameIntoUniqueIdReader, operationNotesReader, operationParameterHeadersConditionReader, operationParameterReader, operationParameterRequestConditionReader, operationPathDecorator, operationPositionReader, operationResponseClassReader, operationSummaryReader, operationTagsReader, optimized, org.springframework.aop.config.internalAutoProxyCreator, org.springframework.boot.autoconfigure.AutoConfigurationPackages, org.springframework.boot.autoconfigure.admin.SpringApplicationAdminJmxAutoConfiguration, org.springframework.boot.autoconfigure.aop.AopAutoConfiguration, org.springframework.boot.autoconfigure.aop.AopAutoConfiguration$ClassProxyingConfiguration, org.springframework.boot.autoconfigure.availability.ApplicationAvailabilityAutoConfiguration, org.springframework.boot.autoconfigure.context.ConfigurationPropertiesAutoConfiguration, org.springframework.boot.autoconfigure.context.LifecycleAutoConfiguration, org.springframework.boot.autoconfigure.context.PropertyPlaceholderAutoConfiguration, org.springframework.boot.autoconfigure.dao.PersistenceExceptionTranslationAutoConfiguration, org.springframework.boot.autoconfigure.http.HttpMessageConvertersAutoConfiguration, org.springframework.boot.autoconfigure.http.HttpMessageConvertersAutoConfiguration$StringHttpMessageConverterConfiguration, org.springframework.boot.autoconfigure.http.JacksonHttpMessageConvertersConfiguration, org.springframework.boot.autoconfigure.http.JacksonHttpMessageConvertersConfiguration$MappingJackson2HttpMessageConverterConfiguration, org.springframework.boot.autoconfigure.info.ProjectInfoAutoConfiguration, org.springframework.boot.autoconfigure.internalCachingMetadataReaderFactory, org.springframework.boot.autoconfigure.jackson.JacksonAutoConfiguration, org.springframework.boot.autoconfigure.jackson.JacksonAutoConfiguration$Jackson2ObjectMapperBuilderCustomizerConfiguration, org.springframework.boot.autoconfigure.jackson.JacksonAutoConfiguration$JacksonObjectMapperBuilderConfiguration, org.springframework.boot.autoconfigure.jackson.JacksonAutoConfiguration$JacksonObjectMapperConfiguration, org.springframework.boot.autoconfigure.jackson.JacksonAutoConfiguration$ParameterNamesModuleConfiguration, org.springframework.boot.autoconfigure.jdbc.DataSourceAutoConfiguration, org.springframework.boot.autoconfigure.jdbc.DataSourceAutoConfiguration$PooledDataSourceConfiguration, org.springframework.boot.autoconfigure.jdbc.DataSourceConfiguration$Hikari, org.springframework.boot.autoconfigure.jdbc.DataSourceInitializationConfiguration, org.springframework.boot.autoconfigure.jdbc.DataSourceInitializerInvoker, org.springframework.boot.autoconfigure.jdbc.DataSourceJmxConfiguration, org.springframework.boot.autoconfigure.jdbc.DataSourceJmxConfiguration$Hikari, org.springframework.boot.autoconfigure.jdbc.DataSourceTransactionManagerAutoConfiguration, org.springframework.boot.autoconfigure.jdbc.DataSourceTransactionManagerAutoConfiguration$DataSourceTransactionManagerConfiguration, org.springframework.boot.autoconfigure.jdbc.JdbcTemplateAutoConfiguration, org.springframework.boot.autoconfigure.jdbc.JdbcTemplateConfiguration, org.springframework.boot.autoconfigure.jdbc.NamedParameterJdbcTemplateConfiguration, org.springframework.boot.autoconfigure.jdbc.metadata.DataSourcePoolMetadataProvidersConfiguration, org.springframework.boot.autoconfigure.jdbc.metadata.DataSourcePoolMetadataProvidersConfiguration$HikariPoolDataSourceMetadataProviderConfiguration, org.springframework.boot.autoconfigure.jmx.JmxAutoConfiguration, org.springframework.boot.autoconfigure.task.TaskExecutionAutoConfiguration, org.springframework.boot.autoconfigure.task.TaskSchedulingAutoConfiguration, org.springframework.boot.autoconfigure.transaction.TransactionAutoConfiguration, org.springframework.boot.autoconfigure.transaction.TransactionAutoConfiguration$EnableTransactionManagementConfiguration, org.springframework.boot.autoconfigure.transaction.TransactionAutoConfiguration$EnableTransactionManagementConfiguration$CglibAutoProxyConfiguration, org.springframework.boot.autoconfigure.transaction.TransactionAutoConfiguration$TransactionTemplateConfiguration, org.springframework.boot.autoconfigure.validation.ValidationAutoConfiguration, org.springframework.boot.autoconfigure.web.client.RestTemplateAutoConfiguration, org.springframework.boot.autoconfigure.web.embedded.EmbeddedWebServerFactoryCustomizerAutoConfiguration, org.springframework.boot.autoconfigure.web.embedded.EmbeddedWebServerFactoryCustomizerAutoConfiguration$TomcatWebServerFactoryCustomizerConfiguration, org.springframework.boot.autoconfigure.web.servlet.DispatcherServletAutoConfiguration, org.springframework.boot.autoconfigure.web.servlet.DispatcherServletAutoConfiguration$DispatcherServletConfiguration, org.springframework.boot.autoconfigure.web.servlet.DispatcherServletAutoConfiguration$DispatcherServletRegistrationConfiguration, org.springframework.boot.autoconfigure.web.servlet.HttpEncodingAutoConfiguration, org.springframework.boot.autoconfigure.web.servlet.MultipartAutoConfiguration, org.springframework.boot.autoconfigure.web.servlet.ServletWebServerFactoryAutoConfiguration, org.springframework.boot.autoconfigure.web.servlet.ServletWebServerFactoryConfiguration$EmbeddedTomcat, org.springframework.boot.autoconfigure.web.servlet.WebMvcAutoConfiguration, org.springframework.boot.autoconfigure.web.servlet.WebMvcAutoConfiguration$EnableWebMvcConfiguration, org.springframework.boot.autoconfigure.web.servlet.WebMvcAutoConfiguration$WebMvcAutoConfigurationAdapter, org.springframework.boot.autoconfigure.web.servlet.error.ErrorMvcAutoConfiguration, org.springframework.boot.autoconfigure.web.servlet.error.ErrorMvcAutoConfiguration$DefaultErrorViewResolverConfiguration, org.springframework.boot.autoconfigure.web.servlet.error.ErrorMvcAutoConfiguration$WhitelabelErrorViewConfiguration, org.springframework.boot.autoconfigure.websocket.servlet.WebSocketServletAutoConfiguration, org.springframework.boot.autoconfigure.websocket.servlet.WebSocketServletAutoConfiguration$TomcatWebSocketConfiguration, org.springframework.boot.context.internalConfigurationPropertiesBinder, org.springframework.boot.context.internalConfigurationPropertiesBinderFactory, org.springframework.boot.context.properties.BoundConfigurationProperties, org.springframework.boot.context.properties.ConfigurationBeanFactoryMetadata, org.springframework.boot.context.properties.ConfigurationPropertiesBindingPostProcessor, org.springframework.cloud.autoconfigure.ConfigurationPropertiesRebinderAutoConfiguration, org.springframework.cloud.autoconfigure.LifecycleMvcEndpointAutoConfiguration, org.springframework.cloud.autoconfigure.RefreshAutoConfiguration, org.springframework.cloud.autoconfigure.RefreshAutoConfiguration$RefreshScopeBeanDefinitionEnhancer, org.springframework.context.annotation.internalAutowiredAnnotationProcessor, org.springframework.context.annotation.internalCommonAnnotationProcessor, org.springframework.context.annotation.internalConfigurationAnnotationProcessor, org.springframework.context.event.internalEventListenerFactory, org.springframework.context.event.internalEventListenerProcessor, org.springframework.transaction.annotation.ProxyTransactionManagementConfiguration, org.springframework.transaction.config.internalTransactionAdvisor, org.springframework.transaction.config.internalTransactionalEventListenerFactory, parameterBuilderPluginRegistry, parameterDataTypeReader, parameterDefaultReader, parameterMapperImpl, parameterMinMax, parameterMultiplesReader, parameterNameReader, parameterNamesModule, parameterNotNull, parameterPattern, parameterRequiredReader, parameterSize, parameterTypeReader, pathDecoratorRegistry, pathMappingDecorator, pathSanitizer, patternPlugin, persistenceExceptionTranslationPostProcessor, platformTransactionManagerCustomizers, preserveErrorControllerTargetClassPostProcessor, propertyDiscriminatorBasedInheritancePlugin, propertySourcesPlaceholderConfigurer, queryStringUriTemplateDecorator, refreshEventListener, refreshScope, requestContextFilter, requestMappingHandlerAdapter, requestMappingHandlerMapping, resourceGroupCache, resourceGroupingStrategyRegistry, resourceHandlerMapping, responseMessagesReader, restTemplateBuilder, routerFunctionMapping, schemaPluginsManager, securityMapperImpl, server-org.springframework.boot.autoconfigure.web.ServerProperties, serviceModelToSwagger2MapperImpl, servletWebServerFactoryCustomizer, simpleControllerHandlerAdapter, sizePlugin, spring.datasource-org.springframework.boot.autoconfigure.jdbc.DataSourceProperties, spring.info-org.springframework.boot.autoconfigure.info.ProjectInfoProperties, spring.jackson-org.springframework.boot.autoconfigure.jackson.JacksonProperties, spring.jdbc-org.springframework.boot.autoconfigure.jdbc.JdbcProperties, spring.lifecycle-org.springframework.boot.autoconfigure.context.LifecycleProperties, spring.mvc-org.springframework.boot.autoconfigure.web.servlet.WebMvcProperties, spring.resources-org.springframework.boot.autoconfigure.web.ResourceProperties, spring.servlet.multipart-org.springframework.boot.autoconfigure.web.servlet.MultipartProperties, spring.task.execution-org.springframework.boot.autoconfigure.task.TaskExecutionProperties, spring.task.scheduling-org.springframework.boot.autoconfigure.task.TaskSchedulingProperties, spring.transaction-org.springframework.boot.autoconfigure.transaction.TransactionProperties, springApplicationAdminRegistrar, springfox.bean.validators.configuration.BeanValidatorPluginsConfiguration, springfox.documentation.schema.configuration.ModelsConfiguration, springfox.documentation.spring.web.SpringfoxWebMvcConfiguration, springfox.documentation.swagger.configuration.SwaggerCommonConfiguration, springfox.documentation.swagger2.configuration.Swagger2DocumentationConfiguration, sqlSessionFactory, sqlSessionTemplate, standardJacksonObjectMapperBuilderCustomizer, stringHttpMessageConverter, swagger2ControllerMapping, swagger2Module, swaggerApiListingReader, swaggerExpandedParameterBuilder, swaggerMediaTypeReader, swaggerOperationModelsProvider, swaggerOperationResponseClassReader, swaggerOperationTagsReader, swaggerParameterDescriptionReader, swaggerProperties, swaggerResponseMessageReader, syntheticModelProviderPluginRegistry, taskExecutorBuilder, taskSchedulerBuilder, teachplanMapper, teachplanMediaMapper, tomcatServletWebServerFactory, tomcatServletWebServerFactoryCustomizer, tomcatWebServerFactoryCustomizer, transactionAttributeSource, transactionInterceptor, transactionManager, transactionTemplate, typeNameExtractor, typeNameProviderPluginRegistry, typeResolver, uiConfiguration, vendorExtensionsMapperImpl, vendorExtensionsReader, viewControllerHandlerMapping, viewResolver, webMvcRequestHandlerProvider, webServerFactoryCustomizerBeanPostProcessor, websocketServletWebServerCustomizer, welcomePageHandlerMapping, xmlModelPlugin, xmlPropertyPlugin]
2025-04-16 22:18:07,357 DEBUG [main][GenericScope.java:291] - Generating bean factory id from names: [accessorsProvider, apiDescriptionLookup, apiDescriptionReader, apiDocumentationScanner, apiListingBuilderPluginRegistry, apiListingReader, apiListingReferenceScanner, apiListingScanner, apiListingScannerPluginRegistry, apiModelBuilder, apiModelPropertyPropertyBuilder, apiModelReader, apiModelTypeNameProvider, apiOperationReader, apiResourceController, applicationAvailability, applicationTaskExecutor, basicErrorController, beanNameHandlerMapping, beanNameViewResolver, bootstrapApplicationListener.BootstrapMarkerConfiguration, cachingModelDependencyProvider, cachingModelPropertiesProvider, cachingModelProvider, cachingOperationNameGenerator, cachingOperationReader, characterEncodingFilter, classOrApiAnnotationResourceGrouping, com.baomidou.mybatisplus.autoconfigure.MybatisPlusAutoConfiguration, com.baomidou.mybatisplus.autoconfigure.MybatisPlusLanguageDriverAutoConfiguration, com.spring4all.swagger.Swagger2Configuration, com.spring4all.swagger.SwaggerAutoConfiguration, com.xuecheng.content.config.MybatisPlusConfig#MapperScannerRegistrar#0, configurationPropertiesBeans, configurationPropertiesRebinder, contentApplication, contextRefresher, conventionErrorViewResolver, courseBaseInfoController, courseBaseInfoServiceImpl, courseBaseMapper, courseCategoryMapper, courseCategoryServiceImpl, courseCategotyController, courseMarketMapper, coursePublishMapper, coursePublishPreMapper, courseTeacherMapper, createRestApi, dataSource, dataSourceInitializerPostProcessor, decimalMinMaxPlugin, defaultModelDependencyProvider, defaultModelProvider, defaultOperationReader, defaultServletHandlerMapping, defaultTagsProvider, defaultValidator, defaultViewResolver, defaults, defaultsProviderPluginRegistry, descriptionResolver, dispatcherServlet, dispatcherServletRegistration, documentationPluginRegistry, documentationPluginsBootstrapper, documentationPluginsManager, environmentManager, error, errorAttributes, errorPageCustomizer, errorPageRegistrarBeanPostProcessor, expandedParameterBuilder, expandedParameterBuilderPluginRegistry, expanderMinMax, expanderNotNull, expanderPattern, expanderSize, factoryMethodProvider, fieldProvider, formContentFilter, globalExceptionHandler, handlerExceptionResolver, handlerFunctionAdapter, hikariPoolDataSourceMetadataProvider, httpRequestHandlerAdapter, inMemorySwaggerResourcesProvider, jackson2ObjectMapperBuilderCustomizer, jacksonEnumTypeDeterminer, jacksonObjectMapper, jacksonObjectMapperBuilder, jdbcTemplate, jsonComponentModule, jsonSerializer, licenseMapperImpl, lifecycleProcessor, localDateTimeConfig, localDateTimeDeserializer, localDateTimeSerializer, localeCharsetMappingsCustomizer, loggingRebinder, mappingJackson2HttpMessageConverter, mbeanExporter, mbeanServer, mediaTypeReader, messageConverters, methodResolver, methodValidationPostProcessor, minMaxPlugin, modelAttributeParameterExpander, modelBuilderPluginRegistry, modelMapperImpl, modelPropertyBuilderPluginRegistry, multipartConfigElement, multipartResolver, mvcContentNegotiationManager, mvcConversionService, mvcHandlerMappingIntrospector, mvcPathMatcher, mvcResourceUrlProvider, mvcUriComponentsContributor, mvcUrlPathHelper, mvcValidator, mvcViewResolver, mybatis-plus-com.baomidou.mybatisplus.autoconfigure.MybatisPlusProperties, mybatisPlusConfig, mybatisPlusInterceptor, namedParameterJdbcTemplate, notNullPlugin, objectMapperBeanPropertyNamingStrategy, objectMapperConfigurer, objectNamingStrategy, operationAuthReader, operationBuilderPluginRegistry, operationDeprecatedReader, operationHiddenReader, operationHttpMethodReader, operationImplicitParameterReader, operationImplicitParametersReader, operationModelsProvider, operationModelsProviderPluginRegistry, operationNicknameIntoUniqueIdReader, operationNotesReader, operationParameterHeadersConditionReader, operationParameterReader, operationParameterRequestConditionReader, operationPathDecorator, operationPositionReader, operationResponseClassReader, operationSummaryReader, operationTagsReader, optimized, org.springframework.aop.config.internalAutoProxyCreator, org.springframework.boot.autoconfigure.AutoConfigurationPackages, org.springframework.boot.autoconfigure.admin.SpringApplicationAdminJmxAutoConfiguration, org.springframework.boot.autoconfigure.aop.AopAutoConfiguration, org.springframework.boot.autoconfigure.aop.AopAutoConfiguration$ClassProxyingConfiguration, org.springframework.boot.autoconfigure.availability.ApplicationAvailabilityAutoConfiguration, org.springframework.boot.autoconfigure.context.ConfigurationPropertiesAutoConfiguration, org.springframework.boot.autoconfigure.context.LifecycleAutoConfiguration, org.springframework.boot.autoconfigure.context.PropertyPlaceholderAutoConfiguration, org.springframework.boot.autoconfigure.dao.PersistenceExceptionTranslationAutoConfiguration, org.springframework.boot.autoconfigure.http.HttpMessageConvertersAutoConfiguration, org.springframework.boot.autoconfigure.http.HttpMessageConvertersAutoConfiguration$StringHttpMessageConverterConfiguration, org.springframework.boot.autoconfigure.http.JacksonHttpMessageConvertersConfiguration, org.springframework.boot.autoconfigure.http.JacksonHttpMessageConvertersConfiguration$MappingJackson2HttpMessageConverterConfiguration, org.springframework.boot.autoconfigure.info.ProjectInfoAutoConfiguration, org.springframework.boot.autoconfigure.internalCachingMetadataReaderFactory, org.springframework.boot.autoconfigure.jackson.JacksonAutoConfiguration, org.springframework.boot.autoconfigure.jackson.JacksonAutoConfiguration$Jackson2ObjectMapperBuilderCustomizerConfiguration, org.springframework.boot.autoconfigure.jackson.JacksonAutoConfiguration$JacksonObjectMapperBuilderConfiguration, org.springframework.boot.autoconfigure.jackson.JacksonAutoConfiguration$JacksonObjectMapperConfiguration, org.springframework.boot.autoconfigure.jackson.JacksonAutoConfiguration$ParameterNamesModuleConfiguration, org.springframework.boot.autoconfigure.jdbc.DataSourceAutoConfiguration, org.springframework.boot.autoconfigure.jdbc.DataSourceAutoConfiguration$PooledDataSourceConfiguration, org.springframework.boot.autoconfigure.jdbc.DataSourceConfiguration$Hikari, org.springframework.boot.autoconfigure.jdbc.DataSourceInitializationConfiguration, org.springframework.boot.autoconfigure.jdbc.DataSourceInitializerInvoker, org.springframework.boot.autoconfigure.jdbc.DataSourceJmxConfiguration, org.springframework.boot.autoconfigure.jdbc.DataSourceJmxConfiguration$Hikari, org.springframework.boot.autoconfigure.jdbc.DataSourceTransactionManagerAutoConfiguration, org.springframework.boot.autoconfigure.jdbc.DataSourceTransactionManagerAutoConfiguration$DataSourceTransactionManagerConfiguration, org.springframework.boot.autoconfigure.jdbc.JdbcTemplateAutoConfiguration, org.springframework.boot.autoconfigure.jdbc.JdbcTemplateConfiguration, org.springframework.boot.autoconfigure.jdbc.NamedParameterJdbcTemplateConfiguration, org.springframework.boot.autoconfigure.jdbc.metadata.DataSourcePoolMetadataProvidersConfiguration, org.springframework.boot.autoconfigure.jdbc.metadata.DataSourcePoolMetadataProvidersConfiguration$HikariPoolDataSourceMetadataProviderConfiguration, org.springframework.boot.autoconfigure.jmx.JmxAutoConfiguration, org.springframework.boot.autoconfigure.task.TaskExecutionAutoConfiguration, org.springframework.boot.autoconfigure.task.TaskSchedulingAutoConfiguration, org.springframework.boot.autoconfigure.transaction.TransactionAutoConfiguration, org.springframework.boot.autoconfigure.transaction.TransactionAutoConfiguration$EnableTransactionManagementConfiguration, org.springframework.boot.autoconfigure.transaction.TransactionAutoConfiguration$EnableTransactionManagementConfiguration$CglibAutoProxyConfiguration, org.springframework.boot.autoconfigure.transaction.TransactionAutoConfiguration$TransactionTemplateConfiguration, org.springframework.boot.autoconfigure.validation.ValidationAutoConfiguration, org.springframework.boot.autoconfigure.web.client.RestTemplateAutoConfiguration, org.springframework.boot.autoconfigure.web.embedded.EmbeddedWebServerFactoryCustomizerAutoConfiguration, org.springframework.boot.autoconfigure.web.embedded.EmbeddedWebServerFactoryCustomizerAutoConfiguration$TomcatWebServerFactoryCustomizerConfiguration, org.springframework.boot.autoconfigure.web.servlet.DispatcherServletAutoConfiguration, org.springframework.boot.autoconfigure.web.servlet.DispatcherServletAutoConfiguration$DispatcherServletConfiguration, org.springframework.boot.autoconfigure.web.servlet.DispatcherServletAutoConfiguration$DispatcherServletRegistrationConfiguration, org.springframework.boot.autoconfigure.web.servlet.HttpEncodingAutoConfiguration, org.springframework.boot.autoconfigure.web.servlet.MultipartAutoConfiguration, org.springframework.boot.autoconfigure.web.servlet.ServletWebServerFactoryAutoConfiguration, org.springframework.boot.autoconfigure.web.servlet.ServletWebServerFactoryConfiguration$EmbeddedTomcat, org.springframework.boot.autoconfigure.web.servlet.WebMvcAutoConfiguration, org.springframework.boot.autoconfigure.web.servlet.WebMvcAutoConfiguration$EnableWebMvcConfiguration, org.springframework.boot.autoconfigure.web.servlet.WebMvcAutoConfiguration$WebMvcAutoConfigurationAdapter, org.springframework.boot.autoconfigure.web.servlet.error.ErrorMvcAutoConfiguration, org.springframework.boot.autoconfigure.web.servlet.error.ErrorMvcAutoConfiguration$DefaultErrorViewResolverConfiguration, org.springframework.boot.autoconfigure.web.servlet.error.ErrorMvcAutoConfiguration$WhitelabelErrorViewConfiguration, org.springframework.boot.autoconfigure.websocket.servlet.WebSocketServletAutoConfiguration, org.springframework.boot.autoconfigure.websocket.servlet.WebSocketServletAutoConfiguration$TomcatWebSocketConfiguration, org.springframework.boot.context.internalConfigurationPropertiesBinder, org.springframework.boot.context.internalConfigurationPropertiesBinderFactory, org.springframework.boot.context.properties.BoundConfigurationProperties, org.springframework.boot.context.properties.ConfigurationBeanFactoryMetadata, org.springframework.boot.context.properties.ConfigurationPropertiesBindingPostProcessor, org.springframework.cloud.autoconfigure.ConfigurationPropertiesRebinderAutoConfiguration, org.springframework.cloud.autoconfigure.LifecycleMvcEndpointAutoConfiguration, org.springframework.cloud.autoconfigure.RefreshAutoConfiguration, org.springframework.cloud.autoconfigure.RefreshAutoConfiguration$RefreshScopeBeanDefinitionEnhancer, org.springframework.context.annotation.internalAutowiredAnnotationProcessor, org.springframework.context.annotation.internalCommonAnnotationProcessor, org.springframework.context.annotation.internalConfigurationAnnotationProcessor, org.springframework.context.event.internalEventListenerFactory, org.springframework.context.event.internalEventListenerProcessor, org.springframework.transaction.annotation.ProxyTransactionManagementConfiguration, org.springframework.transaction.config.internalTransactionAdvisor, org.springframework.transaction.config.internalTransactionalEventListenerFactory, parameterBuilderPluginRegistry, parameterDataTypeReader, parameterDefaultReader, parameterMapperImpl, parameterMinMax, parameterMultiplesReader, parameterNameReader, parameterNamesModule, parameterNotNull, parameterPattern, parameterRequiredReader, parameterSize, parameterTypeReader, pathDecoratorRegistry, pathMappingDecorator, pathSanitizer, patternPlugin, persistenceExceptionTranslationPostProcessor, platformTransactionManagerCustomizers, preserveErrorControllerTargetClassPostProcessor, propertyDiscriminatorBasedInheritancePlugin, propertySourcesPlaceholderConfigurer, queryStringUriTemplateDecorator, refreshEventListener, refreshScope, requestContextFilter, requestMappingHandlerAdapter, requestMappingHandlerMapping, resourceGroupCache, resourceGroupingStrategyRegistry, resourceHandlerMapping, responseMessagesReader, restTemplateBuilder, routerFunctionMapping, schemaPluginsManager, securityMapperImpl, server-org.springframework.boot.autoconfigure.web.ServerProperties, serviceModelToSwagger2MapperImpl, servletWebServerFactoryCustomizer, simpleControllerHandlerAdapter, sizePlugin, spring.datasource-org.springframework.boot.autoconfigure.jdbc.DataSourceProperties, spring.info-org.springframework.boot.autoconfigure.info.ProjectInfoProperties, spring.jackson-org.springframework.boot.autoconfigure.jackson.JacksonProperties, spring.jdbc-org.springframework.boot.autoconfigure.jdbc.JdbcProperties, spring.lifecycle-org.springframework.boot.autoconfigure.context.LifecycleProperties, spring.mvc-org.springframework.boot.autoconfigure.web.servlet.WebMvcProperties, spring.resources-org.springframework.boot.autoconfigure.web.ResourceProperties, spring.servlet.multipart-org.springframework.boot.autoconfigure.web.servlet.MultipartProperties, spring.task.execution-org.springframework.boot.autoconfigure.task.TaskExecutionProperties, spring.task.scheduling-org.springframework.boot.autoconfigure.task.TaskSchedulingProperties, spring.transaction-org.springframework.boot.autoconfigure.transaction.TransactionProperties, springApplicationAdminRegistrar, springfox.bean.validators.configuration.BeanValidatorPluginsConfiguration, springfox.documentation.schema.configuration.ModelsConfiguration, springfox.documentation.spring.web.SpringfoxWebMvcConfiguration, springfox.documentation.swagger.configuration.SwaggerCommonConfiguration, springfox.documentation.swagger2.configuration.Swagger2DocumentationConfiguration, sqlSessionFactory, sqlSessionTemplate, standardJacksonObjectMapperBuilderCustomizer, stringHttpMessageConverter, swagger2ControllerMapping, swagger2Module, swaggerApiListingReader, swaggerExpandedParameterBuilder, swaggerMediaTypeReader, swaggerOperationModelsProvider, swaggerOperationResponseClassReader, swaggerOperationTagsReader, swaggerParameterDescriptionReader, swaggerProperties, swaggerResponseMessageReader, syntheticModelProviderPluginRegistry, taskExecutorBuilder, taskSchedulerBuilder, teachplanMapper, teachplanMediaMapper, tomcatServletWebServerFactory, tomcatServletWebServerFactoryCustomizer, tomcatWebServerFactoryCustomizer, transactionAttributeSource, transactionInterceptor, transactionManager, transactionTemplate, typeNameExtractor, typeNameProviderPluginRegistry, typeResolver, uiConfiguration, vendorExtensionsMapperImpl, vendorExtensionsReader, viewControllerHandlerMapping, viewResolver, webMvcRequestHandlerProvider, webServerFactoryCustomizerBeanPostProcessor, websocketServletWebServerCustomizer, welcomePageHandlerMapping, xmlModelPlugin, xmlPropertyPlugin]
2025-04-16 22:18:07,359 INFO [main][GenericScope.java:295] - BeanFactory id=29f809a4-ec6a-32aa-b563-85b339632386
2025-04-16 22:18:07,359 INFO [main][GenericScope.java:295] - BeanFactory id=29f809a4-ec6a-32aa-b563-85b339632386
2025-04-16 22:18:07,360 DEBUG [main][DefaultSingletonBeanRegistry.java:225] - Creating shared instance of singleton bean 'org.springframework.context.event.internalEventListenerProcessor'
2025-04-16 22:18:07,360 DEBUG [main][DefaultSingletonBeanRegistry.java:225] - Creating shared instance of singleton bean 'org.springframework.context.event.internalEventListenerProcessor'
2025-04-16 22:18:07,361 DEBUG [main][DefaultSingletonBeanRegistry.java:225] - Creating shared instance of singleton bean 'preserveErrorControllerTargetClassPostProcessor'
2025-04-16 22:18:07,361 DEBUG [main][DefaultSingletonBeanRegistry.java:225] - Creating shared instance of singleton bean 'preserveErrorControllerTargetClassPostProcessor'
2025-04-16 22:18:07,361 DEBUG [main][DefaultSingletonBeanRegistry.java:225] - Creating shared instance of singleton bean 'org.springframework.context.event.internalEventListenerFactory'
2025-04-16 22:18:07,361 DEBUG [main][DefaultSingletonBeanRegistry.java:225] - Creating shared instance of singleton bean 'org.springframework.context.event.internalEventListenerFactory'
2025-04-16 22:18:07,362 DEBUG [main][DefaultSingletonBeanRegistry.java:225] - Creating shared instance of singleton bean 'org.springframework.transaction.config.internalTransactionalEventListenerFactory'
2025-04-16 22:18:07,362 DEBUG [main][DefaultSingletonBeanRegistry.java:225] - Creating shared instance of singleton bean 'org.springframework.transaction.config.internalTransactionalEventListenerFactory'
2025-04-16 22:18:07,363 DEBUG [main][DefaultSingletonBeanRegistry.java:225] - Creating shared instance of singleton bean 'org.springframework.context.annotation.internalAutowiredAnnotationProcessor'
2025-04-16 22:18:07,363 DEBUG [main][DefaultSingletonBeanRegistry.java:225] - Creating shared instance of singleton bean 'org.springframework.context.annotation.internalAutowiredAnnotationProcessor'
2025-04-16 22:18:07,363 DEBUG [main][DefaultSingletonBeanRegistry.java:225] - Creating shared instance of singleton bean 'org.springframework.context.annotation.internalCommonAnnotationProcessor'
2025-04-16 22:18:07,363 DEBUG [main][DefaultSingletonBeanRegistry.java:225] - Creating shared instance of singleton bean 'org.springframework.context.annotation.internalCommonAnnotationProcessor'
2025-04-16 22:18:07,363 DEBUG [main][DefaultSingletonBeanRegistry.java:225] - Creating shared instance of singleton bean 'org.springframework.boot.context.properties.ConfigurationPropertiesBindingPostProcessor'
2025-04-16 22:18:07,363 DEBUG [main][DefaultSingletonBeanRegistry.java:225] - Creating shared instance of singleton bean 'org.springframework.boot.context.properties.ConfigurationPropertiesBindingPostProcessor'
2025-04-16 22:18:07,364 DEBUG [main][DefaultSingletonBeanRegistry.java:225] - Creating shared instance of singleton bean 'org.springframework.boot.context.internalConfigurationPropertiesBinder'
2025-04-16 22:18:07,364 DEBUG [main][DefaultSingletonBeanRegistry.java:225] - Creating shared instance of singleton bean 'org.springframework.boot.context.internalConfigurationPropertiesBinder'
2025-04-16 22:18:07,364 DEBUG [main][DefaultSingletonBeanRegistry.java:225] - Creating shared instance of singleton bean 'org.springframework.boot.context.internalConfigurationPropertiesBinderFactory'
2025-04-16 22:18:07,364 DEBUG [main][DefaultSingletonBeanRegistry.java:225] - Creating shared instance of singleton bean 'org.springframework.boot.context.internalConfigurationPropertiesBinderFactory'
2025-04-16 22:18:07,364 DEBUG [main][DefaultSingletonBeanRegistry.java:225] - Creating shared instance of singleton bean 'methodValidationPostProcessor'
2025-04-16 22:18:07,364 DEBUG [main][DefaultSingletonBeanRegistry.java:225] - Creating shared instance of singleton bean 'methodValidationPostProcessor'
2025-04-16 22:18:07,376 DEBUG [main][ConstructorResolver.java:807] - Autowiring by type from bean name 'methodValidationPostProcessor' via factory method to bean named 'environment'
2025-04-16 22:18:07,376 DEBUG [main][ConstructorResolver.java:807] - Autowiring by type from bean name 'methodValidationPostProcessor' via factory method to bean named 'environment'
2025-04-16 22:18:07,380 DEBUG [main][DefaultSingletonBeanRegistry.java:225] - Creating shared instance of singleton bean 'dataSourceInitializerPostProcessor'
2025-04-16 22:18:07,380 DEBUG [main][DefaultSingletonBeanRegistry.java:225] - Creating shared instance of singleton bean 'dataSourceInitializerPostProcessor'
2025-04-16 22:18:07,381 DEBUG [main][DefaultSingletonBeanRegistry.java:225] - Creating shared instance of singleton bean 'persistenceExceptionTranslationPostProcessor'
2025-04-16 22:18:07,381 DEBUG [main][DefaultSingletonBeanRegistry.java:225] - Creating shared instance of singleton bean 'persistenceExceptionTranslationPostProcessor'
2025-04-16 22:18:07,381 DEBUG [main][ConstructorResolver.java:807] - Autowiring by type from bean name 'persistenceExceptionTranslationPostProcessor' via factory method to bean named 'environment'
2025-04-16 22:18:07,381 DEBUG [main][ConstructorResolver.java:807] - Autowiring by type from bean name 'persistenceExceptionTranslationPostProcessor' via factory method to bean named 'environment'
2025-04-16 22:18:07,382 DEBUG [main][DefaultSingletonBeanRegistry.java:225] - Creating shared instance of singleton bean 'org.springframework.aop.config.internalAutoProxyCreator'
2025-04-16 22:18:07,382 DEBUG [main][DefaultSingletonBeanRegistry.java:225] - Creating shared instance of singleton bean 'org.springframework.aop.config.internalAutoProxyCreator'
2025-04-16 22:18:07,393 DEBUG [main][DefaultSingletonBeanRegistry.java:225] - Creating shared instance of singleton bean 'objectMapperConfigurer'
2025-04-16 22:18:07,393 DEBUG [main][DefaultSingletonBeanRegistry.java:225] - Creating shared instance of singleton bean 'objectMapperConfigurer'
2025-04-16 22:18:07,394 DEBUG [main][DefaultSingletonBeanRegistry.java:225] - Creating shared instance of singleton bean 'org.springframework.transaction.config.internalTransactionAdvisor'
2025-04-16 22:18:07,394 DEBUG [main][DefaultSingletonBeanRegistry.java:225] - Creating shared instance of singleton bean 'org.springframework.transaction.config.internalTransactionAdvisor'
2025-04-16 22:18:07,394 DEBUG [main][DefaultSingletonBeanRegistry.java:225] - Creating shared instance of singleton bean 'org.springframework.transaction.annotation.ProxyTransactionManagementConfiguration'
2025-04-16 22:18:07,394 DEBUG [main][DefaultSingletonBeanRegistry.java:225] - Creating shared instance of singleton bean 'org.springframework.transaction.annotation.ProxyTransactionManagementConfiguration'
2025-04-16 22:18:07,399 DEBUG [main][DefaultSingletonBeanRegistry.java:225] - Creating shared instance of singleton bean 'transactionAttributeSource'
2025-04-16 22:18:07,399 DEBUG [main][DefaultSingletonBeanRegistry.java:225] - Creating shared instance of singleton bean 'transactionAttributeSource'
2025-04-16 22:18:07,403 DEBUG [main][DefaultSingletonBeanRegistry.java:225] - Creating shared instance of singleton bean 'transactionInterceptor'
2025-04-16 22:18:07,403 DEBUG [main][DefaultSingletonBeanRegistry.java:225] - Creating shared instance of singleton bean 'transactionInterceptor'
2025-04-16 22:18:07,404 DEBUG [main][ConstructorResolver.java:807] - Autowiring by type from bean name 'transactionInterceptor' via factory method to bean named 'transactionAttributeSource'
2025-04-16 22:18:07,404 DEBUG [main][ConstructorResolver.java:807] - Autowiring by type from bean name 'transactionInterceptor' via factory method to bean named 'transactionAttributeSource'
2025-04-16 22:18:07,409 DEBUG [main][ConstructorResolver.java:807] - Autowiring by type from bean name 'org.springframework.transaction.config.internalTransactionAdvisor' via factory method to bean named 'transactionAttributeSource'
2025-04-16 22:18:07,409 DEBUG [main][ConstructorResolver.java:807] - Autowiring by type from bean name 'org.springframework.transaction.config.internalTransactionAdvisor' via factory method to bean named 'transactionAttributeSource'
2025-04-16 22:18:07,410 DEBUG [main][ConstructorResolver.java:807] - Autowiring by type from bean name 'org.springframework.transaction.config.internalTransactionAdvisor' via factory method to bean named 'transactionInterceptor'
2025-04-16 22:18:07,410 DEBUG [main][ConstructorResolver.java:807] - Autowiring by type from bean name 'org.springframework.transaction.config.internalTransactionAdvisor' via factory method to bean named 'transactionInterceptor'
2025-04-16 22:18:07,413 DEBUG [main][DefaultSingletonBeanRegistry.java:225] - Creating shared instance of singleton bean 'webServerFactoryCustomizerBeanPostProcessor'
2025-04-16 22:18:07,413 DEBUG [main][DefaultSingletonBeanRegistry.java:225] - Creating shared instance of singleton bean 'webServerFactoryCustomizerBeanPostProcessor'
2025-04-16 22:18:07,414 DEBUG [main][DefaultSingletonBeanRegistry.java:225] - Creating shared instance of singleton bean 'errorPageRegistrarBeanPostProcessor'
2025-04-16 22:18:07,414 DEBUG [main][DefaultSingletonBeanRegistry.java:225] - Creating shared instance of singleton bean 'errorPageRegistrarBeanPostProcessor'
2025-04-16 22:18:07,414 DEBUG [main][DefaultSingletonBeanRegistry.java:225] - Creating shared instance of singleton bean 'configurationPropertiesBeans'
2025-04-16 22:18:07,414 DEBUG [main][DefaultSingletonBeanRegistry.java:225] - Creating shared instance of singleton bean 'configurationPropertiesBeans'
2025-04-16 22:18:07,416 DEBUG [main][UiApplicationContextUtils.java:85] - Unable to locate ThemeSource with name 'themeSource': using default [org.springframework.ui.context.support.ResourceBundleThemeSource@3f628ce9]
2025-04-16 22:18:07,416 DEBUG [main][UiApplicationContextUtils.java:85] - Unable to locate ThemeSource with name 'themeSource': using default [org.springframework.ui.context.support.ResourceBundleThemeSource@3f628ce9]
2025-04-16 22:18:07,416 DEBUG [main][DefaultSingletonBeanRegistry.java:225] - Creating shared instance of singleton bean 'tomcatServletWebServerFactory'
2025-04-16 22:18:07,416 DEBUG [main][DefaultSingletonBeanRegistry.java:225] - Creating shared instance of singleton bean 'tomcatServletWebServerFactory'
2025-04-16 22:18:07,416 DEBUG [main][DefaultSingletonBeanRegistry.java:225] - Creating shared instance of singleton bean 'org.springframework.boot.autoconfigure.web.servlet.ServletWebServerFactoryConfiguration$EmbeddedTomcat'
2025-04-16 22:18:07,416 DEBUG [main][DefaultSingletonBeanRegistry.java:225] - Creating shared instance of singleton bean 'org.springframework.boot.autoconfigure.web.servlet.ServletWebServerFactoryConfiguration$EmbeddedTomcat'
2025-04-16 22:18:07,439 DEBUG [main][DefaultSingletonBeanRegistry.java:225] - Creating shared instance of singleton bean 'websocketServletWebServerCustomizer'
2025-04-16 22:18:07,439 DEBUG [main][DefaultSingletonBeanRegistry.java:225] - Creating shared instance of singleton bean 'websocketServletWebServerCustomizer'
2025-04-16 22:18:07,439 DEBUG [main][DefaultSingletonBeanRegistry.java:225] - Creating shared instance of singleton bean 'org.springframework.boot.autoconfigure.websocket.servlet.WebSocketServletAutoConfiguration$TomcatWebSocketConfiguration'
2025-04-16 22:18:07,439 DEBUG [main][DefaultSingletonBeanRegistry.java:225] - Creating shared instance of singleton bean 'org.springframework.boot.autoconfigure.websocket.servlet.WebSocketServletAutoConfiguration$TomcatWebSocketConfiguration'
2025-04-16 22:18:07,439 DEBUG [main][DefaultSingletonBeanRegistry.java:225] - Creating shared instance of singleton bean 'servletWebServerFactoryCustomizer'
2025-04-16 22:18:07,439 DEBUG [main][DefaultSingletonBeanRegistry.java:225] - Creating shared instance of singleton bean 'servletWebServerFactoryCustomizer'
2025-04-16 22:18:07,439 DEBUG [main][DefaultSingletonBeanRegistry.java:225] - Creating shared instance of singleton bean 'org.springframework.boot.autoconfigure.web.servlet.ServletWebServerFactoryAutoConfiguration'
2025-04-16 22:18:07,439 DEBUG [main][DefaultSingletonBeanRegistry.java:225] - Creating shared instance of singleton bean 'org.springframework.boot.autoconfigure.web.servlet.ServletWebServerFactoryAutoConfiguration'
2025-04-16 22:18:07,440 DEBUG [main][DefaultSingletonBeanRegistry.java:225] - Creating shared instance of singleton bean 'server-org.springframework.boot.autoconfigure.web.ServerProperties'
2025-04-16 22:18:07,440 DEBUG [main][DefaultSingletonBeanRegistry.java:225] - Creating shared instance of singleton bean 'server-org.springframework.boot.autoconfigure.web.ServerProperties'
2025-04-16 22:18:07,445 DEBUG [main][DefaultSingletonBeanRegistry.java:225] - Creating shared instance of singleton bean 'org.springframework.boot.context.properties.BoundConfigurationProperties'
2025-04-16 22:18:07,445 DEBUG [main][DefaultSingletonBeanRegistry.java:225] - Creating shared instance of singleton bean 'org.springframework.boot.context.properties.BoundConfigurationProperties'
2025-04-16 22:18:07,450 DEBUG [main][ConstructorResolver.java:807] - Autowiring by type from bean name 'servletWebServerFactoryCustomizer' via factory method to bean named 'server-org.springframework.boot.autoconfigure.web.ServerProperties'
2025-04-16 22:18:07,450 DEBUG [main][ConstructorResolver.java:807] - Autowiring by type from bean name 'servletWebServerFactoryCustomizer' via factory method to bean named 'server-org.springframework.boot.autoconfigure.web.ServerProperties'
2025-04-16 22:18:07,450 DEBUG [main][DefaultSingletonBeanRegistry.java:225] - Creating shared instance of singleton bean 'tomcatServletWebServerFactoryCustomizer'
2025-04-16 22:18:07,450 DEBUG [main][DefaultSingletonBeanRegistry.java:225] - Creating shared instance of singleton bean 'tomcatServletWebServerFactoryCustomizer'
2025-04-16 22:18:07,451 DEBUG [main][ConstructorResolver.java:807] - Autowiring by type from bean name 'tomcatServletWebServerFactoryCustomizer' via factory method to bean named 'server-org.springframework.boot.autoconfigure.web.ServerProperties'
2025-04-16 22:18:07,451 DEBUG [main][ConstructorResolver.java:807] - Autowiring by type from bean name 'tomcatServletWebServerFactoryCustomizer' via factory method to bean named 'server-org.springframework.boot.autoconfigure.web.ServerProperties'
2025-04-16 22:18:07,451 DEBUG [main][DefaultSingletonBeanRegistry.java:225] - Creating shared instance of singleton bean 'tomcatWebServerFactoryCustomizer'
2025-04-16 22:18:07,451 DEBUG [main][DefaultSingletonBeanRegistry.java:225] - Creating shared instance of singleton bean 'tomcatWebServerFactoryCustomizer'
2025-04-16 22:18:07,451 DEBUG [main][DefaultSingletonBeanRegistry.java:225] - Creating shared instance of singleton bean 'org.springframework.boot.autoconfigure.web.embedded.EmbeddedWebServerFactoryCustomizerAutoConfiguration$TomcatWebServerFactoryCustomizerConfiguration'
2025-04-16 22:18:07,451 DEBUG [main][DefaultSingletonBeanRegistry.java:225] - Creating shared instance of singleton bean 'org.springframework.boot.autoconfigure.web.embedded.EmbeddedWebServerFactoryCustomizerAutoConfiguration$TomcatWebServerFactoryCustomizerConfiguration'
2025-04-16 22:18:07,452 DEBUG [main][ConstructorResolver.java:807] - Autowiring by type from bean name 'tomcatWebServerFactoryCustomizer' via factory method to bean named 'environment'
2025-04-16 22:18:07,452 DEBUG [main][ConstructorResolver.java:807] - Autowiring by type from bean name 'tomcatWebServerFactoryCustomizer' via factory method to bean named 'environment'
2025-04-16 22:18:07,454 DEBUG [main][ConstructorResolver.java:807] - Autowiring by type from bean name 'tomcatWebServerFactoryCustomizer' via factory method to bean named 'server-org.springframework.boot.autoconfigure.web.ServerProperties'
2025-04-16 22:18:07,454 DEBUG [main][ConstructorResolver.java:807] - Autowiring by type from bean name 'tomcatWebServerFactoryCustomizer' via factory method to bean named 'server-org.springframework.boot.autoconfigure.web.ServerProperties'
2025-04-16 22:18:07,454 DEBUG [main][DefaultSingletonBeanRegistry.java:225] - Creating shared instance of singleton bean 'localeCharsetMappingsCustomizer'
2025-04-16 22:18:07,454 DEBUG [main][DefaultSingletonBeanRegistry.java:225] - Creating shared instance of singleton bean 'localeCharsetMappingsCustomizer'
2025-04-16 22:18:07,454 DEBUG [main][DefaultSingletonBeanRegistry.java:225] - Creating shared instance of singleton bean 'org.springframework.boot.autoconfigure.web.servlet.HttpEncodingAutoConfiguration'
2025-04-16 22:18:07,454 DEBUG [main][DefaultSingletonBeanRegistry.java:225] - Creating shared instance of singleton bean 'org.springframework.boot.autoconfigure.web.servlet.HttpEncodingAutoConfiguration'
2025-04-16 22:18:07,454 DEBUG [main][ConstructorResolver.java:807] - Autowiring by type from bean name 'org.springframework.boot.autoconfigure.web.servlet.HttpEncodingAutoConfiguration' via constructor to bean named 'server-org.springframework.boot.autoconfigure.web.ServerProperties'
2025-04-16 22:18:07,454 DEBUG [main][ConstructorResolver.java:807] - Autowiring by type from bean name 'org.springframework.boot.autoconfigure.web.servlet.HttpEncodingAutoConfiguration' via constructor to bean named 'server-org.springframework.boot.autoconfigure.web.ServerProperties'
2025-04-16 22:18:07,471 DEBUG [main][DefaultSingletonBeanRegistry.java:225] - Creating shared instance of singleton bean 'errorPageCustomizer'
2025-04-16 22:18:07,471 DEBUG [main][DefaultSingletonBeanRegistry.java:225] - Creating shared instance of singleton bean 'errorPageCustomizer'
2025-04-16 22:18:07,472 DEBUG [main][DefaultSingletonBeanRegistry.java:225] - Creating shared instance of singleton bean 'org.springframework.boot.autoconfigure.web.servlet.error.ErrorMvcAutoConfiguration'
2025-04-16 22:18:07,472 DEBUG [main][DefaultSingletonBeanRegistry.java:225] - Creating shared instance of singleton bean 'org.springframework.boot.autoconfigure.web.servlet.error.ErrorMvcAutoConfiguration'
2025-04-16 22:18:07,473 DEBUG [main][ConstructorResolver.java:807] - Autowiring by type from bean name 'org.springframework.boot.autoconfigure.web.servlet.error.ErrorMvcAutoConfiguration' via constructor to bean named 'server-org.springframework.boot.autoconfigure.web.ServerProperties'
2025-04-16 22:18:07,473 DEBUG [main][ConstructorResolver.java:807] - Autowiring by type from bean name 'org.springframework.boot.autoconfigure.web.servlet.error.ErrorMvcAutoConfiguration' via constructor to bean named 'server-org.springframework.boot.autoconfigure.web.ServerProperties'
2025-04-16 22:18:07,474 DEBUG [main][DefaultSingletonBeanRegistry.java:225] - Creating shared instance of singleton bean 'dispatcherServletRegistration'
2025-04-16 22:18:07,474 DEBUG [main][DefaultSingletonBeanRegistry.java:225] - Creating shared instance of singleton bean 'dispatcherServletRegistration'
2025-04-16 22:18:07,474 DEBUG [main][DefaultSingletonBeanRegistry.java:225] - Creating shared instance of singleton bean 'org.springframework.boot.autoconfigure.web.servlet.DispatcherServletAutoConfiguration$DispatcherServletRegistrationConfiguration'
2025-04-16 22:18:07,474 DEBUG [main][DefaultSingletonBeanRegistry.java:225] - Creating shared instance of singleton bean 'org.springframework.boot.autoconfigure.web.servlet.DispatcherServletAutoConfiguration$DispatcherServletRegistrationConfiguration'
2025-04-16 22:18:07,475 DEBUG [main][DefaultSingletonBeanRegistry.java:225] - Creating shared instance of singleton bean 'dispatcherServlet'
2025-04-16 22:18:07,475 DEBUG [main][DefaultSingletonBeanRegistry.java:225] - Creating shared instance of singleton bean 'dispatcherServlet'
2025-04-16 22:18:07,476 DEBUG [main][DefaultSingletonBeanRegistry.java:225] - Creating shared instance of singleton bean 'org.springframework.boot.autoconfigure.web.servlet.DispatcherServletAutoConfiguration$DispatcherServletConfiguration'
2025-04-16 22:18:07,476 DEBUG [main][DefaultSingletonBeanRegistry.java:225] - Creating shared instance of singleton bean 'org.springframework.boot.autoconfigure.web.servlet.DispatcherServletAutoConfiguration$DispatcherServletConfiguration'
2025-04-16 22:18:07,478 DEBUG [main][DefaultSingletonBeanRegistry.java:225] - Creating shared instance of singleton bean 'spring.mvc-org.springframework.boot.autoconfigure.web.servlet.WebMvcProperties'
2025-04-16 22:18:07,478 DEBUG [main][DefaultSingletonBeanRegistry.java:225] - Creating shared instance of singleton bean 'spring.mvc-org.springframework.boot.autoconfigure.web.servlet.WebMvcProperties'
2025-04-16 22:18:07,482 DEBUG [main][ConstructorResolver.java:807] - Autowiring by type from bean name 'dispatcherServlet' via factory method to bean named 'spring.mvc-org.springframework.boot.autoconfigure.web.servlet.WebMvcProperties'
2025-04-16 22:18:07,482 DEBUG [main][ConstructorResolver.java:807] - Autowiring by type from bean name 'dispatcherServlet' via factory method to bean named 'spring.mvc-org.springframework.boot.autoconfigure.web.servlet.WebMvcProperties'
2025-04-16 22:18:07,491 DEBUG [main][ConstructorResolver.java:807] - Autowiring by type from bean name 'dispatcherServletRegistration' via factory method to bean named 'dispatcherServlet'
2025-04-16 22:18:07,491 DEBUG [main][ConstructorResolver.java:807] - Autowiring by type from bean name 'dispatcherServletRegistration' via factory method to bean named 'dispatcherServlet'
2025-04-16 22:18:07,491 DEBUG [main][ConstructorResolver.java:807] - Autowiring by type from bean name 'dispatcherServletRegistration' via factory method to bean named 'spring.mvc-org.springframework.boot.autoconfigure.web.servlet.WebMvcProperties'
2025-04-16 22:18:07,491 DEBUG [main][ConstructorResolver.java:807] - Autowiring by type from bean name 'dispatcherServletRegistration' via factory method to bean named 'spring.mvc-org.springframework.boot.autoconfigure.web.servlet.WebMvcProperties'
2025-04-16 22:18:07,493 DEBUG [main][DefaultSingletonBeanRegistry.java:225] - Creating shared instance of singleton bean 'multipartConfigElement'
2025-04-16 22:18:07,493 DEBUG [main][DefaultSingletonBeanRegistry.java:225] - Creating shared instance of singleton bean 'multipartConfigElement'
2025-04-16 22:18:07,493 DEBUG [main][DefaultSingletonBeanRegistry.java:225] - Creating shared instance of singleton bean 'org.springframework.boot.autoconfigure.web.servlet.MultipartAutoConfiguration'
2025-04-16 22:18:07,493 DEBUG [main][DefaultSingletonBeanRegistry.java:225] - Creating shared instance of singleton bean 'org.springframework.boot.autoconfigure.web.servlet.MultipartAutoConfiguration'
2025-04-16 22:18:07,494 DEBUG [main][DefaultSingletonBeanRegistry.java:225] - Creating shared instance of singleton bean 'spring.servlet.multipart-org.springframework.boot.autoconfigure.web.servlet.MultipartProperties'
2025-04-16 22:18:07,494 DEBUG [main][DefaultSingletonBeanRegistry.java:225] - Creating shared instance of singleton bean 'spring.servlet.multipart-org.springframework.boot.autoconfigure.web.servlet.MultipartProperties'
2025-04-16 22:18:07,498 DEBUG [main][ConstructorResolver.java:807] - Autowiring by type from bean name 'org.springframework.boot.autoconfigure.web.servlet.MultipartAutoConfiguration' via constructor to bean named 'spring.servlet.multipart-org.springframework.boot.autoconfigure.web.servlet.MultipartProperties'
2025-04-16 22:18:07,498 DEBUG [main][ConstructorResolver.java:807] - Autowiring by type from bean name 'org.springframework.boot.autoconfigure.web.servlet.MultipartAutoConfiguration' via constructor to bean named 'spring.servlet.multipart-org.springframework.boot.autoconfigure.web.servlet.MultipartProperties'
2025-04-16 22:18:07,501 DEBUG [main][ConstructorResolver.java:807] - Autowiring by type from bean name 'errorPageCustomizer' via factory method to bean named 'dispatcherServletRegistration'
2025-04-16 22:18:07,501 DEBUG [main][ConstructorResolver.java:807] - Autowiring by type from bean name 'errorPageCustomizer' via factory method to bean named 'dispatcherServletRegistration'
2025-04-16 22:18:07,567 DEBUG [main][DocumentRoot.java:81] - Code archive: D:\apache-maven-3.8.8\mavenLib\org\springframework\boot\spring-boot\2.3.7.RELEASE\spring-boot-2.3.7.RELEASE.jar
2025-04-16 22:18:07,567 DEBUG [main][DocumentRoot.java:81] - Code archive: D:\apache-maven-3.8.8\mavenLib\org\springframework\boot\spring-boot\2.3.7.RELEASE\spring-boot-2.3.7.RELEASE.jar
2025-04-16 22:18:07,567 DEBUG [main][DocumentRoot.java:125] - Code archive: D:\apache-maven-3.8.8\mavenLib\org\springframework\boot\spring-boot\2.3.7.RELEASE\spring-boot-2.3.7.RELEASE.jar
2025-04-16 22:18:07,567 DEBUG [main][DocumentRoot.java:125] - Code archive: D:\apache-maven-3.8.8\mavenLib\org\springframework\boot\spring-boot\2.3.7.RELEASE\spring-boot-2.3.7.RELEASE.jar
2025-04-16 22:18:07,567 DEBUG [main][DocumentRoot.java:149] - None of the document roots [src/main/webapp, public, static] point to a directory and will be ignored.
2025-04-16 22:18:07,567 DEBUG [main][DocumentRoot.java:149] - None of the document roots [src/main/webapp, public, static] point to a directory and will be ignored.
2025-04-16 22:18:07,585 INFO [main][TomcatWebServer.java:108] - Tomcat initialized with port(s): 63040 (http)
2025-04-16 22:18:07,585 INFO [main][TomcatWebServer.java:108] - Tomcat initialized with port(s): 63040 (http)
2025-04-16 22:18:07,592 INFO [main][DirectJDKLog.java:173] - Initializing ProtocolHandler ["http-nio-63040"]
2025-04-16 22:18:07,592 INFO [main][DirectJDKLog.java:173] - Initializing ProtocolHandler ["http-nio-63040"]
2025-04-16 22:18:07,592 INFO [main][DirectJDKLog.java:173] - Starting service [Tomcat]
2025-04-16 22:18:07,592 INFO [main][DirectJDKLog.java:173] - Starting service [Tomcat]
2025-04-16 22:18:07,592 INFO [main][DirectJDKLog.java:173] - Starting Servlet engine: [Apache Tomcat/9.0.41]
2025-04-16 22:18:07,592 INFO [main][DirectJDKLog.java:173] - Starting Servlet engine: [Apache Tomcat/9.0.41]
2025-04-16 22:18:07,649 INFO [main][DirectJDKLog.java:173] - Initializing Spring embedded WebApplicationContext
2025-04-16 22:18:07,649 INFO [main][DirectJDKLog.java:173] - Initializing Spring embedded WebApplicationContext
2025-04-16 22:18:07,650 DEBUG [main][ServletWebServerApplicationContext.java:279] - Published root WebApplicationContext as ServletContext attribute with name [org.springframework.web.context.WebApplicationContext.ROOT]
2025-04-16 22:18:07,650 DEBUG [main][ServletWebServerApplicationContext.java:279] - Published root WebApplicationContext as ServletContext attribute with name [org.springframework.web.context.WebApplicationContext.ROOT]
2025-04-16 22:18:07,650 INFO [main][ServletWebServerApplicationContext.java:285] - Root WebApplicationContext: initialization completed in 1069 ms
2025-04-16 22:18:07,650 INFO [main][ServletWebServerApplicationContext.java:285] - Root WebApplicationContext: initialization completed in 1069 ms
2025-04-16 22:18:07,653 DEBUG [main][DefaultSingletonBeanRegistry.java:225] - Creating shared instance of singleton bean 'requestContextFilter'
2025-04-16 22:18:07,653 DEBUG [main][DefaultSingletonBeanRegistry.java:225] - Creating shared instance of singleton bean 'requestContextFilter'
2025-04-16 22:18:07,654 DEBUG [main][DefaultSingletonBeanRegistry.java:225] - Creating shared instance of singleton bean 'formContentFilter'
2025-04-16 22:18:07,654 DEBUG [main][DefaultSingletonBeanRegistry.java:225] - Creating shared instance of singleton bean 'formContentFilter'
2025-04-16 22:18:07,654 DEBUG [main][DefaultSingletonBeanRegistry.java:225] - Creating shared instance of singleton bean 'org.springframework.boot.autoconfigure.web.servlet.WebMvcAutoConfiguration'
2025-04-16 22:18:07,654 DEBUG [main][DefaultSingletonBeanRegistry.java:225] - Creating shared instance of singleton bean 'org.springframework.boot.autoconfigure.web.servlet.WebMvcAutoConfiguration'
2025-04-16 22:18:07,659 DEBUG [main][DefaultSingletonBeanRegistry.java:225] - Creating shared instance of singleton bean 'characterEncodingFilter'
2025-04-16 22:18:07,659 DEBUG [main][DefaultSingletonBeanRegistry.java:225] - Creating shared instance of singleton bean 'characterEncodingFilter'
2025-04-16 22:18:07,664 DEBUG [main][ServletContextInitializerBeans.java:235] - Mapping filters: characterEncodingFilter urls=[/*] order=-2147483648, formContentFilter urls=[/*] order=-9900, requestContextFilter urls=[/*] order=-105
2025-04-16 22:18:07,664 DEBUG [main][ServletContextInitializerBeans.java:235] - Mapping filters: characterEncodingFilter urls=[/*] order=-2147483648, formContentFilter urls=[/*] order=-9900, requestContextFilter urls=[/*] order=-105
2025-04-16 22:18:07,665 DEBUG [main][ServletContextInitializerBeans.java:235] - Mapping servlets: dispatcherServlet urls=[/]
2025-04-16 22:18:07,665 DEBUG [main][ServletContextInitializerBeans.java:235] - Mapping servlets: dispatcherServlet urls=[/]
2025-04-16 22:18:07,676 DEBUG [main][GenericFilterBean.java:242] - Filter 'requestContextFilter' configured for use
2025-04-16 22:18:07,676 DEBUG [main][GenericFilterBean.java:242] - Filter 'requestContextFilter' configured for use
2025-04-16 22:18:07,677 DEBUG [main][GenericFilterBean.java:242] - Filter 'characterEncodingFilter' configured for use
2025-04-16 22:18:07,677 DEBUG [main][GenericFilterBean.java:242] - Filter 'characterEncodingFilter' configured for use
2025-04-16 22:18:07,677 DEBUG [main][GenericFilterBean.java:242] - Filter 'formContentFilter' configured for use
2025-04-16 22:18:07,677 DEBUG [main][GenericFilterBean.java:242] - Filter 'formContentFilter' configured for use
2025-04-16 22:18:07,684 DEBUG [main][DefaultSingletonBeanRegistry.java:225] - Creating shared instance of singleton bean 'contentApplication'
2025-04-16 22:18:07,684 DEBUG [main][DefaultSingletonBeanRegistry.java:225] - Creating shared instance of singleton bean 'contentApplication'
2025-04-16 22:18:07,685 DEBUG [main][DefaultSingletonBeanRegistry.java:225] - Creating shared instance of singleton bean 'bootstrapApplicationListener.BootstrapMarkerConfiguration'
2025-04-16 22:18:07,685 DEBUG [main][DefaultSingletonBeanRegistry.java:225] - Creating shared instance of singleton bean 'bootstrapApplicationListener.BootstrapMarkerConfiguration'
2025-04-16 22:18:07,685 DEBUG [main][DefaultSingletonBeanRegistry.java:225] - Creating shared instance of singleton bean 'courseBaseInfoController'
2025-04-16 22:18:07,685 DEBUG [main][DefaultSingletonBeanRegistry.java:225] - Creating shared instance of singleton bean 'courseBaseInfoController'
2025-04-16 22:18:07,727 DEBUG [main][DefaultSingletonBeanRegistry.java:225] - Creating shared instance of singleton bean 'courseBaseInfoServiceImpl'
2025-04-16 22:18:07,727 DEBUG [main][DefaultSingletonBeanRegistry.java:225] - Creating shared instance of singleton bean 'courseBaseInfoServiceImpl'
2025-04-16 22:18:07,730 DEBUG [main][DefaultSingletonBeanRegistry.java:225] - Creating shared instance of singleton bean 'courseBaseMapper'
2025-04-16 22:18:07,730 DEBUG [main][DefaultSingletonBeanRegistry.java:225] - Creating shared instance of singleton bean 'courseBaseMapper'
2025-04-16 22:18:07,734 DEBUG [main][DefaultSingletonBeanRegistry.java:225] - Creating shared instance of singleton bean 'sqlSessionFactory'
2025-04-16 22:18:07,734 DEBUG [main][DefaultSingletonBeanRegistry.java:225] - Creating shared instance of singleton bean 'sqlSessionFactory'
2025-04-16 22:18:07,735 DEBUG [main][DefaultSingletonBeanRegistry.java:225] - Creating shared instance of singleton bean 'com.baomidou.mybatisplus.autoconfigure.MybatisPlusAutoConfiguration'
2025-04-16 22:18:07,735 DEBUG [main][DefaultSingletonBeanRegistry.java:225] - Creating shared instance of singleton bean 'com.baomidou.mybatisplus.autoconfigure.MybatisPlusAutoConfiguration'
2025-04-16 22:18:07,735 DEBUG [main][LocalVariableTableParameterNameDiscoverer.java:99] - Cannot find '.class' file for class [class com.baomidou.mybatisplus.autoconfigure.MybatisPlusAutoConfiguration$$EnhancerBySpringCGLIB$$d78d72cb] - unable to determine constructor/method parameter names
2025-04-16 22:18:07,735 DEBUG [main][LocalVariableTableParameterNameDiscoverer.java:99] - Cannot find '.class' file for class [class com.baomidou.mybatisplus.autoconfigure.MybatisPlusAutoConfiguration$$EnhancerBySpringCGLIB$$d78d72cb] - unable to determine constructor/method parameter names
2025-04-16 22:18:07,736 DEBUG [main][DefaultSingletonBeanRegistry.java:225] - Creating shared instance of singleton bean 'mybatis-plus-com.baomidou.mybatisplus.autoconfigure.MybatisPlusProperties'
2025-04-16 22:18:07,736 DEBUG [main][DefaultSingletonBeanRegistry.java:225] - Creating shared instance of singleton bean 'mybatis-plus-com.baomidou.mybatisplus.autoconfigure.MybatisPlusProperties'
2025-04-16 22:18:07,743 DEBUG [main][ConstructorResolver.java:807] - Autowiring by type from bean name 'com.baomidou.mybatisplus.autoconfigure.MybatisPlusAutoConfiguration' via constructor to bean named 'mybatis-plus-com.baomidou.mybatisplus.autoconfigure.MybatisPlusProperties'
2025-04-16 22:18:07,743 DEBUG [main][ConstructorResolver.java:807] - Autowiring by type from bean name 'com.baomidou.mybatisplus.autoconfigure.MybatisPlusAutoConfiguration' via constructor to bean named 'mybatis-plus-com.baomidou.mybatisplus.autoconfigure.MybatisPlusProperties'
2025-04-16 22:18:07,743 DEBUG [main][ConstructorResolver.java:807] - Autowiring by type from bean name 'com.baomidou.mybatisplus.autoconfigure.MybatisPlusAutoConfiguration' via constructor to bean named 'org.springframework.boot.web.servlet.context.AnnotationConfigServletWebServerApplicationContext@7ec3394b'
2025-04-16 22:18:07,743 DEBUG [main][ConstructorResolver.java:807] - Autowiring by type from bean name 'com.baomidou.mybatisplus.autoconfigure.MybatisPlusAutoConfiguration' via constructor to bean named 'org.springframework.boot.web.servlet.context.AnnotationConfigServletWebServerApplicationContext@7ec3394b'
2025-04-16 22:18:07,744 DEBUG [main][DefaultSingletonBeanRegistry.java:225] - Creating shared instance of singleton bean 'mybatisPlusInterceptor'
2025-04-16 22:18:07,744 DEBUG [main][DefaultSingletonBeanRegistry.java:225] - Creating shared instance of singleton bean 'mybatisPlusInterceptor'
2025-04-16 22:18:07,744 DEBUG [main][DefaultSingletonBeanRegistry.java:225] - Creating shared instance of singleton bean 'mybatisPlusConfig'
2025-04-16 22:18:07,744 DEBUG [main][DefaultSingletonBeanRegistry.java:225] - Creating shared instance of singleton bean 'mybatisPlusConfig'
2025-04-16 22:18:07,765 DEBUG [main][DefaultSingletonBeanRegistry.java:225] - Creating shared instance of singleton bean 'dataSource'
2025-04-16 22:18:07,765 DEBUG [main][DefaultSingletonBeanRegistry.java:225] - Creating shared instance of singleton bean 'dataSource'
2025-04-16 22:18:07,765 DEBUG [main][DefaultSingletonBeanRegistry.java:225] - Creating shared instance of singleton bean 'org.springframework.boot.autoconfigure.jdbc.DataSourceConfiguration$Hikari'
2025-04-16 22:18:07,765 DEBUG [main][DefaultSingletonBeanRegistry.java:225] - Creating shared instance of singleton bean 'org.springframework.boot.autoconfigure.jdbc.DataSourceConfiguration$Hikari'
2025-04-16 22:18:07,767 DEBUG [main][DefaultSingletonBeanRegistry.java:225] - Creating shared instance of singleton bean 'spring.datasource-org.springframework.boot.autoconfigure.jdbc.DataSourceProperties'
2025-04-16 22:18:07,767 DEBUG [main][DefaultSingletonBeanRegistry.java:225] - Creating shared instance of singleton bean 'spring.datasource-org.springframework.boot.autoconfigure.jdbc.DataSourceProperties'
2025-04-16 22:18:07,776 DEBUG [main][ConstructorResolver.java:807] - Autowiring by type from bean name 'dataSource' via factory method to bean named 'spring.datasource-org.springframework.boot.autoconfigure.jdbc.DataSourceProperties'
2025-04-16 22:18:07,776 DEBUG [main][ConstructorResolver.java:807] - Autowiring by type from bean name 'dataSource' via factory method to bean named 'spring.datasource-org.springframework.boot.autoconfigure.jdbc.DataSourceProperties'
2025-04-16 22:18:07,786 DEBUG [main][HikariConfig.java:946] - Driver class com.mysql.cj.jdbc.Driver found in Thread context class loader sun.misc.Launcher$AppClassLoader@18b4aac2
2025-04-16 22:18:07,786 DEBUG [main][HikariConfig.java:946] - Driver class com.mysql.cj.jdbc.Driver found in Thread context class loader sun.misc.Launcher$AppClassLoader@18b4aac2
2025-04-16 22:18:07,796 DEBUG [main][DefaultSingletonBeanRegistry.java:225] - Creating shared instance of singleton bean 'org.springframework.boot.autoconfigure.jdbc.DataSourceInitializerInvoker'
2025-04-16 22:18:07,796 DEBUG [main][DefaultSingletonBeanRegistry.java:225] - Creating shared instance of singleton bean 'org.springframework.boot.autoconfigure.jdbc.DataSourceInitializerInvoker'
2025-04-16 22:18:07,797 DEBUG [main][ConstructorResolver.java:807] - Autowiring by type from bean name 'org.springframework.boot.autoconfigure.jdbc.DataSourceInitializerInvoker' via constructor to bean named 'spring.datasource-org.springframework.boot.autoconfigure.jdbc.DataSourceProperties'
2025-04-16 22:18:07,797 DEBUG [main][ConstructorResolver.java:807] - Autowiring by type from bean name 'org.springframework.boot.autoconfigure.jdbc.DataSourceInitializerInvoker' via constructor to bean named 'spring.datasource-org.springframework.boot.autoconfigure.jdbc.DataSourceProperties'
2025-04-16 22:18:07,797 DEBUG [main][ConstructorResolver.java:807] - Autowiring by type from bean name 'org.springframework.boot.autoconfigure.jdbc.DataSourceInitializerInvoker' via constructor to bean named 'org.springframework.boot.web.servlet.context.AnnotationConfigServletWebServerApplicationContext@7ec3394b'
2025-04-16 22:18:07,797 DEBUG [main][ConstructorResolver.java:807] - Autowiring by type from bean name 'org.springframework.boot.autoconfigure.jdbc.DataSourceInitializerInvoker' via constructor to bean named 'org.springframework.boot.web.servlet.context.AnnotationConfigServletWebServerApplicationContext@7ec3394b'
2025-04-16 22:18:07,799 DEBUG [main][ConstructorResolver.java:807] - Autowiring by type from bean name 'sqlSessionFactory' via factory method to bean named 'dataSource'
2025-04-16 22:18:07,799 DEBUG [main][ConstructorResolver.java:807] - Autowiring by type from bean name 'sqlSessionFactory' via factory method to bean named 'dataSource'
2025-04-16 22:18:07,832 DEBUG [main][Logger.java:49] - Registered plugin: 'com.baomidou.mybatisplus.extension.plugins.MybatisPlusInterceptor@242b6e1a'
2025-04-16 22:18:07,832 DEBUG [main][Logger.java:49] - Registered plugin: 'com.baomidou.mybatisplus.extension.plugins.MybatisPlusInterceptor@242b6e1a'
2025-04-16 22:18:07,833 DEBUG [main][Logger.java:49] - Property 'mapperLocations' was not specified.
2025-04-16 22:18:07,833 DEBUG [main][Logger.java:49] - Property 'mapperLocations' was not specified.
2025-04-16 22:18:07,960 DEBUG [main][DefaultSingletonBeanRegistry.java:225] - Creating shared instance of singleton bean 'sqlSessionTemplate'
2025-04-16 22:18:07,960 DEBUG [main][DefaultSingletonBeanRegistry.java:225] - Creating shared instance of singleton bean 'sqlSessionTemplate'
2025-04-16 22:18:07,961 DEBUG [main][ConstructorResolver.java:807] - Autowiring by type from bean name 'sqlSessionTemplate' via factory method to bean named 'sqlSessionFactory'
2025-04-16 22:18:07,961 DEBUG [main][ConstructorResolver.java:807] - Autowiring by type from bean name 'sqlSessionTemplate' via factory method to bean named 'sqlSessionFactory'
2025-04-16 22:18:08,033 DEBUG [main][MybatisConfiguration.java:128] - addMappedStatement: com.xuecheng.content.mapper.CourseBaseMapper.insert
2025-04-16 22:18:08,033 DEBUG [main][MybatisConfiguration.java:128] - addMappedStatement: com.xuecheng.content.mapper.CourseBaseMapper.insert
2025-04-16 22:18:08,037 DEBUG [main][MybatisConfiguration.java:128] - addMappedStatement: com.xuecheng.content.mapper.CourseBaseMapper.delete
2025-04-16 22:18:08,037 DEBUG [main][MybatisConfiguration.java:128] - addMappedStatement: com.xuecheng.content.mapper.CourseBaseMapper.delete
2025-04-16 22:18:08,040 DEBUG [main][MybatisConfiguration.java:128] - addMappedStatement: com.xuecheng.content.mapper.CourseBaseMapper.deleteByMap
2025-04-16 22:18:08,040 DEBUG [main][MybatisConfiguration.java:128] - addMappedStatement: com.xuecheng.content.mapper.CourseBaseMapper.deleteByMap
2025-04-16 22:18:08,055 DEBUG [main][MybatisConfiguration.java:128] - addMappedStatement: com.xuecheng.content.mapper.CourseBaseMapper.deleteById
2025-04-16 22:18:08,055 DEBUG [main][MybatisConfiguration.java:128] - addMappedStatement: com.xuecheng.content.mapper.CourseBaseMapper.deleteById
2025-04-16 22:18:08,056 DEBUG [main][MybatisConfiguration.java:128] - addMappedStatement: com.xuecheng.content.mapper.CourseBaseMapper.deleteBatchIds
2025-04-16 22:18:08,056 DEBUG [main][MybatisConfiguration.java:128] - addMappedStatement: com.xuecheng.content.mapper.CourseBaseMapper.deleteBatchIds
2025-04-16 22:18:08,060 DEBUG [main][MybatisConfiguration.java:128] - addMappedStatement: com.xuecheng.content.mapper.CourseBaseMapper.update
2025-04-16 22:18:08,060 DEBUG [main][MybatisConfiguration.java:128] - addMappedStatement: com.xuecheng.content.mapper.CourseBaseMapper.update
2025-04-16 22:18:08,062 DEBUG [main][MybatisConfiguration.java:128] - addMappedStatement: com.xuecheng.content.mapper.CourseBaseMapper.updateById
2025-04-16 22:18:08,062 DEBUG [main][MybatisConfiguration.java:128] - addMappedStatement: com.xuecheng.content.mapper.CourseBaseMapper.updateById
2025-04-16 22:18:08,064 DEBUG [main][MybatisConfiguration.java:128] - addMappedStatement: com.xuecheng.content.mapper.CourseBaseMapper.selectById
2025-04-16 22:18:08,064 DEBUG [main][MybatisConfiguration.java:128] - addMappedStatement: com.xuecheng.content.mapper.CourseBaseMapper.selectById
2025-04-16 22:18:08,064 DEBUG [main][MybatisConfiguration.java:128] - addMappedStatement: com.xuecheng.content.mapper.CourseBaseMapper.selectBatchIds
2025-04-16 22:18:08,064 DEBUG [main][MybatisConfiguration.java:128] - addMappedStatement: com.xuecheng.content.mapper.CourseBaseMapper.selectBatchIds
2025-04-16 22:18:08,067 DEBUG [main][MybatisConfiguration.java:128] - addMappedStatement: com.xuecheng.content.mapper.CourseBaseMapper.selectByMap
2025-04-16 22:18:08,067 DEBUG [main][MybatisConfiguration.java:128] - addMappedStatement: com.xuecheng.content.mapper.CourseBaseMapper.selectByMap
2025-04-16 22:18:08,068 DEBUG [main][MybatisConfiguration.java:128] - addMappedStatement: com.xuecheng.content.mapper.CourseBaseMapper.selectOne
2025-04-16 22:18:08,068 DEBUG [main][MybatisConfiguration.java:128] - addMappedStatement: com.xuecheng.content.mapper.CourseBaseMapper.selectOne
2025-04-16 22:18:08,071 DEBUG [main][MybatisConfiguration.java:128] - addMappedStatement: com.xuecheng.content.mapper.CourseBaseMapper.selectCount
2025-04-16 22:18:08,071 DEBUG [main][MybatisConfiguration.java:128] - addMappedStatement: com.xuecheng.content.mapper.CourseBaseMapper.selectCount
2025-04-16 22:18:08,073 DEBUG [main][MybatisConfiguration.java:128] - addMappedStatement: com.xuecheng.content.mapper.CourseBaseMapper.selectMaps
2025-04-16 22:18:08,073 DEBUG [main][MybatisConfiguration.java:128] - addMappedStatement: com.xuecheng.content.mapper.CourseBaseMapper.selectMaps
2025-04-16 22:18:08,075 DEBUG [main][MybatisConfiguration.java:128] - addMappedStatement: com.xuecheng.content.mapper.CourseBaseMapper.selectMapsPage
2025-04-16 22:18:08,075 DEBUG [main][MybatisConfiguration.java:128] - addMappedStatement: com.xuecheng.content.mapper.CourseBaseMapper.selectMapsPage
2025-04-16 22:18:08,077 DEBUG [main][MybatisConfiguration.java:128] - addMappedStatement: com.xuecheng.content.mapper.CourseBaseMapper.selectObjs
2025-04-16 22:18:08,077 DEBUG [main][MybatisConfiguration.java:128] - addMappedStatement: com.xuecheng.content.mapper.CourseBaseMapper.selectObjs
2025-04-16 22:18:08,078 DEBUG [main][MybatisConfiguration.java:128] - addMappedStatement: com.xuecheng.content.mapper.CourseBaseMapper.selectList
2025-04-16 22:18:08,078 DEBUG [main][MybatisConfiguration.java:128] - addMappedStatement: com.xuecheng.content.mapper.CourseBaseMapper.selectList
2025-04-16 22:18:08,080 DEBUG [main][MybatisConfiguration.java:128] - addMappedStatement: com.xuecheng.content.mapper.CourseBaseMapper.selectPage
2025-04-16 22:18:08,080 DEBUG [main][MybatisConfiguration.java:128] - addMappedStatement: com.xuecheng.content.mapper.CourseBaseMapper.selectPage
2025-04-16 22:18:08,082 DEBUG [main][DefaultSingletonBeanRegistry.java:225] - Creating shared instance of singleton bean 'courseMarketMapper'
2025-04-16 22:18:08,082 DEBUG [main][DefaultSingletonBeanRegistry.java:225] - Creating shared instance of singleton bean 'courseMarketMapper'
2025-04-16 22:18:08,091 DEBUG [main][MybatisConfiguration.java:128] - addMappedStatement: com.xuecheng.content.mapper.CourseMarketMapper.insert
2025-04-16 22:18:08,091 DEBUG [main][MybatisConfiguration.java:128] - addMappedStatement: com.xuecheng.content.mapper.CourseMarketMapper.insert
2025-04-16 22:18:08,093 DEBUG [main][MybatisConfiguration.java:128] - addMappedStatement: com.xuecheng.content.mapper.CourseMarketMapper.delete
2025-04-16 22:18:08,093 DEBUG [main][MybatisConfiguration.java:128] - addMappedStatement: com.xuecheng.content.mapper.CourseMarketMapper.delete
2025-04-16 22:18:08,094 DEBUG [main][MybatisConfiguration.java:128] - addMappedStatement: com.xuecheng.content.mapper.CourseMarketMapper.deleteByMap
2025-04-16 22:18:08,094 DEBUG [main][MybatisConfiguration.java:128] - addMappedStatement: com.xuecheng.content.mapper.CourseMarketMapper.deleteByMap
2025-04-16 22:18:08,097 DEBUG [main][MybatisConfiguration.java:128] - addMappedStatement: com.xuecheng.content.mapper.CourseMarketMapper.deleteById
2025-04-16 22:18:08,097 DEBUG [main][MybatisConfiguration.java:128] - addMappedStatement: com.xuecheng.content.mapper.CourseMarketMapper.deleteById
2025-04-16 22:18:08,097 DEBUG [main][MybatisConfiguration.java:128] - addMappedStatement: com.xuecheng.content.mapper.CourseMarketMapper.deleteBatchIds
2025-04-16 22:18:08,097 DEBUG [main][MybatisConfiguration.java:128] - addMappedStatement: com.xuecheng.content.mapper.CourseMarketMapper.deleteBatchIds
2025-04-16 22:18:08,099 DEBUG [main][MybatisConfiguration.java:128] - addMappedStatement: com.xuecheng.content.mapper.CourseMarketMapper.update
2025-04-16 22:18:08,099 DEBUG [main][MybatisConfiguration.java:128] - addMappedStatement: com.xuecheng.content.mapper.CourseMarketMapper.update
2025-04-16 22:18:08,101 DEBUG [main][MybatisConfiguration.java:128] - addMappedStatement: com.xuecheng.content.mapper.CourseMarketMapper.updateById
2025-04-16 22:18:08,101 DEBUG [main][MybatisConfiguration.java:128] - addMappedStatement: com.xuecheng.content.mapper.CourseMarketMapper.updateById
2025-04-16 22:18:08,101 DEBUG [main][MybatisConfiguration.java:128] - addMappedStatement: com.xuecheng.content.mapper.CourseMarketMapper.selectById
2025-04-16 22:18:08,101 DEBUG [main][MybatisConfiguration.java:128] - addMappedStatement: com.xuecheng.content.mapper.CourseMarketMapper.selectById
2025-04-16 22:18:08,102 DEBUG [main][MybatisConfiguration.java:128] - addMappedStatement: com.xuecheng.content.mapper.CourseMarketMapper.selectBatchIds
2025-04-16 22:18:08,102 DEBUG [main][MybatisConfiguration.java:128] - addMappedStatement: com.xuecheng.content.mapper.CourseMarketMapper.selectBatchIds
2025-04-16 22:18:08,103 DEBUG [main][MybatisConfiguration.java:128] - addMappedStatement: com.xuecheng.content.mapper.CourseMarketMapper.selectByMap
2025-04-16 22:18:08,103 DEBUG [main][MybatisConfiguration.java:128] - addMappedStatement: com.xuecheng.content.mapper.CourseMarketMapper.selectByMap
2025-04-16 22:18:08,106 DEBUG [main][MybatisConfiguration.java:128] - addMappedStatement: com.xuecheng.content.mapper.CourseMarketMapper.selectOne
2025-04-16 22:18:08,106 DEBUG [main][MybatisConfiguration.java:128] - addMappedStatement: com.xuecheng.content.mapper.CourseMarketMapper.selectOne
2025-04-16 22:18:08,107 DEBUG [main][MybatisConfiguration.java:128] - addMappedStatement: com.xuecheng.content.mapper.CourseMarketMapper.selectCount
2025-04-16 22:18:08,107 DEBUG [main][MybatisConfiguration.java:128] - addMappedStatement: com.xuecheng.content.mapper.CourseMarketMapper.selectCount
2025-04-16 22:18:08,109 DEBUG [main][MybatisConfiguration.java:128] - addMappedStatement: com.xuecheng.content.mapper.CourseMarketMapper.selectMaps
2025-04-16 22:18:08,109 DEBUG [main][MybatisConfiguration.java:128] - addMappedStatement: com.xuecheng.content.mapper.CourseMarketMapper.selectMaps
2025-04-16 22:18:08,110 DEBUG [main][MybatisConfiguration.java:128] - addMappedStatement: com.xuecheng.content.mapper.CourseMarketMapper.selectMapsPage
2025-04-16 22:18:08,110 DEBUG [main][MybatisConfiguration.java:128] - addMappedStatement: com.xuecheng.content.mapper.CourseMarketMapper.selectMapsPage
2025-04-16 22:18:08,111 DEBUG [main][MybatisConfiguration.java:128] - addMappedStatement: com.xuecheng.content.mapper.CourseMarketMapper.selectObjs
2025-04-16 22:18:08,111 DEBUG [main][MybatisConfiguration.java:128] - addMappedStatement: com.xuecheng.content.mapper.CourseMarketMapper.selectObjs
2025-04-16 22:18:08,113 DEBUG [main][MybatisConfiguration.java:128] - addMappedStatement: com.xuecheng.content.mapper.CourseMarketMapper.selectList
2025-04-16 22:18:08,113 DEBUG [main][MybatisConfiguration.java:128] - addMappedStatement: com.xuecheng.content.mapper.CourseMarketMapper.selectList
2025-04-16 22:18:08,114 DEBUG [main][MybatisConfiguration.java:128] - addMappedStatement: com.xuecheng.content.mapper.CourseMarketMapper.selectPage
2025-04-16 22:18:08,114 DEBUG [main][MybatisConfiguration.java:128] - addMappedStatement: com.xuecheng.content.mapper.CourseMarketMapper.selectPage
2025-04-16 22:18:08,115 DEBUG [main][DefaultSingletonBeanRegistry.java:225] - Creating shared instance of singleton bean 'courseCategoryMapper'
2025-04-16 22:18:08,115 DEBUG [main][DefaultSingletonBeanRegistry.java:225] - Creating shared instance of singleton bean 'courseCategoryMapper'
2025-04-16 22:18:08,124 DEBUG [main][MybatisConfiguration.java:128] - addMappedStatement: com.xuecheng.content.mapper.CourseCategoryMapper.selectTreeNodes
2025-04-16 22:18:08,124 DEBUG [main][MybatisConfiguration.java:128] - addMappedStatement: com.xuecheng.content.mapper.CourseCategoryMapper.selectTreeNodes
2025-04-16 22:18:08,127 DEBUG [main][MybatisConfiguration.java:128] - addMappedStatement: com.xuecheng.content.mapper.CourseCategoryMapper.insert
2025-04-16 22:18:08,127 DEBUG [main][MybatisConfiguration.java:128] - addMappedStatement: com.xuecheng.content.mapper.CourseCategoryMapper.insert
2025-04-16 22:18:08,129 DEBUG [main][MybatisConfiguration.java:128] - addMappedStatement: com.xuecheng.content.mapper.CourseCategoryMapper.delete
2025-04-16 22:18:08,129 DEBUG [main][MybatisConfiguration.java:128] - addMappedStatement: com.xuecheng.content.mapper.CourseCategoryMapper.delete
2025-04-16 22:18:08,130 DEBUG [main][MybatisConfiguration.java:128] - addMappedStatement: com.xuecheng.content.mapper.CourseCategoryMapper.deleteByMap
2025-04-16 22:18:08,130 DEBUG [main][MybatisConfiguration.java:128] - addMappedStatement: com.xuecheng.content.mapper.CourseCategoryMapper.deleteByMap
2025-04-16 22:18:08,131 DEBUG [main][MybatisConfiguration.java:128] - addMappedStatement: com.xuecheng.content.mapper.CourseCategoryMapper.deleteById
2025-04-16 22:18:08,131 DEBUG [main][MybatisConfiguration.java:128] - addMappedStatement: com.xuecheng.content.mapper.CourseCategoryMapper.deleteById
2025-04-16 22:18:08,132 DEBUG [main][MybatisConfiguration.java:128] - addMappedStatement: com.xuecheng.content.mapper.CourseCategoryMapper.deleteBatchIds
2025-04-16 22:18:08,132 DEBUG [main][MybatisConfiguration.java:128] - addMappedStatement: com.xuecheng.content.mapper.CourseCategoryMapper.deleteBatchIds
2025-04-16 22:18:08,134 DEBUG [main][MybatisConfiguration.java:128] - addMappedStatement: com.xuecheng.content.mapper.CourseCategoryMapper.update
2025-04-16 22:18:08,134 DEBUG [main][MybatisConfiguration.java:128] - addMappedStatement: com.xuecheng.content.mapper.CourseCategoryMapper.update
2025-04-16 22:18:08,136 DEBUG [main][MybatisConfiguration.java:128] - addMappedStatement: com.xuecheng.content.mapper.CourseCategoryMapper.updateById
2025-04-16 22:18:08,136 DEBUG [main][MybatisConfiguration.java:128] - addMappedStatement: com.xuecheng.content.mapper.CourseCategoryMapper.updateById
2025-04-16 22:18:08,136 DEBUG [main][MybatisConfiguration.java:128] - addMappedStatement: com.xuecheng.content.mapper.CourseCategoryMapper.selectById
2025-04-16 22:18:08,136 DEBUG [main][MybatisConfiguration.java:128] - addMappedStatement: com.xuecheng.content.mapper.CourseCategoryMapper.selectById
2025-04-16 22:18:08,137 DEBUG [main][MybatisConfiguration.java:128] - addMappedStatement: com.xuecheng.content.mapper.CourseCategoryMapper.selectBatchIds
2025-04-16 22:18:08,137 DEBUG [main][MybatisConfiguration.java:128] - addMappedStatement: com.xuecheng.content.mapper.CourseCategoryMapper.selectBatchIds
2025-04-16 22:18:08,138 DEBUG [main][MybatisConfiguration.java:128] - addMappedStatement: com.xuecheng.content.mapper.CourseCategoryMapper.selectByMap
2025-04-16 22:18:08,138 DEBUG [main][MybatisConfiguration.java:128] - addMappedStatement: com.xuecheng.content.mapper.CourseCategoryMapper.selectByMap
2025-04-16 22:18:08,139 DEBUG [main][MybatisConfiguration.java:128] - addMappedStatement: com.xuecheng.content.mapper.CourseCategoryMapper.selectOne
2025-04-16 22:18:08,139 DEBUG [main][MybatisConfiguration.java:128] - addMappedStatement: com.xuecheng.content.mapper.CourseCategoryMapper.selectOne
2025-04-16 22:18:08,141 DEBUG [main][MybatisConfiguration.java:128] - addMappedStatement: com.xuecheng.content.mapper.CourseCategoryMapper.selectCount
2025-04-16 22:18:08,141 DEBUG [main][MybatisConfiguration.java:128] - addMappedStatement: com.xuecheng.content.mapper.CourseCategoryMapper.selectCount
2025-04-16 22:18:08,142 DEBUG [main][MybatisConfiguration.java:128] - addMappedStatement: com.xuecheng.content.mapper.CourseCategoryMapper.selectMaps
2025-04-16 22:18:08,142 DEBUG [main][MybatisConfiguration.java:128] - addMappedStatement: com.xuecheng.content.mapper.CourseCategoryMapper.selectMaps
2025-04-16 22:18:08,145 DEBUG [main][MybatisConfiguration.java:128] - addMappedStatement: com.xuecheng.content.mapper.CourseCategoryMapper.selectMapsPage
2025-04-16 22:18:08,145 DEBUG [main][MybatisConfiguration.java:128] - addMappedStatement: com.xuecheng.content.mapper.CourseCategoryMapper.selectMapsPage
2025-04-16 22:18:08,146 DEBUG [main][MybatisConfiguration.java:128] - addMappedStatement: com.xuecheng.content.mapper.CourseCategoryMapper.selectObjs
2025-04-16 22:18:08,146 DEBUG [main][MybatisConfiguration.java:128] - addMappedStatement: com.xuecheng.content.mapper.CourseCategoryMapper.selectObjs
2025-04-16 22:18:08,147 DEBUG [main][MybatisConfiguration.java:128] - addMappedStatement: com.xuecheng.content.mapper.CourseCategoryMapper.selectList
2025-04-16 22:18:08,147 DEBUG [main][MybatisConfiguration.java:128] - addMappedStatement: com.xuecheng.content.mapper.CourseCategoryMapper.selectList
2025-04-16 22:18:08,149 DEBUG [main][MybatisConfiguration.java:128] - addMappedStatement: com.xuecheng.content.mapper.CourseCategoryMapper.selectPage
2025-04-16 22:18:08,149 DEBUG [main][MybatisConfiguration.java:128] - addMappedStatement: com.xuecheng.content.mapper.CourseCategoryMapper.selectPage
2025-04-16 22:18:08,167 DEBUG [main][DefaultSingletonBeanRegistry.java:225] - Creating shared instance of singleton bean 'courseCategotyController'
2025-04-16 22:18:08,167 DEBUG [main][DefaultSingletonBeanRegistry.java:225] - Creating shared instance of singleton bean 'courseCategotyController'
2025-04-16 22:18:08,168 DEBUG [main][DefaultSingletonBeanRegistry.java:225] - Creating shared instance of singleton bean 'courseCategoryServiceImpl'
2025-04-16 22:18:08,168 DEBUG [main][DefaultSingletonBeanRegistry.java:225] - Creating shared instance of singleton bean 'courseCategoryServiceImpl'
2025-04-16 22:18:08,169 DEBUG [main][DefaultSingletonBeanRegistry.java:225] - Creating shared instance of singleton bean 'localDateTimeConfig'
2025-04-16 22:18:08,169 DEBUG [main][DefaultSingletonBeanRegistry.java:225] - Creating shared instance of singleton bean 'localDateTimeConfig'
2025-04-16 22:18:08,169 DEBUG [main][DefaultSingletonBeanRegistry.java:225] - Creating shared instance of singleton bean 'globalExceptionHandler'
2025-04-16 22:18:08,169 DEBUG [main][DefaultSingletonBeanRegistry.java:225] - Creating shared instance of singleton bean 'globalExceptionHandler'
2025-04-16 22:18:08,176 DEBUG [main][DefaultSingletonBeanRegistry.java:225] - Creating shared instance of singleton bean 'serviceModelToSwagger2MapperImpl'
2025-04-16 22:18:08,176 DEBUG [main][DefaultSingletonBeanRegistry.java:225] - Creating shared instance of singleton bean 'serviceModelToSwagger2MapperImpl'
2025-04-16 22:18:08,184 DEBUG [main][DefaultSingletonBeanRegistry.java:225] - Creating shared instance of singleton bean 'modelMapperImpl'
2025-04-16 22:18:08,184 DEBUG [main][DefaultSingletonBeanRegistry.java:225] - Creating shared instance of singleton bean 'modelMapperImpl'
2025-04-16 22:18:08,187 DEBUG [main][DefaultSingletonBeanRegistry.java:225] - Creating shared instance of singleton bean 'parameterMapperImpl'
2025-04-16 22:18:08,187 DEBUG [main][DefaultSingletonBeanRegistry.java:225] - Creating shared instance of singleton bean 'parameterMapperImpl'
2025-04-16 22:18:08,190 DEBUG [main][DefaultSingletonBeanRegistry.java:225] - Creating shared instance of singleton bean 'securityMapperImpl'
2025-04-16 22:18:08,190 DEBUG [main][DefaultSingletonBeanRegistry.java:225] - Creating shared instance of singleton bean 'securityMapperImpl'
2025-04-16 22:18:08,198 DEBUG [main][DefaultSingletonBeanRegistry.java:225] - Creating shared instance of singleton bean 'licenseMapperImpl'
2025-04-16 22:18:08,198 DEBUG [main][DefaultSingletonBeanRegistry.java:225] - Creating shared instance of singleton bean 'licenseMapperImpl'
2025-04-16 22:18:08,200 DEBUG [main][DefaultSingletonBeanRegistry.java:225] - Creating shared instance of singleton bean 'vendorExtensionsMapperImpl'
2025-04-16 22:18:08,200 DEBUG [main][DefaultSingletonBeanRegistry.java:225] - Creating shared instance of singleton bean 'vendorExtensionsMapperImpl'
2025-04-16 22:18:08,201 DEBUG [main][DefaultSingletonBeanRegistry.java:225] - Creating shared instance of singleton bean 'apiListingReferenceScanner'
2025-04-16 22:18:08,201 DEBUG [main][DefaultSingletonBeanRegistry.java:225] - Creating shared instance of singleton bean 'apiListingReferenceScanner'
2025-04-16 22:18:08,202 DEBUG [main][DefaultSingletonBeanRegistry.java:225] - Creating shared instance of singleton bean 'apiDocumentationScanner'
2025-04-16 22:18:08,202 DEBUG [main][DefaultSingletonBeanRegistry.java:225] - Creating shared instance of singleton bean 'apiDocumentationScanner'
2025-04-16 22:18:08,204 DEBUG [main][DefaultSingletonBeanRegistry.java:225] - Creating shared instance of singleton bean 'apiListingScanner'
2025-04-16 22:18:08,204 DEBUG [main][DefaultSingletonBeanRegistry.java:225] - Creating shared instance of singleton bean 'apiListingScanner'
2025-04-16 22:18:08,207 DEBUG [main][DefaultSingletonBeanRegistry.java:225] - Creating shared instance of singleton bean 'apiDescriptionReader'
2025-04-16 22:18:08,207 DEBUG [main][DefaultSingletonBeanRegistry.java:225] - Creating shared instance of singleton bean 'apiDescriptionReader'
2025-04-16 22:18:08,213 DEBUG [main][DefaultSingletonBeanRegistry.java:225] - Creating shared instance of singleton bean 'cachingOperationReader'
2025-04-16 22:18:08,213 DEBUG [main][DefaultSingletonBeanRegistry.java:225] - Creating shared instance of singleton bean 'cachingOperationReader'
2025-04-16 22:18:08,214 DEBUG [main][DefaultSingletonBeanRegistry.java:225] - Creating shared instance of singleton bean 'apiOperationReader'
2025-04-16 22:18:08,214 DEBUG [main][DefaultSingletonBeanRegistry.java:225] - Creating shared instance of singleton bean 'apiOperationReader'
2025-04-16 22:18:08,215 DEBUG [main][DefaultSingletonBeanRegistry.java:225] - Creating shared instance of singleton bean 'documentationPluginsManager'
2025-04-16 22:18:08,215 DEBUG [main][DefaultSingletonBeanRegistry.java:225] - Creating shared instance of singleton bean 'documentationPluginsManager'
2025-04-16 22:18:08,221 DEBUG [main][DefaultSingletonBeanRegistry.java:225] - Creating shared instance of singleton bean 'documentationPluginRegistry'
2025-04-16 22:18:08,221 DEBUG [main][DefaultSingletonBeanRegistry.java:225] - Creating shared instance of singleton bean 'documentationPluginRegistry'
2025-04-16 22:18:08,232 DEBUG [main][DefaultSingletonBeanRegistry.java:225] - Creating shared instance of singleton bean 'apiListingBuilderPluginRegistry'
2025-04-16 22:18:08,232 DEBUG [main][DefaultSingletonBeanRegistry.java:225] - Creating shared instance of singleton bean 'apiListingBuilderPluginRegistry'
2025-04-16 22:18:08,232 DEBUG [main][DefaultSingletonBeanRegistry.java:225] - Creating shared instance of singleton bean 'parameterBuilderPluginRegistry'
2025-04-16 22:18:08,232 DEBUG [main][DefaultSingletonBeanRegistry.java:225] - Creating shared instance of singleton bean 'parameterBuilderPluginRegistry'
2025-04-16 22:18:08,234 DEBUG [main][DefaultSingletonBeanRegistry.java:225] - Creating shared instance of singleton bean 'expandedParameterBuilderPluginRegistry'
2025-04-16 22:18:08,234 DEBUG [main][DefaultSingletonBeanRegistry.java:225] - Creating shared instance of singleton bean 'expandedParameterBuilderPluginRegistry'
2025-04-16 22:18:08,235 DEBUG [main][DefaultSingletonBeanRegistry.java:225] - Creating shared instance of singleton bean 'operationBuilderPluginRegistry'
2025-04-16 22:18:08,235 DEBUG [main][DefaultSingletonBeanRegistry.java:225] - Creating shared instance of singleton bean 'operationBuilderPluginRegistry'
2025-04-16 22:18:08,236 DEBUG [main][DefaultSingletonBeanRegistry.java:225] - Creating shared instance of singleton bean 'resourceGroupingStrategyRegistry'
2025-04-16 22:18:08,236 DEBUG [main][DefaultSingletonBeanRegistry.java:225] - Creating shared instance of singleton bean 'resourceGroupingStrategyRegistry'
2025-04-16 22:18:08,237 DEBUG [main][DefaultSingletonBeanRegistry.java:225] - Creating shared instance of singleton bean 'operationModelsProviderPluginRegistry'
2025-04-16 22:18:08,237 DEBUG [main][DefaultSingletonBeanRegistry.java:225] - Creating shared instance of singleton bean 'operationModelsProviderPluginRegistry'
2025-04-16 22:18:08,239 DEBUG [main][DefaultSingletonBeanRegistry.java:225] - Creating shared instance of singleton bean 'defaultsProviderPluginRegistry'
2025-04-16 22:18:08,239 DEBUG [main][DefaultSingletonBeanRegistry.java:225] - Creating shared instance of singleton bean 'defaultsProviderPluginRegistry'
2025-04-16 22:18:08,240 DEBUG [main][DefaultSingletonBeanRegistry.java:225] - Creating shared instance of singleton bean 'pathDecoratorRegistry'
2025-04-16 22:18:08,240 DEBUG [main][DefaultSingletonBeanRegistry.java:225] - Creating shared instance of singleton bean 'pathDecoratorRegistry'
2025-04-16 22:18:08,242 DEBUG [main][DefaultSingletonBeanRegistry.java:225] - Creating shared instance of singleton bean 'apiListingScannerPluginRegistry'
2025-04-16 22:18:08,242 DEBUG [main][DefaultSingletonBeanRegistry.java:225] - Creating shared instance of singleton bean 'apiListingScannerPluginRegistry'
2025-04-16 22:18:08,243 DEBUG [main][DefaultSingletonBeanRegistry.java:225] - Creating shared instance of singleton bean 'cachingOperationNameGenerator'
2025-04-16 22:18:08,243 DEBUG [main][DefaultSingletonBeanRegistry.java:225] - Creating shared instance of singleton bean 'cachingOperationNameGenerator'
2025-04-16 22:18:08,245 DEBUG [main][ConstructorResolver.java:807] - Autowiring by type from bean name 'apiOperationReader' via constructor to bean named 'documentationPluginsManager'
2025-04-16 22:18:08,245 DEBUG [main][ConstructorResolver.java:807] - Autowiring by type from bean name 'apiOperationReader' via constructor to bean named 'documentationPluginsManager'
2025-04-16 22:18:08,245 DEBUG [main][ConstructorResolver.java:807] - Autowiring by type from bean name 'apiOperationReader' via constructor to bean named 'cachingOperationNameGenerator'
2025-04-16 22:18:08,245 DEBUG [main][ConstructorResolver.java:807] - Autowiring by type from bean name 'apiOperationReader' via constructor to bean named 'cachingOperationNameGenerator'
2025-04-16 22:18:08,246 DEBUG [main][ConstructorResolver.java:807] - Autowiring by type from bean name 'cachingOperationReader' via constructor to bean named 'apiOperationReader'
2025-04-16 22:18:08,246 DEBUG [main][ConstructorResolver.java:807] - Autowiring by type from bean name 'cachingOperationReader' via constructor to bean named 'apiOperationReader'
2025-04-16 22:18:08,262 DEBUG [main][DefaultSingletonBeanRegistry.java:225] - Creating shared instance of singleton bean 'apiDescriptionLookup'
2025-04-16 22:18:08,262 DEBUG [main][DefaultSingletonBeanRegistry.java:225] - Creating shared instance of singleton bean 'apiDescriptionLookup'
2025-04-16 22:18:08,264 DEBUG [main][ConstructorResolver.java:807] - Autowiring by type from bean name 'apiDescriptionReader' via constructor to bean named 'cachingOperationReader'
2025-04-16 22:18:08,264 DEBUG [main][ConstructorResolver.java:807] - Autowiring by type from bean name 'apiDescriptionReader' via constructor to bean named 'cachingOperationReader'
2025-04-16 22:18:08,264 DEBUG [main][ConstructorResolver.java:807] - Autowiring by type from bean name 'apiDescriptionReader' via constructor to bean named 'documentationPluginsManager'
2025-04-16 22:18:08,264 DEBUG [main][ConstructorResolver.java:807] - Autowiring by type from bean name 'apiDescriptionReader' via constructor to bean named 'documentationPluginsManager'
2025-04-16 22:18:08,264 DEBUG [main][ConstructorResolver.java:807] - Autowiring by type from bean name 'apiDescriptionReader' via constructor to bean named 'apiDescriptionLookup'
2025-04-16 22:18:08,264 DEBUG [main][ConstructorResolver.java:807] - Autowiring by type from bean name 'apiDescriptionReader' via constructor to bean named 'apiDescriptionLookup'
2025-04-16 22:18:08,265 DEBUG [main][DefaultSingletonBeanRegistry.java:225] - Creating shared instance of singleton bean 'apiModelReader'
2025-04-16 22:18:08,265 DEBUG [main][DefaultSingletonBeanRegistry.java:225] - Creating shared instance of singleton bean 'apiModelReader'
2025-04-16 22:18:08,267 DEBUG [main][DefaultSingletonBeanRegistry.java:225] - Creating shared instance of singleton bean 'cachingModelProvider'
2025-04-16 22:18:08,267 DEBUG [main][DefaultSingletonBeanRegistry.java:225] - Creating shared instance of singleton bean 'cachingModelProvider'
2025-04-16 22:18:08,267 DEBUG [main][DefaultSingletonBeanRegistry.java:225] - Creating shared instance of singleton bean 'defaultModelProvider'
2025-04-16 22:18:08,267 DEBUG [main][DefaultSingletonBeanRegistry.java:225] - Creating shared instance of singleton bean 'defaultModelProvider'
2025-04-16 22:18:08,269 DEBUG [main][DefaultSingletonBeanRegistry.java:225] - Creating shared instance of singleton bean 'typeResolver'
2025-04-16 22:18:08,269 DEBUG [main][DefaultSingletonBeanRegistry.java:225] - Creating shared instance of singleton bean 'typeResolver'
2025-04-16 22:18:08,269 DEBUG [main][DefaultSingletonBeanRegistry.java:225] - Creating shared instance of singleton bean 'springfox.documentation.schema.configuration.ModelsConfiguration'
2025-04-16 22:18:08,269 DEBUG [main][DefaultSingletonBeanRegistry.java:225] - Creating shared instance of singleton bean 'springfox.documentation.schema.configuration.ModelsConfiguration'
2025-04-16 22:18:08,272 DEBUG [main][DefaultSingletonBeanRegistry.java:225] - Creating shared instance of singleton bean 'cachingModelPropertiesProvider'
2025-04-16 22:18:08,272 DEBUG [main][DefaultSingletonBeanRegistry.java:225] - Creating shared instance of singleton bean 'cachingModelPropertiesProvider'
2025-04-16 22:18:08,274 DEBUG [main][DefaultSingletonBeanRegistry.java:225] - Creating shared instance of singleton bean 'optimized'
2025-04-16 22:18:08,274 DEBUG [main][DefaultSingletonBeanRegistry.java:225] - Creating shared instance of singleton bean 'optimized'
2025-04-16 22:18:08,278 DEBUG [main][DefaultSingletonBeanRegistry.java:225] - Creating shared instance of singleton bean 'accessorsProvider'
2025-04-16 22:18:08,278 DEBUG [main][DefaultSingletonBeanRegistry.java:225] - Creating shared instance of singleton bean 'accessorsProvider'
2025-04-16 22:18:08,280 DEBUG [main][ConstructorResolver.java:807] - Autowiring by type from bean name 'accessorsProvider' via constructor to bean named 'typeResolver'
2025-04-16 22:18:08,280 DEBUG [main][ConstructorResolver.java:807] - Autowiring by type from bean name 'accessorsProvider' via constructor to bean named 'typeResolver'
2025-04-16 22:18:08,281 DEBUG [main][DefaultSingletonBeanRegistry.java:225] - Creating shared instance of singleton bean 'fieldProvider'
2025-04-16 22:18:08,281 DEBUG [main][DefaultSingletonBeanRegistry.java:225] - Creating shared instance of singleton bean 'fieldProvider'
2025-04-16 22:18:08,282 DEBUG [main][ConstructorResolver.java:807] - Autowiring by type from bean name 'fieldProvider' via constructor to bean named 'typeResolver'
2025-04-16 22:18:08,282 DEBUG [main][ConstructorResolver.java:807] - Autowiring by type from bean name 'fieldProvider' via constructor to bean named 'typeResolver'
2025-04-16 22:18:08,283 DEBUG [main][DefaultSingletonBeanRegistry.java:225] - Creating shared instance of singleton bean 'factoryMethodProvider'
2025-04-16 22:18:08,283 DEBUG [main][DefaultSingletonBeanRegistry.java:225] - Creating shared instance of singleton bean 'factoryMethodProvider'
2025-04-16 22:18:08,283 DEBUG [main][ConstructorResolver.java:807] - Autowiring by type from bean name 'factoryMethodProvider' via constructor to bean named 'typeResolver'
2025-04-16 22:18:08,283 DEBUG [main][ConstructorResolver.java:807] - Autowiring by type from bean name 'factoryMethodProvider' via constructor to bean named 'typeResolver'
2025-04-16 22:18:08,285 DEBUG [main][DefaultSingletonBeanRegistry.java:225] - Creating shared instance of singleton bean 'objectMapperBeanPropertyNamingStrategy'
2025-04-16 22:18:08,285 DEBUG [main][DefaultSingletonBeanRegistry.java:225] - Creating shared instance of singleton bean 'objectMapperBeanPropertyNamingStrategy'
2025-04-16 22:18:08,285 DEBUG [main][DefaultSingletonBeanRegistry.java:225] - Creating shared instance of singleton bean 'schemaPluginsManager'
2025-04-16 22:18:08,285 DEBUG [main][DefaultSingletonBeanRegistry.java:225] - Creating shared instance of singleton bean 'schemaPluginsManager'
2025-04-16 22:18:08,287 DEBUG [main][DefaultSingletonBeanRegistry.java:225] - Creating shared instance of singleton bean 'modelPropertyBuilderPluginRegistry'
2025-04-16 22:18:08,287 DEBUG [main][DefaultSingletonBeanRegistry.java:225] - Creating shared instance of singleton bean 'modelPropertyBuilderPluginRegistry'
2025-04-16 22:18:08,288 DEBUG [main][DefaultSingletonBeanRegistry.java:225] - Creating shared instance of singleton bean 'modelBuilderPluginRegistry'
2025-04-16 22:18:08,288 DEBUG [main][DefaultSingletonBeanRegistry.java:225] - Creating shared instance of singleton bean 'modelBuilderPluginRegistry'
2025-04-16 22:18:08,289 DEBUG [main][DefaultSingletonBeanRegistry.java:225] - Creating shared instance of singleton bean 'syntheticModelProviderPluginRegistry'
2025-04-16 22:18:08,289 DEBUG [main][DefaultSingletonBeanRegistry.java:225] - Creating shared instance of singleton bean 'syntheticModelProviderPluginRegistry'
2025-04-16 22:18:08,289 DEBUG [main][ConstructorResolver.java:807] - Autowiring by type from bean name 'schemaPluginsManager' via constructor to bean named 'modelPropertyBuilderPluginRegistry'
2025-04-16 22:18:08,289 DEBUG [main][ConstructorResolver.java:807] - Autowiring by type from bean name 'schemaPluginsManager' via constructor to bean named 'modelPropertyBuilderPluginRegistry'
2025-04-16 22:18:08,289 DEBUG [main][ConstructorResolver.java:807] - Autowiring by type from bean name 'schemaPluginsManager' via constructor to bean named 'modelBuilderPluginRegistry'
2025-04-16 22:18:08,289 DEBUG [main][ConstructorResolver.java:807] - Autowiring by type from bean name 'schemaPluginsManager' via constructor to bean named 'modelBuilderPluginRegistry'
2025-04-16 22:18:08,289 DEBUG [main][ConstructorResolver.java:807] - Autowiring by type from bean name 'schemaPluginsManager' via constructor to bean named 'syntheticModelProviderPluginRegistry'
2025-04-16 22:18:08,289 DEBUG [main][ConstructorResolver.java:807] - Autowiring by type from bean name 'schemaPluginsManager' via constructor to bean named 'syntheticModelProviderPluginRegistry'
2025-04-16 22:18:08,290 DEBUG [main][DefaultSingletonBeanRegistry.java:225] - Creating shared instance of singleton bean 'typeNameExtractor'
2025-04-16 22:18:08,290 DEBUG [main][DefaultSingletonBeanRegistry.java:225] - Creating shared instance of singleton bean 'typeNameExtractor'
2025-04-16 22:18:08,292 DEBUG [main][DefaultSingletonBeanRegistry.java:225] - Creating shared instance of singleton bean 'typeNameProviderPluginRegistry'
2025-04-16 22:18:08,292 DEBUG [main][DefaultSingletonBeanRegistry.java:225] - Creating shared instance of singleton bean 'typeNameProviderPluginRegistry'
2025-04-16 22:18:08,294 DEBUG [main][DefaultSingletonBeanRegistry.java:225] - Creating shared instance of singleton bean 'jacksonEnumTypeDeterminer'
2025-04-16 22:18:08,294 DEBUG [main][DefaultSingletonBeanRegistry.java:225] - Creating shared instance of singleton bean 'jacksonEnumTypeDeterminer'
2025-04-16 22:18:08,295 DEBUG [main][ConstructorResolver.java:807] - Autowiring by type from bean name 'typeNameExtractor' via constructor to bean named 'typeResolver'
2025-04-16 22:18:08,295 DEBUG [main][ConstructorResolver.java:807] - Autowiring by type from bean name 'typeNameExtractor' via constructor to bean named 'typeResolver'
2025-04-16 22:18:08,295 DEBUG [main][ConstructorResolver.java:807] - Autowiring by type from bean name 'typeNameExtractor' via constructor to bean named 'typeNameProviderPluginRegistry'
2025-04-16 22:18:08,295 DEBUG [main][ConstructorResolver.java:807] - Autowiring by type from bean name 'typeNameExtractor' via constructor to bean named 'typeNameProviderPluginRegistry'
2025-04-16 22:18:08,295 DEBUG [main][ConstructorResolver.java:807] - Autowiring by type from bean name 'typeNameExtractor' via constructor to bean named 'jacksonEnumTypeDeterminer'
2025-04-16 22:18:08,295 DEBUG [main][ConstructorResolver.java:807] - Autowiring by type from bean name 'typeNameExtractor' via constructor to bean named 'jacksonEnumTypeDeterminer'
2025-04-16 22:18:08,295 DEBUG [main][ConstructorResolver.java:807] - Autowiring by type from bean name 'optimized' via constructor to bean named 'accessorsProvider'
2025-04-16 22:18:08,295 DEBUG [main][ConstructorResolver.java:807] - Autowiring by type from bean name 'optimized' via constructor to bean named 'accessorsProvider'
2025-04-16 22:18:08,296 DEBUG [main][ConstructorResolver.java:807] - Autowiring by type from bean name 'optimized' via constructor to bean named 'fieldProvider'
2025-04-16 22:18:08,296 DEBUG [main][ConstructorResolver.java:807] - Autowiring by type from bean name 'optimized' via constructor to bean named 'fieldProvider'
2025-04-16 22:18:08,296 DEBUG [main][ConstructorResolver.java:807] - Autowiring by type from bean name 'optimized' via constructor to bean named 'factoryMethodProvider'
2025-04-16 22:18:08,296 DEBUG [main][ConstructorResolver.java:807] - Autowiring by type from bean name 'optimized' via constructor to bean named 'factoryMethodProvider'
2025-04-16 22:18:08,296 DEBUG [main][ConstructorResolver.java:807] - Autowiring by type from bean name 'optimized' via constructor to bean named 'typeResolver'
2025-04-16 22:18:08,296 DEBUG [main][ConstructorResolver.java:807] - Autowiring by type from bean name 'optimized' via constructor to bean named 'typeResolver'
2025-04-16 22:18:08,296 DEBUG [main][ConstructorResolver.java:807] - Autowiring by type from bean name 'optimized' via constructor to bean named 'objectMapperBeanPropertyNamingStrategy'
2025-04-16 22:18:08,296 DEBUG [main][ConstructorResolver.java:807] - Autowiring by type from bean name 'optimized' via constructor to bean named 'objectMapperBeanPropertyNamingStrategy'
2025-04-16 22:18:08,296 DEBUG [main][ConstructorResolver.java:807] - Autowiring by type from bean name 'optimized' via constructor to bean named 'schemaPluginsManager'
2025-04-16 22:18:08,296 DEBUG [main][ConstructorResolver.java:807] - Autowiring by type from bean name 'optimized' via constructor to bean named 'schemaPluginsManager'
2025-04-16 22:18:08,296 DEBUG [main][ConstructorResolver.java:807] - Autowiring by type from bean name 'optimized' via constructor to bean named 'typeNameExtractor'
2025-04-16 22:18:08,296 DEBUG [main][ConstructorResolver.java:807] - Autowiring by type from bean name 'optimized' via constructor to bean named 'typeNameExtractor'
2025-04-16 22:18:08,298 DEBUG [main][ConstructorResolver.java:807] - Autowiring by type from bean name 'cachingModelPropertiesProvider' via constructor to bean named 'typeResolver'
2025-04-16 22:18:08,298 DEBUG [main][ConstructorResolver.java:807] - Autowiring by type from bean name 'cachingModelPropertiesProvider' via constructor to bean named 'typeResolver'
2025-04-16 22:18:08,298 DEBUG [main][ConstructorResolver.java:807] - Autowiring by type from bean name 'cachingModelPropertiesProvider' via constructor to bean named 'optimized'
2025-04-16 22:18:08,298 DEBUG [main][ConstructorResolver.java:807] - Autowiring by type from bean name 'cachingModelPropertiesProvider' via constructor to bean named 'optimized'
2025-04-16 22:18:08,299 DEBUG [main][DefaultSingletonBeanRegistry.java:225] - Creating shared instance of singleton bean 'cachingModelDependencyProvider'
2025-04-16 22:18:08,299 DEBUG [main][DefaultSingletonBeanRegistry.java:225] - Creating shared instance of singleton bean 'cachingModelDependencyProvider'
2025-04-16 22:18:08,300 DEBUG [main][DefaultSingletonBeanRegistry.java:225] - Creating shared instance of singleton bean 'defaultModelDependencyProvider'
2025-04-16 22:18:08,300 DEBUG [main][DefaultSingletonBeanRegistry.java:225] - Creating shared instance of singleton bean 'defaultModelDependencyProvider'
2025-04-16 22:18:08,302 DEBUG [main][ConstructorResolver.java:807] - Autowiring by type from bean name 'defaultModelDependencyProvider' via constructor to bean named 'typeResolver'
2025-04-16 22:18:08,302 DEBUG [main][ConstructorResolver.java:807] - Autowiring by type from bean name 'defaultModelDependencyProvider' via constructor to bean named 'typeResolver'
2025-04-16 22:18:08,302 DEBUG [main][ConstructorResolver.java:807] - Autowiring by type from bean name 'defaultModelDependencyProvider' via constructor to bean named 'cachingModelPropertiesProvider'
2025-04-16 22:18:08,302 DEBUG [main][ConstructorResolver.java:807] - Autowiring by type from bean name 'defaultModelDependencyProvider' via constructor to bean named 'cachingModelPropertiesProvider'
2025-04-16 22:18:08,302 DEBUG [main][ConstructorResolver.java:807] - Autowiring by type from bean name 'defaultModelDependencyProvider' via constructor to bean named 'typeNameExtractor'
2025-04-16 22:18:08,302 DEBUG [main][ConstructorResolver.java:807] - Autowiring by type from bean name 'defaultModelDependencyProvider' via constructor to bean named 'typeNameExtractor'
2025-04-16 22:18:08,302 DEBUG [main][ConstructorResolver.java:807] - Autowiring by type from bean name 'defaultModelDependencyProvider' via constructor to bean named 'jacksonEnumTypeDeterminer'
2025-04-16 22:18:08,302 DEBUG [main][ConstructorResolver.java:807] - Autowiring by type from bean name 'defaultModelDependencyProvider' via constructor to bean named 'jacksonEnumTypeDeterminer'
2025-04-16 22:18:08,302 DEBUG [main][ConstructorResolver.java:807] - Autowiring by type from bean name 'defaultModelDependencyProvider' via constructor to bean named 'schemaPluginsManager'
2025-04-16 22:18:08,302 DEBUG [main][ConstructorResolver.java:807] - Autowiring by type from bean name 'defaultModelDependencyProvider' via constructor to bean named 'schemaPluginsManager'
2025-04-16 22:18:08,303 DEBUG [main][ConstructorResolver.java:807] - Autowiring by type from bean name 'cachingModelDependencyProvider' via constructor to bean named 'defaultModelDependencyProvider'
2025-04-16 22:18:08,303 DEBUG [main][ConstructorResolver.java:807] - Autowiring by type from bean name 'cachingModelDependencyProvider' via constructor to bean named 'defaultModelDependencyProvider'
2025-04-16 22:18:08,305 DEBUG [main][ConstructorResolver.java:807] - Autowiring by type from bean name 'defaultModelProvider' via constructor to bean named 'typeResolver'
2025-04-16 22:18:08,305 DEBUG [main][ConstructorResolver.java:807] - Autowiring by type from bean name 'defaultModelProvider' via constructor to bean named 'typeResolver'
2025-04-16 22:18:08,305 DEBUG [main][ConstructorResolver.java:807] - Autowiring by type from bean name 'defaultModelProvider' via constructor to bean named 'cachingModelPropertiesProvider'
2025-04-16 22:18:08,305 DEBUG [main][ConstructorResolver.java:807] - Autowiring by type from bean name 'defaultModelProvider' via constructor to bean named 'cachingModelPropertiesProvider'
2025-04-16 22:18:08,305 DEBUG [main][ConstructorResolver.java:807] - Autowiring by type from bean name 'defaultModelProvider' via constructor to bean named 'cachingModelDependencyProvider'
2025-04-16 22:18:08,305 DEBUG [main][ConstructorResolver.java:807] - Autowiring by type from bean name 'defaultModelProvider' via constructor to bean named 'cachingModelDependencyProvider'
2025-04-16 22:18:08,305 DEBUG [main][ConstructorResolver.java:807] - Autowiring by type from bean name 'defaultModelProvider' via constructor to bean named 'schemaPluginsManager'
2025-04-16 22:18:08,305 DEBUG [main][ConstructorResolver.java:807] - Autowiring by type from bean name 'defaultModelProvider' via constructor to bean named 'schemaPluginsManager'
2025-04-16 22:18:08,305 DEBUG [main][ConstructorResolver.java:807] - Autowiring by type from bean name 'defaultModelProvider' via constructor to bean named 'typeNameExtractor'
2025-04-16 22:18:08,305 DEBUG [main][ConstructorResolver.java:807] - Autowiring by type from bean name 'defaultModelProvider' via constructor to bean named 'typeNameExtractor'
2025-04-16 22:18:08,305 DEBUG [main][ConstructorResolver.java:807] - Autowiring by type from bean name 'defaultModelProvider' via constructor to bean named 'jacksonEnumTypeDeterminer'
2025-04-16 22:18:08,305 DEBUG [main][ConstructorResolver.java:807] - Autowiring by type from bean name 'defaultModelProvider' via constructor to bean named 'jacksonEnumTypeDeterminer'
2025-04-16 22:18:08,306 DEBUG [main][ConstructorResolver.java:807] - Autowiring by type from bean name 'cachingModelProvider' via constructor to bean named 'defaultModelProvider'
2025-04-16 22:18:08,306 DEBUG [main][ConstructorResolver.java:807] - Autowiring by type from bean name 'cachingModelProvider' via constructor to bean named 'defaultModelProvider'
2025-04-16 22:18:08,307 DEBUG [main][ConstructorResolver.java:807] - Autowiring by type from bean name 'apiModelReader' via constructor to bean named 'cachingModelProvider'
2025-04-16 22:18:08,307 DEBUG [main][ConstructorResolver.java:807] - Autowiring by type from bean name 'apiModelReader' via constructor to bean named 'cachingModelProvider'
2025-04-16 22:18:08,307 DEBUG [main][ConstructorResolver.java:807] - Autowiring by type from bean name 'apiModelReader' via constructor to bean named 'typeResolver'
2025-04-16 22:18:08,307 DEBUG [main][ConstructorResolver.java:807] - Autowiring by type from bean name 'apiModelReader' via constructor to bean named 'typeResolver'
2025-04-16 22:18:08,307 DEBUG [main][ConstructorResolver.java:807] - Autowiring by type from bean name 'apiModelReader' via constructor to bean named 'documentationPluginsManager'
2025-04-16 22:18:08,307 DEBUG [main][ConstructorResolver.java:807] - Autowiring by type from bean name 'apiModelReader' via constructor to bean named 'documentationPluginsManager'
2025-04-16 22:18:08,307 DEBUG [main][ConstructorResolver.java:807] - Autowiring by type from bean name 'apiListingScanner' via constructor to bean named 'apiDescriptionReader'
2025-04-16 22:18:08,307 DEBUG [main][ConstructorResolver.java:807] - Autowiring by type from bean name 'apiListingScanner' via constructor to bean named 'apiDescriptionReader'
2025-04-16 22:18:08,307 DEBUG [main][ConstructorResolver.java:807] - Autowiring by type from bean name 'apiListingScanner' via constructor to bean named 'apiModelReader'
2025-04-16 22:18:08,307 DEBUG [main][ConstructorResolver.java:807] - Autowiring by type from bean name 'apiListingScanner' via constructor to bean named 'apiModelReader'
2025-04-16 22:18:08,307 DEBUG [main][ConstructorResolver.java:807] - Autowiring by type from bean name 'apiListingScanner' via constructor to bean named 'documentationPluginsManager'
2025-04-16 22:18:08,307 DEBUG [main][ConstructorResolver.java:807] - Autowiring by type from bean name 'apiListingScanner' via constructor to bean named 'documentationPluginsManager'
2025-04-16 22:18:08,308 DEBUG [main][ConstructorResolver.java:807] - Autowiring by type from bean name 'apiDocumentationScanner' via constructor to bean named 'apiListingReferenceScanner'
2025-04-16 22:18:08,308 DEBUG [main][ConstructorResolver.java:807] - Autowiring by type from bean name 'apiDocumentationScanner' via constructor to bean named 'apiListingReferenceScanner'
2025-04-16 22:18:08,308 DEBUG [main][ConstructorResolver.java:807] - Autowiring by type from bean name 'apiDocumentationScanner' via constructor to bean named 'apiListingScanner'
2025-04-16 22:18:08,308 DEBUG [main][ConstructorResolver.java:807] - Autowiring by type from bean name 'apiDocumentationScanner' via constructor to bean named 'apiListingScanner'
2025-04-16 22:18:08,308 DEBUG [main][DefaultSingletonBeanRegistry.java:225] - Creating shared instance of singleton bean 'apiListingReader'
2025-04-16 22:18:08,308 DEBUG [main][DefaultSingletonBeanRegistry.java:225] - Creating shared instance of singleton bean 'apiListingReader'
2025-04-16 22:18:08,308 DEBUG [main][DefaultSingletonBeanRegistry.java:225] - Creating shared instance of singleton bean 'mediaTypeReader'
2025-04-16 22:18:08,308 DEBUG [main][DefaultSingletonBeanRegistry.java:225] - Creating shared instance of singleton bean 'mediaTypeReader'
2025-04-16 22:18:08,309 DEBUG [main][DefaultSingletonBeanRegistry.java:225] - Creating shared instance of singleton bean 'operationModelsProvider'
2025-04-16 22:18:08,309 DEBUG [main][DefaultSingletonBeanRegistry.java:225] - Creating shared instance of singleton bean 'operationModelsProvider'
2025-04-16 22:18:08,309 DEBUG [main][ConstructorResolver.java:807] - Autowiring by type from bean name 'operationModelsProvider' via constructor to bean named 'typeResolver'
2025-04-16 22:18:08,309 DEBUG [main][ConstructorResolver.java:807] - Autowiring by type from bean name 'operationModelsProvider' via constructor to bean named 'typeResolver'
2025-04-16 22:18:08,310 DEBUG [main][DefaultSingletonBeanRegistry.java:225] - Creating shared instance of singleton bean 'operationDeprecatedReader'
2025-04-16 22:18:08,310 DEBUG [main][DefaultSingletonBeanRegistry.java:225] - Creating shared instance of singleton bean 'operationDeprecatedReader'
2025-04-16 22:18:08,310 DEBUG [main][DefaultSingletonBeanRegistry.java:225] - Creating shared instance of singleton bean 'responseMessagesReader'
2025-04-16 22:18:08,310 DEBUG [main][DefaultSingletonBeanRegistry.java:225] - Creating shared instance of singleton bean 'responseMessagesReader'
2025-04-16 22:18:08,311 DEBUG [main][ConstructorResolver.java:807] - Autowiring by type from bean name 'responseMessagesReader' via constructor to bean named 'typeNameExtractor'
2025-04-16 22:18:08,311 DEBUG [main][ConstructorResolver.java:807] - Autowiring by type from bean name 'responseMessagesReader' via constructor to bean named 'typeNameExtractor'
2025-04-16 22:18:08,311 DEBUG [main][DefaultSingletonBeanRegistry.java:225] - Creating shared instance of singleton bean 'operationParameterReader'
2025-04-16 22:18:08,311 DEBUG [main][DefaultSingletonBeanRegistry.java:225] - Creating shared instance of singleton bean 'operationParameterReader'
2025-04-16 22:18:08,313 DEBUG [main][DefaultSingletonBeanRegistry.java:225] - Creating shared instance of singleton bean 'modelAttributeParameterExpander'
2025-04-16 22:18:08,313 DEBUG [main][DefaultSingletonBeanRegistry.java:225] - Creating shared instance of singleton bean 'modelAttributeParameterExpander'
2025-04-16 22:18:08,315 DEBUG [main][ConstructorResolver.java:807] - Autowiring by type from bean name 'modelAttributeParameterExpander' via constructor to bean named 'fieldProvider'
2025-04-16 22:18:08,315 DEBUG [main][ConstructorResolver.java:807] - Autowiring by type from bean name 'modelAttributeParameterExpander' via constructor to bean named 'fieldProvider'
2025-04-16 22:18:08,315 DEBUG [main][ConstructorResolver.java:807] - Autowiring by type from bean name 'modelAttributeParameterExpander' via constructor to bean named 'accessorsProvider'
2025-04-16 22:18:08,315 DEBUG [main][ConstructorResolver.java:807] - Autowiring by type from bean name 'modelAttributeParameterExpander' via constructor to bean named 'accessorsProvider'
2025-04-16 22:18:08,315 DEBUG [main][ConstructorResolver.java:807] - Autowiring by type from bean name 'modelAttributeParameterExpander' via constructor to bean named 'jacksonEnumTypeDeterminer'
2025-04-16 22:18:08,315 DEBUG [main][ConstructorResolver.java:807] - Autowiring by type from bean name 'modelAttributeParameterExpander' via constructor to bean named 'jacksonEnumTypeDeterminer'
2025-04-16 22:18:08,315 DEBUG [main][ConstructorResolver.java:807] - Autowiring by type from bean name 'operationParameterReader' via constructor to bean named 'modelAttributeParameterExpander'
2025-04-16 22:18:08,315 DEBUG [main][ConstructorResolver.java:807] - Autowiring by type from bean name 'operationParameterReader' via constructor to bean named 'modelAttributeParameterExpander'
2025-04-16 22:18:08,316 DEBUG [main][ConstructorResolver.java:807] - Autowiring by type from bean name 'operationParameterReader' via constructor to bean named 'jacksonEnumTypeDeterminer'
2025-04-16 22:18:08,316 DEBUG [main][ConstructorResolver.java:807] - Autowiring by type from bean name 'operationParameterReader' via constructor to bean named 'jacksonEnumTypeDeterminer'
2025-04-16 22:18:08,316 DEBUG [main][DefaultSingletonBeanRegistry.java:225] - Creating shared instance of singleton bean 'defaultTagsProvider'
2025-04-16 22:18:08,316 DEBUG [main][DefaultSingletonBeanRegistry.java:225] - Creating shared instance of singleton bean 'defaultTagsProvider'
2025-04-16 22:18:08,317 DEBUG [main][DefaultSingletonBeanRegistry.java:225] - Creating shared instance of singleton bean 'operationTagsReader'
2025-04-16 22:18:08,317 DEBUG [main][DefaultSingletonBeanRegistry.java:225] - Creating shared instance of singleton bean 'operationTagsReader'
2025-04-16 22:18:08,319 DEBUG [main][ConstructorResolver.java:807] - Autowiring by type from bean name 'operationTagsReader' via constructor to bean named 'defaultTagsProvider'
2025-04-16 22:18:08,319 DEBUG [main][ConstructorResolver.java:807] - Autowiring by type from bean name 'operationTagsReader' via constructor to bean named 'defaultTagsProvider'
2025-04-16 22:18:08,319 DEBUG [main][DefaultSingletonBeanRegistry.java:225] - Creating shared instance of singleton bean 'defaultOperationReader'
2025-04-16 22:18:08,319 DEBUG [main][DefaultSingletonBeanRegistry.java:225] - Creating shared instance of singleton bean 'defaultOperationReader'
2025-04-16 22:18:08,320 DEBUG [main][DefaultSingletonBeanRegistry.java:225] - Creating shared instance of singleton bean 'operationParameterRequestConditionReader'
2025-04-16 22:18:08,320 DEBUG [main][DefaultSingletonBeanRegistry.java:225] - Creating shared instance of singleton bean 'operationParameterRequestConditionReader'
2025-04-16 22:18:08,321 DEBUG [main][ConstructorResolver.java:807] - Autowiring by type from bean name 'operationParameterRequestConditionReader' via constructor to bean named 'typeResolver'
2025-04-16 22:18:08,321 DEBUG [main][ConstructorResolver.java:807] - Autowiring by type from bean name 'operationParameterRequestConditionReader' via constructor to bean named 'typeResolver'
2025-04-16 22:18:08,322 DEBUG [main][DefaultSingletonBeanRegistry.java:225] - Creating shared instance of singleton bean 'operationParameterHeadersConditionReader'
2025-04-16 22:18:08,322 DEBUG [main][DefaultSingletonBeanRegistry.java:225] - Creating shared instance of singleton bean 'operationParameterHeadersConditionReader'
2025-04-16 22:18:08,322 DEBUG [main][ConstructorResolver.java:807] - Autowiring by type from bean name 'operationParameterHeadersConditionReader' via constructor to bean named 'typeResolver'
2025-04-16 22:18:08,322 DEBUG [main][ConstructorResolver.java:807] - Autowiring by type from bean name 'operationParameterHeadersConditionReader' via constructor to bean named 'typeResolver'
2025-04-16 22:18:08,322 DEBUG [main][DefaultSingletonBeanRegistry.java:225] - Creating shared instance of singleton bean 'operationResponseClassReader'
2025-04-16 22:18:08,322 DEBUG [main][DefaultSingletonBeanRegistry.java:225] - Creating shared instance of singleton bean 'operationResponseClassReader'
2025-04-16 22:18:08,323 DEBUG [main][ConstructorResolver.java:807] - Autowiring by type from bean name 'operationResponseClassReader' via constructor to bean named 'typeNameExtractor'
2025-04-16 22:18:08,323 DEBUG [main][ConstructorResolver.java:807] - Autowiring by type from bean name 'operationResponseClassReader' via constructor to bean named 'typeNameExtractor'
2025-04-16 22:18:08,323 DEBUG [main][DefaultSingletonBeanRegistry.java:225] - Creating shared instance of singleton bean 'parameterMultiplesReader'
2025-04-16 22:18:08,323 DEBUG [main][DefaultSingletonBeanRegistry.java:225] - Creating shared instance of singleton bean 'parameterMultiplesReader'
2025-04-16 22:18:08,324 DEBUG [main][DefaultSingletonBeanRegistry.java:225] - Creating shared instance of singleton bean 'parameterTypeReader'
2025-04-16 22:18:08,324 DEBUG [main][DefaultSingletonBeanRegistry.java:225] - Creating shared instance of singleton bean 'parameterTypeReader'
2025-04-16 22:18:08,324 DEBUG [main][DefaultSingletonBeanRegistry.java:225] - Creating shared instance of singleton bean 'parameterRequiredReader'
2025-04-16 22:18:08,324 DEBUG [main][DefaultSingletonBeanRegistry.java:225] - Creating shared instance of singleton bean 'parameterRequiredReader'
2025-04-16 22:18:08,327 DEBUG [main][DefaultSingletonBeanRegistry.java:225] - Creating shared instance of singleton bean 'descriptionResolver'
2025-04-16 22:18:08,327 DEBUG [main][DefaultSingletonBeanRegistry.java:225] - Creating shared instance of singleton bean 'descriptionResolver'
2025-04-16 22:18:08,327 DEBUG [main][DefaultSingletonBeanRegistry.java:225] - Creating shared instance of singleton bean 'springfox.documentation.spring.web.SpringfoxWebMvcConfiguration'
2025-04-16 22:18:08,327 DEBUG [main][DefaultSingletonBeanRegistry.java:225] - Creating shared instance of singleton bean 'springfox.documentation.spring.web.SpringfoxWebMvcConfiguration'
2025-04-16 22:18:08,328 DEBUG [main][ConstructorResolver.java:807] - Autowiring by type from bean name 'descriptionResolver' via factory method to bean named 'environment'
2025-04-16 22:18:08,328 DEBUG [main][ConstructorResolver.java:807] - Autowiring by type from bean name 'descriptionResolver' via factory method to bean named 'environment'
2025-04-16 22:18:08,330 DEBUG [main][ConstructorResolver.java:807] - Autowiring by type from bean name 'parameterRequiredReader' via constructor to bean named 'descriptionResolver'
2025-04-16 22:18:08,330 DEBUG [main][ConstructorResolver.java:807] - Autowiring by type from bean name 'parameterRequiredReader' via constructor to bean named 'descriptionResolver'
2025-04-16 22:18:08,330 DEBUG [main][DefaultSingletonBeanRegistry.java:225] - Creating shared instance of singleton bean 'parameterDataTypeReader'
2025-04-16 22:18:08,330 DEBUG [main][DefaultSingletonBeanRegistry.java:225] - Creating shared instance of singleton bean 'parameterDataTypeReader'
2025-04-16 22:18:08,331 DEBUG [main][ConstructorResolver.java:807] - Autowiring by type from bean name 'parameterDataTypeReader' via constructor to bean named 'typeNameExtractor'
2025-04-16 22:18:08,331 DEBUG [main][ConstructorResolver.java:807] - Autowiring by type from bean name 'parameterDataTypeReader' via constructor to bean named 'typeNameExtractor'
2025-04-16 22:18:08,331 DEBUG [main][ConstructorResolver.java:807] - Autowiring by type from bean name 'parameterDataTypeReader' via constructor to bean named 'typeResolver'
2025-04-16 22:18:08,331 DEBUG [main][ConstructorResolver.java:807] - Autowiring by type from bean name 'parameterDataTypeReader' via constructor to bean named 'typeResolver'
2025-04-16 22:18:08,331 DEBUG [main][ConstructorResolver.java:807] - Autowiring by type from bean name 'parameterDataTypeReader' via constructor to bean named 'jacksonEnumTypeDeterminer'
2025-04-16 22:18:08,331 DEBUG [main][ConstructorResolver.java:807] - Autowiring by type from bean name 'parameterDataTypeReader' via constructor to bean named 'jacksonEnumTypeDeterminer'
2025-04-16 22:18:08,331 DEBUG [main][DefaultSingletonBeanRegistry.java:225] - Creating shared instance of singleton bean 'parameterDefaultReader'
2025-04-16 22:18:08,331 DEBUG [main][DefaultSingletonBeanRegistry.java:225] - Creating shared instance of singleton bean 'parameterDefaultReader'
2025-04-16 22:18:08,331 DEBUG [main][ConstructorResolver.java:807] - Autowiring by type from bean name 'parameterDefaultReader' via constructor to bean named 'descriptionResolver'
2025-04-16 22:18:08,331 DEBUG [main][ConstructorResolver.java:807] - Autowiring by type from bean name 'parameterDefaultReader' via constructor to bean named 'descriptionResolver'
2025-04-16 22:18:08,332 DEBUG [main][DefaultSingletonBeanRegistry.java:225] - Creating shared instance of singleton bean 'parameterNameReader'
2025-04-16 22:18:08,332 DEBUG [main][DefaultSingletonBeanRegistry.java:225] - Creating shared instance of singleton bean 'parameterNameReader'
2025-04-16 22:18:08,332 DEBUG [main][DefaultSingletonBeanRegistry.java:225] - Creating shared instance of singleton bean 'expandedParameterBuilder'
2025-04-16 22:18:08,332 DEBUG [main][DefaultSingletonBeanRegistry.java:225] - Creating shared instance of singleton bean 'expandedParameterBuilder'
2025-04-16 22:18:08,333 DEBUG [main][ConstructorResolver.java:807] - Autowiring by type from bean name 'expandedParameterBuilder' via constructor to bean named 'typeResolver'
2025-04-16 22:18:08,333 DEBUG [main][ConstructorResolver.java:807] - Autowiring by type from bean name 'expandedParameterBuilder' via constructor to bean named 'typeResolver'
2025-04-16 22:18:08,333 DEBUG [main][ConstructorResolver.java:807] - Autowiring by type from bean name 'expandedParameterBuilder' via constructor to bean named 'jacksonEnumTypeDeterminer'
2025-04-16 22:18:08,333 DEBUG [main][ConstructorResolver.java:807] - Autowiring by type from bean name 'expandedParameterBuilder' via constructor to bean named 'jacksonEnumTypeDeterminer'
2025-04-16 22:18:08,333 DEBUG [main][DefaultSingletonBeanRegistry.java:225] - Creating shared instance of singleton bean 'documentationPluginsBootstrapper'
2025-04-16 22:18:08,333 DEBUG [main][DefaultSingletonBeanRegistry.java:225] - Creating shared instance of singleton bean 'documentationPluginsBootstrapper'
2025-04-16 22:18:08,336 DEBUG [main][DefaultSingletonBeanRegistry.java:225] - Creating shared instance of singleton bean 'webMvcRequestHandlerProvider'
2025-04-16 22:18:08,336 DEBUG [main][DefaultSingletonBeanRegistry.java:225] - Creating shared instance of singleton bean 'webMvcRequestHandlerProvider'
2025-04-16 22:18:08,336 DEBUG [main][DefaultSingletonBeanRegistry.java:225] - Creating shared instance of singleton bean 'methodResolver'
2025-04-16 22:18:08,336 DEBUG [main][DefaultSingletonBeanRegistry.java:225] - Creating shared instance of singleton bean 'methodResolver'
2025-04-16 22:18:08,337 DEBUG [main][ConstructorResolver.java:807] - Autowiring by type from bean name 'methodResolver' via factory method to bean named 'typeResolver'
2025-04-16 22:18:08,337 DEBUG [main][ConstructorResolver.java:807] - Autowiring by type from bean name 'methodResolver' via factory method to bean named 'typeResolver'
2025-04-16 22:18:08,339 DEBUG [main][DefaultSingletonBeanRegistry.java:225] - Creating shared instance of singleton bean 'requestMappingHandlerMapping'
2025-04-16 22:18:08,339 DEBUG [main][DefaultSingletonBeanRegistry.java:225] - Creating shared instance of singleton bean 'requestMappingHandlerMapping'
2025-04-16 22:18:08,339 DEBUG [main][DefaultSingletonBeanRegistry.java:225] - Creating shared instance of singleton bean 'org.springframework.boot.autoconfigure.web.servlet.WebMvcAutoConfiguration$EnableWebMvcConfiguration'
2025-04-16 22:18:08,339 DEBUG [main][DefaultSingletonBeanRegistry.java:225] - Creating shared instance of singleton bean 'org.springframework.boot.autoconfigure.web.servlet.WebMvcAutoConfiguration$EnableWebMvcConfiguration'
2025-04-16 22:18:08,340 DEBUG [main][DefaultSingletonBeanRegistry.java:225] - Creating shared instance of singleton bean 'spring.resources-org.springframework.boot.autoconfigure.web.ResourceProperties'
2025-04-16 22:18:08,340 DEBUG [main][DefaultSingletonBeanRegistry.java:225] - Creating shared instance of singleton bean 'spring.resources-org.springframework.boot.autoconfigure.web.ResourceProperties'
2025-04-16 22:18:08,343 DEBUG [main][ConstructorResolver.java:807] - Autowiring by type from bean name 'org.springframework.boot.autoconfigure.web.servlet.WebMvcAutoConfiguration$EnableWebMvcConfiguration' via constructor to bean named 'spring.resources-org.springframework.boot.autoconfigure.web.ResourceProperties'
2025-04-16 22:18:08,343 DEBUG [main][ConstructorResolver.java:807] - Autowiring by type from bean name 'org.springframework.boot.autoconfigure.web.servlet.WebMvcAutoConfiguration$EnableWebMvcConfiguration' via constructor to bean named 'spring.resources-org.springframework.boot.autoconfigure.web.ResourceProperties'
2025-04-16 22:18:08,343 DEBUG [main][ConstructorResolver.java:807] - Autowiring by type from bean name 'org.springframework.boot.autoconfigure.web.servlet.WebMvcAutoConfiguration$EnableWebMvcConfiguration' via constructor to bean named 'org.springframework.beans.factory.support.DefaultListableBeanFactory@565b064f'
2025-04-16 22:18:08,343 DEBUG [main][ConstructorResolver.java:807] - Autowiring by type from bean name 'org.springframework.boot.autoconfigure.web.servlet.WebMvcAutoConfiguration$EnableWebMvcConfiguration' via constructor to bean named 'org.springframework.beans.factory.support.DefaultListableBeanFactory@565b064f'
2025-04-16 22:18:08,350 DEBUG [main][DefaultSingletonBeanRegistry.java:225] - Creating shared instance of singleton bean 'org.springframework.boot.autoconfigure.web.servlet.WebMvcAutoConfiguration$WebMvcAutoConfigurationAdapter'
2025-04-16 22:18:08,350 DEBUG [main][DefaultSingletonBeanRegistry.java:225] - Creating shared instance of singleton bean 'org.springframework.boot.autoconfigure.web.servlet.WebMvcAutoConfiguration$WebMvcAutoConfigurationAdapter'
2025-04-16 22:18:08,350 DEBUG [main][ConstructorResolver.java:807] - Autowiring by type from bean name 'org.springframework.boot.autoconfigure.web.servlet.WebMvcAutoConfiguration$WebMvcAutoConfigurationAdapter' via constructor to bean named 'spring.resources-org.springframework.boot.autoconfigure.web.ResourceProperties'
2025-04-16 22:18:08,350 DEBUG [main][ConstructorResolver.java:807] - Autowiring by type from bean name 'org.springframework.boot.autoconfigure.web.servlet.WebMvcAutoConfiguration$WebMvcAutoConfigurationAdapter' via constructor to bean named 'spring.resources-org.springframework.boot.autoconfigure.web.ResourceProperties'
2025-04-16 22:18:08,350 DEBUG [main][ConstructorResolver.java:807] - Autowiring by type from bean name 'org.springframework.boot.autoconfigure.web.servlet.WebMvcAutoConfiguration$WebMvcAutoConfigurationAdapter' via constructor to bean named 'spring.mvc-org.springframework.boot.autoconfigure.web.servlet.WebMvcProperties'
2025-04-16 22:18:08,350 DEBUG [main][ConstructorResolver.java:807] - Autowiring by type from bean name 'org.springframework.boot.autoconfigure.web.servlet.WebMvcAutoConfiguration$WebMvcAutoConfigurationAdapter' via constructor to bean named 'spring.mvc-org.springframework.boot.autoconfigure.web.servlet.WebMvcProperties'
2025-04-16 22:18:08,350 DEBUG [main][ConstructorResolver.java:807] - Autowiring by type from bean name 'org.springframework.boot.autoconfigure.web.servlet.WebMvcAutoConfiguration$WebMvcAutoConfigurationAdapter' via constructor to bean named 'org.springframework.beans.factory.support.DefaultListableBeanFactory@565b064f'
2025-04-16 22:18:08,350 DEBUG [main][ConstructorResolver.java:807] - Autowiring by type from bean name 'org.springframework.boot.autoconfigure.web.servlet.WebMvcAutoConfiguration$WebMvcAutoConfigurationAdapter' via constructor to bean named 'org.springframework.beans.factory.support.DefaultListableBeanFactory@565b064f'
2025-04-16 22:18:08,352 DEBUG [main][DefaultSingletonBeanRegistry.java:225] - Creating shared instance of singleton bean 'mvcContentNegotiationManager'
2025-04-16 22:18:08,352 DEBUG [main][DefaultSingletonBeanRegistry.java:225] - Creating shared instance of singleton bean 'mvcContentNegotiationManager'
2025-04-16 22:18:08,357 DEBUG [main][DefaultSingletonBeanRegistry.java:225] - Creating shared instance of singleton bean 'mvcConversionService'
2025-04-16 22:18:08,357 DEBUG [main][DefaultSingletonBeanRegistry.java:225] - Creating shared instance of singleton bean 'mvcConversionService'
2025-04-16 22:18:08,361 DEBUG [main][DefaultSingletonBeanRegistry.java:225] - Creating shared instance of singleton bean 'mvcResourceUrlProvider'
2025-04-16 22:18:08,361 DEBUG [main][DefaultSingletonBeanRegistry.java:225] - Creating shared instance of singleton bean 'mvcResourceUrlProvider'
2025-04-16 22:18:08,366 DEBUG [main][ConstructorResolver.java:807] - Autowiring by type from bean name 'requestMappingHandlerMapping' via factory method to bean named 'mvcContentNegotiationManager'
2025-04-16 22:18:08,366 DEBUG [main][ConstructorResolver.java:807] - Autowiring by type from bean name 'requestMappingHandlerMapping' via factory method to bean named 'mvcContentNegotiationManager'
2025-04-16 22:18:08,366 DEBUG [main][ConstructorResolver.java:807] - Autowiring by type from bean name 'requestMappingHandlerMapping' via factory method to bean named 'mvcConversionService'
2025-04-16 22:18:08,366 DEBUG [main][ConstructorResolver.java:807] - Autowiring by type from bean name 'requestMappingHandlerMapping' via factory method to bean named 'mvcConversionService'
2025-04-16 22:18:08,366 DEBUG [main][ConstructorResolver.java:807] - Autowiring by type from bean name 'requestMappingHandlerMapping' via factory method to bean named 'mvcResourceUrlProvider'
2025-04-16 22:18:08,366 DEBUG [main][ConstructorResolver.java:807] - Autowiring by type from bean name 'requestMappingHandlerMapping' via factory method to bean named 'mvcResourceUrlProvider'
2025-04-16 22:18:08,367 DEBUG [main][ConstructorResolver.java:807] - Autowiring by type from bean name 'requestMappingHandlerMapping' via factory method to bean named 'mvcContentNegotiationManager'
2025-04-16 22:18:08,367 DEBUG [main][ConstructorResolver.java:807] - Autowiring by type from bean name 'requestMappingHandlerMapping' via factory method to bean named 'mvcContentNegotiationManager'
2025-04-16 22:18:08,367 DEBUG [main][ConstructorResolver.java:807] - Autowiring by type from bean name 'requestMappingHandlerMapping' via factory method to bean named 'mvcConversionService'
2025-04-16 22:18:08,367 DEBUG [main][ConstructorResolver.java:807] - Autowiring by type from bean name 'requestMappingHandlerMapping' via factory method to bean named 'mvcConversionService'
2025-04-16 22:18:08,367 DEBUG [main][ConstructorResolver.java:807] - Autowiring by type from bean name 'requestMappingHandlerMapping' via factory method to bean named 'mvcResourceUrlProvider'
2025-04-16 22:18:08,367 DEBUG [main][ConstructorResolver.java:807] - Autowiring by type from bean name 'requestMappingHandlerMapping' via factory method to bean named 'mvcResourceUrlProvider'
2025-04-16 22:18:08,396 DEBUG [main][AbstractHandlerMethodMapping.java:351] - 10 mappings in 'requestMappingHandlerMapping'
2025-04-16 22:18:08,396 DEBUG [main][AbstractHandlerMethodMapping.java:351] - 10 mappings in 'requestMappingHandlerMapping'
2025-04-16 22:18:08,397 DEBUG [main][ConstructorResolver.java:807] - Autowiring by type from bean name 'webMvcRequestHandlerProvider' via constructor to bean named 'methodResolver'
2025-04-16 22:18:08,397 DEBUG [main][ConstructorResolver.java:807] - Autowiring by type from bean name 'webMvcRequestHandlerProvider' via constructor to bean named 'methodResolver'
2025-04-16 22:18:08,397 DEBUG [main][ConstructorResolver.java:807] - Autowiring by type from bean name 'webMvcRequestHandlerProvider' via constructor to bean named 'requestMappingHandlerMapping'
2025-04-16 22:18:08,397 DEBUG [main][ConstructorResolver.java:807] - Autowiring by type from bean name 'webMvcRequestHandlerProvider' via constructor to bean named 'requestMappingHandlerMapping'
2025-04-16 22:18:08,398 DEBUG [main][DefaultSingletonBeanRegistry.java:225] - Creating shared instance of singleton bean 'resourceGroupCache'
2025-04-16 22:18:08,398 DEBUG [main][DefaultSingletonBeanRegistry.java:225] - Creating shared instance of singleton bean 'resourceGroupCache'
2025-04-16 22:18:08,399 DEBUG [main][DefaultSingletonBeanRegistry.java:225] - Creating shared instance of singleton bean 'defaults'
2025-04-16 22:18:08,399 DEBUG [main][DefaultSingletonBeanRegistry.java:225] - Creating shared instance of singleton bean 'defaults'
2025-04-16 22:18:08,406 DEBUG [main][ConstructorResolver.java:807] - Autowiring by type from bean name 'documentationPluginsBootstrapper' via constructor to bean named 'documentationPluginsManager'
2025-04-16 22:18:08,406 DEBUG [main][ConstructorResolver.java:807] - Autowiring by type from bean name 'documentationPluginsBootstrapper' via constructor to bean named 'documentationPluginsManager'
2025-04-16 22:18:08,406 DEBUG [main][ConstructorResolver.java:807] - Autowiring by type from bean name 'documentationPluginsBootstrapper' via constructor to bean named 'webMvcRequestHandlerProvider'
2025-04-16 22:18:08,406 DEBUG [main][ConstructorResolver.java:807] - Autowiring by type from bean name 'documentationPluginsBootstrapper' via constructor to bean named 'webMvcRequestHandlerProvider'
2025-04-16 22:18:08,406 DEBUG [main][ConstructorResolver.java:807] - Autowiring by type from bean name 'documentationPluginsBootstrapper' via constructor to bean named 'resourceGroupCache'
2025-04-16 22:18:08,406 DEBUG [main][ConstructorResolver.java:807] - Autowiring by type from bean name 'documentationPluginsBootstrapper' via constructor to bean named 'resourceGroupCache'
2025-04-16 22:18:08,406 DEBUG [main][ConstructorResolver.java:807] - Autowiring by type from bean name 'documentationPluginsBootstrapper' via constructor to bean named 'apiDocumentationScanner'
2025-04-16 22:18:08,406 DEBUG [main][ConstructorResolver.java:807] - Autowiring by type from bean name 'documentationPluginsBootstrapper' via constructor to bean named 'apiDocumentationScanner'
2025-04-16 22:18:08,406 DEBUG [main][ConstructorResolver.java:807] - Autowiring by type from bean name 'documentationPluginsBootstrapper' via constructor to bean named 'typeResolver'
2025-04-16 22:18:08,406 DEBUG [main][ConstructorResolver.java:807] - Autowiring by type from bean name 'documentationPluginsBootstrapper' via constructor to bean named 'typeResolver'
2025-04-16 22:18:08,406 DEBUG [main][ConstructorResolver.java:807] - Autowiring by type from bean name 'documentationPluginsBootstrapper' via constructor to bean named 'defaults'
2025-04-16 22:18:08,406 DEBUG [main][ConstructorResolver.java:807] - Autowiring by type from bean name 'documentationPluginsBootstrapper' via constructor to bean named 'defaults'
2025-04-16 22:18:08,406 DEBUG [main][ConstructorResolver.java:807] - Autowiring by type from bean name 'documentationPluginsBootstrapper' via constructor to bean named 'servletContext'
2025-04-16 22:18:08,406 DEBUG [main][ConstructorResolver.java:807] - Autowiring by type from bean name 'documentationPluginsBootstrapper' via constructor to bean named 'servletContext'
2025-04-16 22:18:08,406 DEBUG [main][ConstructorResolver.java:807] - Autowiring by type from bean name 'documentationPluginsBootstrapper' via constructor to bean named 'environment'
2025-04-16 22:18:08,406 DEBUG [main][ConstructorResolver.java:807] - Autowiring by type from bean name 'documentationPluginsBootstrapper' via constructor to bean named 'environment'
2025-04-16 22:18:08,408 DEBUG [main][DefaultSingletonBeanRegistry.java:225] - Creating shared instance of singleton bean 'queryStringUriTemplateDecorator'
2025-04-16 22:18:08,408 DEBUG [main][DefaultSingletonBeanRegistry.java:225] - Creating shared instance of singleton bean 'queryStringUriTemplateDecorator'
2025-04-16 22:18:08,409 DEBUG [main][DefaultSingletonBeanRegistry.java:225] - Creating shared instance of singleton bean 'pathMappingDecorator'
2025-04-16 22:18:08,409 DEBUG [main][DefaultSingletonBeanRegistry.java:225] - Creating shared instance of singleton bean 'pathMappingDecorator'
2025-04-16 22:18:08,409 DEBUG [main][DefaultSingletonBeanRegistry.java:225] - Creating shared instance of singleton bean 'pathSanitizer'
2025-04-16 22:18:08,409 DEBUG [main][DefaultSingletonBeanRegistry.java:225] - Creating shared instance of singleton bean 'pathSanitizer'
2025-04-16 22:18:08,410 DEBUG [main][DefaultSingletonBeanRegistry.java:225] - Creating shared instance of singleton bean 'operationPathDecorator'
2025-04-16 22:18:08,410 DEBUG [main][DefaultSingletonBeanRegistry.java:225] - Creating shared instance of singleton bean 'operationPathDecorator'
2025-04-16 22:18:08,410 DEBUG [main][DefaultSingletonBeanRegistry.java:225] - Creating shared instance of singleton bean 'propertyDiscriminatorBasedInheritancePlugin'
2025-04-16 22:18:08,410 DEBUG [main][DefaultSingletonBeanRegistry.java:225] - Creating shared instance of singleton bean 'propertyDiscriminatorBasedInheritancePlugin'
2025-04-16 22:18:08,411 DEBUG [main][ConstructorResolver.java:807] - Autowiring by type from bean name 'propertyDiscriminatorBasedInheritancePlugin' via constructor to bean named 'typeResolver'
2025-04-16 22:18:08,411 DEBUG [main][ConstructorResolver.java:807] - Autowiring by type from bean name 'propertyDiscriminatorBasedInheritancePlugin' via constructor to bean named 'typeResolver'
2025-04-16 22:18:08,411 DEBUG [main][ConstructorResolver.java:807] - Autowiring by type from bean name 'propertyDiscriminatorBasedInheritancePlugin' via constructor to bean named 'typeNameExtractor'
2025-04-16 22:18:08,411 DEBUG [main][ConstructorResolver.java:807] - Autowiring by type from bean name 'propertyDiscriminatorBasedInheritancePlugin' via constructor to bean named 'typeNameExtractor'
2025-04-16 22:18:08,411 DEBUG [main][DefaultSingletonBeanRegistry.java:225] - Creating shared instance of singleton bean 'xmlModelPlugin'
2025-04-16 22:18:08,411 DEBUG [main][DefaultSingletonBeanRegistry.java:225] - Creating shared instance of singleton bean 'xmlModelPlugin'
2025-04-16 22:18:08,412 DEBUG [main][ConstructorResolver.java:807] - Autowiring by type from bean name 'xmlModelPlugin' via constructor to bean named 'typeResolver'
2025-04-16 22:18:08,412 DEBUG [main][ConstructorResolver.java:807] - Autowiring by type from bean name 'xmlModelPlugin' via constructor to bean named 'typeResolver'
2025-04-16 22:18:08,412 DEBUG [main][DefaultSingletonBeanRegistry.java:225] - Creating shared instance of singleton bean 'xmlPropertyPlugin'
2025-04-16 22:18:08,412 DEBUG [main][DefaultSingletonBeanRegistry.java:225] - Creating shared instance of singleton bean 'xmlPropertyPlugin'
2025-04-16 22:18:08,412 DEBUG [main][DefaultSingletonBeanRegistry.java:225] - Creating shared instance of singleton bean 'apiModelPropertyPropertyBuilder'
2025-04-16 22:18:08,412 DEBUG [main][DefaultSingletonBeanRegistry.java:225] - Creating shared instance of singleton bean 'apiModelPropertyPropertyBuilder'
2025-04-16 22:18:08,413 DEBUG [main][ConstructorResolver.java:807] - Autowiring by type from bean name 'apiModelPropertyPropertyBuilder' via constructor to bean named 'descriptionResolver'
2025-04-16 22:18:08,413 DEBUG [main][ConstructorResolver.java:807] - Autowiring by type from bean name 'apiModelPropertyPropertyBuilder' via constructor to bean named 'descriptionResolver'
2025-04-16 22:18:08,414 DEBUG [main][DefaultSingletonBeanRegistry.java:225] - Creating shared instance of singleton bean 'apiModelTypeNameProvider'
2025-04-16 22:18:08,414 DEBUG [main][DefaultSingletonBeanRegistry.java:225] - Creating shared instance of singleton bean 'apiModelTypeNameProvider'
2025-04-16 22:18:08,415 DEBUG [main][DefaultSingletonBeanRegistry.java:225] - Creating shared instance of singleton bean 'apiModelBuilder'
2025-04-16 22:18:08,415 DEBUG [main][DefaultSingletonBeanRegistry.java:225] - Creating shared instance of singleton bean 'apiModelBuilder'
2025-04-16 22:18:08,416 DEBUG [main][ConstructorResolver.java:807] - Autowiring by type from bean name 'apiModelBuilder' via constructor to bean named 'typeResolver'
2025-04-16 22:18:08,416 DEBUG [main][ConstructorResolver.java:807] - Autowiring by type from bean name 'apiModelBuilder' via constructor to bean named 'typeResolver'
2025-04-16 22:18:08,416 DEBUG [main][ConstructorResolver.java:807] - Autowiring by type from bean name 'apiModelBuilder' via constructor to bean named 'typeNameExtractor'
2025-04-16 22:18:08,416 DEBUG [main][ConstructorResolver.java:807] - Autowiring by type from bean name 'apiModelBuilder' via constructor to bean named 'typeNameExtractor'
2025-04-16 22:18:08,416 DEBUG [main][DefaultSingletonBeanRegistry.java:225] - Creating shared instance of singleton bean 'operationImplicitParameterReader'
2025-04-16 22:18:08,416 DEBUG [main][DefaultSingletonBeanRegistry.java:225] - Creating shared instance of singleton bean 'operationImplicitParameterReader'
2025-04-16 22:18:08,417 DEBUG [main][ConstructorResolver.java:807] - Autowiring by type from bean name 'operationImplicitParameterReader' via constructor to bean named 'descriptionResolver'
2025-04-16 22:18:08,417 DEBUG [main][ConstructorResolver.java:807] - Autowiring by type from bean name 'operationImplicitParameterReader' via constructor to bean named 'descriptionResolver'
2025-04-16 22:18:08,417 DEBUG [main][DefaultSingletonBeanRegistry.java:225] - Creating shared instance of singleton bean 'vendorExtensionsReader'
2025-04-16 22:18:08,417 DEBUG [main][DefaultSingletonBeanRegistry.java:225] - Creating shared instance of singleton bean 'vendorExtensionsReader'
2025-04-16 22:18:08,417 DEBUG [main][DefaultSingletonBeanRegistry.java:225] - Creating shared instance of singleton bean 'swaggerOperationResponseClassReader'
2025-04-16 22:18:08,417 DEBUG [main][DefaultSingletonBeanRegistry.java:225] - Creating shared instance of singleton bean 'swaggerOperationResponseClassReader'
2025-04-16 22:18:08,419 DEBUG [main][ConstructorResolver.java:807] - Autowiring by type from bean name 'swaggerOperationResponseClassReader' via constructor to bean named 'typeResolver'
2025-04-16 22:18:08,419 DEBUG [main][ConstructorResolver.java:807] - Autowiring by type from bean name 'swaggerOperationResponseClassReader' via constructor to bean named 'typeResolver'
2025-04-16 22:18:08,419 DEBUG [main][ConstructorResolver.java:807] - Autowiring by type from bean name 'swaggerOperationResponseClassReader' via constructor to bean named 'typeNameExtractor'
2025-04-16 22:18:08,419 DEBUG [main][ConstructorResolver.java:807] - Autowiring by type from bean name 'swaggerOperationResponseClassReader' via constructor to bean named 'typeNameExtractor'
2025-04-16 22:18:08,419 DEBUG [main][DefaultSingletonBeanRegistry.java:225] - Creating shared instance of singleton bean 'swaggerOperationModelsProvider'
2025-04-16 22:18:08,419 DEBUG [main][DefaultSingletonBeanRegistry.java:225] - Creating shared instance of singleton bean 'swaggerOperationModelsProvider'
2025-04-16 22:18:08,420 DEBUG [main][ConstructorResolver.java:807] - Autowiring by type from bean name 'swaggerOperationModelsProvider' via constructor to bean named 'typeResolver'
2025-04-16 22:18:08,420 DEBUG [main][ConstructorResolver.java:807] - Autowiring by type from bean name 'swaggerOperationModelsProvider' via constructor to bean named 'typeResolver'
2025-04-16 22:18:08,420 DEBUG [main][DefaultSingletonBeanRegistry.java:225] - Creating shared instance of singleton bean 'swaggerMediaTypeReader'
2025-04-16 22:18:08,420 DEBUG [main][DefaultSingletonBeanRegistry.java:225] - Creating shared instance of singleton bean 'swaggerMediaTypeReader'
2025-04-16 22:18:08,420 DEBUG [main][DefaultSingletonBeanRegistry.java:225] - Creating shared instance of singleton bean 'operationHttpMethodReader'
2025-04-16 22:18:08,420 DEBUG [main][DefaultSingletonBeanRegistry.java:225] - Creating shared instance of singleton bean 'operationHttpMethodReader'
2025-04-16 22:18:08,421 DEBUG [main][DefaultSingletonBeanRegistry.java:225] - Creating shared instance of singleton bean 'operationImplicitParametersReader'
2025-04-16 22:18:08,421 DEBUG [main][DefaultSingletonBeanRegistry.java:225] - Creating shared instance of singleton bean 'operationImplicitParametersReader'
2025-04-16 22:18:08,421 DEBUG [main][ConstructorResolver.java:807] - Autowiring by type from bean name 'operationImplicitParametersReader' via constructor to bean named 'descriptionResolver'
2025-04-16 22:18:08,421 DEBUG [main][ConstructorResolver.java:807] - Autowiring by type from bean name 'operationImplicitParametersReader' via constructor to bean named 'descriptionResolver'
2025-04-16 22:18:08,421 DEBUG [main][DefaultSingletonBeanRegistry.java:225] - Creating shared instance of singleton bean 'operationAuthReader'
2025-04-16 22:18:08,421 DEBUG [main][DefaultSingletonBeanRegistry.java:225] - Creating shared instance of singleton bean 'operationAuthReader'
2025-04-16 22:18:08,422 DEBUG [main][DefaultSingletonBeanRegistry.java:225] - Creating shared instance of singleton bean 'operationHiddenReader'
2025-04-16 22:18:08,422 DEBUG [main][DefaultSingletonBeanRegistry.java:225] - Creating shared instance of singleton bean 'operationHiddenReader'
2025-04-16 22:18:08,422 DEBUG [main][DefaultSingletonBeanRegistry.java:225] - Creating shared instance of singleton bean 'operationSummaryReader'
2025-04-16 22:18:08,422 DEBUG [main][DefaultSingletonBeanRegistry.java:225] - Creating shared instance of singleton bean 'operationSummaryReader'
2025-04-16 22:18:08,423 DEBUG [main][ConstructorResolver.java:807] - Autowiring by type from bean name 'operationSummaryReader' via constructor to bean named 'descriptionResolver'
2025-04-16 22:18:08,423 DEBUG [main][ConstructorResolver.java:807] - Autowiring by type from bean name 'operationSummaryReader' via constructor to bean named 'descriptionResolver'
2025-04-16 22:18:08,423 DEBUG [main][DefaultSingletonBeanRegistry.java:225] - Creating shared instance of singleton bean 'swaggerResponseMessageReader'
2025-04-16 22:18:08,423 DEBUG [main][DefaultSingletonBeanRegistry.java:225] - Creating shared instance of singleton bean 'swaggerResponseMessageReader'
2025-04-16 22:18:08,425 DEBUG [main][ConstructorResolver.java:807] - Autowiring by type from bean name 'swaggerResponseMessageReader' via constructor to bean named 'typeNameExtractor'
2025-04-16 22:18:08,425 DEBUG [main][ConstructorResolver.java:807] - Autowiring by type from bean name 'swaggerResponseMessageReader' via constructor to bean named 'typeNameExtractor'
2025-04-16 22:18:08,426 DEBUG [main][ConstructorResolver.java:807] - Autowiring by type from bean name 'swaggerResponseMessageReader' via constructor to bean named 'typeResolver'
2025-04-16 22:18:08,426 DEBUG [main][ConstructorResolver.java:807] - Autowiring by type from bean name 'swaggerResponseMessageReader' via constructor to bean named 'typeResolver'
2025-04-16 22:18:08,426 DEBUG [main][DefaultSingletonBeanRegistry.java:225] - Creating shared instance of singleton bean 'operationNicknameIntoUniqueIdReader'
2025-04-16 22:18:08,426 DEBUG [main][DefaultSingletonBeanRegistry.java:225] - Creating shared instance of singleton bean 'operationNicknameIntoUniqueIdReader'
2025-04-16 22:18:08,427 DEBUG [main][DefaultSingletonBeanRegistry.java:225] - Creating shared instance of singleton bean 'operationPositionReader'
2025-04-16 22:18:08,427 DEBUG [main][DefaultSingletonBeanRegistry.java:225] - Creating shared instance of singleton bean 'operationPositionReader'
2025-04-16 22:18:08,427 DEBUG [main][DefaultSingletonBeanRegistry.java:225] - Creating shared instance of singleton bean 'operationNotesReader'
2025-04-16 22:18:08,427 DEBUG [main][DefaultSingletonBeanRegistry.java:225] - Creating shared instance of singleton bean 'operationNotesReader'
2025-04-16 22:18:08,428 DEBUG [main][ConstructorResolver.java:807] - Autowiring by type from bean name 'operationNotesReader' via constructor to bean named 'descriptionResolver'
2025-04-16 22:18:08,428 DEBUG [main][ConstructorResolver.java:807] - Autowiring by type from bean name 'operationNotesReader' via constructor to bean named 'descriptionResolver'
2025-04-16 22:18:08,429 DEBUG [main][DefaultSingletonBeanRegistry.java:225] - Creating shared instance of singleton bean 'swaggerOperationTagsReader'
2025-04-16 22:18:08,429 DEBUG [main][DefaultSingletonBeanRegistry.java:225] - Creating shared instance of singleton bean 'swaggerOperationTagsReader'
2025-04-16 22:18:08,429 DEBUG [main][ConstructorResolver.java:807] - Autowiring by type from bean name 'swaggerOperationTagsReader' via constructor to bean named 'defaultTagsProvider'
2025-04-16 22:18:08,429 DEBUG [main][ConstructorResolver.java:807] - Autowiring by type from bean name 'swaggerOperationTagsReader' via constructor to bean named 'defaultTagsProvider'
2025-04-16 22:18:08,429 DEBUG [main][DefaultSingletonBeanRegistry.java:225] - Creating shared instance of singleton bean 'swaggerParameterDescriptionReader'
2025-04-16 22:18:08,429 DEBUG [main][DefaultSingletonBeanRegistry.java:225] - Creating shared instance of singleton bean 'swaggerParameterDescriptionReader'
2025-04-16 22:18:08,430 DEBUG [main][ConstructorResolver.java:807] - Autowiring by type from bean name 'swaggerParameterDescriptionReader' via constructor to bean named 'descriptionResolver'
2025-04-16 22:18:08,430 DEBUG [main][ConstructorResolver.java:807] - Autowiring by type from bean name 'swaggerParameterDescriptionReader' via constructor to bean named 'descriptionResolver'
2025-04-16 22:18:08,430 DEBUG [main][ConstructorResolver.java:807] - Autowiring by type from bean name 'swaggerParameterDescriptionReader' via constructor to bean named 'jacksonEnumTypeDeterminer'
2025-04-16 22:18:08,430 DEBUG [main][ConstructorResolver.java:807] - Autowiring by type from bean name 'swaggerParameterDescriptionReader' via constructor to bean named 'jacksonEnumTypeDeterminer'
2025-04-16 22:18:08,431 DEBUG [main][DefaultSingletonBeanRegistry.java:225] - Creating shared instance of singleton bean 'swaggerExpandedParameterBuilder'
2025-04-16 22:18:08,431 DEBUG [main][DefaultSingletonBeanRegistry.java:225] - Creating shared instance of singleton bean 'swaggerExpandedParameterBuilder'
2025-04-16 22:18:08,432 DEBUG [main][ConstructorResolver.java:807] - Autowiring by type from bean name 'swaggerExpandedParameterBuilder' via constructor to bean named 'descriptionResolver'
2025-04-16 22:18:08,432 DEBUG [main][ConstructorResolver.java:807] - Autowiring by type from bean name 'swaggerExpandedParameterBuilder' via constructor to bean named 'descriptionResolver'
2025-04-16 22:18:08,432 DEBUG [main][ConstructorResolver.java:807] - Autowiring by type from bean name 'swaggerExpandedParameterBuilder' via constructor to bean named 'jacksonEnumTypeDeterminer'
2025-04-16 22:18:08,432 DEBUG [main][ConstructorResolver.java:807] - Autowiring by type from bean name 'swaggerExpandedParameterBuilder' via constructor to bean named 'jacksonEnumTypeDeterminer'
2025-04-16 22:18:08,433 DEBUG [main][DefaultSingletonBeanRegistry.java:225] - Creating shared instance of singleton bean 'swaggerApiListingReader'
2025-04-16 22:18:08,433 DEBUG [main][DefaultSingletonBeanRegistry.java:225] - Creating shared instance of singleton bean 'swaggerApiListingReader'
2025-04-16 22:18:08,433 DEBUG [main][DefaultSingletonBeanRegistry.java:225] - Creating shared instance of singleton bean 'classOrApiAnnotationResourceGrouping'
2025-04-16 22:18:08,433 DEBUG [main][DefaultSingletonBeanRegistry.java:225] - Creating shared instance of singleton bean 'classOrApiAnnotationResourceGrouping'
2025-04-16 22:18:08,434 DEBUG [main][DefaultSingletonBeanRegistry.java:225] - Creating shared instance of singleton bean 'inMemorySwaggerResourcesProvider'
2025-04-16 22:18:08,434 DEBUG [main][DefaultSingletonBeanRegistry.java:225] - Creating shared instance of singleton bean 'inMemorySwaggerResourcesProvider'
2025-04-16 22:18:08,434 DEBUG [main][ConstructorResolver.java:807] - Autowiring by type from bean name 'inMemorySwaggerResourcesProvider' via constructor to bean named 'environment'
2025-04-16 22:18:08,434 DEBUG [main][ConstructorResolver.java:807] - Autowiring by type from bean name 'inMemorySwaggerResourcesProvider' via constructor to bean named 'environment'
2025-04-16 22:18:08,434 DEBUG [main][ConstructorResolver.java:807] - Autowiring by type from bean name 'inMemorySwaggerResourcesProvider' via constructor to bean named 'resourceGroupCache'
2025-04-16 22:18:08,434 DEBUG [main][ConstructorResolver.java:807] - Autowiring by type from bean name 'inMemorySwaggerResourcesProvider' via constructor to bean named 'resourceGroupCache'
2025-04-16 22:18:08,437 DEBUG [main][DefaultSingletonBeanRegistry.java:225] - Creating shared instance of singleton bean 'apiResourceController'
2025-04-16 22:18:08,437 DEBUG [main][DefaultSingletonBeanRegistry.java:225] - Creating shared instance of singleton bean 'apiResourceController'
2025-04-16 22:18:08,438 DEBUG [main][ConstructorResolver.java:807] - Autowiring by type from bean name 'apiResourceController' via constructor to bean named 'inMemorySwaggerResourcesProvider'
2025-04-16 22:18:08,438 DEBUG [main][ConstructorResolver.java:807] - Autowiring by type from bean name 'apiResourceController' via constructor to bean named 'inMemorySwaggerResourcesProvider'
2025-04-16 22:18:08,439 DEBUG [main][DefaultSingletonBeanRegistry.java:225] - Creating shared instance of singleton bean 'uiConfiguration'
2025-04-16 22:18:08,439 DEBUG [main][DefaultSingletonBeanRegistry.java:225] - Creating shared instance of singleton bean 'uiConfiguration'
2025-04-16 22:18:08,439 DEBUG [main][DefaultSingletonBeanRegistry.java:225] - Creating shared instance of singleton bean 'com.spring4all.swagger.SwaggerAutoConfiguration'
2025-04-16 22:18:08,439 DEBUG [main][DefaultSingletonBeanRegistry.java:225] - Creating shared instance of singleton bean 'com.spring4all.swagger.SwaggerAutoConfiguration'
2025-04-16 22:18:08,442 DEBUG [main][DefaultSingletonBeanRegistry.java:225] - Creating shared instance of singleton bean 'swaggerProperties'
2025-04-16 22:18:08,442 DEBUG [main][DefaultSingletonBeanRegistry.java:225] - Creating shared instance of singleton bean 'swaggerProperties'
2025-04-16 22:18:08,447 DEBUG [main][ConstructorResolver.java:807] - Autowiring by type from bean name 'uiConfiguration' via factory method to bean named 'swaggerProperties'
2025-04-16 22:18:08,447 DEBUG [main][ConstructorResolver.java:807] - Autowiring by type from bean name 'uiConfiguration' via factory method to bean named 'swaggerProperties'
2025-04-16 22:18:08,452 DEBUG [main][DefaultSingletonBeanRegistry.java:225] - Creating shared instance of singleton bean 'localDateTimeSerializer'
2025-04-16 22:18:08,452 DEBUG [main][DefaultSingletonBeanRegistry.java:225] - Creating shared instance of singleton bean 'localDateTimeSerializer'
2025-04-16 22:18:08,461 DEBUG [main][DefaultSingletonBeanRegistry.java:225] - Creating shared instance of singleton bean 'localDateTimeDeserializer'
2025-04-16 22:18:08,461 DEBUG [main][DefaultSingletonBeanRegistry.java:225] - Creating shared instance of singleton bean 'localDateTimeDeserializer'
2025-04-16 22:18:08,465 DEBUG [main][DefaultSingletonBeanRegistry.java:225] - Creating shared instance of singleton bean 'jackson2ObjectMapperBuilderCustomizer'
2025-04-16 22:18:08,465 DEBUG [main][DefaultSingletonBeanRegistry.java:225] - Creating shared instance of singleton bean 'jackson2ObjectMapperBuilderCustomizer'
2025-04-16 22:18:08,467 DEBUG [main][DefaultSingletonBeanRegistry.java:225] - Creating shared instance of singleton bean 'jsonSerializer'
2025-04-16 22:18:08,467 DEBUG [main][DefaultSingletonBeanRegistry.java:225] - Creating shared instance of singleton bean 'jsonSerializer'
2025-04-16 22:18:08,468 DEBUG [main][DefaultSingletonBeanRegistry.java:225] - Creating shared instance of singleton bean 'swagger2Module'
2025-04-16 22:18:08,468 DEBUG [main][DefaultSingletonBeanRegistry.java:225] - Creating shared instance of singleton bean 'swagger2Module'
2025-04-16 22:18:08,468 DEBUG [main][DefaultSingletonBeanRegistry.java:225] - Creating shared instance of singleton bean 'springfox.documentation.swagger2.configuration.Swagger2DocumentationConfiguration'
2025-04-16 22:18:08,468 DEBUG [main][DefaultSingletonBeanRegistry.java:225] - Creating shared instance of singleton bean 'springfox.documentation.swagger2.configuration.Swagger2DocumentationConfiguration'
2025-04-16 22:18:08,472 DEBUG [main][ConstructorResolver.java:807] - Autowiring by type from bean name 'jsonSerializer' via factory method to bean named 'swagger2Module'
2025-04-16 22:18:08,472 DEBUG [main][ConstructorResolver.java:807] - Autowiring by type from bean name 'jsonSerializer' via factory method to bean named 'swagger2Module'
2025-04-16 22:18:08,474 DEBUG [main][DefaultSingletonBeanRegistry.java:225] - Creating shared instance of singleton bean 'springfox.documentation.swagger.configuration.SwaggerCommonConfiguration'
2025-04-16 22:18:08,474 DEBUG [main][DefaultSingletonBeanRegistry.java:225] - Creating shared instance of singleton bean 'springfox.documentation.swagger.configuration.SwaggerCommonConfiguration'
2025-04-16 22:18:08,475 DEBUG [main][DefaultSingletonBeanRegistry.java:225] - Creating shared instance of singleton bean 'swagger2ControllerMapping'
2025-04-16 22:18:08,475 DEBUG [main][DefaultSingletonBeanRegistry.java:225] - Creating shared instance of singleton bean 'swagger2ControllerMapping'
2025-04-16 22:18:08,477 DEBUG [main][ConstructorResolver.java:807] - Autowiring by type from bean name 'swagger2ControllerMapping' via factory method to bean named 'environment'
2025-04-16 22:18:08,477 DEBUG [main][ConstructorResolver.java:807] - Autowiring by type from bean name 'swagger2ControllerMapping' via factory method to bean named 'environment'
2025-04-16 22:18:08,477 DEBUG [main][ConstructorResolver.java:807] - Autowiring by type from bean name 'swagger2ControllerMapping' via factory method to bean named 'resourceGroupCache'
2025-04-16 22:18:08,477 DEBUG [main][ConstructorResolver.java:807] - Autowiring by type from bean name 'swagger2ControllerMapping' via factory method to bean named 'serviceModelToSwagger2MapperImpl'
2025-04-16 22:18:08,477 DEBUG [main][ConstructorResolver.java:807] - Autowiring by type from bean name 'swagger2ControllerMapping' via factory method to bean named 'resourceGroupCache'
2025-04-16 22:18:08,477 DEBUG [main][ConstructorResolver.java:807] - Autowiring by type from bean name 'swagger2ControllerMapping' via factory method to bean named 'serviceModelToSwagger2MapperImpl'
2025-04-16 22:18:08,477 DEBUG [main][ConstructorResolver.java:807] - Autowiring by type from bean name 'swagger2ControllerMapping' via factory method to bean named 'jsonSerializer'
2025-04-16 22:18:08,477 DEBUG [main][ConstructorResolver.java:807] - Autowiring by type from bean name 'swagger2ControllerMapping' via factory method to bean named 'jsonSerializer'
2025-04-16 22:18:08,481 INFO [main][PropertySourcedRequestMappingHandlerMapping.java:69] - Mapped URL path [/v2/api-docs] onto method [springfox.documentation.swagger2.web.Swagger2Controller#getDocumentation(String, HttpServletRequest)]
2025-04-16 22:18:08,481 INFO [main][PropertySourcedRequestMappingHandlerMapping.java:69] - Mapped URL path [/v2/api-docs] onto method [springfox.documentation.swagger2.web.Swagger2Controller#getDocumentation(String, HttpServletRequest)]
2025-04-16 22:18:08,482 DEBUG [main][DefaultSingletonBeanRegistry.java:225] - Creating shared instance of singleton bean 'springfox.bean.validators.configuration.BeanValidatorPluginsConfiguration'
2025-04-16 22:18:08,482 DEBUG [main][DefaultSingletonBeanRegistry.java:225] - Creating shared instance of singleton bean 'springfox.bean.validators.configuration.BeanValidatorPluginsConfiguration'
2025-04-16 22:18:08,482 DEBUG [main][DefaultSingletonBeanRegistry.java:225] - Creating shared instance of singleton bean 'expanderMinMax'
2025-04-16 22:18:08,482 DEBUG [main][DefaultSingletonBeanRegistry.java:225] - Creating shared instance of singleton bean 'expanderMinMax'
2025-04-16 22:18:08,484 DEBUG [main][DefaultSingletonBeanRegistry.java:225] - Creating shared instance of singleton bean 'expanderNotNull'
2025-04-16 22:18:08,484 DEBUG [main][DefaultSingletonBeanRegistry.java:225] - Creating shared instance of singleton bean 'expanderNotNull'
2025-04-16 22:18:08,484 DEBUG [main][DefaultSingletonBeanRegistry.java:225] - Creating shared instance of singleton bean 'expanderPattern'
2025-04-16 22:18:08,484 DEBUG [main][DefaultSingletonBeanRegistry.java:225] - Creating shared instance of singleton bean 'expanderPattern'
2025-04-16 22:18:08,485 DEBUG [main][DefaultSingletonBeanRegistry.java:225] - Creating shared instance of singleton bean 'expanderSize'
2025-04-16 22:18:08,485 DEBUG [main][DefaultSingletonBeanRegistry.java:225] - Creating shared instance of singleton bean 'expanderSize'
2025-04-16 22:18:08,485 DEBUG [main][DefaultSingletonBeanRegistry.java:225] - Creating shared instance of singleton bean 'parameterMinMax'
2025-04-16 22:18:08,485 DEBUG [main][DefaultSingletonBeanRegistry.java:225] - Creating shared instance of singleton bean 'parameterMinMax'
2025-04-16 22:18:08,485 DEBUG [main][DefaultSingletonBeanRegistry.java:225] - Creating shared instance of singleton bean 'parameterNotNull'
2025-04-16 22:18:08,485 DEBUG [main][DefaultSingletonBeanRegistry.java:225] - Creating shared instance of singleton bean 'parameterNotNull'
2025-04-16 22:18:08,486 DEBUG [main][DefaultSingletonBeanRegistry.java:225] - Creating shared instance of singleton bean 'parameterPattern'
2025-04-16 22:18:08,486 DEBUG [main][DefaultSingletonBeanRegistry.java:225] - Creating shared instance of singleton bean 'parameterPattern'
2025-04-16 22:18:08,486 DEBUG [main][DefaultSingletonBeanRegistry.java:225] - Creating shared instance of singleton bean 'parameterSize'
2025-04-16 22:18:08,486 DEBUG [main][DefaultSingletonBeanRegistry.java:225] - Creating shared instance of singleton bean 'parameterSize'
2025-04-16 22:18:08,486 DEBUG [main][DefaultSingletonBeanRegistry.java:225] - Creating shared instance of singleton bean 'minMaxPlugin'
2025-04-16 22:18:08,486 DEBUG [main][DefaultSingletonBeanRegistry.java:225] - Creating shared instance of singleton bean 'minMaxPlugin'
2025-04-16 22:18:08,486 DEBUG [main][DefaultSingletonBeanRegistry.java:225] - Creating shared instance of singleton bean 'decimalMinMaxPlugin'
2025-04-16 22:18:08,486 DEBUG [main][DefaultSingletonBeanRegistry.java:225] - Creating shared instance of singleton bean 'decimalMinMaxPlugin'
2025-04-16 22:18:08,487 DEBUG [main][DefaultSingletonBeanRegistry.java:225] - Creating shared instance of singleton bean 'sizePlugin'
2025-04-16 22:18:08,487 DEBUG [main][DefaultSingletonBeanRegistry.java:225] - Creating shared instance of singleton bean 'sizePlugin'
2025-04-16 22:18:08,487 DEBUG [main][DefaultSingletonBeanRegistry.java:225] - Creating shared instance of singleton bean 'notNullPlugin'
2025-04-16 22:18:08,487 DEBUG [main][DefaultSingletonBeanRegistry.java:225] - Creating shared instance of singleton bean 'notNullPlugin'
2025-04-16 22:18:08,487 DEBUG [main][DefaultSingletonBeanRegistry.java:225] - Creating shared instance of singleton bean 'patternPlugin'
2025-04-16 22:18:08,487 DEBUG [main][DefaultSingletonBeanRegistry.java:225] - Creating shared instance of singleton bean 'patternPlugin'
2025-04-16 22:18:08,488 DEBUG [main][DefaultSingletonBeanRegistry.java:225] - Creating shared instance of singleton bean 'com.spring4all.swagger.Swagger2Configuration'
2025-04-16 22:18:08,488 DEBUG [main][DefaultSingletonBeanRegistry.java:225] - Creating shared instance of singleton bean 'com.spring4all.swagger.Swagger2Configuration'
2025-04-16 22:18:08,488 DEBUG [main][DefaultSingletonBeanRegistry.java:225] - Creating shared instance of singleton bean 'createRestApi'
2025-04-16 22:18:08,488 DEBUG [main][DefaultSingletonBeanRegistry.java:225] - Creating shared instance of singleton bean 'createRestApi'
2025-04-16 22:18:08,488 DEBUG [main][ConstructorResolver.java:807] - Autowiring by type from bean name 'createRestApi' via factory method to bean named 'swaggerProperties'
2025-04-16 22:18:08,488 DEBUG [main][ConstructorResolver.java:807] - Autowiring by type from bean name 'createRestApi' via factory method to bean named 'swaggerProperties'
2025-04-16 22:18:08,500 DEBUG [main][DefaultSingletonBeanRegistry.java:225] - Creating shared instance of singleton bean 'org.springframework.boot.autoconfigure.AutoConfigurationPackages'
2025-04-16 22:18:08,500 DEBUG [main][DefaultSingletonBeanRegistry.java:225] - Creating shared instance of singleton bean 'org.springframework.boot.autoconfigure.AutoConfigurationPackages'
2025-04-16 22:18:08,500 DEBUG [main][DefaultSingletonBeanRegistry.java:225] - Creating shared instance of singleton bean 'org.springframework.boot.autoconfigure.context.PropertyPlaceholderAutoConfiguration'
2025-04-16 22:18:08,500 DEBUG [main][DefaultSingletonBeanRegistry.java:225] - Creating shared instance of singleton bean 'org.springframework.boot.autoconfigure.context.PropertyPlaceholderAutoConfiguration'
2025-04-16 22:18:08,500 DEBUG [main][DefaultSingletonBeanRegistry.java:225] - Creating shared instance of singleton bean 'org.springframework.boot.autoconfigure.websocket.servlet.WebSocketServletAutoConfiguration'
2025-04-16 22:18:08,500 DEBUG [main][DefaultSingletonBeanRegistry.java:225] - Creating shared instance of singleton bean 'org.springframework.boot.autoconfigure.websocket.servlet.WebSocketServletAutoConfiguration'
2025-04-16 22:18:08,500 DEBUG [main][DefaultSingletonBeanRegistry.java:225] - Creating shared instance of singleton bean 'org.springframework.boot.context.properties.ConfigurationBeanFactoryMetadata'
2025-04-16 22:18:08,500 DEBUG [main][DefaultSingletonBeanRegistry.java:225] - Creating shared instance of singleton bean 'org.springframework.boot.context.properties.ConfigurationBeanFactoryMetadata'
2025-04-16 22:18:08,501 DEBUG [main][DefaultSingletonBeanRegistry.java:225] - Creating shared instance of singleton bean 'org.springframework.boot.autoconfigure.web.servlet.DispatcherServletAutoConfiguration'
2025-04-16 22:18:08,501 DEBUG [main][DefaultSingletonBeanRegistry.java:225] - Creating shared instance of singleton bean 'org.springframework.boot.autoconfigure.web.servlet.DispatcherServletAutoConfiguration'
2025-04-16 22:18:08,501 DEBUG [main][DefaultSingletonBeanRegistry.java:225] - Creating shared instance of singleton bean 'org.springframework.boot.autoconfigure.task.TaskExecutionAutoConfiguration'
2025-04-16 22:18:08,501 DEBUG [main][DefaultSingletonBeanRegistry.java:225] - Creating shared instance of singleton bean 'org.springframework.boot.autoconfigure.task.TaskExecutionAutoConfiguration'
2025-04-16 22:18:08,501 DEBUG [main][DefaultSingletonBeanRegistry.java:225] - Creating shared instance of singleton bean 'taskExecutorBuilder'
2025-04-16 22:18:08,501 DEBUG [main][DefaultSingletonBeanRegistry.java:225] - Creating shared instance of singleton bean 'taskExecutorBuilder'
2025-04-16 22:18:08,501 DEBUG [main][DefaultSingletonBeanRegistry.java:225] - Creating shared instance of singleton bean 'spring.task.execution-org.springframework.boot.autoconfigure.task.TaskExecutionProperties'
2025-04-16 22:18:08,501 DEBUG [main][DefaultSingletonBeanRegistry.java:225] - Creating shared instance of singleton bean 'spring.task.execution-org.springframework.boot.autoconfigure.task.TaskExecutionProperties'
2025-04-16 22:18:08,503 DEBUG [main][ConstructorResolver.java:807] - Autowiring by type from bean name 'taskExecutorBuilder' via factory method to bean named 'spring.task.execution-org.springframework.boot.autoconfigure.task.TaskExecutionProperties'
2025-04-16 22:18:08,503 DEBUG [main][ConstructorResolver.java:807] - Autowiring by type from bean name 'taskExecutorBuilder' via factory method to bean named 'spring.task.execution-org.springframework.boot.autoconfigure.task.TaskExecutionProperties'
2025-04-16 22:18:08,504 DEBUG [main][DefaultSingletonBeanRegistry.java:225] - Creating shared instance of singleton bean 'org.springframework.boot.autoconfigure.validation.ValidationAutoConfiguration'
2025-04-16 22:18:08,504 DEBUG [main][DefaultSingletonBeanRegistry.java:225] - Creating shared instance of singleton bean 'org.springframework.boot.autoconfigure.validation.ValidationAutoConfiguration'
2025-04-16 22:18:08,505 DEBUG [main][DefaultSingletonBeanRegistry.java:225] - Creating shared instance of singleton bean 'defaultValidator'
2025-04-16 22:18:08,505 DEBUG [main][DefaultSingletonBeanRegistry.java:225] - Creating shared instance of singleton bean 'defaultValidator'
2025-04-16 22:18:08,505 DEBUG [main][ResourceBundleMessageInterpolator.java:172] - Loaded expression factory via original TCCL
2025-04-16 22:18:08,505 DEBUG [main][ResourceBundleMessageInterpolator.java:172] - Loaded expression factory via original TCCL
2025-04-16 22:18:08,506 DEBUG [main][AbstractConfigurationImpl.java:171] - Setting custom MessageInterpolator of type org.springframework.validation.beanvalidation.LocaleContextMessageInterpolator
2025-04-16 22:18:08,506 DEBUG [main][AbstractConfigurationImpl.java:171] - Setting custom MessageInterpolator of type org.springframework.validation.beanvalidation.LocaleContextMessageInterpolator
2025-04-16 22:18:08,507 DEBUG [main][AbstractConfigurationImpl.java:203] - Setting custom ConstraintValidatorFactory of type org.springframework.validation.beanvalidation.SpringConstraintValidatorFactory
2025-04-16 22:18:08,507 DEBUG [main][AbstractConfigurationImpl.java:203] - Setting custom ConstraintValidatorFactory of type org.springframework.validation.beanvalidation.SpringConstraintValidatorFactory
2025-04-16 22:18:08,507 DEBUG [main][AbstractConfigurationImpl.java:217] - Setting custom ParameterNameProvider of type org.springframework.validation.beanvalidation.LocalValidatorFactoryBean$1
2025-04-16 22:18:08,507 DEBUG [main][AbstractConfigurationImpl.java:217] - Setting custom ParameterNameProvider of type org.springframework.validation.beanvalidation.LocalValidatorFactoryBean$1
2025-04-16 22:18:08,508 DEBUG [main][ValidationXmlParser.java:120] - Trying to load META-INF/validation.xml for XML based Validator configuration.
2025-04-16 22:18:08,508 DEBUG [main][ValidationXmlParser.java:120] - Trying to load META-INF/validation.xml for XML based Validator configuration.
2025-04-16 22:18:08,508 DEBUG [main][ResourceLoaderHelper.java:53] - Trying to load META-INF/validation.xml via user class loader
2025-04-16 22:18:08,508 DEBUG [main][ResourceLoaderHelper.java:53] - Trying to load META-INF/validation.xml via user class loader
2025-04-16 22:18:08,508 DEBUG [main][ResourceLoaderHelper.java:60] - Trying to load META-INF/validation.xml via TCCL
2025-04-16 22:18:08,508 DEBUG [main][ResourceLoaderHelper.java:60] - Trying to load META-INF/validation.xml via TCCL
2025-04-16 22:18:08,508 DEBUG [main][ResourceLoaderHelper.java:66] - Trying to load META-INF/validation.xml via Hibernate Validator's class loader
2025-04-16 22:18:08,508 DEBUG [main][ResourceLoaderHelper.java:66] - Trying to load META-INF/validation.xml via Hibernate Validator's class loader
2025-04-16 22:18:08,508 DEBUG [main][ValidationXmlParser.java:127] - No META-INF/validation.xml found. Using annotation based configuration only.
2025-04-16 22:18:08,508 DEBUG [main][ValidationXmlParser.java:127] - No META-INF/validation.xml found. Using annotation based configuration only.
2025-04-16 22:18:08,509 DEBUG [main][TraversableResolvers.java:60] - Cannot find javax.persistence.Persistence on classpath. Assuming non JPA 2 environment. All properties will per default be traversable.
2025-04-16 22:18:08,509 DEBUG [main][TraversableResolvers.java:60] - Cannot find javax.persistence.Persistence on classpath. Assuming non JPA 2 environment. All properties will per default be traversable.
2025-04-16 22:18:08,509 DEBUG [main][ValidatorFactoryConfigurationHelper.java:300] - HV000252: Using org.hibernate.validator.internal.engine.DefaultPropertyNodeNameProvider as property node name provider.
2025-04-16 22:18:08,509 DEBUG [main][ValidatorFactoryConfigurationHelper.java:300] - HV000252: Using org.hibernate.validator.internal.engine.DefaultPropertyNodeNameProvider as property node name provider.
2025-04-16 22:18:08,510 DEBUG [main][ValidatorFactoryConfigurationHelper.java:375] - HV000234: Using org.springframework.validation.beanvalidation.LocaleContextMessageInterpolator as ValidatorFactory-scoped message interpolator.
2025-04-16 22:18:08,510 DEBUG [main][ValidatorFactoryConfigurationHelper.java:375] - HV000234: Using org.springframework.validation.beanvalidation.LocaleContextMessageInterpolator as ValidatorFactory-scoped message interpolator.
2025-04-16 22:18:08,510 DEBUG [main][ValidatorFactoryConfigurationHelper.java:376] - HV000234: Using org.hibernate.validator.internal.engine.resolver.TraverseAllTraversableResolver as ValidatorFactory-scoped traversable resolver.
2025-04-16 22:18:08,510 DEBUG [main][ValidatorFactoryConfigurationHelper.java:376] - HV000234: Using org.hibernate.validator.internal.engine.resolver.TraverseAllTraversableResolver as ValidatorFactory-scoped traversable resolver.
2025-04-16 22:18:08,510 DEBUG [main][ValidatorFactoryConfigurationHelper.java:377] - HV000234: Using org.hibernate.validator.internal.util.ExecutableParameterNameProvider as ValidatorFactory-scoped parameter name provider.
2025-04-16 22:18:08,510 DEBUG [main][ValidatorFactoryConfigurationHelper.java:377] - HV000234: Using org.hibernate.validator.internal.util.ExecutableParameterNameProvider as ValidatorFactory-scoped parameter name provider.
2025-04-16 22:18:08,510 DEBUG [main][ValidatorFactoryConfigurationHelper.java:378] - HV000234: Using org.hibernate.validator.internal.engine.DefaultClockProvider as ValidatorFactory-scoped clock provider.
2025-04-16 22:18:08,510 DEBUG [main][ValidatorFactoryConfigurationHelper.java:378] - HV000234: Using org.hibernate.validator.internal.engine.DefaultClockProvider as ValidatorFactory-scoped clock provider.
2025-04-16 22:18:08,510 DEBUG [main][ValidatorFactoryConfigurationHelper.java:379] - HV000234: Using org.hibernate.validator.internal.engine.scripting.DefaultScriptEvaluatorFactory as ValidatorFactory-scoped script evaluator factory.
2025-04-16 22:18:08,510 DEBUG [main][ValidatorFactoryConfigurationHelper.java:379] - HV000234: Using org.hibernate.validator.internal.engine.scripting.DefaultScriptEvaluatorFactory as ValidatorFactory-scoped script evaluator factory.
2025-04-16 22:18:08,511 DEBUG [main][DefaultSingletonBeanRegistry.java:225] - Creating shared instance of singleton bean 'org.springframework.boot.autoconfigure.web.servlet.error.ErrorMvcAutoConfiguration$WhitelabelErrorViewConfiguration'
2025-04-16 22:18:08,511 DEBUG [main][DefaultSingletonBeanRegistry.java:225] - Creating shared instance of singleton bean 'org.springframework.boot.autoconfigure.web.servlet.error.ErrorMvcAutoConfiguration$WhitelabelErrorViewConfiguration'
2025-04-16 22:18:08,512 DEBUG [main][DefaultSingletonBeanRegistry.java:225] - Creating shared instance of singleton bean 'error'
2025-04-16 22:18:08,512 DEBUG [main][DefaultSingletonBeanRegistry.java:225] - Creating shared instance of singleton bean 'error'
2025-04-16 22:18:08,512 DEBUG [main][DefaultSingletonBeanRegistry.java:225] - Creating shared instance of singleton bean 'beanNameViewResolver'
2025-04-16 22:18:08,512 DEBUG [main][DefaultSingletonBeanRegistry.java:225] - Creating shared instance of singleton bean 'beanNameViewResolver'
2025-04-16 22:18:08,512 DEBUG [main][DefaultSingletonBeanRegistry.java:225] - Creating shared instance of singleton bean 'org.springframework.boot.autoconfigure.web.servlet.error.ErrorMvcAutoConfiguration$DefaultErrorViewResolverConfiguration'
2025-04-16 22:18:08,512 DEBUG [main][DefaultSingletonBeanRegistry.java:225] - Creating shared instance of singleton bean 'org.springframework.boot.autoconfigure.web.servlet.error.ErrorMvcAutoConfiguration$DefaultErrorViewResolverConfiguration'
2025-04-16 22:18:08,513 DEBUG [main][ConstructorResolver.java:807] - Autowiring by type from bean name 'org.springframework.boot.autoconfigure.web.servlet.error.ErrorMvcAutoConfiguration$DefaultErrorViewResolverConfiguration' via constructor to bean named 'org.springframework.boot.web.servlet.context.AnnotationConfigServletWebServerApplicationContext@7ec3394b'
2025-04-16 22:18:08,513 DEBUG [main][ConstructorResolver.java:807] - Autowiring by type from bean name 'org.springframework.boot.autoconfigure.web.servlet.error.ErrorMvcAutoConfiguration$DefaultErrorViewResolverConfiguration' via constructor to bean named 'org.springframework.boot.web.servlet.context.AnnotationConfigServletWebServerApplicationContext@7ec3394b'
2025-04-16 22:18:08,513 DEBUG [main][ConstructorResolver.java:807] - Autowiring by type from bean name 'org.springframework.boot.autoconfigure.web.servlet.error.ErrorMvcAutoConfiguration$DefaultErrorViewResolverConfiguration' via constructor to bean named 'spring.resources-org.springframework.boot.autoconfigure.web.ResourceProperties'
2025-04-16 22:18:08,513 DEBUG [main][ConstructorResolver.java:807] - Autowiring by type from bean name 'org.springframework.boot.autoconfigure.web.servlet.error.ErrorMvcAutoConfiguration$DefaultErrorViewResolverConfiguration' via constructor to bean named 'spring.resources-org.springframework.boot.autoconfigure.web.ResourceProperties'
2025-04-16 22:18:08,513 DEBUG [main][DefaultSingletonBeanRegistry.java:225] - Creating shared instance of singleton bean 'conventionErrorViewResolver'
2025-04-16 22:18:08,513 DEBUG [main][DefaultSingletonBeanRegistry.java:225] - Creating shared instance of singleton bean 'conventionErrorViewResolver'
2025-04-16 22:18:08,513 DEBUG [main][DefaultSingletonBeanRegistry.java:225] - Creating shared instance of singleton bean 'errorAttributes'
2025-04-16 22:18:08,513 DEBUG [main][DefaultSingletonBeanRegistry.java:225] - Creating shared instance of singleton bean 'errorAttributes'
2025-04-16 22:18:08,514 DEBUG [main][DefaultSingletonBeanRegistry.java:225] - Creating shared instance of singleton bean 'basicErrorController'
2025-04-16 22:18:08,514 DEBUG [main][DefaultSingletonBeanRegistry.java:225] - Creating shared instance of singleton bean 'basicErrorController'
2025-04-16 22:18:08,514 DEBUG [main][ConstructorResolver.java:807] - Autowiring by type from bean name 'basicErrorController' via factory method to bean named 'errorAttributes'
2025-04-16 22:18:08,514 DEBUG [main][ConstructorResolver.java:807] - Autowiring by type from bean name 'basicErrorController' via factory method to bean named 'errorAttributes'
2025-04-16 22:18:08,515 DEBUG [main][DefaultSingletonBeanRegistry.java:225] - Creating shared instance of singleton bean 'requestMappingHandlerAdapter'
2025-04-16 22:18:08,515 DEBUG [main][DefaultSingletonBeanRegistry.java:225] - Creating shared instance of singleton bean 'requestMappingHandlerAdapter'
2025-04-16 22:18:08,516 DEBUG [main][DefaultSingletonBeanRegistry.java:225] - Creating shared instance of singleton bean 'mvcValidator'
2025-04-16 22:18:08,516 DEBUG [main][DefaultSingletonBeanRegistry.java:225] - Creating shared instance of singleton bean 'mvcValidator'
2025-04-16 22:18:08,517 DEBUG [main][ConstructorResolver.java:807] - Autowiring by type from bean name 'requestMappingHandlerAdapter' via factory method to bean named 'mvcContentNegotiationManager'
2025-04-16 22:18:08,517 DEBUG [main][ConstructorResolver.java:807] - Autowiring by type from bean name 'requestMappingHandlerAdapter' via factory method to bean named 'mvcContentNegotiationManager'
2025-04-16 22:18:08,517 DEBUG [main][ConstructorResolver.java:807] - Autowiring by type from bean name 'requestMappingHandlerAdapter' via factory method to bean named 'mvcConversionService'
2025-04-16 22:18:08,517 DEBUG [main][ConstructorResolver.java:807] - Autowiring by type from bean name 'requestMappingHandlerAdapter' via factory method to bean named 'mvcConversionService'
2025-04-16 22:18:08,517 DEBUG [main][ConstructorResolver.java:807] - Autowiring by type from bean name 'requestMappingHandlerAdapter' via factory method to bean named 'mvcValidator'
2025-04-16 22:18:08,517 DEBUG [main][ConstructorResolver.java:807] - Autowiring by type from bean name 'requestMappingHandlerAdapter' via factory method to bean named 'mvcValidator'
2025-04-16 22:18:08,517 DEBUG [main][ConstructorResolver.java:807] - Autowiring by type from bean name 'requestMappingHandlerAdapter' via factory method to bean named 'mvcContentNegotiationManager'
2025-04-16 22:18:08,517 DEBUG [main][ConstructorResolver.java:807] - Autowiring by type from bean name 'requestMappingHandlerAdapter' via factory method to bean named 'mvcContentNegotiationManager'
2025-04-16 22:18:08,517 DEBUG [main][ConstructorResolver.java:807] - Autowiring by type from bean name 'requestMappingHandlerAdapter' via factory method to bean named 'mvcConversionService'
2025-04-16 22:18:08,517 DEBUG [main][ConstructorResolver.java:807] - Autowiring by type from bean name 'requestMappingHandlerAdapter' via factory method to bean named 'mvcConversionService'
2025-04-16 22:18:08,517 DEBUG [main][ConstructorResolver.java:807] - Autowiring by type from bean name 'requestMappingHandlerAdapter' via factory method to bean named 'mvcValidator'
2025-04-16 22:18:08,517 DEBUG [main][ConstructorResolver.java:807] - Autowiring by type from bean name 'requestMappingHandlerAdapter' via factory method to bean named 'mvcValidator'
2025-04-16 22:18:08,523 DEBUG [main][DefaultSingletonBeanRegistry.java:225] - Creating shared instance of singleton bean 'messageConverters'
2025-04-16 22:18:08,523 DEBUG [main][DefaultSingletonBeanRegistry.java:225] - Creating shared instance of singleton bean 'messageConverters'
2025-04-16 22:18:08,523 DEBUG [main][DefaultSingletonBeanRegistry.java:225] - Creating shared instance of singleton bean 'org.springframework.boot.autoconfigure.http.HttpMessageConvertersAutoConfiguration'
2025-04-16 22:18:08,523 DEBUG [main][DefaultSingletonBeanRegistry.java:225] - Creating shared instance of singleton bean 'org.springframework.boot.autoconfigure.http.HttpMessageConvertersAutoConfiguration'
2025-04-16 22:18:08,525 DEBUG [main][DefaultSingletonBeanRegistry.java:225] - Creating shared instance of singleton bean 'stringHttpMessageConverter'
2025-04-16 22:18:08,525 DEBUG [main][DefaultSingletonBeanRegistry.java:225] - Creating shared instance of singleton bean 'stringHttpMessageConverter'
2025-04-16 22:18:08,525 DEBUG [main][DefaultSingletonBeanRegistry.java:225] - Creating shared instance of singleton bean 'org.springframework.boot.autoconfigure.http.HttpMessageConvertersAutoConfiguration$StringHttpMessageConverterConfiguration'
2025-04-16 22:18:08,525 DEBUG [main][DefaultSingletonBeanRegistry.java:225] - Creating shared instance of singleton bean 'org.springframework.boot.autoconfigure.http.HttpMessageConvertersAutoConfiguration$StringHttpMessageConverterConfiguration'
2025-04-16 22:18:08,525 DEBUG [main][ConstructorResolver.java:807] - Autowiring by type from bean name 'stringHttpMessageConverter' via factory method to bean named 'environment'
2025-04-16 22:18:08,525 DEBUG [main][ConstructorResolver.java:807] - Autowiring by type from bean name 'stringHttpMessageConverter' via factory method to bean named 'environment'
2025-04-16 22:18:08,528 DEBUG [main][DefaultSingletonBeanRegistry.java:225] - Creating shared instance of singleton bean 'mappingJackson2HttpMessageConverter'
2025-04-16 22:18:08,528 DEBUG [main][DefaultSingletonBeanRegistry.java:225] - Creating shared instance of singleton bean 'mappingJackson2HttpMessageConverter'
2025-04-16 22:18:08,528 DEBUG [main][DefaultSingletonBeanRegistry.java:225] - Creating shared instance of singleton bean 'org.springframework.boot.autoconfigure.http.JacksonHttpMessageConvertersConfiguration$MappingJackson2HttpMessageConverterConfiguration'
2025-04-16 22:18:08,528 DEBUG [main][DefaultSingletonBeanRegistry.java:225] - Creating shared instance of singleton bean 'org.springframework.boot.autoconfigure.http.JacksonHttpMessageConvertersConfiguration$MappingJackson2HttpMessageConverterConfiguration'
2025-04-16 22:18:08,529 DEBUG [main][DefaultSingletonBeanRegistry.java:225] - Creating shared instance of singleton bean 'jacksonObjectMapper'
2025-04-16 22:18:08,529 DEBUG [main][DefaultSingletonBeanRegistry.java:225] - Creating shared instance of singleton bean 'jacksonObjectMapper'
2025-04-16 22:18:08,529 DEBUG [main][DefaultSingletonBeanRegistry.java:225] - Creating shared instance of singleton bean 'org.springframework.boot.autoconfigure.jackson.JacksonAutoConfiguration$JacksonObjectMapperConfiguration'
2025-04-16 22:18:08,529 DEBUG [main][DefaultSingletonBeanRegistry.java:225] - Creating shared instance of singleton bean 'org.springframework.boot.autoconfigure.jackson.JacksonAutoConfiguration$JacksonObjectMapperConfiguration'
2025-04-16 22:18:08,529 DEBUG [main][DefaultSingletonBeanRegistry.java:225] - Creating shared instance of singleton bean 'org.springframework.boot.autoconfigure.jackson.JacksonAutoConfiguration$JacksonObjectMapperBuilderConfiguration'
2025-04-16 22:18:08,529 DEBUG [main][DefaultSingletonBeanRegistry.java:225] - Creating shared instance of singleton bean 'org.springframework.boot.autoconfigure.jackson.JacksonAutoConfiguration$JacksonObjectMapperBuilderConfiguration'
2025-04-16 22:18:08,530 DEBUG [main][DefaultSingletonBeanRegistry.java:225] - Creating shared instance of singleton bean 'standardJacksonObjectMapperBuilderCustomizer'
2025-04-16 22:18:08,530 DEBUG [main][DefaultSingletonBeanRegistry.java:225] - Creating shared instance of singleton bean 'standardJacksonObjectMapperBuilderCustomizer'
2025-04-16 22:18:08,530 DEBUG [main][DefaultSingletonBeanRegistry.java:225] - Creating shared instance of singleton bean 'org.springframework.boot.autoconfigure.jackson.JacksonAutoConfiguration$Jackson2ObjectMapperBuilderCustomizerConfiguration'
2025-04-16 22:18:08,530 DEBUG [main][DefaultSingletonBeanRegistry.java:225] - Creating shared instance of singleton bean 'org.springframework.boot.autoconfigure.jackson.JacksonAutoConfiguration$Jackson2ObjectMapperBuilderCustomizerConfiguration'
2025-04-16 22:18:08,530 DEBUG [main][DefaultSingletonBeanRegistry.java:225] - Creating shared instance of singleton bean 'spring.jackson-org.springframework.boot.autoconfigure.jackson.JacksonProperties'
2025-04-16 22:18:08,530 DEBUG [main][DefaultSingletonBeanRegistry.java:225] - Creating shared instance of singleton bean 'spring.jackson-org.springframework.boot.autoconfigure.jackson.JacksonProperties'
2025-04-16 22:18:08,532 DEBUG [main][ConstructorResolver.java:807] - Autowiring by type from bean name 'standardJacksonObjectMapperBuilderCustomizer' via factory method to bean named 'org.springframework.boot.web.servlet.context.AnnotationConfigServletWebServerApplicationContext@7ec3394b'
2025-04-16 22:18:08,532 DEBUG [main][ConstructorResolver.java:807] - Autowiring by type from bean name 'standardJacksonObjectMapperBuilderCustomizer' via factory method to bean named 'org.springframework.boot.web.servlet.context.AnnotationConfigServletWebServerApplicationContext@7ec3394b'
2025-04-16 22:18:08,532 DEBUG [main][ConstructorResolver.java:807] - Autowiring by type from bean name 'standardJacksonObjectMapperBuilderCustomizer' via factory method to bean named 'spring.jackson-org.springframework.boot.autoconfigure.jackson.JacksonProperties'
2025-04-16 22:18:08,532 DEBUG [main][ConstructorResolver.java:807] - Autowiring by type from bean name 'standardJacksonObjectMapperBuilderCustomizer' via factory method to bean named 'spring.jackson-org.springframework.boot.autoconfigure.jackson.JacksonProperties'
2025-04-16 22:18:08,532 DEBUG [main][ConstructorResolver.java:807] - Autowiring by type from bean name 'jacksonObjectMapperBuilder' via factory method to bean named 'org.springframework.boot.web.servlet.context.AnnotationConfigServletWebServerApplicationContext@7ec3394b'
2025-04-16 22:18:08,532 DEBUG [main][ConstructorResolver.java:807] - Autowiring by type from bean name 'jacksonObjectMapperBuilder' via factory method to bean named 'org.springframework.boot.web.servlet.context.AnnotationConfigServletWebServerApplicationContext@7ec3394b'
2025-04-16 22:18:08,532 DEBUG [main][ConstructorResolver.java:807] - Autowiring by type from bean name 'jacksonObjectMapperBuilder' via factory method to bean named 'jackson2ObjectMapperBuilderCustomizer'
2025-04-16 22:18:08,532 DEBUG [main][ConstructorResolver.java:807] - Autowiring by type from bean name 'jacksonObjectMapperBuilder' via factory method to bean named 'jackson2ObjectMapperBuilderCustomizer'
2025-04-16 22:18:08,533 DEBUG [main][ConstructorResolver.java:807] - Autowiring by type from bean name 'jacksonObjectMapperBuilder' via factory method to bean named 'standardJacksonObjectMapperBuilderCustomizer'
2025-04-16 22:18:08,533 DEBUG [main][ConstructorResolver.java:807] - Autowiring by type from bean name 'jacksonObjectMapperBuilder' via factory method to bean named 'standardJacksonObjectMapperBuilderCustomizer'
2025-04-16 22:18:08,534 DEBUG [main][DefaultSingletonBeanRegistry.java:225] - Creating shared instance of singleton bean 'parameterNamesModule'
2025-04-16 22:18:08,534 DEBUG [main][DefaultSingletonBeanRegistry.java:225] - Creating shared instance of singleton bean 'parameterNamesModule'
2025-04-16 22:18:08,534 DEBUG [main][DefaultSingletonBeanRegistry.java:225] - Creating shared instance of singleton bean 'org.springframework.boot.autoconfigure.jackson.JacksonAutoConfiguration$ParameterNamesModuleConfiguration'
2025-04-16 22:18:08,534 DEBUG [main][DefaultSingletonBeanRegistry.java:225] - Creating shared instance of singleton bean 'org.springframework.boot.autoconfigure.jackson.JacksonAutoConfiguration$ParameterNamesModuleConfiguration'
2025-04-16 22:18:08,535 DEBUG [main][DefaultSingletonBeanRegistry.java:225] - Creating shared instance of singleton bean 'jsonComponentModule'
2025-04-16 22:18:08,535 DEBUG [main][DefaultSingletonBeanRegistry.java:225] - Creating shared instance of singleton bean 'jsonComponentModule'
2025-04-16 22:18:08,535 DEBUG [main][DefaultSingletonBeanRegistry.java:225] - Creating shared instance of singleton bean 'org.springframework.boot.autoconfigure.jackson.JacksonAutoConfiguration'
2025-04-16 22:18:08,535 DEBUG [main][DefaultSingletonBeanRegistry.java:225] - Creating shared instance of singleton bean 'org.springframework.boot.autoconfigure.jackson.JacksonAutoConfiguration'
2025-04-16 22:18:08,542 DEBUG [main][ConstructorResolver.java:807] - Autowiring by type from bean name 'jacksonObjectMapper' via factory method to bean named 'jacksonObjectMapperBuilder'
2025-04-16 22:18:08,542 DEBUG [main][ConstructorResolver.java:807] - Autowiring by type from bean name 'jacksonObjectMapper' via factory method to bean named 'jacksonObjectMapperBuilder'
2025-04-16 22:18:08,556 DEBUG [main][ConstructorResolver.java:807] - Autowiring by type from bean name 'mappingJackson2HttpMessageConverter' via factory method to bean named 'jacksonObjectMapper'
2025-04-16 22:18:08,556 DEBUG [main][ConstructorResolver.java:807] - Autowiring by type from bean name 'mappingJackson2HttpMessageConverter' via factory method to bean named 'jacksonObjectMapper'
2025-04-16 22:18:08,562 DEBUG [main][DefaultSingletonBeanRegistry.java:225] - Creating shared instance of singleton bean 'applicationTaskExecutor'
2025-04-16 22:18:08,562 DEBUG [main][DefaultSingletonBeanRegistry.java:225] - Creating shared instance of singleton bean 'applicationTaskExecutor'
2025-04-16 22:18:08,563 DEBUG [main][ConstructorResolver.java:807] - Autowiring by type from bean name 'applicationTaskExecutor' via factory method to bean named 'taskExecutorBuilder'
2025-04-16 22:18:08,563 DEBUG [main][ConstructorResolver.java:807] - Autowiring by type from bean name 'applicationTaskExecutor' via factory method to bean named 'taskExecutorBuilder'
2025-04-16 22:18:08,565 INFO [main][ExecutorConfigurationSupport.java:181] - Initializing ExecutorService 'applicationTaskExecutor'
2025-04-16 22:18:08,565 INFO [main][ExecutorConfigurationSupport.java:181] - Initializing ExecutorService 'applicationTaskExecutor'
2025-04-16 22:18:08,572 DEBUG [main][DefaultSingletonBeanRegistry.java:225] - Creating shared instance of singleton bean 'springApplicationAdminRegistrar'
2025-04-16 22:18:08,572 DEBUG [main][DefaultSingletonBeanRegistry.java:225] - Creating shared instance of singleton bean 'springApplicationAdminRegistrar'
2025-04-16 22:18:08,572 DEBUG [main][DefaultSingletonBeanRegistry.java:225] - Creating shared instance of singleton bean 'org.springframework.boot.autoconfigure.admin.SpringApplicationAdminJmxAutoConfiguration'
2025-04-16 22:18:08,572 DEBUG [main][DefaultSingletonBeanRegistry.java:225] - Creating shared instance of singleton bean 'org.springframework.boot.autoconfigure.admin.SpringApplicationAdminJmxAutoConfiguration'
2025-04-16 22:18:08,573 DEBUG [main][ConstructorResolver.java:807] - Autowiring by type from bean name 'springApplicationAdminRegistrar' via factory method to bean named 'environment'
2025-04-16 22:18:08,573 DEBUG [main][ConstructorResolver.java:807] - Autowiring by type from bean name 'springApplicationAdminRegistrar' via factory method to bean named 'environment'
2025-04-16 22:18:08,573 DEBUG [main][DefaultSingletonBeanRegistry.java:225] - Creating shared instance of singleton bean 'mbeanExporter'
2025-04-16 22:18:08,573 DEBUG [main][DefaultSingletonBeanRegistry.java:225] - Creating shared instance of singleton bean 'mbeanExporter'
2025-04-16 22:18:08,574 DEBUG [main][DefaultSingletonBeanRegistry.java:225] - Creating shared instance of singleton bean 'org.springframework.boot.autoconfigure.jmx.JmxAutoConfiguration'
2025-04-16 22:18:08,574 DEBUG [main][DefaultSingletonBeanRegistry.java:225] - Creating shared instance of singleton bean 'org.springframework.boot.autoconfigure.jmx.JmxAutoConfiguration'
2025-04-16 22:18:08,574 DEBUG [main][ConstructorResolver.java:807] - Autowiring by type from bean name 'org.springframework.boot.autoconfigure.jmx.JmxAutoConfiguration' via constructor to bean named 'environment'
2025-04-16 22:18:08,574 DEBUG [main][ConstructorResolver.java:807] - Autowiring by type from bean name 'org.springframework.boot.autoconfigure.jmx.JmxAutoConfiguration' via constructor to bean named 'environment'
2025-04-16 22:18:08,574 DEBUG [main][DefaultSingletonBeanRegistry.java:225] - Creating shared instance of singleton bean 'objectNamingStrategy'
2025-04-16 22:18:08,574 DEBUG [main][DefaultSingletonBeanRegistry.java:225] - Creating shared instance of singleton bean 'objectNamingStrategy'
2025-04-16 22:18:08,576 DEBUG [main][ConstructorResolver.java:807] - Autowiring by type from bean name 'mbeanExporter' via factory method to bean named 'objectNamingStrategy'
2025-04-16 22:18:08,576 DEBUG [main][ConstructorResolver.java:807] - Autowiring by type from bean name 'mbeanExporter' via factory method to bean named 'objectNamingStrategy'
2025-04-16 22:18:08,576 DEBUG [main][ConstructorResolver.java:807] - Autowiring by type from bean name 'mbeanExporter' via factory method to bean named 'org.springframework.beans.factory.support.DefaultListableBeanFactory@565b064f'
2025-04-16 22:18:08,576 DEBUG [main][ConstructorResolver.java:807] - Autowiring by type from bean name 'mbeanExporter' via factory method to bean named 'org.springframework.beans.factory.support.DefaultListableBeanFactory@565b064f'
2025-04-16 22:18:08,578 DEBUG [main][DefaultSingletonBeanRegistry.java:225] - Creating shared instance of singleton bean 'mbeanServer'
2025-04-16 22:18:08,578 DEBUG [main][DefaultSingletonBeanRegistry.java:225] - Creating shared instance of singleton bean 'mbeanServer'
2025-04-16 22:18:08,581 DEBUG [main][JmxUtils.java:127] - Found MBeanServer: com.sun.jmx.mbeanserver.JmxMBeanServer@31cefde0
2025-04-16 22:18:08,581 DEBUG [main][JmxUtils.java:127] - Found MBeanServer: com.sun.jmx.mbeanserver.JmxMBeanServer@31cefde0
2025-04-16 22:18:08,586 DEBUG [main][SpringApplicationAdminMXBeanRegistrar.java:131] - Application Admin MBean registered with name 'org.springframework.boot:type=Admin,name=SpringApplication'
2025-04-16 22:18:08,586 DEBUG [main][SpringApplicationAdminMXBeanRegistrar.java:131] - Application Admin MBean registered with name 'org.springframework.boot:type=Admin,name=SpringApplication'
2025-04-16 22:18:08,587 DEBUG [main][DefaultSingletonBeanRegistry.java:225] - Creating shared instance of singleton bean 'refreshEventListener'
2025-04-16 22:18:08,587 DEBUG [main][DefaultSingletonBeanRegistry.java:225] - Creating shared instance of singleton bean 'refreshEventListener'
2025-04-16 22:18:08,587 DEBUG [main][DefaultSingletonBeanRegistry.java:225] - Creating shared instance of singleton bean 'org.springframework.cloud.autoconfigure.RefreshAutoConfiguration'
2025-04-16 22:18:08,587 DEBUG [main][DefaultSingletonBeanRegistry.java:225] - Creating shared instance of singleton bean 'org.springframework.cloud.autoconfigure.RefreshAutoConfiguration'
2025-04-16 22:18:08,588 DEBUG [main][DefaultSingletonBeanRegistry.java:225] - Creating shared instance of singleton bean 'contextRefresher'
2025-04-16 22:18:08,588 DEBUG [main][DefaultSingletonBeanRegistry.java:225] - Creating shared instance of singleton bean 'contextRefresher'
2025-04-16 22:18:08,588 DEBUG [main][ConstructorResolver.java:807] - Autowiring by type from bean name 'contextRefresher' via factory method to bean named 'org.springframework.boot.web.servlet.context.AnnotationConfigServletWebServerApplicationContext@7ec3394b'
2025-04-16 22:18:08,588 DEBUG [main][ConstructorResolver.java:807] - Autowiring by type from bean name 'contextRefresher' via factory method to bean named 'org.springframework.boot.web.servlet.context.AnnotationConfigServletWebServerApplicationContext@7ec3394b'
2025-04-16 22:18:08,588 DEBUG [main][ConstructorResolver.java:807] - Autowiring by type from bean name 'contextRefresher' via factory method to bean named 'refreshScope'
2025-04-16 22:18:08,588 DEBUG [main][ConstructorResolver.java:807] - Autowiring by type from bean name 'contextRefresher' via factory method to bean named 'refreshScope'
2025-04-16 22:18:08,589 DEBUG [main][ConstructorResolver.java:807] - Autowiring by type from bean name 'refreshEventListener' via factory method to bean named 'contextRefresher'
2025-04-16 22:18:08,589 DEBUG [main][ConstructorResolver.java:807] - Autowiring by type from bean name 'refreshEventListener' via factory method to bean named 'contextRefresher'
2025-04-16 22:18:08,595 DEBUG [main][RequestMappingHandlerAdapter.java:614] - ControllerAdvice beans: 0 @ModelAttribute, 0 @InitBinder, 1 RequestBodyAdvice, 1 ResponseBodyAdvice
2025-04-16 22:18:08,595 DEBUG [main][RequestMappingHandlerAdapter.java:614] - ControllerAdvice beans: 0 @ModelAttribute, 0 @InitBinder, 1 RequestBodyAdvice, 1 ResponseBodyAdvice
2025-04-16 22:18:08,610 DEBUG [main][DefaultSingletonBeanRegistry.java:225] - Creating shared instance of singleton bean 'welcomePageHandlerMapping'
2025-04-16 22:18:08,610 DEBUG [main][DefaultSingletonBeanRegistry.java:225] - Creating shared instance of singleton bean 'welcomePageHandlerMapping'
2025-04-16 22:18:08,610 DEBUG [main][ConstructorResolver.java:807] - Autowiring by type from bean name 'welcomePageHandlerMapping' via factory method to bean named 'org.springframework.boot.web.servlet.context.AnnotationConfigServletWebServerApplicationContext@7ec3394b'
2025-04-16 22:18:08,610 DEBUG [main][ConstructorResolver.java:807] - Autowiring by type from bean name 'welcomePageHandlerMapping' via factory method to bean named 'mvcConversionService'
2025-04-16 22:18:08,610 DEBUG [main][ConstructorResolver.java:807] - Autowiring by type from bean name 'welcomePageHandlerMapping' via factory method to bean named 'org.springframework.boot.web.servlet.context.AnnotationConfigServletWebServerApplicationContext@7ec3394b'
2025-04-16 22:18:08,610 DEBUG [main][ConstructorResolver.java:807] - Autowiring by type from bean name 'welcomePageHandlerMapping' via factory method to bean named 'mvcConversionService'
2025-04-16 22:18:08,610 DEBUG [main][ConstructorResolver.java:807] - Autowiring by type from bean name 'welcomePageHandlerMapping' via factory method to bean named 'mvcResourceUrlProvider'
2025-04-16 22:18:08,610 DEBUG [main][ConstructorResolver.java:807] - Autowiring by type from bean name 'welcomePageHandlerMapping' via factory method to bean named 'mvcResourceUrlProvider'
2025-04-16 22:18:08,615 DEBUG [main][DefaultSingletonBeanRegistry.java:225] - Creating shared instance of singleton bean 'mvcPathMatcher'
2025-04-16 22:18:08,615 DEBUG [main][DefaultSingletonBeanRegistry.java:225] - Creating shared instance of singleton bean 'mvcPathMatcher'
2025-04-16 22:18:08,615 DEBUG [main][DefaultSingletonBeanRegistry.java:225] - Creating shared instance of singleton bean 'mvcUrlPathHelper'
2025-04-16 22:18:08,615 DEBUG [main][DefaultSingletonBeanRegistry.java:225] - Creating shared instance of singleton bean 'mvcUrlPathHelper'
2025-04-16 22:18:08,616 DEBUG [main][DefaultSingletonBeanRegistry.java:225] - Creating shared instance of singleton bean 'viewControllerHandlerMapping'
2025-04-16 22:18:08,616 DEBUG [main][DefaultSingletonBeanRegistry.java:225] - Creating shared instance of singleton bean 'viewControllerHandlerMapping'
2025-04-16 22:18:08,618 DEBUG [main][ConstructorResolver.java:807] - Autowiring by type from bean name 'viewControllerHandlerMapping' via factory method to bean named 'mvcPathMatcher'
2025-04-16 22:18:08,618 DEBUG [main][ConstructorResolver.java:807] - Autowiring by type from bean name 'viewControllerHandlerMapping' via factory method to bean named 'mvcPathMatcher'
2025-04-16 22:18:08,618 DEBUG [main][ConstructorResolver.java:807] - Autowiring by type from bean name 'viewControllerHandlerMapping' via factory method to bean named 'mvcUrlPathHelper'
2025-04-16 22:18:08,618 DEBUG [main][ConstructorResolver.java:807] - Autowiring by type from bean name 'viewControllerHandlerMapping' via factory method to bean named 'mvcUrlPathHelper'
2025-04-16 22:18:08,618 DEBUG [main][ConstructorResolver.java:807] - Autowiring by type from bean name 'viewControllerHandlerMapping' via factory method to bean named 'mvcConversionService'
2025-04-16 22:18:08,618 DEBUG [main][ConstructorResolver.java:807] - Autowiring by type from bean name 'viewControllerHandlerMapping' via factory method to bean named 'mvcConversionService'
2025-04-16 22:18:08,618 DEBUG [main][ConstructorResolver.java:807] - Autowiring by type from bean name 'viewControllerHandlerMapping' via factory method to bean named 'mvcResourceUrlProvider'
2025-04-16 22:18:08,618 DEBUG [main][ConstructorResolver.java:807] - Autowiring by type from bean name 'viewControllerHandlerMapping' via factory method to bean named 'mvcResourceUrlProvider'
2025-04-16 22:18:08,619 DEBUG [main][DefaultSingletonBeanRegistry.java:225] - Creating shared instance of singleton bean 'beanNameHandlerMapping'
2025-04-16 22:18:08,619 DEBUG [main][DefaultSingletonBeanRegistry.java:225] - Creating shared instance of singleton bean 'beanNameHandlerMapping'
2025-04-16 22:18:08,619 DEBUG [main][ConstructorResolver.java:807] - Autowiring by type from bean name 'beanNameHandlerMapping' via factory method to bean named 'mvcConversionService'
2025-04-16 22:18:08,619 DEBUG [main][ConstructorResolver.java:807] - Autowiring by type from bean name 'beanNameHandlerMapping' via factory method to bean named 'mvcConversionService'
2025-04-16 22:18:08,619 DEBUG [main][ConstructorResolver.java:807] - Autowiring by type from bean name 'beanNameHandlerMapping' via factory method to bean named 'mvcResourceUrlProvider'
2025-04-16 22:18:08,619 DEBUG [main][ConstructorResolver.java:807] - Autowiring by type from bean name 'beanNameHandlerMapping' via factory method to bean named 'mvcResourceUrlProvider'
2025-04-16 22:18:08,621 DEBUG [main][DefaultSingletonBeanRegistry.java:225] - Creating shared instance of singleton bean 'routerFunctionMapping'
2025-04-16 22:18:08,621 DEBUG [main][DefaultSingletonBeanRegistry.java:225] - Creating shared instance of singleton bean 'routerFunctionMapping'
2025-04-16 22:18:08,622 DEBUG [main][ConstructorResolver.java:807] - Autowiring by type from bean name 'routerFunctionMapping' via factory method to bean named 'mvcConversionService'
2025-04-16 22:18:08,622 DEBUG [main][ConstructorResolver.java:807] - Autowiring by type from bean name 'routerFunctionMapping' via factory method to bean named 'mvcConversionService'
2025-04-16 22:18:08,622 DEBUG [main][ConstructorResolver.java:807] - Autowiring by type from bean name 'routerFunctionMapping' via factory method to bean named 'mvcResourceUrlProvider'
2025-04-16 22:18:08,622 DEBUG [main][ConstructorResolver.java:807] - Autowiring by type from bean name 'routerFunctionMapping' via factory method to bean named 'mvcResourceUrlProvider'
2025-04-16 22:18:08,624 DEBUG [main][DefaultSingletonBeanRegistry.java:225] - Creating shared instance of singleton bean 'resourceHandlerMapping'
2025-04-16 22:18:08,624 DEBUG [main][DefaultSingletonBeanRegistry.java:225] - Creating shared instance of singleton bean 'resourceHandlerMapping'
2025-04-16 22:18:08,625 DEBUG [main][ConstructorResolver.java:807] - Autowiring by type from bean name 'resourceHandlerMapping' via factory method to bean named 'mvcUrlPathHelper'
2025-04-16 22:18:08,625 DEBUG [main][ConstructorResolver.java:807] - Autowiring by type from bean name 'resourceHandlerMapping' via factory method to bean named 'mvcUrlPathHelper'
2025-04-16 22:18:08,625 DEBUG [main][ConstructorResolver.java:807] - Autowiring by type from bean name 'resourceHandlerMapping' via factory method to bean named 'mvcPathMatcher'
2025-04-16 22:18:08,625 DEBUG [main][ConstructorResolver.java:807] - Autowiring by type from bean name 'resourceHandlerMapping' via factory method to bean named 'mvcPathMatcher'
2025-04-16 22:18:08,626 DEBUG [main][ConstructorResolver.java:807] - Autowiring by type from bean name 'resourceHandlerMapping' via factory method to bean named 'mvcContentNegotiationManager'
2025-04-16 22:18:08,626 DEBUG [main][ConstructorResolver.java:807] - Autowiring by type from bean name 'resourceHandlerMapping' via factory method to bean named 'mvcContentNegotiationManager'
2025-04-16 22:18:08,626 DEBUG [main][ConstructorResolver.java:807] - Autowiring by type from bean name 'resourceHandlerMapping' via factory method to bean named 'mvcConversionService'
2025-04-16 22:18:08,626 DEBUG [main][ConstructorResolver.java:807] - Autowiring by type from bean name 'resourceHandlerMapping' via factory method to bean named 'mvcResourceUrlProvider'
2025-04-16 22:18:08,626 DEBUG [main][ConstructorResolver.java:807] - Autowiring by type from bean name 'resourceHandlerMapping' via factory method to bean named 'mvcConversionService'
2025-04-16 22:18:08,626 DEBUG [main][ConstructorResolver.java:807] - Autowiring by type from bean name 'resourceHandlerMapping' via factory method to bean named 'mvcResourceUrlProvider'
2025-04-16 22:18:08,632 DEBUG [main][SimpleUrlHandlerMapping.java:173] - Patterns [/webjars/**, /**] in 'resourceHandlerMapping'
2025-04-16 22:18:08,632 DEBUG [main][SimpleUrlHandlerMapping.java:173] - Patterns [/webjars/**, /**] in 'resourceHandlerMapping'
2025-04-16 22:18:08,633 DEBUG [main][DefaultSingletonBeanRegistry.java:225] - Creating shared instance of singleton bean 'defaultServletHandlerMapping'
2025-04-16 22:18:08,633 DEBUG [main][DefaultSingletonBeanRegistry.java:225] - Creating shared instance of singleton bean 'defaultServletHandlerMapping'
2025-04-16 22:18:08,633 DEBUG [main][DefaultSingletonBeanRegistry.java:225] - Creating shared instance of singleton bean 'handlerFunctionAdapter'
2025-04-16 22:18:08,633 DEBUG [main][DefaultSingletonBeanRegistry.java:225] - Creating shared instance of singleton bean 'handlerFunctionAdapter'
2025-04-16 22:18:08,634 DEBUG [main][DefaultSingletonBeanRegistry.java:225] - Creating shared instance of singleton bean 'mvcUriComponentsContributor'
2025-04-16 22:18:08,634 DEBUG [main][DefaultSingletonBeanRegistry.java:225] - Creating shared instance of singleton bean 'mvcUriComponentsContributor'
2025-04-16 22:18:08,634 DEBUG [main][ConstructorResolver.java:807] - Autowiring by type from bean name 'mvcUriComponentsContributor' via factory method to bean named 'mvcConversionService'
2025-04-16 22:18:08,634 DEBUG [main][ConstructorResolver.java:807] - Autowiring by type from bean name 'mvcUriComponentsContributor' via factory method to bean named 'mvcConversionService'
2025-04-16 22:18:08,634 DEBUG [main][ConstructorResolver.java:807] - Autowiring by type from bean name 'mvcUriComponentsContributor' via factory method to bean named 'requestMappingHandlerAdapter'
2025-04-16 22:18:08,634 DEBUG [main][ConstructorResolver.java:807] - Autowiring by type from bean name 'mvcUriComponentsContributor' via factory method to bean named 'requestMappingHandlerAdapter'
2025-04-16 22:18:08,635 DEBUG [main][DefaultSingletonBeanRegistry.java:225] - Creating shared instance of singleton bean 'httpRequestHandlerAdapter'
2025-04-16 22:18:08,635 DEBUG [main][DefaultSingletonBeanRegistry.java:225] - Creating shared instance of singleton bean 'httpRequestHandlerAdapter'
2025-04-16 22:18:08,635 DEBUG [main][DefaultSingletonBeanRegistry.java:225] - Creating shared instance of singleton bean 'simpleControllerHandlerAdapter'
2025-04-16 22:18:08,635 DEBUG [main][DefaultSingletonBeanRegistry.java:225] - Creating shared instance of singleton bean 'simpleControllerHandlerAdapter'
2025-04-16 22:18:08,635 DEBUG [main][DefaultSingletonBeanRegistry.java:225] - Creating shared instance of singleton bean 'handlerExceptionResolver'
2025-04-16 22:18:08,635 DEBUG [main][DefaultSingletonBeanRegistry.java:225] - Creating shared instance of singleton bean 'handlerExceptionResolver'
2025-04-16 22:18:08,635 DEBUG [main][ConstructorResolver.java:807] - Autowiring by type from bean name 'handlerExceptionResolver' via factory method to bean named 'mvcContentNegotiationManager'
2025-04-16 22:18:08,635 DEBUG [main][ConstructorResolver.java:807] - Autowiring by type from bean name 'handlerExceptionResolver' via factory method to bean named 'mvcContentNegotiationManager'
2025-04-16 22:18:08,639 DEBUG [main][ExceptionHandlerExceptionResolver.java:297] - ControllerAdvice beans: 1 @ExceptionHandler, 1 ResponseBodyAdvice
2025-04-16 22:18:08,639 DEBUG [main][ExceptionHandlerExceptionResolver.java:297] - ControllerAdvice beans: 1 @ExceptionHandler, 1 ResponseBodyAdvice
2025-04-16 22:18:08,641 DEBUG [main][DefaultSingletonBeanRegistry.java:225] - Creating shared instance of singleton bean 'mvcViewResolver'
2025-04-16 22:18:08,641 DEBUG [main][DefaultSingletonBeanRegistry.java:225] - Creating shared instance of singleton bean 'mvcViewResolver'
2025-04-16 22:18:08,641 DEBUG [main][ConstructorResolver.java:807] - Autowiring by type from bean name 'mvcViewResolver' via factory method to bean named 'mvcContentNegotiationManager'
2025-04-16 22:18:08,641 DEBUG [main][ConstructorResolver.java:807] - Autowiring by type from bean name 'mvcViewResolver' via factory method to bean named 'mvcContentNegotiationManager'
2025-04-16 22:18:08,643 DEBUG [main][DefaultSingletonBeanRegistry.java:225] - Creating shared instance of singleton bean 'defaultViewResolver'
2025-04-16 22:18:08,643 DEBUG [main][DefaultSingletonBeanRegistry.java:225] - Creating shared instance of singleton bean 'defaultViewResolver'
2025-04-16 22:18:08,647 DEBUG [main][DefaultSingletonBeanRegistry.java:225] - Creating shared instance of singleton bean 'viewResolver'
2025-04-16 22:18:08,647 DEBUG [main][DefaultSingletonBeanRegistry.java:225] - Creating shared instance of singleton bean 'viewResolver'
2025-04-16 22:18:08,647 DEBUG [main][ConstructorResolver.java:807] - Autowiring by type from bean name 'viewResolver' via factory method to bean named 'org.springframework.beans.factory.support.DefaultListableBeanFactory@565b064f'
2025-04-16 22:18:08,647 DEBUG [main][ConstructorResolver.java:807] - Autowiring by type from bean name 'viewResolver' via factory method to bean named 'org.springframework.beans.factory.support.DefaultListableBeanFactory@565b064f'
2025-04-16 22:18:08,649 DEBUG [main][DefaultSingletonBeanRegistry.java:225] - Creating shared instance of singleton bean 'org.springframework.boot.autoconfigure.jdbc.DataSourceJmxConfiguration$Hikari'
2025-04-16 22:18:08,649 DEBUG [main][DefaultSingletonBeanRegistry.java:225] - Creating shared instance of singleton bean 'org.springframework.boot.autoconfigure.jdbc.DataSourceJmxConfiguration$Hikari'
2025-04-16 22:18:08,650 DEBUG [main][ConstructorResolver.java:807] - Autowiring by type from bean name 'org.springframework.boot.autoconfigure.jdbc.DataSourceJmxConfiguration$Hikari' via constructor to bean named 'dataSource'
2025-04-16 22:18:08,650 DEBUG [main][ConstructorResolver.java:807] - Autowiring by type from bean name 'org.springframework.boot.autoconfigure.jdbc.DataSourceJmxConfiguration$Hikari' via constructor to bean named 'dataSource'
2025-04-16 22:18:08,651 DEBUG [main][DefaultSingletonBeanRegistry.java:225] - Creating shared instance of singleton bean 'org.springframework.boot.autoconfigure.jdbc.DataSourceJmxConfiguration'
2025-04-16 22:18:08,651 DEBUG [main][DefaultSingletonBeanRegistry.java:225] - Creating shared instance of singleton bean 'org.springframework.boot.autoconfigure.jdbc.DataSourceJmxConfiguration'
2025-04-16 22:18:08,652 DEBUG [main][DefaultSingletonBeanRegistry.java:225] - Creating shared instance of singleton bean 'org.springframework.boot.autoconfigure.jdbc.DataSourceAutoConfiguration$PooledDataSourceConfiguration'
2025-04-16 22:18:08,652 DEBUG [main][DefaultSingletonBeanRegistry.java:225] - Creating shared instance of singleton bean 'org.springframework.boot.autoconfigure.jdbc.DataSourceAutoConfiguration$PooledDataSourceConfiguration'
2025-04-16 22:18:08,652 DEBUG [main][DefaultSingletonBeanRegistry.java:225] - Creating shared instance of singleton bean 'org.springframework.boot.autoconfigure.jdbc.metadata.DataSourcePoolMetadataProvidersConfiguration$HikariPoolDataSourceMetadataProviderConfiguration'
2025-04-16 22:18:08,652 DEBUG [main][DefaultSingletonBeanRegistry.java:225] - Creating shared instance of singleton bean 'org.springframework.boot.autoconfigure.jdbc.metadata.DataSourcePoolMetadataProvidersConfiguration$HikariPoolDataSourceMetadataProviderConfiguration'
2025-04-16 22:18:08,652 DEBUG [main][DefaultSingletonBeanRegistry.java:225] - Creating shared instance of singleton bean 'hikariPoolDataSourceMetadataProvider'
2025-04-16 22:18:08,652 DEBUG [main][DefaultSingletonBeanRegistry.java:225] - Creating shared instance of singleton bean 'hikariPoolDataSourceMetadataProvider'
2025-04-16 22:18:08,652 DEBUG [main][DefaultSingletonBeanRegistry.java:225] - Creating shared instance of singleton bean 'org.springframework.boot.autoconfigure.jdbc.metadata.DataSourcePoolMetadataProvidersConfiguration'
2025-04-16 22:18:08,652 DEBUG [main][DefaultSingletonBeanRegistry.java:225] - Creating shared instance of singleton bean 'org.springframework.boot.autoconfigure.jdbc.metadata.DataSourcePoolMetadataProvidersConfiguration'
2025-04-16 22:18:08,652 DEBUG [main][DefaultSingletonBeanRegistry.java:225] - Creating shared instance of singleton bean 'org.springframework.boot.autoconfigure.jdbc.DataSourceInitializationConfiguration'
2025-04-16 22:18:08,652 DEBUG [main][DefaultSingletonBeanRegistry.java:225] - Creating shared instance of singleton bean 'org.springframework.boot.autoconfigure.jdbc.DataSourceInitializationConfiguration'
2025-04-16 22:18:08,652 DEBUG [main][DefaultSingletonBeanRegistry.java:225] - Creating shared instance of singleton bean 'org.springframework.boot.autoconfigure.jdbc.DataSourceAutoConfiguration'
2025-04-16 22:18:08,652 DEBUG [main][DefaultSingletonBeanRegistry.java:225] - Creating shared instance of singleton bean 'org.springframework.boot.autoconfigure.jdbc.DataSourceAutoConfiguration'
2025-04-16 22:18:08,653 DEBUG [main][DefaultSingletonBeanRegistry.java:225] - Creating shared instance of singleton bean 'com.baomidou.mybatisplus.autoconfigure.MybatisPlusLanguageDriverAutoConfiguration'
2025-04-16 22:18:08,653 DEBUG [main][DefaultSingletonBeanRegistry.java:225] - Creating shared instance of singleton bean 'com.baomidou.mybatisplus.autoconfigure.MybatisPlusLanguageDriverAutoConfiguration'
2025-04-16 22:18:08,653 DEBUG [main][DefaultSingletonBeanRegistry.java:225] - Creating shared instance of singleton bean 'org.springframework.boot.autoconfigure.aop.AopAutoConfiguration$ClassProxyingConfiguration'
2025-04-16 22:18:08,653 DEBUG [main][DefaultSingletonBeanRegistry.java:225] - Creating shared instance of singleton bean 'org.springframework.boot.autoconfigure.aop.AopAutoConfiguration$ClassProxyingConfiguration'
2025-04-16 22:18:08,653 DEBUG [main][ConstructorResolver.java:807] - Autowiring by type from bean name 'org.springframework.boot.autoconfigure.aop.AopAutoConfiguration$ClassProxyingConfiguration' via constructor to bean named 'org.springframework.beans.factory.support.DefaultListableBeanFactory@565b064f'
2025-04-16 22:18:08,653 DEBUG [main][ConstructorResolver.java:807] - Autowiring by type from bean name 'org.springframework.boot.autoconfigure.aop.AopAutoConfiguration$ClassProxyingConfiguration' via constructor to bean named 'org.springframework.beans.factory.support.DefaultListableBeanFactory@565b064f'
2025-04-16 22:18:08,653 DEBUG [main][DefaultSingletonBeanRegistry.java:225] - Creating shared instance of singleton bean 'org.springframework.boot.autoconfigure.aop.AopAutoConfiguration'
2025-04-16 22:18:08,653 DEBUG [main][DefaultSingletonBeanRegistry.java:225] - Creating shared instance of singleton bean 'org.springframework.boot.autoconfigure.aop.AopAutoConfiguration'
2025-04-16 22:18:08,653 DEBUG [main][DefaultSingletonBeanRegistry.java:225] - Creating shared instance of singleton bean 'org.springframework.boot.autoconfigure.availability.ApplicationAvailabilityAutoConfiguration'
2025-04-16 22:18:08,653 DEBUG [main][DefaultSingletonBeanRegistry.java:225] - Creating shared instance of singleton bean 'org.springframework.boot.autoconfigure.availability.ApplicationAvailabilityAutoConfiguration'
2025-04-16 22:18:08,654 DEBUG [main][DefaultSingletonBeanRegistry.java:225] - Creating shared instance of singleton bean 'applicationAvailability'
2025-04-16 22:18:08,654 DEBUG [main][DefaultSingletonBeanRegistry.java:225] - Creating shared instance of singleton bean 'applicationAvailability'
2025-04-16 22:18:08,654 DEBUG [main][DefaultSingletonBeanRegistry.java:225] - Creating shared instance of singleton bean 'loggingRebinder'
2025-04-16 22:18:08,654 DEBUG [main][DefaultSingletonBeanRegistry.java:225] - Creating shared instance of singleton bean 'loggingRebinder'
2025-04-16 22:18:08,654 DEBUG [main][DefaultSingletonBeanRegistry.java:225] - Creating shared instance of singleton bean 'org.springframework.boot.autoconfigure.context.ConfigurationPropertiesAutoConfiguration'
2025-04-16 22:18:08,654 DEBUG [main][DefaultSingletonBeanRegistry.java:225] - Creating shared instance of singleton bean 'org.springframework.boot.autoconfigure.context.ConfigurationPropertiesAutoConfiguration'
2025-04-16 22:18:08,654 DEBUG [main][DefaultSingletonBeanRegistry.java:225] - Creating shared instance of singleton bean 'org.springframework.boot.autoconfigure.context.LifecycleAutoConfiguration'
2025-04-16 22:18:08,654 DEBUG [main][DefaultSingletonBeanRegistry.java:225] - Creating shared instance of singleton bean 'org.springframework.boot.autoconfigure.context.LifecycleAutoConfiguration'
2025-04-16 22:18:08,654 DEBUG [main][DefaultSingletonBeanRegistry.java:225] - Creating shared instance of singleton bean 'lifecycleProcessor'
2025-04-16 22:18:08,654 DEBUG [main][DefaultSingletonBeanRegistry.java:225] - Creating shared instance of singleton bean 'lifecycleProcessor'
2025-04-16 22:18:08,655 DEBUG [main][DefaultSingletonBeanRegistry.java:225] - Creating shared instance of singleton bean 'spring.lifecycle-org.springframework.boot.autoconfigure.context.LifecycleProperties'
2025-04-16 22:18:08,655 DEBUG [main][DefaultSingletonBeanRegistry.java:225] - Creating shared instance of singleton bean 'spring.lifecycle-org.springframework.boot.autoconfigure.context.LifecycleProperties'
2025-04-16 22:18:08,655 DEBUG [main][ConstructorResolver.java:807] - Autowiring by type from bean name 'lifecycleProcessor' via factory method to bean named 'spring.lifecycle-org.springframework.boot.autoconfigure.context.LifecycleProperties'
2025-04-16 22:18:08,655 DEBUG [main][ConstructorResolver.java:807] - Autowiring by type from bean name 'lifecycleProcessor' via factory method to bean named 'spring.lifecycle-org.springframework.boot.autoconfigure.context.LifecycleProperties'
2025-04-16 22:18:08,656 DEBUG [main][DefaultSingletonBeanRegistry.java:225] - Creating shared instance of singleton bean 'org.springframework.boot.autoconfigure.dao.PersistenceExceptionTranslationAutoConfiguration'
2025-04-16 22:18:08,656 DEBUG [main][DefaultSingletonBeanRegistry.java:225] - Creating shared instance of singleton bean 'org.springframework.boot.autoconfigure.dao.PersistenceExceptionTranslationAutoConfiguration'
2025-04-16 22:18:08,656 DEBUG [main][DefaultSingletonBeanRegistry.java:225] - Creating shared instance of singleton bean 'org.springframework.boot.autoconfigure.http.JacksonHttpMessageConvertersConfiguration'
2025-04-16 22:18:08,656 DEBUG [main][DefaultSingletonBeanRegistry.java:225] - Creating shared instance of singleton bean 'org.springframework.boot.autoconfigure.http.JacksonHttpMessageConvertersConfiguration'
2025-04-16 22:18:08,656 DEBUG [main][DefaultSingletonBeanRegistry.java:225] - Creating shared instance of singleton bean 'org.springframework.boot.autoconfigure.info.ProjectInfoAutoConfiguration'
2025-04-16 22:18:08,656 DEBUG [main][DefaultSingletonBeanRegistry.java:225] - Creating shared instance of singleton bean 'org.springframework.boot.autoconfigure.info.ProjectInfoAutoConfiguration'
2025-04-16 22:18:08,659 DEBUG [main][DefaultSingletonBeanRegistry.java:225] - Creating shared instance of singleton bean 'spring.info-org.springframework.boot.autoconfigure.info.ProjectInfoProperties'
2025-04-16 22:18:08,659 DEBUG [main][DefaultSingletonBeanRegistry.java:225] - Creating shared instance of singleton bean 'spring.info-org.springframework.boot.autoconfigure.info.ProjectInfoProperties'
2025-04-16 22:18:08,660 DEBUG [main][ConstructorResolver.java:807] - Autowiring by type from bean name 'org.springframework.boot.autoconfigure.info.ProjectInfoAutoConfiguration' via constructor to bean named 'spring.info-org.springframework.boot.autoconfigure.info.ProjectInfoProperties'
2025-04-16 22:18:08,660 DEBUG [main][ConstructorResolver.java:807] - Autowiring by type from bean name 'org.springframework.boot.autoconfigure.info.ProjectInfoAutoConfiguration' via constructor to bean named 'spring.info-org.springframework.boot.autoconfigure.info.ProjectInfoProperties'
2025-04-16 22:18:08,660 DEBUG [main][DefaultSingletonBeanRegistry.java:225] - Creating shared instance of singleton bean 'org.springframework.boot.autoconfigure.jdbc.JdbcTemplateConfiguration'
2025-04-16 22:18:08,660 DEBUG [main][DefaultSingletonBeanRegistry.java:225] - Creating shared instance of singleton bean 'org.springframework.boot.autoconfigure.jdbc.JdbcTemplateConfiguration'
2025-04-16 22:18:08,661 DEBUG [main][DefaultSingletonBeanRegistry.java:225] - Creating shared instance of singleton bean 'jdbcTemplate'
2025-04-16 22:18:08,661 DEBUG [main][DefaultSingletonBeanRegistry.java:225] - Creating shared instance of singleton bean 'jdbcTemplate'
2025-04-16 22:18:08,662 DEBUG [main][DefaultSingletonBeanRegistry.java:225] - Creating shared instance of singleton bean 'spring.jdbc-org.springframework.boot.autoconfigure.jdbc.JdbcProperties'
2025-04-16 22:18:08,662 DEBUG [main][DefaultSingletonBeanRegistry.java:225] - Creating shared instance of singleton bean 'spring.jdbc-org.springframework.boot.autoconfigure.jdbc.JdbcProperties'
2025-04-16 22:18:08,662 DEBUG [main][ConstructorResolver.java:807] - Autowiring by type from bean name 'jdbcTemplate' via factory method to bean named 'dataSource'
2025-04-16 22:18:08,662 DEBUG [main][ConstructorResolver.java:807] - Autowiring by type from bean name 'jdbcTemplate' via factory method to bean named 'dataSource'
2025-04-16 22:18:08,662 DEBUG [main][ConstructorResolver.java:807] - Autowiring by type from bean name 'jdbcTemplate' via factory method to bean named 'spring.jdbc-org.springframework.boot.autoconfigure.jdbc.JdbcProperties'
2025-04-16 22:18:08,662 DEBUG [main][ConstructorResolver.java:807] - Autowiring by type from bean name 'jdbcTemplate' via factory method to bean named 'spring.jdbc-org.springframework.boot.autoconfigure.jdbc.JdbcProperties'
2025-04-16 22:18:08,670 DEBUG [main][DefaultSingletonBeanRegistry.java:225] - Creating shared instance of singleton bean 'org.springframework.boot.autoconfigure.jdbc.NamedParameterJdbcTemplateConfiguration'
2025-04-16 22:18:08,670 DEBUG [main][DefaultSingletonBeanRegistry.java:225] - Creating shared instance of singleton bean 'org.springframework.boot.autoconfigure.jdbc.NamedParameterJdbcTemplateConfiguration'
2025-04-16 22:18:08,670 DEBUG [main][DefaultSingletonBeanRegistry.java:225] - Creating shared instance of singleton bean 'namedParameterJdbcTemplate'
2025-04-16 22:18:08,670 DEBUG [main][DefaultSingletonBeanRegistry.java:225] - Creating shared instance of singleton bean 'namedParameterJdbcTemplate'
2025-04-16 22:18:08,670 DEBUG [main][ConstructorResolver.java:807] - Autowiring by type from bean name 'namedParameterJdbcTemplate' via factory method to bean named 'jdbcTemplate'
2025-04-16 22:18:08,670 DEBUG [main][ConstructorResolver.java:807] - Autowiring by type from bean name 'namedParameterJdbcTemplate' via factory method to bean named 'jdbcTemplate'
2025-04-16 22:18:08,672 DEBUG [main][DefaultSingletonBeanRegistry.java:225] - Creating shared instance of singleton bean 'org.springframework.boot.autoconfigure.jdbc.JdbcTemplateAutoConfiguration'
2025-04-16 22:18:08,672 DEBUG [main][DefaultSingletonBeanRegistry.java:225] - Creating shared instance of singleton bean 'org.springframework.boot.autoconfigure.jdbc.JdbcTemplateAutoConfiguration'
2025-04-16 22:18:08,673 DEBUG [main][DefaultSingletonBeanRegistry.java:225] - Creating shared instance of singleton bean 'org.springframework.boot.autoconfigure.task.TaskSchedulingAutoConfiguration'
2025-04-16 22:18:08,673 DEBUG [main][DefaultSingletonBeanRegistry.java:225] - Creating shared instance of singleton bean 'org.springframework.boot.autoconfigure.task.TaskSchedulingAutoConfiguration'
2025-04-16 22:18:08,673 DEBUG [main][DefaultSingletonBeanRegistry.java:225] - Creating shared instance of singleton bean 'taskSchedulerBuilder'
2025-04-16 22:18:08,673 DEBUG [main][DefaultSingletonBeanRegistry.java:225] - Creating shared instance of singleton bean 'taskSchedulerBuilder'
2025-04-16 22:18:08,675 DEBUG [main][DefaultSingletonBeanRegistry.java:225] - Creating shared instance of singleton bean 'spring.task.scheduling-org.springframework.boot.autoconfigure.task.TaskSchedulingProperties'
2025-04-16 22:18:08,675 DEBUG [main][DefaultSingletonBeanRegistry.java:225] - Creating shared instance of singleton bean 'spring.task.scheduling-org.springframework.boot.autoconfigure.task.TaskSchedulingProperties'
2025-04-16 22:18:08,677 DEBUG [main][ConstructorResolver.java:807] - Autowiring by type from bean name 'taskSchedulerBuilder' via factory method to bean named 'spring.task.scheduling-org.springframework.boot.autoconfigure.task.TaskSchedulingProperties'
2025-04-16 22:18:08,677 DEBUG [main][ConstructorResolver.java:807] - Autowiring by type from bean name 'taskSchedulerBuilder' via factory method to bean named 'spring.task.scheduling-org.springframework.boot.autoconfigure.task.TaskSchedulingProperties'
2025-04-16 22:18:08,677 DEBUG [main][DefaultSingletonBeanRegistry.java:225] - Creating shared instance of singleton bean 'org.springframework.boot.autoconfigure.jdbc.DataSourceTransactionManagerAutoConfiguration$DataSourceTransactionManagerConfiguration'
2025-04-16 22:18:08,677 DEBUG [main][DefaultSingletonBeanRegistry.java:225] - Creating shared instance of singleton bean 'org.springframework.boot.autoconfigure.jdbc.DataSourceTransactionManagerAutoConfiguration$DataSourceTransactionManagerConfiguration'
2025-04-16 22:18:08,679 DEBUG [main][DefaultSingletonBeanRegistry.java:225] - Creating shared instance of singleton bean 'transactionManager'
2025-04-16 22:18:08,679 DEBUG [main][DefaultSingletonBeanRegistry.java:225] - Creating shared instance of singleton bean 'transactionManager'
2025-04-16 22:18:08,679 DEBUG [main][ConstructorResolver.java:807] - Autowiring by type from bean name 'transactionManager' via factory method to bean named 'dataSource'
2025-04-16 22:18:08,679 DEBUG [main][ConstructorResolver.java:807] - Autowiring by type from bean name 'transactionManager' via factory method to bean named 'dataSource'
2025-04-16 22:18:08,680 DEBUG [main][DefaultSingletonBeanRegistry.java:225] - Creating shared instance of singleton bean 'platformTransactionManagerCustomizers'
2025-04-16 22:18:08,680 DEBUG [main][DefaultSingletonBeanRegistry.java:225] - Creating shared instance of singleton bean 'platformTransactionManagerCustomizers'
2025-04-16 22:18:08,680 DEBUG [main][DefaultSingletonBeanRegistry.java:225] - Creating shared instance of singleton bean 'org.springframework.boot.autoconfigure.transaction.TransactionAutoConfiguration'
2025-04-16 22:18:08,680 DEBUG [main][DefaultSingletonBeanRegistry.java:225] - Creating shared instance of singleton bean 'org.springframework.boot.autoconfigure.transaction.TransactionAutoConfiguration'
2025-04-16 22:18:08,681 DEBUG [main][DefaultSingletonBeanRegistry.java:225] - Creating shared instance of singleton bean 'spring.transaction-org.springframework.boot.autoconfigure.transaction.TransactionProperties'
2025-04-16 22:18:08,681 DEBUG [main][DefaultSingletonBeanRegistry.java:225] - Creating shared instance of singleton bean 'spring.transaction-org.springframework.boot.autoconfigure.transaction.TransactionProperties'
2025-04-16 22:18:08,684 DEBUG [main][DefaultSingletonBeanRegistry.java:225] - Creating shared instance of singleton bean 'org.springframework.boot.autoconfigure.jdbc.DataSourceTransactionManagerAutoConfiguration'
2025-04-16 22:18:08,684 DEBUG [main][DefaultSingletonBeanRegistry.java:225] - Creating shared instance of singleton bean 'org.springframework.boot.autoconfigure.jdbc.DataSourceTransactionManagerAutoConfiguration'
2025-04-16 22:18:08,684 DEBUG [main][DefaultSingletonBeanRegistry.java:225] - Creating shared instance of singleton bean 'org.springframework.boot.autoconfigure.transaction.TransactionAutoConfiguration$EnableTransactionManagementConfiguration$CglibAutoProxyConfiguration'
2025-04-16 22:18:08,684 DEBUG [main][DefaultSingletonBeanRegistry.java:225] - Creating shared instance of singleton bean 'org.springframework.boot.autoconfigure.transaction.TransactionAutoConfiguration$EnableTransactionManagementConfiguration$CglibAutoProxyConfiguration'
2025-04-16 22:18:08,684 DEBUG [main][DefaultSingletonBeanRegistry.java:225] - Creating shared instance of singleton bean 'org.springframework.boot.autoconfigure.transaction.TransactionAutoConfiguration$EnableTransactionManagementConfiguration'
2025-04-16 22:18:08,684 DEBUG [main][DefaultSingletonBeanRegistry.java:225] - Creating shared instance of singleton bean 'org.springframework.boot.autoconfigure.transaction.TransactionAutoConfiguration$EnableTransactionManagementConfiguration'
2025-04-16 22:18:08,684 DEBUG [main][DefaultSingletonBeanRegistry.java:225] - Creating shared instance of singleton bean 'org.springframework.boot.autoconfigure.transaction.TransactionAutoConfiguration$TransactionTemplateConfiguration'
2025-04-16 22:18:08,684 DEBUG [main][DefaultSingletonBeanRegistry.java:225] - Creating shared instance of singleton bean 'org.springframework.boot.autoconfigure.transaction.TransactionAutoConfiguration$TransactionTemplateConfiguration'
2025-04-16 22:18:08,685 DEBUG [main][DefaultSingletonBeanRegistry.java:225] - Creating shared instance of singleton bean 'transactionTemplate'
2025-04-16 22:18:08,685 DEBUG [main][DefaultSingletonBeanRegistry.java:225] - Creating shared instance of singleton bean 'transactionTemplate'
2025-04-16 22:18:08,685 DEBUG [main][ConstructorResolver.java:807] - Autowiring by type from bean name 'transactionTemplate' via factory method to bean named 'transactionManager'
2025-04-16 22:18:08,685 DEBUG [main][ConstructorResolver.java:807] - Autowiring by type from bean name 'transactionTemplate' via factory method to bean named 'transactionManager'
2025-04-16 22:18:08,686 DEBUG [main][DefaultSingletonBeanRegistry.java:225] - Creating shared instance of singleton bean 'org.springframework.boot.autoconfigure.web.client.RestTemplateAutoConfiguration'
2025-04-16 22:18:08,686 DEBUG [main][DefaultSingletonBeanRegistry.java:225] - Creating shared instance of singleton bean 'org.springframework.boot.autoconfigure.web.client.RestTemplateAutoConfiguration'
2025-04-16 22:18:08,686 DEBUG [main][DefaultSingletonBeanRegistry.java:225] - Creating shared instance of singleton bean 'org.springframework.boot.autoconfigure.web.embedded.EmbeddedWebServerFactoryCustomizerAutoConfiguration'
2025-04-16 22:18:08,686 DEBUG [main][DefaultSingletonBeanRegistry.java:225] - Creating shared instance of singleton bean 'org.springframework.boot.autoconfigure.web.embedded.EmbeddedWebServerFactoryCustomizerAutoConfiguration'
2025-04-16 22:18:08,686 DEBUG [main][DefaultSingletonBeanRegistry.java:225] - Creating shared instance of singleton bean 'multipartResolver'
2025-04-16 22:18:08,686 DEBUG [main][DefaultSingletonBeanRegistry.java:225] - Creating shared instance of singleton bean 'multipartResolver'
2025-04-16 22:18:08,687 DEBUG [main][DefaultSingletonBeanRegistry.java:225] - Creating shared instance of singleton bean 'org.springframework.cloud.autoconfigure.ConfigurationPropertiesRebinderAutoConfiguration'
2025-04-16 22:18:08,687 DEBUG [main][DefaultSingletonBeanRegistry.java:225] - Creating shared instance of singleton bean 'org.springframework.cloud.autoconfigure.ConfigurationPropertiesRebinderAutoConfiguration'
2025-04-16 22:18:08,687 DEBUG [main][DefaultSingletonBeanRegistry.java:225] - Creating shared instance of singleton bean 'configurationPropertiesRebinder'
2025-04-16 22:18:08,687 DEBUG [main][DefaultSingletonBeanRegistry.java:225] - Creating shared instance of singleton bean 'configurationPropertiesRebinder'
2025-04-16 22:18:08,687 DEBUG [main][ConstructorResolver.java:807] - Autowiring by type from bean name 'configurationPropertiesRebinder' via factory method to bean named 'configurationPropertiesBeans'
2025-04-16 22:18:08,687 DEBUG [main][ConstructorResolver.java:807] - Autowiring by type from bean name 'configurationPropertiesRebinder' via factory method to bean named 'configurationPropertiesBeans'
2025-04-16 22:18:08,688 DEBUG [main][DefaultSingletonBeanRegistry.java:225] - Creating shared instance of singleton bean 'org.springframework.cloud.autoconfigure.LifecycleMvcEndpointAutoConfiguration'
2025-04-16 22:18:08,688 DEBUG [main][DefaultSingletonBeanRegistry.java:225] - Creating shared instance of singleton bean 'org.springframework.cloud.autoconfigure.LifecycleMvcEndpointAutoConfiguration'
2025-04-16 22:18:08,688 DEBUG [main][DefaultSingletonBeanRegistry.java:225] - Creating shared instance of singleton bean 'environmentManager'
2025-04-16 22:18:08,688 DEBUG [main][DefaultSingletonBeanRegistry.java:225] - Creating shared instance of singleton bean 'environmentManager'
2025-04-16 22:18:08,688 DEBUG [main][ConstructorResolver.java:807] - Autowiring by type from bean name 'environmentManager' via factory method to bean named 'environment'
2025-04-16 22:18:08,688 DEBUG [main][ConstructorResolver.java:807] - Autowiring by type from bean name 'environmentManager' via factory method to bean named 'environment'
2025-04-16 22:18:08,689 DEBUG [main][DefaultSingletonBeanRegistry.java:225] - Creating shared instance of singleton bean 'coursePublishMapper'
2025-04-16 22:18:08,689 DEBUG [main][DefaultSingletonBeanRegistry.java:225] - Creating shared instance of singleton bean 'coursePublishMapper'
2025-04-16 22:18:08,696 DEBUG [main][MybatisConfiguration.java:128] - addMappedStatement: com.xuecheng.content.mapper.CoursePublishMapper.insert
2025-04-16 22:18:08,696 DEBUG [main][MybatisConfiguration.java:128] - addMappedStatement: com.xuecheng.content.mapper.CoursePublishMapper.insert
2025-04-16 22:18:08,697 DEBUG [main][MybatisConfiguration.java:128] - addMappedStatement: com.xuecheng.content.mapper.CoursePublishMapper.delete
2025-04-16 22:18:08,697 DEBUG [main][MybatisConfiguration.java:128] - addMappedStatement: com.xuecheng.content.mapper.CoursePublishMapper.delete
2025-04-16 22:18:08,699 DEBUG [main][MybatisConfiguration.java:128] - addMappedStatement: com.xuecheng.content.mapper.CoursePublishMapper.deleteByMap
2025-04-16 22:18:08,699 DEBUG [main][MybatisConfiguration.java:128] - addMappedStatement: com.xuecheng.content.mapper.CoursePublishMapper.deleteByMap
2025-04-16 22:18:08,699 DEBUG [main][MybatisConfiguration.java:128] - addMappedStatement: com.xuecheng.content.mapper.CoursePublishMapper.deleteById
2025-04-16 22:18:08,699 DEBUG [main][MybatisConfiguration.java:128] - addMappedStatement: com.xuecheng.content.mapper.CoursePublishMapper.deleteById
2025-04-16 22:18:08,700 DEBUG [main][MybatisConfiguration.java:128] - addMappedStatement: com.xuecheng.content.mapper.CoursePublishMapper.deleteBatchIds
2025-04-16 22:18:08,700 DEBUG [main][MybatisConfiguration.java:128] - addMappedStatement: com.xuecheng.content.mapper.CoursePublishMapper.deleteBatchIds
2025-04-16 22:18:08,701 DEBUG [main][MybatisConfiguration.java:128] - addMappedStatement: com.xuecheng.content.mapper.CoursePublishMapper.update
2025-04-16 22:18:08,701 DEBUG [main][MybatisConfiguration.java:128] - addMappedStatement: com.xuecheng.content.mapper.CoursePublishMapper.update
2025-04-16 22:18:08,702 DEBUG [main][MybatisConfiguration.java:128] - addMappedStatement: com.xuecheng.content.mapper.CoursePublishMapper.updateById
2025-04-16 22:18:08,702 DEBUG [main][MybatisConfiguration.java:128] - addMappedStatement: com.xuecheng.content.mapper.CoursePublishMapper.updateById
2025-04-16 22:18:08,702 DEBUG [main][MybatisConfiguration.java:128] - addMappedStatement: com.xuecheng.content.mapper.CoursePublishMapper.selectById
2025-04-16 22:18:08,702 DEBUG [main][MybatisConfiguration.java:128] - addMappedStatement: com.xuecheng.content.mapper.CoursePublishMapper.selectById
2025-04-16 22:18:08,703 DEBUG [main][MybatisConfiguration.java:128] - addMappedStatement: com.xuecheng.content.mapper.CoursePublishMapper.selectBatchIds
2025-04-16 22:18:08,703 DEBUG [main][MybatisConfiguration.java:128] - addMappedStatement: com.xuecheng.content.mapper.CoursePublishMapper.selectBatchIds
2025-04-16 22:18:08,704 DEBUG [main][MybatisConfiguration.java:128] - addMappedStatement: com.xuecheng.content.mapper.CoursePublishMapper.selectByMap
2025-04-16 22:18:08,704 DEBUG [main][MybatisConfiguration.java:128] - addMappedStatement: com.xuecheng.content.mapper.CoursePublishMapper.selectByMap
2025-04-16 22:18:08,705 DEBUG [main][MybatisConfiguration.java:128] - addMappedStatement: com.xuecheng.content.mapper.CoursePublishMapper.selectOne
2025-04-16 22:18:08,705 DEBUG [main][MybatisConfiguration.java:128] - addMappedStatement: com.xuecheng.content.mapper.CoursePublishMapper.selectOne
2025-04-16 22:18:08,706 DEBUG [main][MybatisConfiguration.java:128] - addMappedStatement: com.xuecheng.content.mapper.CoursePublishMapper.selectCount
2025-04-16 22:18:08,706 DEBUG [main][MybatisConfiguration.java:128] - addMappedStatement: com.xuecheng.content.mapper.CoursePublishMapper.selectCount
2025-04-16 22:18:08,707 DEBUG [main][MybatisConfiguration.java:128] - addMappedStatement: com.xuecheng.content.mapper.CoursePublishMapper.selectMaps
2025-04-16 22:18:08,707 DEBUG [main][MybatisConfiguration.java:128] - addMappedStatement: com.xuecheng.content.mapper.CoursePublishMapper.selectMaps
2025-04-16 22:18:08,709 DEBUG [main][MybatisConfiguration.java:128] - addMappedStatement: com.xuecheng.content.mapper.CoursePublishMapper.selectMapsPage
2025-04-16 22:18:08,709 DEBUG [main][MybatisConfiguration.java:128] - addMappedStatement: com.xuecheng.content.mapper.CoursePublishMapper.selectMapsPage
2025-04-16 22:18:08,710 DEBUG [main][MybatisConfiguration.java:128] - addMappedStatement: com.xuecheng.content.mapper.CoursePublishMapper.selectObjs
2025-04-16 22:18:08,710 DEBUG [main][MybatisConfiguration.java:128] - addMappedStatement: com.xuecheng.content.mapper.CoursePublishMapper.selectObjs
2025-04-16 22:18:08,711 DEBUG [main][MybatisConfiguration.java:128] - addMappedStatement: com.xuecheng.content.mapper.CoursePublishMapper.selectList
2025-04-16 22:18:08,711 DEBUG [main][MybatisConfiguration.java:128] - addMappedStatement: com.xuecheng.content.mapper.CoursePublishMapper.selectList
2025-04-16 22:18:08,712 DEBUG [main][MybatisConfiguration.java:128] - addMappedStatement: com.xuecheng.content.mapper.CoursePublishMapper.selectPage
2025-04-16 22:18:08,712 DEBUG [main][MybatisConfiguration.java:128] - addMappedStatement: com.xuecheng.content.mapper.CoursePublishMapper.selectPage
2025-04-16 22:18:08,712 DEBUG [main][DefaultSingletonBeanRegistry.java:225] - Creating shared instance of singleton bean 'coursePublishPreMapper'
2025-04-16 22:18:08,712 DEBUG [main][DefaultSingletonBeanRegistry.java:225] - Creating shared instance of singleton bean 'coursePublishPreMapper'
2025-04-16 22:18:08,722 DEBUG [main][MybatisConfiguration.java:128] - addMappedStatement: com.xuecheng.content.mapper.CoursePublishPreMapper.insert
2025-04-16 22:18:08,722 DEBUG [main][MybatisConfiguration.java:128] - addMappedStatement: com.xuecheng.content.mapper.CoursePublishPreMapper.insert
2025-04-16 22:18:08,723 DEBUG [main][MybatisConfiguration.java:128] - addMappedStatement: com.xuecheng.content.mapper.CoursePublishPreMapper.delete
2025-04-16 22:18:08,723 DEBUG [main][MybatisConfiguration.java:128] - addMappedStatement: com.xuecheng.content.mapper.CoursePublishPreMapper.delete
2025-04-16 22:18:08,725 DEBUG [main][MybatisConfiguration.java:128] - addMappedStatement: com.xuecheng.content.mapper.CoursePublishPreMapper.deleteByMap
2025-04-16 22:18:08,725 DEBUG [main][MybatisConfiguration.java:128] - addMappedStatement: com.xuecheng.content.mapper.CoursePublishPreMapper.deleteByMap
2025-04-16 22:18:08,726 DEBUG [main][MybatisConfiguration.java:128] - addMappedStatement: com.xuecheng.content.mapper.CoursePublishPreMapper.deleteById
2025-04-16 22:18:08,726 DEBUG [main][MybatisConfiguration.java:128] - addMappedStatement: com.xuecheng.content.mapper.CoursePublishPreMapper.deleteById
2025-04-16 22:18:08,728 DEBUG [main][MybatisConfiguration.java:128] - addMappedStatement: com.xuecheng.content.mapper.CoursePublishPreMapper.deleteBatchIds
2025-04-16 22:18:08,728 DEBUG [main][MybatisConfiguration.java:128] - addMappedStatement: com.xuecheng.content.mapper.CoursePublishPreMapper.deleteBatchIds
2025-04-16 22:18:08,729 DEBUG [main][MybatisConfiguration.java:128] - addMappedStatement: com.xuecheng.content.mapper.CoursePublishPreMapper.update
2025-04-16 22:18:08,729 DEBUG [main][MybatisConfiguration.java:128] - addMappedStatement: com.xuecheng.content.mapper.CoursePublishPreMapper.update
2025-04-16 22:18:08,730 DEBUG [main][MybatisConfiguration.java:128] - addMappedStatement: com.xuecheng.content.mapper.CoursePublishPreMapper.updateById
2025-04-16 22:18:08,730 DEBUG [main][MybatisConfiguration.java:128] - addMappedStatement: com.xuecheng.content.mapper.CoursePublishPreMapper.updateById
2025-04-16 22:18:08,731 DEBUG [main][MybatisConfiguration.java:128] - addMappedStatement: com.xuecheng.content.mapper.CoursePublishPreMapper.selectById
2025-04-16 22:18:08,731 DEBUG [main][MybatisConfiguration.java:128] - addMappedStatement: com.xuecheng.content.mapper.CoursePublishPreMapper.selectById
2025-04-16 22:18:08,731 DEBUG [main][MybatisConfiguration.java:128] - addMappedStatement: com.xuecheng.content.mapper.CoursePublishPreMapper.selectBatchIds
2025-04-16 22:18:08,731 DEBUG [main][MybatisConfiguration.java:128] - addMappedStatement: com.xuecheng.content.mapper.CoursePublishPreMapper.selectBatchIds
2025-04-16 22:18:08,732 DEBUG [main][MybatisConfiguration.java:128] - addMappedStatement: com.xuecheng.content.mapper.CoursePublishPreMapper.selectByMap
2025-04-16 22:18:08,732 DEBUG [main][MybatisConfiguration.java:128] - addMappedStatement: com.xuecheng.content.mapper.CoursePublishPreMapper.selectByMap
2025-04-16 22:18:08,733 DEBUG [main][MybatisConfiguration.java:128] - addMappedStatement: com.xuecheng.content.mapper.CoursePublishPreMapper.selectOne
2025-04-16 22:18:08,733 DEBUG [main][MybatisConfiguration.java:128] - addMappedStatement: com.xuecheng.content.mapper.CoursePublishPreMapper.selectOne
2025-04-16 22:18:08,734 DEBUG [main][MybatisConfiguration.java:128] - addMappedStatement: com.xuecheng.content.mapper.CoursePublishPreMapper.selectCount
2025-04-16 22:18:08,734 DEBUG [main][MybatisConfiguration.java:128] - addMappedStatement: com.xuecheng.content.mapper.CoursePublishPreMapper.selectCount
2025-04-16 22:18:08,735 DEBUG [main][MybatisConfiguration.java:128] - addMappedStatement: com.xuecheng.content.mapper.CoursePublishPreMapper.selectMaps
2025-04-16 22:18:08,735 DEBUG [main][MybatisConfiguration.java:128] - addMappedStatement: com.xuecheng.content.mapper.CoursePublishPreMapper.selectMaps
2025-04-16 22:18:08,736 DEBUG [main][MybatisConfiguration.java:128] - addMappedStatement: com.xuecheng.content.mapper.CoursePublishPreMapper.selectMapsPage
2025-04-16 22:18:08,736 DEBUG [main][MybatisConfiguration.java:128] - addMappedStatement: com.xuecheng.content.mapper.CoursePublishPreMapper.selectMapsPage
2025-04-16 22:18:08,737 DEBUG [main][MybatisConfiguration.java:128] - addMappedStatement: com.xuecheng.content.mapper.CoursePublishPreMapper.selectObjs
2025-04-16 22:18:08,737 DEBUG [main][MybatisConfiguration.java:128] - addMappedStatement: com.xuecheng.content.mapper.CoursePublishPreMapper.selectObjs
2025-04-16 22:18:08,739 DEBUG [main][MybatisConfiguration.java:128] - addMappedStatement: com.xuecheng.content.mapper.CoursePublishPreMapper.selectList
2025-04-16 22:18:08,739 DEBUG [main][MybatisConfiguration.java:128] - addMappedStatement: com.xuecheng.content.mapper.CoursePublishPreMapper.selectList
2025-04-16 22:18:08,741 DEBUG [main][MybatisConfiguration.java:128] - addMappedStatement: com.xuecheng.content.mapper.CoursePublishPreMapper.selectPage
2025-04-16 22:18:08,741 DEBUG [main][MybatisConfiguration.java:128] - addMappedStatement: com.xuecheng.content.mapper.CoursePublishPreMapper.selectPage
2025-04-16 22:18:08,741 DEBUG [main][DefaultSingletonBeanRegistry.java:225] - Creating shared instance of singleton bean 'courseTeacherMapper'
2025-04-16 22:18:08,741 DEBUG [main][DefaultSingletonBeanRegistry.java:225] - Creating shared instance of singleton bean 'courseTeacherMapper'
2025-04-16 22:18:08,750 DEBUG [main][MybatisConfiguration.java:128] - addMappedStatement: com.xuecheng.content.mapper.CourseTeacherMapper.insert
2025-04-16 22:18:08,750 DEBUG [main][MybatisConfiguration.java:128] - addMappedStatement: com.xuecheng.content.mapper.CourseTeacherMapper.insert
2025-04-16 22:18:08,751 DEBUG [main][MybatisConfiguration.java:128] - addMappedStatement: com.xuecheng.content.mapper.CourseTeacherMapper.delete
2025-04-16 22:18:08,751 DEBUG [main][MybatisConfiguration.java:128] - addMappedStatement: com.xuecheng.content.mapper.CourseTeacherMapper.delete
2025-04-16 22:18:08,752 DEBUG [main][MybatisConfiguration.java:128] - addMappedStatement: com.xuecheng.content.mapper.CourseTeacherMapper.deleteByMap
2025-04-16 22:18:08,752 DEBUG [main][MybatisConfiguration.java:128] - addMappedStatement: com.xuecheng.content.mapper.CourseTeacherMapper.deleteByMap
2025-04-16 22:18:08,753 DEBUG [main][MybatisConfiguration.java:128] - addMappedStatement: com.xuecheng.content.mapper.CourseTeacherMapper.deleteById
2025-04-16 22:18:08,753 DEBUG [main][MybatisConfiguration.java:128] - addMappedStatement: com.xuecheng.content.mapper.CourseTeacherMapper.deleteById
2025-04-16 22:18:08,754 DEBUG [main][MybatisConfiguration.java:128] - addMappedStatement: com.xuecheng.content.mapper.CourseTeacherMapper.deleteBatchIds
2025-04-16 22:18:08,754 DEBUG [main][MybatisConfiguration.java:128] - addMappedStatement: com.xuecheng.content.mapper.CourseTeacherMapper.deleteBatchIds
2025-04-16 22:18:08,756 DEBUG [main][MybatisConfiguration.java:128] - addMappedStatement: com.xuecheng.content.mapper.CourseTeacherMapper.update
2025-04-16 22:18:08,756 DEBUG [main][MybatisConfiguration.java:128] - addMappedStatement: com.xuecheng.content.mapper.CourseTeacherMapper.update
2025-04-16 22:18:08,758 DEBUG [main][MybatisConfiguration.java:128] - addMappedStatement: com.xuecheng.content.mapper.CourseTeacherMapper.updateById
2025-04-16 22:18:08,758 DEBUG [main][MybatisConfiguration.java:128] - addMappedStatement: com.xuecheng.content.mapper.CourseTeacherMapper.updateById
2025-04-16 22:18:08,758 DEBUG [main][MybatisConfiguration.java:128] - addMappedStatement: com.xuecheng.content.mapper.CourseTeacherMapper.selectById
2025-04-16 22:18:08,758 DEBUG [main][MybatisConfiguration.java:128] - addMappedStatement: com.xuecheng.content.mapper.CourseTeacherMapper.selectById
2025-04-16 22:18:08,759 DEBUG [main][MybatisConfiguration.java:128] - addMappedStatement: com.xuecheng.content.mapper.CourseTeacherMapper.selectBatchIds
2025-04-16 22:18:08,759 DEBUG [main][MybatisConfiguration.java:128] - addMappedStatement: com.xuecheng.content.mapper.CourseTeacherMapper.selectBatchIds
2025-04-16 22:18:08,760 DEBUG [main][MybatisConfiguration.java:128] - addMappedStatement: com.xuecheng.content.mapper.CourseTeacherMapper.selectByMap
2025-04-16 22:18:08,760 DEBUG [main][MybatisConfiguration.java:128] - addMappedStatement: com.xuecheng.content.mapper.CourseTeacherMapper.selectByMap
2025-04-16 22:18:08,761 DEBUG [main][MybatisConfiguration.java:128] - addMappedStatement: com.xuecheng.content.mapper.CourseTeacherMapper.selectOne
2025-04-16 22:18:08,761 DEBUG [main][MybatisConfiguration.java:128] - addMappedStatement: com.xuecheng.content.mapper.CourseTeacherMapper.selectOne
2025-04-16 22:18:08,763 DEBUG [main][MybatisConfiguration.java:128] - addMappedStatement: com.xuecheng.content.mapper.CourseTeacherMapper.selectCount
2025-04-16 22:18:08,763 DEBUG [main][MybatisConfiguration.java:128] - addMappedStatement: com.xuecheng.content.mapper.CourseTeacherMapper.selectCount
2025-04-16 22:18:08,764 DEBUG [main][MybatisConfiguration.java:128] - addMappedStatement: com.xuecheng.content.mapper.CourseTeacherMapper.selectMaps
2025-04-16 22:18:08,764 DEBUG [main][MybatisConfiguration.java:128] - addMappedStatement: com.xuecheng.content.mapper.CourseTeacherMapper.selectMaps
2025-04-16 22:18:08,765 DEBUG [main][MybatisConfiguration.java:128] - addMappedStatement: com.xuecheng.content.mapper.CourseTeacherMapper.selectMapsPage
2025-04-16 22:18:08,765 DEBUG [main][MybatisConfiguration.java:128] - addMappedStatement: com.xuecheng.content.mapper.CourseTeacherMapper.selectMapsPage
2025-04-16 22:18:08,771 DEBUG [main][MybatisConfiguration.java:128] - addMappedStatement: com.xuecheng.content.mapper.CourseTeacherMapper.selectObjs
2025-04-16 22:18:08,771 DEBUG [main][MybatisConfiguration.java:128] - addMappedStatement: com.xuecheng.content.mapper.CourseTeacherMapper.selectObjs
2025-04-16 22:18:08,772 DEBUG [main][MybatisConfiguration.java:128] - addMappedStatement: com.xuecheng.content.mapper.CourseTeacherMapper.selectList
2025-04-16 22:18:08,772 DEBUG [main][MybatisConfiguration.java:128] - addMappedStatement: com.xuecheng.content.mapper.CourseTeacherMapper.selectList
2025-04-16 22:18:08,773 DEBUG [main][MybatisConfiguration.java:128] - addMappedStatement: com.xuecheng.content.mapper.CourseTeacherMapper.selectPage
2025-04-16 22:18:08,773 DEBUG [main][MybatisConfiguration.java:128] - addMappedStatement: com.xuecheng.content.mapper.CourseTeacherMapper.selectPage
2025-04-16 22:18:08,774 DEBUG [main][DefaultSingletonBeanRegistry.java:225] - Creating shared instance of singleton bean 'teachplanMapper'
2025-04-16 22:18:08,774 DEBUG [main][DefaultSingletonBeanRegistry.java:225] - Creating shared instance of singleton bean 'teachplanMapper'
2025-04-16 22:18:08,781 DEBUG [main][MybatisConfiguration.java:128] - addMappedStatement: com.xuecheng.content.mapper.TeachplanMapper.insert
2025-04-16 22:18:08,781 DEBUG [main][MybatisConfiguration.java:128] - addMappedStatement: com.xuecheng.content.mapper.TeachplanMapper.insert
2025-04-16 22:18:08,783 DEBUG [main][MybatisConfiguration.java:128] - addMappedStatement: com.xuecheng.content.mapper.TeachplanMapper.delete
2025-04-16 22:18:08,783 DEBUG [main][MybatisConfiguration.java:128] - addMappedStatement: com.xuecheng.content.mapper.TeachplanMapper.delete
2025-04-16 22:18:08,785 DEBUG [main][MybatisConfiguration.java:128] - addMappedStatement: com.xuecheng.content.mapper.TeachplanMapper.deleteByMap
2025-04-16 22:18:08,785 DEBUG [main][MybatisConfiguration.java:128] - addMappedStatement: com.xuecheng.content.mapper.TeachplanMapper.deleteByMap
2025-04-16 22:18:08,786 DEBUG [main][MybatisConfiguration.java:128] - addMappedStatement: com.xuecheng.content.mapper.TeachplanMapper.deleteById
2025-04-16 22:18:08,786 DEBUG [main][MybatisConfiguration.java:128] - addMappedStatement: com.xuecheng.content.mapper.TeachplanMapper.deleteById
2025-04-16 22:18:08,787 DEBUG [main][MybatisConfiguration.java:128] - addMappedStatement: com.xuecheng.content.mapper.TeachplanMapper.deleteBatchIds
2025-04-16 22:18:08,787 DEBUG [main][MybatisConfiguration.java:128] - addMappedStatement: com.xuecheng.content.mapper.TeachplanMapper.deleteBatchIds
2025-04-16 22:18:08,789 DEBUG [main][MybatisConfiguration.java:128] - addMappedStatement: com.xuecheng.content.mapper.TeachplanMapper.update
2025-04-16 22:18:08,789 DEBUG [main][MybatisConfiguration.java:128] - addMappedStatement: com.xuecheng.content.mapper.TeachplanMapper.update
2025-04-16 22:18:08,789 DEBUG [main][MybatisConfiguration.java:128] - addMappedStatement: com.xuecheng.content.mapper.TeachplanMapper.updateById
2025-04-16 22:18:08,789 DEBUG [main][MybatisConfiguration.java:128] - addMappedStatement: com.xuecheng.content.mapper.TeachplanMapper.updateById
2025-04-16 22:18:08,790 DEBUG [main][MybatisConfiguration.java:128] - addMappedStatement: com.xuecheng.content.mapper.TeachplanMapper.selectById
2025-04-16 22:18:08,790 DEBUG [main][MybatisConfiguration.java:128] - addMappedStatement: com.xuecheng.content.mapper.TeachplanMapper.selectById
2025-04-16 22:18:08,791 DEBUG [main][MybatisConfiguration.java:128] - addMappedStatement: com.xuecheng.content.mapper.TeachplanMapper.selectBatchIds
2025-04-16 22:18:08,791 DEBUG [main][MybatisConfiguration.java:128] - addMappedStatement: com.xuecheng.content.mapper.TeachplanMapper.selectBatchIds
2025-04-16 22:18:08,793 DEBUG [main][MybatisConfiguration.java:128] - addMappedStatement: com.xuecheng.content.mapper.TeachplanMapper.selectByMap
2025-04-16 22:18:08,793 DEBUG [main][MybatisConfiguration.java:128] - addMappedStatement: com.xuecheng.content.mapper.TeachplanMapper.selectByMap
2025-04-16 22:18:08,794 DEBUG [main][MybatisConfiguration.java:128] - addMappedStatement: com.xuecheng.content.mapper.TeachplanMapper.selectOne
2025-04-16 22:18:08,794 DEBUG [main][MybatisConfiguration.java:128] - addMappedStatement: com.xuecheng.content.mapper.TeachplanMapper.selectOne
2025-04-16 22:18:08,795 DEBUG [main][MybatisConfiguration.java:128] - addMappedStatement: com.xuecheng.content.mapper.TeachplanMapper.selectCount
2025-04-16 22:18:08,795 DEBUG [main][MybatisConfiguration.java:128] - addMappedStatement: com.xuecheng.content.mapper.TeachplanMapper.selectCount
2025-04-16 22:18:08,796 DEBUG [main][MybatisConfiguration.java:128] - addMappedStatement: com.xuecheng.content.mapper.TeachplanMapper.selectMaps
2025-04-16 22:18:08,796 DEBUG [main][MybatisConfiguration.java:128] - addMappedStatement: com.xuecheng.content.mapper.TeachplanMapper.selectMaps
2025-04-16 22:18:08,797 DEBUG [main][MybatisConfiguration.java:128] - addMappedStatement: com.xuecheng.content.mapper.TeachplanMapper.selectMapsPage
2025-04-16 22:18:08,797 DEBUG [main][MybatisConfiguration.java:128] - addMappedStatement: com.xuecheng.content.mapper.TeachplanMapper.selectMapsPage
2025-04-16 22:18:08,799 DEBUG [main][MybatisConfiguration.java:128] - addMappedStatement: com.xuecheng.content.mapper.TeachplanMapper.selectObjs
2025-04-16 22:18:08,799 DEBUG [main][MybatisConfiguration.java:128] - addMappedStatement: com.xuecheng.content.mapper.TeachplanMapper.selectObjs
2025-04-16 22:18:08,800 DEBUG [main][MybatisConfiguration.java:128] - addMappedStatement: com.xuecheng.content.mapper.TeachplanMapper.selectList
2025-04-16 22:18:08,800 DEBUG [main][MybatisConfiguration.java:128] - addMappedStatement: com.xuecheng.content.mapper.TeachplanMapper.selectList
2025-04-16 22:18:08,801 DEBUG [main][MybatisConfiguration.java:128] - addMappedStatement: com.xuecheng.content.mapper.TeachplanMapper.selectPage
2025-04-16 22:18:08,801 DEBUG [main][MybatisConfiguration.java:128] - addMappedStatement: com.xuecheng.content.mapper.TeachplanMapper.selectPage
2025-04-16 22:18:08,801 DEBUG [main][DefaultSingletonBeanRegistry.java:225] - Creating shared instance of singleton bean 'teachplanMediaMapper'
2025-04-16 22:18:08,801 DEBUG [main][DefaultSingletonBeanRegistry.java:225] - Creating shared instance of singleton bean 'teachplanMediaMapper'
2025-04-16 22:18:08,807 DEBUG [main][MybatisConfiguration.java:128] - addMappedStatement: com.xuecheng.content.mapper.TeachplanMediaMapper.insert
2025-04-16 22:18:08,807 DEBUG [main][MybatisConfiguration.java:128] - addMappedStatement: com.xuecheng.content.mapper.TeachplanMediaMapper.insert
2025-04-16 22:18:08,809 DEBUG [main][MybatisConfiguration.java:128] - addMappedStatement: com.xuecheng.content.mapper.TeachplanMediaMapper.delete
2025-04-16 22:18:08,809 DEBUG [main][MybatisConfiguration.java:128] - addMappedStatement: com.xuecheng.content.mapper.TeachplanMediaMapper.delete
2025-04-16 22:18:08,811 DEBUG [main][MybatisConfiguration.java:128] - addMappedStatement: com.xuecheng.content.mapper.TeachplanMediaMapper.deleteByMap
2025-04-16 22:18:08,811 DEBUG [main][MybatisConfiguration.java:128] - addMappedStatement: com.xuecheng.content.mapper.TeachplanMediaMapper.deleteByMap
2025-04-16 22:18:08,811 DEBUG [main][MybatisConfiguration.java:128] - addMappedStatement: com.xuecheng.content.mapper.TeachplanMediaMapper.deleteById
2025-04-16 22:18:08,811 DEBUG [main][MybatisConfiguration.java:128] - addMappedStatement: com.xuecheng.content.mapper.TeachplanMediaMapper.deleteById
2025-04-16 22:18:08,812 DEBUG [main][MybatisConfiguration.java:128] - addMappedStatement: com.xuecheng.content.mapper.TeachplanMediaMapper.deleteBatchIds
2025-04-16 22:18:08,812 DEBUG [main][MybatisConfiguration.java:128] - addMappedStatement: com.xuecheng.content.mapper.TeachplanMediaMapper.deleteBatchIds
2025-04-16 22:18:08,813 DEBUG [main][MybatisConfiguration.java:128] - addMappedStatement: com.xuecheng.content.mapper.TeachplanMediaMapper.update
2025-04-16 22:18:08,813 DEBUG [main][MybatisConfiguration.java:128] - addMappedStatement: com.xuecheng.content.mapper.TeachplanMediaMapper.update
2025-04-16 22:18:08,814 DEBUG [main][MybatisConfiguration.java:128] - addMappedStatement: com.xuecheng.content.mapper.TeachplanMediaMapper.updateById
2025-04-16 22:18:08,814 DEBUG [main][MybatisConfiguration.java:128] - addMappedStatement: com.xuecheng.content.mapper.TeachplanMediaMapper.updateById
2025-04-16 22:18:08,814 DEBUG [main][MybatisConfiguration.java:128] - addMappedStatement: com.xuecheng.content.mapper.TeachplanMediaMapper.selectById
2025-04-16 22:18:08,814 DEBUG [main][MybatisConfiguration.java:128] - addMappedStatement: com.xuecheng.content.mapper.TeachplanMediaMapper.selectById
2025-04-16 22:18:08,816 DEBUG [main][MybatisConfiguration.java:128] - addMappedStatement: com.xuecheng.content.mapper.TeachplanMediaMapper.selectBatchIds
2025-04-16 22:18:08,816 DEBUG [main][MybatisConfiguration.java:128] - addMappedStatement: com.xuecheng.content.mapper.TeachplanMediaMapper.selectBatchIds
2025-04-16 22:18:08,817 DEBUG [main][MybatisConfiguration.java:128] - addMappedStatement: com.xuecheng.content.mapper.TeachplanMediaMapper.selectByMap
2025-04-16 22:18:08,817 DEBUG [main][MybatisConfiguration.java:128] - addMappedStatement: com.xuecheng.content.mapper.TeachplanMediaMapper.selectByMap
2025-04-16 22:18:08,819 DEBUG [main][MybatisConfiguration.java:128] - addMappedStatement: com.xuecheng.content.mapper.TeachplanMediaMapper.selectOne
2025-04-16 22:18:08,819 DEBUG [main][MybatisConfiguration.java:128] - addMappedStatement: com.xuecheng.content.mapper.TeachplanMediaMapper.selectOne
2025-04-16 22:18:08,820 DEBUG [main][MybatisConfiguration.java:128] - addMappedStatement: com.xuecheng.content.mapper.TeachplanMediaMapper.selectCount
2025-04-16 22:18:08,820 DEBUG [main][MybatisConfiguration.java:128] - addMappedStatement: com.xuecheng.content.mapper.TeachplanMediaMapper.selectCount
2025-04-16 22:18:08,821 DEBUG [main][MybatisConfiguration.java:128] - addMappedStatement: com.xuecheng.content.mapper.TeachplanMediaMapper.selectMaps
2025-04-16 22:18:08,821 DEBUG [main][MybatisConfiguration.java:128] - addMappedStatement: com.xuecheng.content.mapper.TeachplanMediaMapper.selectMaps
2025-04-16 22:18:08,822 DEBUG [main][MybatisConfiguration.java:128] - addMappedStatement: com.xuecheng.content.mapper.TeachplanMediaMapper.selectMapsPage
2025-04-16 22:18:08,822 DEBUG [main][MybatisConfiguration.java:128] - addMappedStatement: com.xuecheng.content.mapper.TeachplanMediaMapper.selectMapsPage
2025-04-16 22:18:08,825 DEBUG [main][MybatisConfiguration.java:128] - addMappedStatement: com.xuecheng.content.mapper.TeachplanMediaMapper.selectObjs
2025-04-16 22:18:08,825 DEBUG [main][MybatisConfiguration.java:128] - addMappedStatement: com.xuecheng.content.mapper.TeachplanMediaMapper.selectObjs
2025-04-16 22:18:08,827 DEBUG [main][MybatisConfiguration.java:128] - addMappedStatement: com.xuecheng.content.mapper.TeachplanMediaMapper.selectList
2025-04-16 22:18:08,827 DEBUG [main][MybatisConfiguration.java:128] - addMappedStatement: com.xuecheng.content.mapper.TeachplanMediaMapper.selectList
2025-04-16 22:18:08,829 DEBUG [main][MybatisConfiguration.java:128] - addMappedStatement: com.xuecheng.content.mapper.TeachplanMediaMapper.selectPage
2025-04-16 22:18:08,829 DEBUG [main][MybatisConfiguration.java:128] - addMappedStatement: com.xuecheng.content.mapper.TeachplanMediaMapper.selectPage
2025-04-16 22:18:08,837 DEBUG [main][MBeanExporter.java:434] - Registering beans for JMX exposure on startup
2025-04-16 22:18:08,837 DEBUG [main][MBeanExporter.java:434] - Registering beans for JMX exposure on startup
2025-04-16 22:18:08,837 DEBUG [main][MBeanExporter.java:541] - Autodetecting user-defined JMX MBeans
2025-04-16 22:18:08,837 DEBUG [main][MBeanExporter.java:541] - Autodetecting user-defined JMX MBeans
2025-04-16 22:18:08,847 DEBUG [main][MBeanExporter.java:896] - Bean with name 'dataSource' has been autodetected for JMX exposure
2025-04-16 22:18:08,847 DEBUG [main][MBeanExporter.java:896] - Bean with name 'dataSource' has been autodetected for JMX exposure
2025-04-16 22:18:08,854 DEBUG [main][MBeanExporter.java:896] - Bean with name 'refreshScope' has been autodetected for JMX exposure
2025-04-16 22:18:08,854 DEBUG [main][MBeanExporter.java:896] - Bean with name 'refreshScope' has been autodetected for JMX exposure
2025-04-16 22:18:08,855 DEBUG [main][MBeanExporter.java:896] - Bean with name 'configurationPropertiesRebinder' has been autodetected for JMX exposure
2025-04-16 22:18:08,855 DEBUG [main][MBeanExporter.java:896] - Bean with name 'configurationPropertiesRebinder' has been autodetected for JMX exposure
2025-04-16 22:18:08,855 DEBUG [main][MBeanExporter.java:896] - Bean with name 'environmentManager' has been autodetected for JMX exposure
2025-04-16 22:18:08,855 DEBUG [main][MBeanExporter.java:896] - Bean with name 'environmentManager' has been autodetected for JMX exposure
2025-04-16 22:18:08,857 DEBUG [main][MBeanExporter.java:676] - Located managed bean 'environmentManager': registering with JMX server as MBean [org.springframework.cloud.context.environment:name=environmentManager,type=EnvironmentManager]
2025-04-16 22:18:08,857 DEBUG [main][MBeanExporter.java:676] - Located managed bean 'environmentManager': registering with JMX server as MBean [org.springframework.cloud.context.environment:name=environmentManager,type=EnvironmentManager]
2025-04-16 22:18:08,870 DEBUG [main][MBeanExporter.java:676] - Located managed bean 'refreshScope': registering with JMX server as MBean [org.springframework.cloud.context.scope.refresh:name=refreshScope,type=RefreshScope]
2025-04-16 22:18:08,870 DEBUG [main][MBeanExporter.java:676] - Located managed bean 'refreshScope': registering with JMX server as MBean [org.springframework.cloud.context.scope.refresh:name=refreshScope,type=RefreshScope]
2025-04-16 22:18:08,879 DEBUG [main][MBeanExporter.java:676] - Located managed bean 'configurationPropertiesRebinder': registering with JMX server as MBean [org.springframework.cloud.context.properties:name=configurationPropertiesRebinder,context=7ec3394b,type=ConfigurationPropertiesRebinder]
2025-04-16 22:18:08,879 DEBUG [main][MBeanExporter.java:676] - Located managed bean 'configurationPropertiesRebinder': registering with JMX server as MBean [org.springframework.cloud.context.properties:name=configurationPropertiesRebinder,context=7ec3394b,type=ConfigurationPropertiesRebinder]
2025-04-16 22:18:08,887 DEBUG [main][MBeanExporter.java:669] - Located MBean 'dataSource': registering with JMX server as MBean [com.zaxxer.hikari:name=dataSource,type=HikariDataSource]
2025-04-16 22:18:08,887 DEBUG [main][MBeanExporter.java:669] - Located MBean 'dataSource': registering with JMX server as MBean [com.zaxxer.hikari:name=dataSource,type=HikariDataSource]
2025-04-16 22:18:08,889 DEBUG [main][DefaultLifecycleProcessor.java:356] - Starting beans in phase 2147483646
2025-04-16 22:18:08,889 DEBUG [main][DefaultLifecycleProcessor.java:356] - Starting beans in phase 2147483646
2025-04-16 22:18:08,889 INFO [main][DirectJDKLog.java:173] - Starting ProtocolHandler ["http-nio-63040"]
2025-04-16 22:18:08,889 INFO [main][DirectJDKLog.java:173] - Starting ProtocolHandler ["http-nio-63040"]
2025-04-16 22:18:08,905 INFO [main][TomcatWebServer.java:220] - Tomcat started on port(s): 63040 (http) with context path '/content'
2025-04-16 22:18:08,905 INFO [main][TomcatWebServer.java:220] - Tomcat started on port(s): 63040 (http) with context path '/content'
2025-04-16 22:18:08,906 DEBUG [main][DefaultLifecycleProcessor.java:188] - Successfully started bean 'webServerStartStop'
2025-04-16 22:18:08,906 DEBUG [main][DefaultLifecycleProcessor.java:188] - Successfully started bean 'webServerStartStop'
2025-04-16 22:18:08,906 DEBUG [main][DefaultLifecycleProcessor.java:356] - Starting beans in phase 2147483647
2025-04-16 22:18:08,906 DEBUG [main][DefaultLifecycleProcessor.java:356] - Starting beans in phase 2147483647
2025-04-16 22:18:08,906 INFO [main][DocumentationPluginsBootstrapper.java:160] - Context refreshed
2025-04-16 22:18:08,906 INFO [main][DocumentationPluginsBootstrapper.java:160] - Context refreshed
2025-04-16 22:18:08,915 INFO [main][DocumentationPluginsBootstrapper.java:163] - Found 1 custom documentation plugin(s)
2025-04-16 22:18:08,915 INFO [main][DocumentationPluginsBootstrapper.java:163] - Found 1 custom documentation plugin(s)
2025-04-16 22:18:08,939 INFO [main][ApiListingReferenceScanner.java:41] - Scanning for api listing references
2025-04-16 22:18:08,939 INFO [main][ApiListingReferenceScanner.java:41] - Scanning for api listing references
2025-04-16 22:18:09,087 DEBUG [main][DefaultLifecycleProcessor.java:188] - Successfully started bean 'documentationPluginsBootstrapper'
2025-04-16 22:18:09,087 DEBUG [main][DefaultLifecycleProcessor.java:188] - Successfully started bean 'documentationPluginsBootstrapper'
2025-04-16 22:18:09,087 DEBUG [main][DefaultLifecycleProcessor.java:188] - Successfully started bean 'webServerGracefulShutdown'
2025-04-16 22:18:09,087 DEBUG [main][DefaultLifecycleProcessor.java:188] - Successfully started bean 'webServerGracefulShutdown'
2025-04-16 22:18:09,094 DEBUG [main][ConditionEvaluationReportLoggingListener.java:126] - 


============================
CONDITIONS EVALUATION REPORT
============================


Positive matches:
-----------------

   AopAutoConfiguration matched:
      - @ConditionalOnProperty (spring.aop.auto=true) matched (OnPropertyCondition)

   AopAutoConfiguration.ClassProxyingConfiguration matched:
      - @ConditionalOnMissingClass did not find unwanted class 'org.aspectj.weaver.Advice' (OnClassCondition)
      - @ConditionalOnProperty (spring.aop.proxy-target-class=true) matched (OnPropertyCondition)

   ConfigurationPropertiesRebinderAutoConfiguration matched:
      - @ConditionalOnBean (types: org.springframework.boot.context.properties.ConfigurationPropertiesBindingPostProcessor; SearchStrategy: all) found bean 'org.springframework.boot.context.properties.ConfigurationPropertiesBindingPostProcessor' (OnBeanCondition)

   ConfigurationPropertiesRebinderAutoConfiguration#configurationPropertiesBeans matched:
      - @ConditionalOnMissingBean (types: org.springframework.cloud.context.properties.ConfigurationPropertiesBeans; SearchStrategy: current) did not find any beans (OnBeanCondition)

   ConfigurationPropertiesRebinderAutoConfiguration#configurationPropertiesRebinder matched:
      - @ConditionalOnMissingBean (types: org.springframework.cloud.context.properties.ConfigurationPropertiesRebinder; SearchStrategy: current) did not find any beans (OnBeanCondition)

   DataSourceAutoConfiguration matched:
      - @ConditionalOnClass found required classes 'javax.sql.DataSource', 'org.springframework.jdbc.datasource.embedded.EmbeddedDatabaseType' (OnClassCondition)
      - @ConditionalOnMissingBean (types: io.r2dbc.spi.ConnectionFactory; SearchStrategy: all) did not find any beans (OnBeanCondition)

   DataSourceAutoConfiguration.PooledDataSourceConfiguration matched:
      - AnyNestedCondition 1 matched 1 did not; NestedCondition on DataSourceAutoConfiguration.PooledDataSourceCondition.PooledDataSourceAvailable PooledDataSource found supported DataSource; NestedCondition on DataSourceAutoConfiguration.PooledDataSourceCondition.ExplicitType @ConditionalOnProperty (spring.datasource.type) did not find property 'type' (DataSourceAutoConfiguration.PooledDataSourceCondition)
      - @ConditionalOnMissingBean (types: javax.sql.DataSource,javax.sql.XADataSource; SearchStrategy: all) did not find any beans (OnBeanCondition)

   DataSourceConfiguration.Hikari matched:
      - @ConditionalOnClass found required class 'com.zaxxer.hikari.HikariDataSource' (OnClassCondition)
      - @ConditionalOnProperty (spring.datasource.type=com.zaxxer.hikari.HikariDataSource) matched (OnPropertyCondition)
      - @ConditionalOnMissingBean (types: javax.sql.DataSource; SearchStrategy: all) did not find any beans (OnBeanCondition)

   DataSourceJmxConfiguration matched:
      - @ConditionalOnProperty (spring.jmx.enabled=true) matched (OnPropertyCondition)

   DataSourceJmxConfiguration.Hikari matched:
      - @ConditionalOnClass found required class 'com.zaxxer.hikari.HikariDataSource' (OnClassCondition)
      - @ConditionalOnSingleCandidate (types: javax.sql.DataSource; SearchStrategy: all) found a primary bean from beans 'dataSource' (OnBeanCondition)

   DataSourcePoolMetadataProvidersConfiguration.HikariPoolDataSourceMetadataProviderConfiguration matched:
      - @ConditionalOnClass found required class 'com.zaxxer.hikari.HikariDataSource' (OnClassCondition)

   DataSourceTransactionManagerAutoConfiguration matched:
      - @ConditionalOnClass found required classes 'org.springframework.jdbc.core.JdbcTemplate', 'org.springframework.transaction.PlatformTransactionManager' (OnClassCondition)

   DataSourceTransactionManagerAutoConfiguration.DataSourceTransactionManagerConfiguration matched:
      - @ConditionalOnSingleCandidate (types: javax.sql.DataSource; SearchStrategy: all) found a primary bean from beans 'dataSource' (OnBeanCondition)

   DataSourceTransactionManagerAutoConfiguration.DataSourceTransactionManagerConfiguration#transactionManager matched:
      - @ConditionalOnMissingBean (types: org.springframework.transaction.PlatformTransactionManager; SearchStrategy: all) did not find any beans (OnBeanCondition)

   DispatcherServletAutoConfiguration matched:
      - @ConditionalOnClass found required class 'org.springframework.web.servlet.DispatcherServlet' (OnClassCondition)
      - found 'session' scope (OnWebApplicationCondition)

   DispatcherServletAutoConfiguration.DispatcherServletConfiguration matched:
      - @ConditionalOnClass found required class 'javax.servlet.ServletRegistration' (OnClassCondition)
      - Default DispatcherServlet did not find dispatcher servlet beans (DispatcherServletAutoConfiguration.DefaultDispatcherServletCondition)

   DispatcherServletAutoConfiguration.DispatcherServletRegistrationConfiguration matched:
      - @ConditionalOnClass found required class 'javax.servlet.ServletRegistration' (OnClassCondition)
      - DispatcherServlet Registration did not find servlet registration bean (DispatcherServletAutoConfiguration.DispatcherServletRegistrationCondition)

   DispatcherServletAutoConfiguration.DispatcherServletRegistrationConfiguration#dispatcherServletRegistration matched:
      - @ConditionalOnBean (names: dispatcherServlet types: org.springframework.web.servlet.DispatcherServlet; SearchStrategy: all) found bean 'dispatcherServlet' (OnBeanCondition)

   EmbeddedWebServerFactoryCustomizerAutoConfiguration matched:
      - @ConditionalOnWebApplication (required) found 'session' scope (OnWebApplicationCondition)

   EmbeddedWebServerFactoryCustomizerAutoConfiguration.TomcatWebServerFactoryCustomizerConfiguration matched:
      - @ConditionalOnClass found required classes 'org.apache.catalina.startup.Tomcat', 'org.apache.coyote.UpgradeProtocol' (OnClassCondition)

   ErrorMvcAutoConfiguration matched:
      - @ConditionalOnClass found required classes 'javax.servlet.Servlet', 'org.springframework.web.servlet.DispatcherServlet' (OnClassCondition)
      - found 'session' scope (OnWebApplicationCondition)

   ErrorMvcAutoConfiguration#basicErrorController matched:
      - @ConditionalOnMissingBean (types: org.springframework.boot.web.servlet.error.ErrorController; SearchStrategy: current) did not find any beans (OnBeanCondition)

   ErrorMvcAutoConfiguration#errorAttributes matched:
      - @ConditionalOnMissingBean (types: org.springframework.boot.web.servlet.error.ErrorAttributes; SearchStrategy: current) did not find any beans (OnBeanCondition)

   ErrorMvcAutoConfiguration.DefaultErrorViewResolverConfiguration#conventionErrorViewResolver matched:
      - @ConditionalOnBean (types: org.springframework.web.servlet.DispatcherServlet; SearchStrategy: all) found bean 'dispatcherServlet'; @ConditionalOnMissingBean (types: org.springframework.boot.autoconfigure.web.servlet.error.ErrorViewResolver; SearchStrategy: all) did not find any beans (OnBeanCondition)

   ErrorMvcAutoConfiguration.WhitelabelErrorViewConfiguration matched:
      - @ConditionalOnProperty (server.error.whitelabel.enabled) matched (OnPropertyCondition)
      - ErrorTemplate Missing did not find error template view (ErrorMvcAutoConfiguration.ErrorTemplateMissingCondition)

   ErrorMvcAutoConfiguration.WhitelabelErrorViewConfiguration#beanNameViewResolver matched:
      - @ConditionalOnMissingBean (types: org.springframework.web.servlet.view.BeanNameViewResolver; SearchStrategy: all) did not find any beans (OnBeanCondition)

   ErrorMvcAutoConfiguration.WhitelabelErrorViewConfiguration#defaultErrorView matched:
      - @ConditionalOnMissingBean (names: error; SearchStrategy: all) did not find any beans (OnBeanCondition)

   GenericCacheConfiguration matched:
      - Cache org.springframework.boot.autoconfigure.cache.GenericCacheConfiguration automatic cache type (CacheCondition)

   HttpEncodingAutoConfiguration matched:
      - @ConditionalOnClass found required class 'org.springframework.web.filter.CharacterEncodingFilter' (OnClassCondition)
      - found 'session' scope (OnWebApplicationCondition)
      - @ConditionalOnProperty (server.servlet.encoding.enabled) matched (OnPropertyCondition)

   HttpEncodingAutoConfiguration#characterEncodingFilter matched:
      - @ConditionalOnMissingBean (types: org.springframework.web.filter.CharacterEncodingFilter; SearchStrategy: all) did not find any beans (OnBeanCondition)

   HttpMessageConvertersAutoConfiguration matched:
      - @ConditionalOnClass found required class 'org.springframework.http.converter.HttpMessageConverter' (OnClassCondition)
      - NoneNestedConditions 0 matched 1 did not; NestedCondition on HttpMessageConvertersAutoConfiguration.NotReactiveWebApplicationCondition.ReactiveWebApplication did not find reactive web application classes (HttpMessageConvertersAutoConfiguration.NotReactiveWebApplicationCondition)

   HttpMessageConvertersAutoConfiguration#messageConverters matched:
      - @ConditionalOnMissingBean (types: org.springframework.boot.autoconfigure.http.HttpMessageConverters; SearchStrategy: all) did not find any beans (OnBeanCondition)

   HttpMessageConvertersAutoConfiguration.StringHttpMessageConverterConfiguration matched:
      - @ConditionalOnClass found required class 'org.springframework.http.converter.StringHttpMessageConverter' (OnClassCondition)

   HttpMessageConvertersAutoConfiguration.StringHttpMessageConverterConfiguration#stringHttpMessageConverter matched:
      - @ConditionalOnMissingBean (types: org.springframework.http.converter.StringHttpMessageConverter; SearchStrategy: all) did not find any beans (OnBeanCondition)

   JacksonAutoConfiguration matched:
      - @ConditionalOnClass found required class 'com.fasterxml.jackson.databind.ObjectMapper' (OnClassCondition)

   JacksonAutoConfiguration.Jackson2ObjectMapperBuilderCustomizerConfiguration matched:
      - @ConditionalOnClass found required class 'org.springframework.http.converter.json.Jackson2ObjectMapperBuilder' (OnClassCondition)

   JacksonAutoConfiguration.JacksonObjectMapperBuilderConfiguration matched:
      - @ConditionalOnClass found required class 'org.springframework.http.converter.json.Jackson2ObjectMapperBuilder' (OnClassCondition)

   JacksonAutoConfiguration.JacksonObjectMapperBuilderConfiguration#jacksonObjectMapperBuilder matched:
      - @ConditionalOnMissingBean (types: org.springframework.http.converter.json.Jackson2ObjectMapperBuilder; SearchStrategy: all) did not find any beans (OnBeanCondition)

   JacksonAutoConfiguration.JacksonObjectMapperConfiguration matched:
      - @ConditionalOnClass found required class 'org.springframework.http.converter.json.Jackson2ObjectMapperBuilder' (OnClassCondition)

   JacksonAutoConfiguration.JacksonObjectMapperConfiguration#jacksonObjectMapper matched:
      - @ConditionalOnMissingBean (types: com.fasterxml.jackson.databind.ObjectMapper; SearchStrategy: all) did not find any beans (OnBeanCondition)

   JacksonAutoConfiguration.ParameterNamesModuleConfiguration matched:
      - @ConditionalOnClass found required class 'com.fasterxml.jackson.module.paramnames.ParameterNamesModule' (OnClassCondition)

   JacksonAutoConfiguration.ParameterNamesModuleConfiguration#parameterNamesModule matched:
      - @ConditionalOnMissingBean (types: com.fasterxml.jackson.module.paramnames.ParameterNamesModule; SearchStrategy: all) did not find any beans (OnBeanCondition)

   JacksonHttpMessageConvertersConfiguration.MappingJackson2HttpMessageConverterConfiguration matched:
      - @ConditionalOnClass found required class 'com.fasterxml.jackson.databind.ObjectMapper' (OnClassCondition)
      - @ConditionalOnProperty (spring.mvc.converters.preferred-json-mapper=jackson) matched (OnPropertyCondition)
      - @ConditionalOnBean (types: com.fasterxml.jackson.databind.ObjectMapper; SearchStrategy: all) found bean 'jacksonObjectMapper' (OnBeanCondition)

   JacksonHttpMessageConvertersConfiguration.MappingJackson2HttpMessageConverterConfiguration#mappingJackson2HttpMessageConverter matched:
      - @ConditionalOnMissingBean (types: org.springframework.http.converter.json.MappingJackson2HttpMessageConverter ignored: org.springframework.hateoas.server.mvc.TypeConstrainedMappingJackson2HttpMessageConverter,org.springframework.data.rest.webmvc.alps.AlpsJsonHttpMessageConverter; SearchStrategy: all) did not find any beans (OnBeanCondition)

   JdbcTemplateAutoConfiguration matched:
      - @ConditionalOnClass found required classes 'javax.sql.DataSource', 'org.springframework.jdbc.core.JdbcTemplate' (OnClassCondition)
      - @ConditionalOnSingleCandidate (types: javax.sql.DataSource; SearchStrategy: all) found a primary bean from beans 'dataSource' (OnBeanCondition)

   JdbcTemplateConfiguration matched:
      - @ConditionalOnMissingBean (types: org.springframework.jdbc.core.JdbcOperations; SearchStrategy: all) did not find any beans (OnBeanCondition)

   JmxAutoConfiguration matched:
      - @ConditionalOnClass found required class 'org.springframework.jmx.export.MBeanExporter' (OnClassCondition)
      - @ConditionalOnProperty (spring.jmx.enabled=true) matched (OnPropertyCondition)

   JmxAutoConfiguration#mbeanExporter matched:
      - @ConditionalOnMissingBean (types: org.springframework.jmx.export.MBeanExporter; SearchStrategy: current) did not find any beans (OnBeanCondition)

   JmxAutoConfiguration#mbeanServer matched:
      - @ConditionalOnMissingBean (types: javax.management.MBeanServer; SearchStrategy: all) did not find any beans (OnBeanCondition)

   JmxAutoConfiguration#objectNamingStrategy matched:
      - @ConditionalOnMissingBean (types: org.springframework.jmx.export.naming.ObjectNamingStrategy; SearchStrategy: current) did not find any beans (OnBeanCondition)

   LifecycleAutoConfiguration#defaultLifecycleProcessor matched:
      - @ConditionalOnMissingBean (names: lifecycleProcessor; SearchStrategy: current) did not find any beans (OnBeanCondition)

   LifecycleMvcEndpointAutoConfiguration#environmentManager matched:
      - @ConditionalOnMissingBean (types: org.springframework.cloud.context.environment.EnvironmentManager; SearchStrategy: all) did not find any beans (OnBeanCondition)

   MultipartAutoConfiguration matched:
      - @ConditionalOnClass found required classes 'javax.servlet.Servlet', 'org.springframework.web.multipart.support.StandardServletMultipartResolver', 'javax.servlet.MultipartConfigElement' (OnClassCondition)
      - found 'session' scope (OnWebApplicationCondition)
      - @ConditionalOnProperty (spring.servlet.multipart.enabled) matched (OnPropertyCondition)

   MultipartAutoConfiguration#multipartConfigElement matched:
      - @ConditionalOnMissingBean (types: javax.servlet.MultipartConfigElement,org.springframework.web.multipart.commons.CommonsMultipartResolver; SearchStrategy: all) did not find any beans (OnBeanCondition)

   MultipartAutoConfiguration#multipartResolver matched:
      - @ConditionalOnMissingBean (types: org.springframework.web.multipart.MultipartResolver; SearchStrategy: all) did not find any beans (OnBeanCondition)

   MybatisPlusAutoConfiguration matched:
      - @ConditionalOnClass found required classes 'org.apache.ibatis.session.SqlSessionFactory', 'org.mybatis.spring.SqlSessionFactoryBean' (OnClassCondition)
      - @ConditionalOnSingleCandidate (types: javax.sql.DataSource; SearchStrategy: all) found a primary bean from beans 'dataSource' (OnBeanCondition)

   MybatisPlusAutoConfiguration#sqlSessionFactory matched:
      - @ConditionalOnMissingBean (types: org.apache.ibatis.session.SqlSessionFactory; SearchStrategy: all) did not find any beans (OnBeanCondition)

   MybatisPlusAutoConfiguration#sqlSessionTemplate matched:
      - @ConditionalOnMissingBean (types: org.mybatis.spring.SqlSessionTemplate; SearchStrategy: all) did not find any beans (OnBeanCondition)

   MybatisPlusLanguageDriverAutoConfiguration matched:
      - @ConditionalOnClass found required class 'org.apache.ibatis.scripting.LanguageDriver' (OnClassCondition)

   NamedParameterJdbcTemplateConfiguration matched:
      - @ConditionalOnSingleCandidate (types: org.springframework.jdbc.core.JdbcTemplate; SearchStrategy: all) found a primary bean from beans 'jdbcTemplate'; @ConditionalOnMissingBean (types: org.springframework.jdbc.core.namedparam.NamedParameterJdbcOperations; SearchStrategy: all) did not find any beans (OnBeanCondition)

   NoOpCacheConfiguration matched:
      - Cache org.springframework.boot.autoconfigure.cache.NoOpCacheConfiguration automatic cache type (CacheCondition)

   PersistenceExceptionTranslationAutoConfiguration matched:
      - @ConditionalOnClass found required class 'org.springframework.dao.annotation.PersistenceExceptionTranslationPostProcessor' (OnClassCondition)

   PersistenceExceptionTranslationAutoConfiguration#persistenceExceptionTranslationPostProcessor matched:
      - @ConditionalOnProperty (spring.dao.exceptiontranslation.enabled) matched (OnPropertyCondition)
      - @ConditionalOnMissingBean (types: org.springframework.dao.annotation.PersistenceExceptionTranslationPostProcessor; SearchStrategy: all) did not find any beans (OnBeanCondition)

   PropertyPlaceholderAutoConfiguration#propertySourcesPlaceholderConfigurer matched:
      - @ConditionalOnMissingBean (types: org.springframework.context.support.PropertySourcesPlaceholderConfigurer; SearchStrategy: current) did not find any beans (OnBeanCondition)

   RefreshAutoConfiguration matched:
      - @ConditionalOnClass found required class 'org.springframework.cloud.context.scope.refresh.RefreshScope' (OnClassCondition)
      - @ConditionalOnProperty (spring.cloud.refresh.enabled) matched (OnPropertyCondition)

   RefreshAutoConfiguration#contextRefresher matched:
      - @ConditionalOnMissingBean (types: org.springframework.cloud.context.refresh.ContextRefresher; SearchStrategy: all) did not find any beans (OnBeanCondition)

   RefreshAutoConfiguration#loggingRebinder matched:
      - @ConditionalOnMissingBean (types: org.springframework.cloud.logging.LoggingRebinder; SearchStrategy: all) did not find any beans (OnBeanCondition)

   RefreshAutoConfiguration#refreshScope matched:
      - @ConditionalOnMissingBean (types: org.springframework.cloud.context.scope.refresh.RefreshScope; SearchStrategy: all) did not find any beans (OnBeanCondition)

   RestTemplateAutoConfiguration matched:
      - @ConditionalOnClass found required class 'org.springframework.web.client.RestTemplate' (OnClassCondition)
      - NoneNestedConditions 0 matched 1 did not; NestedCondition on RestTemplateAutoConfiguration.NotReactiveWebApplicationCondition.ReactiveWebApplication did not find reactive web application classes (RestTemplateAutoConfiguration.NotReactiveWebApplicationCondition)

   RestTemplateAutoConfiguration#restTemplateBuilder matched:
      - @ConditionalOnMissingBean (types: org.springframework.boot.web.client.RestTemplateBuilder; SearchStrategy: all) did not find any beans (OnBeanCondition)

   ServletWebServerFactoryAutoConfiguration matched:
      - @ConditionalOnClass found required class 'javax.servlet.ServletRequest' (OnClassCondition)
      - found 'session' scope (OnWebApplicationCondition)

   ServletWebServerFactoryAutoConfiguration#tomcatServletWebServerFactoryCustomizer matched:
      - @ConditionalOnClass found required class 'org.apache.catalina.startup.Tomcat' (OnClassCondition)

   ServletWebServerFactoryConfiguration.EmbeddedTomcat matched:
      - @ConditionalOnClass found required classes 'javax.servlet.Servlet', 'org.apache.catalina.startup.Tomcat', 'org.apache.coyote.UpgradeProtocol' (OnClassCondition)
      - @ConditionalOnMissingBean (types: org.springframework.boot.web.servlet.server.ServletWebServerFactory; SearchStrategy: current) did not find any beans (OnBeanCondition)

   SimpleCacheConfiguration matched:
      - Cache org.springframework.boot.autoconfigure.cache.SimpleCacheConfiguration automatic cache type (CacheCondition)

   SpringApplicationAdminJmxAutoConfiguration matched:
      - @ConditionalOnProperty (spring.application.admin.enabled=true) matched (OnPropertyCondition)

   SpringApplicationAdminJmxAutoConfiguration#springApplicationAdminRegistrar matched:
      - @ConditionalOnMissingBean (types: org.springframework.boot.admin.SpringApplicationAdminMXBeanRegistrar; SearchStrategy: all) did not find any beans (OnBeanCondition)

   Swagger2Configuration matched:
      - @ConditionalOnProperty (swagger.enabled) matched (OnPropertyCondition)

   Swagger2DocumentationConfiguration matched:
      - @ConditionalOnWebApplication (required) found 'session' scope (OnWebApplicationCondition)

   SwaggerAutoConfiguration#createRestApi matched:
      - @ConditionalOnProperty (swagger.enabled) matched (OnPropertyCondition)
      - @ConditionalOnBean (types: springfox.documentation.swagger.web.UiConfiguration; SearchStrategy: all) found bean 'uiConfiguration'; @ConditionalOnMissingBean (types: java.util.List; SearchStrategy: all) did not find any beans (OnBeanCondition)

   SwaggerAutoConfiguration#swaggerProperties matched:
      - @ConditionalOnMissingBean (types: com.spring4all.swagger.SwaggerProperties; SearchStrategy: all) did not find any beans (OnBeanCondition)

   TaskExecutionAutoConfiguration matched:
      - @ConditionalOnClass found required class 'org.springframework.scheduling.concurrent.ThreadPoolTaskExecutor' (OnClassCondition)

   TaskExecutionAutoConfiguration#applicationTaskExecutor matched:
      - @ConditionalOnMissingBean (types: java.util.concurrent.Executor; SearchStrategy: all) did not find any beans (OnBeanCondition)

   TaskExecutionAutoConfiguration#taskExecutorBuilder matched:
      - @ConditionalOnMissingBean (types: org.springframework.boot.task.TaskExecutorBuilder; SearchStrategy: all) did not find any beans (OnBeanCondition)

   TaskSchedulingAutoConfiguration matched:
      - @ConditionalOnClass found required class 'org.springframework.scheduling.concurrent.ThreadPoolTaskScheduler' (OnClassCondition)

   TaskSchedulingAutoConfiguration#taskSchedulerBuilder matched:
      - @ConditionalOnMissingBean (types: org.springframework.boot.task.TaskSchedulerBuilder; SearchStrategy: all) did not find any beans (OnBeanCondition)

   TransactionAutoConfiguration matched:
      - @ConditionalOnClass found required class 'org.springframework.transaction.PlatformTransactionManager' (OnClassCondition)

   TransactionAutoConfiguration#platformTransactionManagerCustomizers matched:
      - @ConditionalOnMissingBean (types: org.springframework.boot.autoconfigure.transaction.TransactionManagerCustomizers; SearchStrategy: all) did not find any beans (OnBeanCondition)

   TransactionAutoConfiguration.EnableTransactionManagementConfiguration matched:
      - @ConditionalOnBean (types: org.springframework.transaction.TransactionManager; SearchStrategy: all) found bean 'transactionManager'; @ConditionalOnMissingBean (types: org.springframework.transaction.annotation.AbstractTransactionManagementConfiguration; SearchStrategy: all) did not find any beans (OnBeanCondition)

   TransactionAutoConfiguration.EnableTransactionManagementConfiguration.CglibAutoProxyConfiguration matched:
      - @ConditionalOnProperty (spring.aop.proxy-target-class=true) matched (OnPropertyCondition)

   TransactionAutoConfiguration.TransactionTemplateConfiguration matched:
      - @ConditionalOnSingleCandidate (types: org.springframework.transaction.PlatformTransactionManager; SearchStrategy: all) found a primary bean from beans 'transactionManager' (OnBeanCondition)

   TransactionAutoConfiguration.TransactionTemplateConfiguration#transactionTemplate matched:
      - @ConditionalOnMissingBean (types: org.springframework.transaction.support.TransactionOperations; SearchStrategy: all) did not find any beans (OnBeanCondition)

   ValidationAutoConfiguration matched:
      - @ConditionalOnClass found required class 'javax.validation.executable.ExecutableValidator' (OnClassCondition)
      - @ConditionalOnResource found location classpath:META-INF/services/javax.validation.spi.ValidationProvider (OnResourceCondition)

   ValidationAutoConfiguration#defaultValidator matched:
      - @ConditionalOnMissingBean (types: javax.validation.Validator; SearchStrategy: all) did not find any beans (OnBeanCondition)

   ValidationAutoConfiguration#methodValidationPostProcessor matched:
      - @ConditionalOnMissingBean (types: org.springframework.validation.beanvalidation.MethodValidationPostProcessor; SearchStrategy: all) did not find any beans (OnBeanCondition)

   WebMvcAutoConfiguration matched:
      - @ConditionalOnClass found required classes 'javax.servlet.Servlet', 'org.springframework.web.servlet.DispatcherServlet', 'org.springframework.web.servlet.config.annotation.WebMvcConfigurer' (OnClassCondition)
      - found 'session' scope (OnWebApplicationCondition)
      - @ConditionalOnMissingBean (types: org.springframework.web.servlet.config.annotation.WebMvcConfigurationSupport; SearchStrategy: all) did not find any beans (OnBeanCondition)

   WebMvcAutoConfiguration#formContentFilter matched:
      - @ConditionalOnProperty (spring.mvc.formcontent.filter.enabled) matched (OnPropertyCondition)
      - @ConditionalOnMissingBean (types: org.springframework.web.filter.FormContentFilter; SearchStrategy: all) did not find any beans (OnBeanCondition)

   WebMvcAutoConfiguration.WebMvcAutoConfigurationAdapter#defaultViewResolver matched:
      - @ConditionalOnMissingBean (types: org.springframework.web.servlet.view.InternalResourceViewResolver; SearchStrategy: all) did not find any beans (OnBeanCondition)

   WebMvcAutoConfiguration.WebMvcAutoConfigurationAdapter#requestContextFilter matched:
      - @ConditionalOnMissingBean (types: org.springframework.web.context.request.RequestContextListener,org.springframework.web.filter.RequestContextFilter; SearchStrategy: all) did not find any beans (OnBeanCondition)

   WebMvcAutoConfiguration.WebMvcAutoConfigurationAdapter#viewResolver matched:
      - @ConditionalOnBean (types: org.springframework.web.servlet.ViewResolver; SearchStrategy: all) found beans 'defaultViewResolver', 'beanNameViewResolver', 'mvcViewResolver'; @ConditionalOnMissingBean (names: viewResolver types: org.springframework.web.servlet.view.ContentNegotiatingViewResolver; SearchStrategy: all) did not find any beans (OnBeanCondition)

   WebSocketServletAutoConfiguration matched:
      - @ConditionalOnClass found required classes 'javax.servlet.Servlet', 'javax.websocket.server.ServerContainer' (OnClassCondition)
      - found 'session' scope (OnWebApplicationCondition)

   WebSocketServletAutoConfiguration.TomcatWebSocketConfiguration matched:
      - @ConditionalOnClass found required classes 'org.apache.catalina.startup.Tomcat', 'org.apache.tomcat.websocket.server.WsSci' (OnClassCondition)

   WebSocketServletAutoConfiguration.TomcatWebSocketConfiguration#websocketServletWebServerCustomizer matched:
      - @ConditionalOnMissingBean (names: websocketServletWebServerCustomizer; SearchStrategy: all) did not find any beans (OnBeanCondition)


Negative matches:
-----------------

   ActiveMQAutoConfiguration:
      Did not match:
         - @ConditionalOnClass did not find required class 'javax.jms.ConnectionFactory' (OnClassCondition)

   AopAutoConfiguration.AspectJAutoProxyingConfiguration:
      Did not match:
         - @ConditionalOnClass did not find required class 'org.aspectj.weaver.Advice' (OnClassCondition)

   ArtemisAutoConfiguration:
      Did not match:
         - @ConditionalOnClass did not find required class 'javax.jms.ConnectionFactory' (OnClassCondition)

   BatchAutoConfiguration:
      Did not match:
         - @ConditionalOnClass did not find required class 'org.springframework.batch.core.launch.JobLauncher' (OnClassCondition)

   CacheAutoConfiguration:
      Did not match:
         - @ConditionalOnBean (types: org.springframework.cache.interceptor.CacheAspectSupport; SearchStrategy: all) did not find any beans of type org.springframework.cache.interceptor.CacheAspectSupport (OnBeanCondition)
      Matched:
         - @ConditionalOnClass found required class 'org.springframework.cache.CacheManager' (OnClassCondition)

   CacheAutoConfiguration.CacheManagerEntityManagerFactoryDependsOnPostProcessor:
      Did not match:
         - @ConditionalOnClass did not find required class 'org.springframework.orm.jpa.LocalContainerEntityManagerFactoryBean' (OnClassCondition)
         - Ancestor org.springframework.boot.autoconfigure.cache.CacheAutoConfiguration did not match (ConditionEvaluationReport.AncestorsMatchedCondition)

   CaffeineCacheConfiguration:
      Did not match:
         - @ConditionalOnClass did not find required class 'com.github.benmanes.caffeine.cache.Caffeine' (OnClassCondition)

   CassandraAutoConfiguration:
      Did not match:
         - @ConditionalOnClass did not find required class 'com.datastax.oss.driver.api.core.CqlSession' (OnClassCondition)

   CassandraDataAutoConfiguration:
      Did not match:
         - @ConditionalOnClass did not find required class 'com.datastax.oss.driver.api.core.CqlSession' (OnClassCondition)

   CassandraReactiveDataAutoConfiguration:
      Did not match:
         - @ConditionalOnClass did not find required class 'com.datastax.oss.driver.api.core.CqlSession' (OnClassCondition)

   CassandraReactiveRepositoriesAutoConfiguration:
      Did not match:
         - @ConditionalOnClass did not find required class 'org.springframework.data.cassandra.ReactiveSession' (OnClassCondition)

   CassandraRepositoriesAutoConfiguration:
      Did not match:
         - @ConditionalOnClass did not find required class 'com.datastax.oss.driver.api.core.CqlSession' (OnClassCondition)

   ClientHttpConnectorAutoConfiguration:
      Did not match:
         - @ConditionalOnClass did not find required class 'org.springframework.web.reactive.function.client.WebClient' (OnClassCondition)

   CodecsAutoConfiguration:
      Did not match:
         - @ConditionalOnClass did not find required class 'org.springframework.web.reactive.function.client.WebClient' (OnClassCondition)

   CouchbaseAutoConfiguration:
      Did not match:
         - @ConditionalOnClass did not find required class 'com.couchbase.client.java.Cluster' (OnClassCondition)

   CouchbaseCacheConfiguration:
      Did not match:
         - @ConditionalOnClass did not find required class 'com.couchbase.client.java.Cluster' (OnClassCondition)

   CouchbaseDataAutoConfiguration:
      Did not match:
         - @ConditionalOnClass did not find required class 'com.couchbase.client.java.Bucket' (OnClassCondition)

   CouchbaseReactiveDataAutoConfiguration:
      Did not match:
         - @ConditionalOnClass did not find required class 'com.couchbase.client.java.Cluster' (OnClassCondition)

   CouchbaseReactiveRepositoriesAutoConfiguration:
      Did not match:
         - @ConditionalOnClass did not find required class 'com.couchbase.client.java.Cluster' (OnClassCondition)

   CouchbaseRepositoriesAutoConfiguration:
      Did not match:
         - @ConditionalOnClass did not find required class 'com.couchbase.client.java.Bucket' (OnClassCondition)

   DataSourceAutoConfiguration.EmbeddedDatabaseConfiguration:
      Did not match:
         - EmbeddedDataSource spring.datasource.url is set (DataSourceAutoConfiguration.EmbeddedDatabaseCondition)

   DataSourceConfiguration.Dbcp2:
      Did not match:
         - @ConditionalOnClass did not find required class 'org.apache.commons.dbcp2.BasicDataSource' (OnClassCondition)

   DataSourceConfiguration.Generic:
      Did not match:
         - @ConditionalOnProperty (spring.datasource.type) did not find property 'spring.datasource.type' (OnPropertyCondition)

   DataSourceConfiguration.Tomcat:
      Did not match:
         - @ConditionalOnClass did not find required class 'org.apache.tomcat.jdbc.pool.DataSource' (OnClassCondition)

   DataSourceJmxConfiguration.TomcatDataSourceJmxConfiguration:
      Did not match:
         - @ConditionalOnClass did not find required class 'org.apache.tomcat.jdbc.pool.DataSourceProxy' (OnClassCondition)

   DataSourcePoolMetadataProvidersConfiguration.CommonsDbcp2PoolDataSourceMetadataProviderConfiguration:
      Did not match:
         - @ConditionalOnClass did not find required class 'org.apache.commons.dbcp2.BasicDataSource' (OnClassCondition)

   DataSourcePoolMetadataProvidersConfiguration.TomcatDataSourcePoolMetadataProviderConfiguration:
      Did not match:
         - @ConditionalOnClass did not find required class 'org.apache.tomcat.jdbc.pool.DataSource' (OnClassCondition)

   DispatcherServletAutoConfiguration.DispatcherServletConfiguration#multipartResolver:
      Did not match:
         - @ConditionalOnBean (types: org.springframework.web.multipart.MultipartResolver; SearchStrategy: all) did not find any beans of type org.springframework.web.multipart.MultipartResolver (OnBeanCondition)

   EhCacheCacheConfiguration:
      Did not match:
         - @ConditionalOnClass did not find required class 'net.sf.ehcache.Cache' (OnClassCondition)

   ElasticsearchDataAutoConfiguration:
      Did not match:
         - @ConditionalOnClass did not find required class 'org.springframework.data.elasticsearch.core.ElasticsearchTemplate' (OnClassCondition)

   ElasticsearchRepositoriesAutoConfiguration:
      Did not match:
         - @ConditionalOnClass did not find required class 'org.elasticsearch.client.Client' (OnClassCondition)

   ElasticsearchRestClientAutoConfiguration:
      Did not match:
         - @ConditionalOnClass did not find required class 'org.elasticsearch.client.RestClient' (OnClassCondition)

   EmbeddedLdapAutoConfiguration:
      Did not match:
         - @ConditionalOnClass did not find required class 'com.unboundid.ldap.listener.InMemoryDirectoryServer' (OnClassCondition)

   EmbeddedMongoAutoConfiguration:
      Did not match:
         - @ConditionalOnClass did not find required class 'com.mongodb.MongoClientSettings' (OnClassCondition)

   EmbeddedWebServerFactoryCustomizerAutoConfiguration.JettyWebServerFactoryCustomizerConfiguration:
      Did not match:
         - @ConditionalOnClass did not find required classes 'org.eclipse.jetty.server.Server', 'org.eclipse.jetty.util.Loader', 'org.eclipse.jetty.webapp.WebAppContext' (OnClassCondition)

   EmbeddedWebServerFactoryCustomizerAutoConfiguration.NettyWebServerFactoryCustomizerConfiguration:
      Did not match:
         - @ConditionalOnClass did not find required class 'reactor.netty.http.server.HttpServer' (OnClassCondition)

   EmbeddedWebServerFactoryCustomizerAutoConfiguration.UndertowWebServerFactoryCustomizerConfiguration:
      Did not match:
         - @ConditionalOnClass did not find required classes 'io.undertow.Undertow', 'org.xnio.SslClientAuthMode' (OnClassCondition)

   ErrorWebFluxAutoConfiguration:
      Did not match:
         - @ConditionalOnClass did not find required class 'org.springframework.web.reactive.config.WebFluxConfigurer' (OnClassCondition)

   FlywayAutoConfiguration:
      Did not match:
         - @ConditionalOnClass did not find required class 'org.flywaydb.core.Flyway' (OnClassCondition)

   FreeMarkerAutoConfiguration:
      Did not match:
         - @ConditionalOnClass did not find required class 'freemarker.template.Configuration' (OnClassCondition)

   GroovyTemplateAutoConfiguration:
      Did not match:
         - @ConditionalOnClass did not find required class 'groovy.text.markup.MarkupTemplateEngine' (OnClassCondition)

   GsonAutoConfiguration:
      Did not match:
         - @ConditionalOnClass did not find required class 'com.google.gson.Gson' (OnClassCondition)

   GsonHttpMessageConvertersConfiguration:
      Did not match:
         - @ConditionalOnClass did not find required class 'com.google.gson.Gson' (OnClassCondition)

   H2ConsoleAutoConfiguration:
      Did not match:
         - @ConditionalOnClass did not find required class 'org.h2.server.web.WebServlet' (OnClassCondition)

   HazelcastAutoConfiguration:
      Did not match:
         - @ConditionalOnClass did not find required class 'com.hazelcast.core.HazelcastInstance' (OnClassCondition)

   HazelcastCacheConfiguration:
      Did not match:
         - @ConditionalOnClass did not find required class 'com.hazelcast.core.HazelcastInstance' (OnClassCondition)

   HazelcastJpaDependencyAutoConfiguration:
      Did not match:
         - @ConditionalOnClass did not find required class 'com.hazelcast.core.HazelcastInstance' (OnClassCondition)

   HibernateJpaAutoConfiguration:
      Did not match:
         - @ConditionalOnClass did not find required class 'javax.persistence.EntityManager' (OnClassCondition)

   HttpHandlerAutoConfiguration:
      Did not match:
         - @ConditionalOnClass did not find required class 'org.springframework.web.reactive.DispatcherHandler' (OnClassCondition)

   HypermediaAutoConfiguration:
      Did not match:
         - @ConditionalOnClass did not find required class 'org.springframework.hateoas.EntityModel' (OnClassCondition)

   InfinispanCacheConfiguration:
      Did not match:
         - @ConditionalOnClass did not find required class 'org.infinispan.spring.embedded.provider.SpringEmbeddedCacheManager' (OnClassCondition)

   InfluxDbAutoConfiguration:
      Did not match:
         - @ConditionalOnClass did not find required class 'org.influxdb.InfluxDB' (OnClassCondition)

   IntegrationAutoConfiguration:
      Did not match:
         - @ConditionalOnClass did not find required class 'org.springframework.integration.config.EnableIntegration' (OnClassCondition)

   JCacheCacheConfiguration:
      Did not match:
         - @ConditionalOnClass did not find required class 'javax.cache.Caching' (OnClassCondition)

   JacksonHttpMessageConvertersConfiguration.MappingJackson2XmlHttpMessageConverterConfiguration:
      Did not match:
         - @ConditionalOnClass did not find required class 'com.fasterxml.jackson.dataformat.xml.XmlMapper' (OnClassCondition)

   JdbcRepositoriesAutoConfiguration:
      Did not match:
         - @ConditionalOnClass did not find required class 'org.springframework.data.jdbc.repository.config.AbstractJdbcConfiguration' (OnClassCondition)

   JerseyAutoConfiguration:
      Did not match:
         - @ConditionalOnClass did not find required class 'org.glassfish.jersey.server.spring.SpringComponentProvider' (OnClassCondition)

   JmsAutoConfiguration:
      Did not match:
         - @ConditionalOnClass did not find required class 'javax.jms.Message' (OnClassCondition)

   JndiConnectionFactoryAutoConfiguration:
      Did not match:
         - @ConditionalOnClass did not find required class 'org.springframework.jms.core.JmsTemplate' (OnClassCondition)

   JndiDataSourceAutoConfiguration:
      Did not match:
         - @ConditionalOnProperty (spring.datasource.jndi-name) did not find property 'jndi-name' (OnPropertyCondition)
      Matched:
         - @ConditionalOnClass found required classes 'javax.sql.DataSource', 'org.springframework.jdbc.datasource.embedded.EmbeddedDatabaseType' (OnClassCondition)

   JooqAutoConfiguration:
      Did not match:
         - @ConditionalOnClass did not find required class 'org.jooq.DSLContext' (OnClassCondition)

   JpaRepositoriesAutoConfiguration:
      Did not match:
         - @ConditionalOnClass did not find required class 'org.springframework.data.jpa.repository.JpaRepository' (OnClassCondition)

   JsonbAutoConfiguration:
      Did not match:
         - @ConditionalOnClass did not find required class 'javax.json.bind.Jsonb' (OnClassCondition)

   JsonbHttpMessageConvertersConfiguration:
      Did not match:
         - @ConditionalOnClass did not find required class 'javax.json.bind.Jsonb' (OnClassCondition)

   JtaAutoConfiguration:
      Did not match:
         - @ConditionalOnClass did not find required class 'javax.transaction.Transaction' (OnClassCondition)

   KafkaAutoConfiguration:
      Did not match:
         - @ConditionalOnClass did not find required class 'org.springframework.kafka.core.KafkaTemplate' (OnClassCondition)

   LdapAutoConfiguration:
      Did not match:
         - @ConditionalOnClass did not find required class 'org.springframework.ldap.core.ContextSource' (OnClassCondition)

   LdapRepositoriesAutoConfiguration:
      Did not match:
         - @ConditionalOnClass did not find required class 'org.springframework.data.ldap.repository.LdapRepository' (OnClassCondition)

   LiquibaseAutoConfiguration:
      Did not match:
         - @ConditionalOnClass did not find required class 'liquibase.change.DatabaseChange' (OnClassCondition)

   MailSenderAutoConfiguration:
      Did not match:
         - @ConditionalOnClass did not find required class 'javax.mail.internet.MimeMessage' (OnClassCondition)

   MailSenderValidatorAutoConfiguration:
      Did not match:
         - @ConditionalOnSingleCandidate did not find required type 'org.springframework.mail.javamail.JavaMailSenderImpl' (OnBeanCondition)

   MessageSourceAutoConfiguration:
      Did not match:
         - ResourceBundle did not find bundle with basename messages (MessageSourceAutoConfiguration.ResourceBundleCondition)

   MongoAutoConfiguration:
      Did not match:
         - @ConditionalOnClass did not find required class 'com.mongodb.client.MongoClient' (OnClassCondition)

   MongoDataAutoConfiguration:
      Did not match:
         - @ConditionalOnClass did not find required class 'com.mongodb.client.MongoClient' (OnClassCondition)

   MongoReactiveAutoConfiguration:
      Did not match:
         - @ConditionalOnClass did not find required class 'com.mongodb.reactivestreams.client.MongoClient' (OnClassCondition)

   MongoReactiveDataAutoConfiguration:
      Did not match:
         - @ConditionalOnClass did not find required class 'com.mongodb.reactivestreams.client.MongoClient' (OnClassCondition)

   MongoReactiveRepositoriesAutoConfiguration:
      Did not match:
         - @ConditionalOnClass did not find required class 'com.mongodb.reactivestreams.client.MongoClient' (OnClassCondition)

   MongoRepositoriesAutoConfiguration:
      Did not match:
         - @ConditionalOnClass did not find required class 'com.mongodb.client.MongoClient' (OnClassCondition)

   MustacheAutoConfiguration:
      Did not match:
         - @ConditionalOnClass did not find required class 'com.samskivert.mustache.Mustache' (OnClassCondition)

   MybatisPlusAutoConfiguration.MapperScannerRegistrarNotFoundConfiguration:
      Did not match:
         - @ConditionalOnMissingBean (types: org.mybatis.spring.mapper.MapperFactoryBean,org.mybatis.spring.mapper.MapperScannerConfigurer; SearchStrategy: all) found beans of type 'org.mybatis.spring.mapper.MapperScannerConfigurer' com.xuecheng.content.config.MybatisPlusConfig#MapperScannerRegistrar#0 (OnBeanCondition)

   MybatisPlusLanguageDriverAutoConfiguration.FreeMarkerConfiguration:
      Did not match:
         - @ConditionalOnClass did not find required classes 'org.mybatis.scripting.freemarker.FreeMarkerLanguageDriver', 'org.mybatis.scripting.freemarker.FreeMarkerLanguageDriverConfig' (OnClassCondition)

   MybatisPlusLanguageDriverAutoConfiguration.LegacyFreeMarkerConfiguration:
      Did not match:
         - @ConditionalOnClass did not find required class 'org.mybatis.scripting.freemarker.FreeMarkerLanguageDriver' (OnClassCondition)

   MybatisPlusLanguageDriverAutoConfiguration.ThymeleafConfiguration:
      Did not match:
         - @ConditionalOnClass did not find required class 'org.mybatis.scripting.thymeleaf.ThymeleafLanguageDriver' (OnClassCondition)

   MybatisPlusLanguageDriverAutoConfiguration.VelocityConfiguration:
      Did not match:
         - @ConditionalOnClass did not find required classes 'org.mybatis.scripting.velocity.VelocityLanguageDriver', 'org.mybatis.scripting.velocity.VelocityLanguageDriverConfig' (OnClassCondition)

   Neo4jDataAutoConfiguration:
      Did not match:
         - @ConditionalOnClass did not find required class 'org.neo4j.ogm.session.SessionFactory' (OnClassCondition)

   Neo4jRepositoriesAutoConfiguration:
      Did not match:
         - @ConditionalOnClass did not find required class 'org.neo4j.ogm.session.Neo4jSession' (OnClassCondition)

   OAuth2ClientAutoConfiguration:
      Did not match:
         - @ConditionalOnClass did not find required class 'org.springframework.security.config.annotation.web.configuration.EnableWebSecurity' (OnClassCondition)

   OAuth2ResourceServerAutoConfiguration:
      Did not match:
         - @ConditionalOnClass did not find required class 'org.springframework.security.oauth2.server.resource.BearerTokenAuthenticationToken' (OnClassCondition)

   ProjectInfoAutoConfiguration#buildProperties:
      Did not match:
         - @ConditionalOnResource did not find resource '${spring.info.build.location:classpath:META-INF/build-info.properties}' (OnResourceCondition)

   ProjectInfoAutoConfiguration#gitProperties:
      Did not match:
         - GitResource did not find git info at classpath:git.properties (ProjectInfoAutoConfiguration.GitResourceAvailableCondition)

   QuartzAutoConfiguration:
      Did not match:
         - @ConditionalOnClass did not find required class 'org.quartz.Scheduler' (OnClassCondition)

   R2dbcAutoConfiguration:
      Did not match:
         - @ConditionalOnClass did not find required class 'io.r2dbc.spi.ConnectionFactory' (OnClassCondition)

   R2dbcDataAutoConfiguration:
      Did not match:
         - @ConditionalOnClass did not find required class 'org.springframework.data.r2dbc.core.DatabaseClient' (OnClassCondition)

   R2dbcRepositoriesAutoConfiguration:
      Did not match:
         - @ConditionalOnClass did not find required class 'io.r2dbc.spi.ConnectionFactory' (OnClassCondition)

   R2dbcTransactionManagerAutoConfiguration:
      Did not match:
         - @ConditionalOnClass did not find required class 'org.springframework.data.r2dbc.connectionfactory.R2dbcTransactionManager' (OnClassCondition)

   RSocketMessagingAutoConfiguration:
      Did not match:
         - @ConditionalOnClass did not find required class 'io.rsocket.RSocketFactory' (OnClassCondition)

   RSocketRequesterAutoConfiguration:
      Did not match:
         - @ConditionalOnClass did not find required class 'io.rsocket.RSocketFactory' (OnClassCondition)

   RSocketSecurityAutoConfiguration:
      Did not match:
         - @ConditionalOnClass did not find required class 'org.springframework.security.rsocket.core.SecuritySocketAcceptorInterceptor' (OnClassCondition)

   RSocketServerAutoConfiguration:
      Did not match:
         - @ConditionalOnClass did not find required class 'io.rsocket.core.RSocketServer' (OnClassCondition)

   RSocketStrategiesAutoConfiguration:
      Did not match:
         - @ConditionalOnClass did not find required class 'io.netty.buffer.PooledByteBufAllocator' (OnClassCondition)

   RabbitAutoConfiguration:
      Did not match:
         - @ConditionalOnClass did not find required class 'com.rabbitmq.client.Channel' (OnClassCondition)

   ReactiveElasticsearchRepositoriesAutoConfiguration:
      Did not match:
         - @ConditionalOnClass did not find required class 'org.springframework.data.elasticsearch.client.reactive.ReactiveElasticsearchClient' (OnClassCondition)

   ReactiveElasticsearchRestClientAutoConfiguration:
      Did not match:
         - @ConditionalOnClass did not find required class 'reactor.netty.http.client.HttpClient' (OnClassCondition)

   ReactiveOAuth2ClientAutoConfiguration:
      Did not match:
         - @ConditionalOnClass did not find required class 'reactor.core.publisher.Flux' (OnClassCondition)

   ReactiveOAuth2ResourceServerAutoConfiguration:
      Did not match:
         - @ConditionalOnClass did not find required class 'org.springframework.security.config.annotation.web.reactive.EnableWebFluxSecurity' (OnClassCondition)

   ReactiveSecurityAutoConfiguration:
      Did not match:
         - @ConditionalOnClass did not find required class 'reactor.core.publisher.Flux' (OnClassCondition)

   ReactiveUserDetailsServiceAutoConfiguration:
      Did not match:
         - @ConditionalOnClass did not find required class 'org.springframework.security.authentication.ReactiveAuthenticationManager' (OnClassCondition)

   ReactiveWebServerFactoryAutoConfiguration:
      Did not match:
         - @ConditionalOnWebApplication did not find reactive web application classes (OnWebApplicationCondition)

   RedisAutoConfiguration:
      Did not match:
         - @ConditionalOnClass did not find required class 'org.springframework.data.redis.core.RedisOperations' (OnClassCondition)

   RedisCacheConfiguration:
      Did not match:
         - @ConditionalOnClass did not find required class 'org.springframework.data.redis.connection.RedisConnectionFactory' (OnClassCondition)

   RedisReactiveAutoConfiguration:
      Did not match:
         - @ConditionalOnClass did not find required class 'reactor.core.publisher.Flux' (OnClassCondition)

   RedisRepositoriesAutoConfiguration:
      Did not match:
         - @ConditionalOnClass did not find required class 'org.springframework.data.redis.repository.configuration.EnableRedisRepositories' (OnClassCondition)

   RefreshAutoConfiguration.JpaInvokerConfiguration:
      Did not match:
         - @ConditionalOnClass did not find required class 'javax.persistence.EntityManagerFactory' (OnClassCondition)

   RefreshEndpointAutoConfiguration:
      Did not match:
         - @ConditionalOnClass did not find required class 'org.springframework.boot.actuate.autoconfigure.endpoint.EndpointAutoConfiguration' (OnClassCondition)

   RepositoryRestMvcAutoConfiguration:
      Did not match:
         - @ConditionalOnClass did not find required class 'org.springframework.data.rest.webmvc.config.RepositoryRestMvcConfiguration' (OnClassCondition)

   Saml2RelyingPartyAutoConfiguration:
      Did not match:
         - @ConditionalOnClass did not find required class 'org.springframework.security.saml2.provider.service.registration.RelyingPartyRegistrationRepository' (OnClassCondition)

   SecurityAutoConfiguration:
      Did not match:
         - @ConditionalOnClass did not find required class 'org.springframework.security.authentication.DefaultAuthenticationEventPublisher' (OnClassCondition)

   SecurityFilterAutoConfiguration:
      Did not match:
         - @ConditionalOnClass did not find required class 'org.springframework.security.config.http.SessionCreationPolicy' (OnClassCondition)

   SendGridAutoConfiguration:
      Did not match:
         - @ConditionalOnClass did not find required class 'com.sendgrid.SendGrid' (OnClassCondition)

   ServletWebServerFactoryAutoConfiguration#forwardedHeaderFilter:
      Did not match:
         - @ConditionalOnProperty (server.forward-headers-strategy=framework) did not find property 'server.forward-headers-strategy' (OnPropertyCondition)

   ServletWebServerFactoryConfiguration.EmbeddedJetty:
      Did not match:
         - @ConditionalOnClass did not find required classes 'org.eclipse.jetty.server.Server', 'org.eclipse.jetty.util.Loader', 'org.eclipse.jetty.webapp.WebAppContext' (OnClassCondition)

   ServletWebServerFactoryConfiguration.EmbeddedUndertow:
      Did not match:
         - @ConditionalOnClass did not find required classes 'io.undertow.Undertow', 'org.xnio.SslClientAuthMode' (OnClassCondition)

   SessionAutoConfiguration:
      Did not match:
         - @ConditionalOnClass did not find required class 'org.springframework.session.Session' (OnClassCondition)

   SolrAutoConfiguration:
      Did not match:
         - @ConditionalOnClass did not find required class 'org.apache.solr.client.solrj.impl.CloudSolrClient' (OnClassCondition)

   SolrRepositoriesAutoConfiguration:
      Did not match:
         - @ConditionalOnClass did not find required class 'org.apache.solr.client.solrj.SolrClient' (OnClassCondition)

   SpringDataWebAutoConfiguration:
      Did not match:
         - @ConditionalOnClass did not find required class 'org.springframework.data.web.PageableHandlerMethodArgumentResolver' (OnClassCondition)

   TaskSchedulingAutoConfiguration#taskScheduler:
      Did not match:
         - @ConditionalOnBean (names: org.springframework.context.annotation.internalScheduledAnnotationProcessor; SearchStrategy: all) did not find any beans named org.springframework.context.annotation.internalScheduledAnnotationProcessor (OnBeanCondition)

   ThymeleafAutoConfiguration:
      Did not match:
         - @ConditionalOnClass did not find required class 'org.thymeleaf.spring5.SpringTemplateEngine' (OnClassCondition)

   TransactionAutoConfiguration#transactionalOperator:
      Did not match:
         - @ConditionalOnSingleCandidate (types: org.springframework.transaction.ReactiveTransactionManager; SearchStrategy: all) did not find any beans (OnBeanCondition)

   TransactionAutoConfiguration.EnableTransactionManagementConfiguration.JdkDynamicAutoProxyConfiguration:
      Did not match:
         - @ConditionalOnProperty (spring.aop.proxy-target-class=false) did not find property 'proxy-target-class' (OnPropertyCondition)

   UserDetailsServiceAutoConfiguration:
      Did not match:
         - @ConditionalOnClass did not find required class 'org.springframework.security.authentication.AuthenticationManager' (OnClassCondition)

   WebClientAutoConfiguration:
      Did not match:
         - @ConditionalOnClass did not find required class 'org.springframework.web.reactive.function.client.WebClient' (OnClassCondition)

   WebFluxAutoConfiguration:
      Did not match:
         - @ConditionalOnClass did not find required class 'org.springframework.web.reactive.config.WebFluxConfigurer' (OnClassCondition)

   WebMvcAutoConfiguration#hiddenHttpMethodFilter:
      Did not match:
         - @ConditionalOnProperty (spring.mvc.hiddenmethod.filter.enabled) did not find property 'enabled' (OnPropertyCondition)

   WebMvcAutoConfiguration.ResourceChainCustomizerConfiguration:
      Did not match:
         - @ConditionalOnEnabledResourceChain did not find class org.webjars.WebJarAssetLocator (OnEnabledResourceChainCondition)

   WebMvcAutoConfiguration.WebMvcAutoConfigurationAdapter#beanNameViewResolver:
      Did not match:
         - @ConditionalOnMissingBean (types: org.springframework.web.servlet.view.BeanNameViewResolver; SearchStrategy: all) found beans of type 'org.springframework.web.servlet.view.BeanNameViewResolver' beanNameViewResolver (OnBeanCondition)

   WebMvcAutoConfiguration.WebMvcAutoConfigurationAdapter#localeResolver:
      Did not match:
         - @ConditionalOnProperty (spring.mvc.locale) did not find property 'locale' (OnPropertyCondition)

   WebServiceTemplateAutoConfiguration:
      Did not match:
         - @ConditionalOnClass did not find required class 'org.springframework.oxm.Marshaller' (OnClassCondition)

   WebServicesAutoConfiguration:
      Did not match:
         - @ConditionalOnClass did not find required class 'org.springframework.ws.transport.http.MessageDispatcherServlet' (OnClassCondition)

   WebSocketMessagingAutoConfiguration:
      Did not match:
         - @ConditionalOnClass did not find required class 'org.springframework.web.socket.config.annotation.WebSocketMessageBrokerConfigurer' (OnClassCondition)

   WebSocketReactiveAutoConfiguration:
      Did not match:
         - @ConditionalOnWebApplication did not find reactive web application classes (OnWebApplicationCondition)

   WebSocketServletAutoConfiguration.JettyWebSocketConfiguration:
      Did not match:
         - @ConditionalOnClass did not find required class 'org.eclipse.jetty.websocket.jsr356.server.deploy.WebSocketServerContainerInitializer' (OnClassCondition)

   WebSocketServletAutoConfiguration.UndertowWebSocketConfiguration:
      Did not match:
         - @ConditionalOnClass did not find required class 'io.undertow.websockets.jsr.Bootstrap' (OnClassCondition)

   WritableEnvironmentEndpointAutoConfiguration:
      Did not match:
         - @ConditionalOnClass did not find required class 'org.springframework.boot.actuate.autoconfigure.env.EnvironmentEndpointProperties' (OnClassCondition)

   XADataSourceAutoConfiguration:
      Did not match:
         - @ConditionalOnClass did not find required class 'javax.transaction.TransactionManager' (OnClassCondition)


Exclusions:
-----------

    None


Unconditional classes:
----------------------

    org.springframework.boot.autoconfigure.context.ConfigurationPropertiesAutoConfiguration

    org.springframework.boot.autoconfigure.context.LifecycleAutoConfiguration

    org.springframework.boot.autoconfigure.context.PropertyPlaceholderAutoConfiguration

    org.springframework.cloud.autoconfigure.LifecycleMvcEndpointAutoConfiguration

    org.springframework.boot.autoconfigure.availability.ApplicationAvailabilityAutoConfiguration

    org.springframework.boot.autoconfigure.info.ProjectInfoAutoConfiguration



2025-04-16 22:18:09,094 DEBUG [main][ConditionEvaluationReportLoggingListener.java:126] - 


============================
CONDITIONS EVALUATION REPORT
============================


Positive matches:
-----------------

   AopAutoConfiguration matched:
      - @ConditionalOnProperty (spring.aop.auto=true) matched (OnPropertyCondition)

   AopAutoConfiguration.ClassProxyingConfiguration matched:
      - @ConditionalOnMissingClass did not find unwanted class 'org.aspectj.weaver.Advice' (OnClassCondition)
      - @ConditionalOnProperty (spring.aop.proxy-target-class=true) matched (OnPropertyCondition)

   ConfigurationPropertiesRebinderAutoConfiguration matched:
      - @ConditionalOnBean (types: org.springframework.boot.context.properties.ConfigurationPropertiesBindingPostProcessor; SearchStrategy: all) found bean 'org.springframework.boot.context.properties.ConfigurationPropertiesBindingPostProcessor' (OnBeanCondition)

   ConfigurationPropertiesRebinderAutoConfiguration#configurationPropertiesBeans matched:
      - @ConditionalOnMissingBean (types: org.springframework.cloud.context.properties.ConfigurationPropertiesBeans; SearchStrategy: current) did not find any beans (OnBeanCondition)

   ConfigurationPropertiesRebinderAutoConfiguration#configurationPropertiesRebinder matched:
      - @ConditionalOnMissingBean (types: org.springframework.cloud.context.properties.ConfigurationPropertiesRebinder; SearchStrategy: current) did not find any beans (OnBeanCondition)

   DataSourceAutoConfiguration matched:
      - @ConditionalOnClass found required classes 'javax.sql.DataSource', 'org.springframework.jdbc.datasource.embedded.EmbeddedDatabaseType' (OnClassCondition)
      - @ConditionalOnMissingBean (types: io.r2dbc.spi.ConnectionFactory; SearchStrategy: all) did not find any beans (OnBeanCondition)

   DataSourceAutoConfiguration.PooledDataSourceConfiguration matched:
      - AnyNestedCondition 1 matched 1 did not; NestedCondition on DataSourceAutoConfiguration.PooledDataSourceCondition.PooledDataSourceAvailable PooledDataSource found supported DataSource; NestedCondition on DataSourceAutoConfiguration.PooledDataSourceCondition.ExplicitType @ConditionalOnProperty (spring.datasource.type) did not find property 'type' (DataSourceAutoConfiguration.PooledDataSourceCondition)
      - @ConditionalOnMissingBean (types: javax.sql.DataSource,javax.sql.XADataSource; SearchStrategy: all) did not find any beans (OnBeanCondition)

   DataSourceConfiguration.Hikari matched:
      - @ConditionalOnClass found required class 'com.zaxxer.hikari.HikariDataSource' (OnClassCondition)
      - @ConditionalOnProperty (spring.datasource.type=com.zaxxer.hikari.HikariDataSource) matched (OnPropertyCondition)
      - @ConditionalOnMissingBean (types: javax.sql.DataSource; SearchStrategy: all) did not find any beans (OnBeanCondition)

   DataSourceJmxConfiguration matched:
      - @ConditionalOnProperty (spring.jmx.enabled=true) matched (OnPropertyCondition)

   DataSourceJmxConfiguration.Hikari matched:
      - @ConditionalOnClass found required class 'com.zaxxer.hikari.HikariDataSource' (OnClassCondition)
      - @ConditionalOnSingleCandidate (types: javax.sql.DataSource; SearchStrategy: all) found a primary bean from beans 'dataSource' (OnBeanCondition)

   DataSourcePoolMetadataProvidersConfiguration.HikariPoolDataSourceMetadataProviderConfiguration matched:
      - @ConditionalOnClass found required class 'com.zaxxer.hikari.HikariDataSource' (OnClassCondition)

   DataSourceTransactionManagerAutoConfiguration matched:
      - @ConditionalOnClass found required classes 'org.springframework.jdbc.core.JdbcTemplate', 'org.springframework.transaction.PlatformTransactionManager' (OnClassCondition)

   DataSourceTransactionManagerAutoConfiguration.DataSourceTransactionManagerConfiguration matched:
      - @ConditionalOnSingleCandidate (types: javax.sql.DataSource; SearchStrategy: all) found a primary bean from beans 'dataSource' (OnBeanCondition)

   DataSourceTransactionManagerAutoConfiguration.DataSourceTransactionManagerConfiguration#transactionManager matched:
      - @ConditionalOnMissingBean (types: org.springframework.transaction.PlatformTransactionManager; SearchStrategy: all) did not find any beans (OnBeanCondition)

   DispatcherServletAutoConfiguration matched:
      - @ConditionalOnClass found required class 'org.springframework.web.servlet.DispatcherServlet' (OnClassCondition)
      - found 'session' scope (OnWebApplicationCondition)

   DispatcherServletAutoConfiguration.DispatcherServletConfiguration matched:
      - @ConditionalOnClass found required class 'javax.servlet.ServletRegistration' (OnClassCondition)
      - Default DispatcherServlet did not find dispatcher servlet beans (DispatcherServletAutoConfiguration.DefaultDispatcherServletCondition)

   DispatcherServletAutoConfiguration.DispatcherServletRegistrationConfiguration matched:
      - @ConditionalOnClass found required class 'javax.servlet.ServletRegistration' (OnClassCondition)
      - DispatcherServlet Registration did not find servlet registration bean (DispatcherServletAutoConfiguration.DispatcherServletRegistrationCondition)

   DispatcherServletAutoConfiguration.DispatcherServletRegistrationConfiguration#dispatcherServletRegistration matched:
      - @ConditionalOnBean (names: dispatcherServlet types: org.springframework.web.servlet.DispatcherServlet; SearchStrategy: all) found bean 'dispatcherServlet' (OnBeanCondition)

   EmbeddedWebServerFactoryCustomizerAutoConfiguration matched:
      - @ConditionalOnWebApplication (required) found 'session' scope (OnWebApplicationCondition)

   EmbeddedWebServerFactoryCustomizerAutoConfiguration.TomcatWebServerFactoryCustomizerConfiguration matched:
      - @ConditionalOnClass found required classes 'org.apache.catalina.startup.Tomcat', 'org.apache.coyote.UpgradeProtocol' (OnClassCondition)

   ErrorMvcAutoConfiguration matched:
      - @ConditionalOnClass found required classes 'javax.servlet.Servlet', 'org.springframework.web.servlet.DispatcherServlet' (OnClassCondition)
      - found 'session' scope (OnWebApplicationCondition)

   ErrorMvcAutoConfiguration#basicErrorController matched:
      - @ConditionalOnMissingBean (types: org.springframework.boot.web.servlet.error.ErrorController; SearchStrategy: current) did not find any beans (OnBeanCondition)

   ErrorMvcAutoConfiguration#errorAttributes matched:
      - @ConditionalOnMissingBean (types: org.springframework.boot.web.servlet.error.ErrorAttributes; SearchStrategy: current) did not find any beans (OnBeanCondition)

   ErrorMvcAutoConfiguration.DefaultErrorViewResolverConfiguration#conventionErrorViewResolver matched:
      - @ConditionalOnBean (types: org.springframework.web.servlet.DispatcherServlet; SearchStrategy: all) found bean 'dispatcherServlet'; @ConditionalOnMissingBean (types: org.springframework.boot.autoconfigure.web.servlet.error.ErrorViewResolver; SearchStrategy: all) did not find any beans (OnBeanCondition)

   ErrorMvcAutoConfiguration.WhitelabelErrorViewConfiguration matched:
      - @ConditionalOnProperty (server.error.whitelabel.enabled) matched (OnPropertyCondition)
      - ErrorTemplate Missing did not find error template view (ErrorMvcAutoConfiguration.ErrorTemplateMissingCondition)

   ErrorMvcAutoConfiguration.WhitelabelErrorViewConfiguration#beanNameViewResolver matched:
      - @ConditionalOnMissingBean (types: org.springframework.web.servlet.view.BeanNameViewResolver; SearchStrategy: all) did not find any beans (OnBeanCondition)

   ErrorMvcAutoConfiguration.WhitelabelErrorViewConfiguration#defaultErrorView matched:
      - @ConditionalOnMissingBean (names: error; SearchStrategy: all) did not find any beans (OnBeanCondition)

   GenericCacheConfiguration matched:
      - Cache org.springframework.boot.autoconfigure.cache.GenericCacheConfiguration automatic cache type (CacheCondition)

   HttpEncodingAutoConfiguration matched:
      - @ConditionalOnClass found required class 'org.springframework.web.filter.CharacterEncodingFilter' (OnClassCondition)
      - found 'session' scope (OnWebApplicationCondition)
      - @ConditionalOnProperty (server.servlet.encoding.enabled) matched (OnPropertyCondition)

   HttpEncodingAutoConfiguration#characterEncodingFilter matched:
      - @ConditionalOnMissingBean (types: org.springframework.web.filter.CharacterEncodingFilter; SearchStrategy: all) did not find any beans (OnBeanCondition)

   HttpMessageConvertersAutoConfiguration matched:
      - @ConditionalOnClass found required class 'org.springframework.http.converter.HttpMessageConverter' (OnClassCondition)
      - NoneNestedConditions 0 matched 1 did not; NestedCondition on HttpMessageConvertersAutoConfiguration.NotReactiveWebApplicationCondition.ReactiveWebApplication did not find reactive web application classes (HttpMessageConvertersAutoConfiguration.NotReactiveWebApplicationCondition)

   HttpMessageConvertersAutoConfiguration#messageConverters matched:
      - @ConditionalOnMissingBean (types: org.springframework.boot.autoconfigure.http.HttpMessageConverters; SearchStrategy: all) did not find any beans (OnBeanCondition)

   HttpMessageConvertersAutoConfiguration.StringHttpMessageConverterConfiguration matched:
      - @ConditionalOnClass found required class 'org.springframework.http.converter.StringHttpMessageConverter' (OnClassCondition)

   HttpMessageConvertersAutoConfiguration.StringHttpMessageConverterConfiguration#stringHttpMessageConverter matched:
      - @ConditionalOnMissingBean (types: org.springframework.http.converter.StringHttpMessageConverter; SearchStrategy: all) did not find any beans (OnBeanCondition)

   JacksonAutoConfiguration matched:
      - @ConditionalOnClass found required class 'com.fasterxml.jackson.databind.ObjectMapper' (OnClassCondition)

   JacksonAutoConfiguration.Jackson2ObjectMapperBuilderCustomizerConfiguration matched:
      - @ConditionalOnClass found required class 'org.springframework.http.converter.json.Jackson2ObjectMapperBuilder' (OnClassCondition)

   JacksonAutoConfiguration.JacksonObjectMapperBuilderConfiguration matched:
      - @ConditionalOnClass found required class 'org.springframework.http.converter.json.Jackson2ObjectMapperBuilder' (OnClassCondition)

   JacksonAutoConfiguration.JacksonObjectMapperBuilderConfiguration#jacksonObjectMapperBuilder matched:
      - @ConditionalOnMissingBean (types: org.springframework.http.converter.json.Jackson2ObjectMapperBuilder; SearchStrategy: all) did not find any beans (OnBeanCondition)

   JacksonAutoConfiguration.JacksonObjectMapperConfiguration matched:
      - @ConditionalOnClass found required class 'org.springframework.http.converter.json.Jackson2ObjectMapperBuilder' (OnClassCondition)

   JacksonAutoConfiguration.JacksonObjectMapperConfiguration#jacksonObjectMapper matched:
      - @ConditionalOnMissingBean (types: com.fasterxml.jackson.databind.ObjectMapper; SearchStrategy: all) did not find any beans (OnBeanCondition)

   JacksonAutoConfiguration.ParameterNamesModuleConfiguration matched:
      - @ConditionalOnClass found required class 'com.fasterxml.jackson.module.paramnames.ParameterNamesModule' (OnClassCondition)

   JacksonAutoConfiguration.ParameterNamesModuleConfiguration#parameterNamesModule matched:
      - @ConditionalOnMissingBean (types: com.fasterxml.jackson.module.paramnames.ParameterNamesModule; SearchStrategy: all) did not find any beans (OnBeanCondition)

   JacksonHttpMessageConvertersConfiguration.MappingJackson2HttpMessageConverterConfiguration matched:
      - @ConditionalOnClass found required class 'com.fasterxml.jackson.databind.ObjectMapper' (OnClassCondition)
      - @ConditionalOnProperty (spring.mvc.converters.preferred-json-mapper=jackson) matched (OnPropertyCondition)
      - @ConditionalOnBean (types: com.fasterxml.jackson.databind.ObjectMapper; SearchStrategy: all) found bean 'jacksonObjectMapper' (OnBeanCondition)

   JacksonHttpMessageConvertersConfiguration.MappingJackson2HttpMessageConverterConfiguration#mappingJackson2HttpMessageConverter matched:
      - @ConditionalOnMissingBean (types: org.springframework.http.converter.json.MappingJackson2HttpMessageConverter ignored: org.springframework.hateoas.server.mvc.TypeConstrainedMappingJackson2HttpMessageConverter,org.springframework.data.rest.webmvc.alps.AlpsJsonHttpMessageConverter; SearchStrategy: all) did not find any beans (OnBeanCondition)

   JdbcTemplateAutoConfiguration matched:
      - @ConditionalOnClass found required classes 'javax.sql.DataSource', 'org.springframework.jdbc.core.JdbcTemplate' (OnClassCondition)
      - @ConditionalOnSingleCandidate (types: javax.sql.DataSource; SearchStrategy: all) found a primary bean from beans 'dataSource' (OnBeanCondition)

   JdbcTemplateConfiguration matched:
      - @ConditionalOnMissingBean (types: org.springframework.jdbc.core.JdbcOperations; SearchStrategy: all) did not find any beans (OnBeanCondition)

   JmxAutoConfiguration matched:
      - @ConditionalOnClass found required class 'org.springframework.jmx.export.MBeanExporter' (OnClassCondition)
      - @ConditionalOnProperty (spring.jmx.enabled=true) matched (OnPropertyCondition)

   JmxAutoConfiguration#mbeanExporter matched:
      - @ConditionalOnMissingBean (types: org.springframework.jmx.export.MBeanExporter; SearchStrategy: current) did not find any beans (OnBeanCondition)

   JmxAutoConfiguration#mbeanServer matched:
      - @ConditionalOnMissingBean (types: javax.management.MBeanServer; SearchStrategy: all) did not find any beans (OnBeanCondition)

   JmxAutoConfiguration#objectNamingStrategy matched:
      - @ConditionalOnMissingBean (types: org.springframework.jmx.export.naming.ObjectNamingStrategy; SearchStrategy: current) did not find any beans (OnBeanCondition)

   LifecycleAutoConfiguration#defaultLifecycleProcessor matched:
      - @ConditionalOnMissingBean (names: lifecycleProcessor; SearchStrategy: current) did not find any beans (OnBeanCondition)

   LifecycleMvcEndpointAutoConfiguration#environmentManager matched:
      - @ConditionalOnMissingBean (types: org.springframework.cloud.context.environment.EnvironmentManager; SearchStrategy: all) did not find any beans (OnBeanCondition)

   MultipartAutoConfiguration matched:
      - @ConditionalOnClass found required classes 'javax.servlet.Servlet', 'org.springframework.web.multipart.support.StandardServletMultipartResolver', 'javax.servlet.MultipartConfigElement' (OnClassCondition)
      - found 'session' scope (OnWebApplicationCondition)
      - @ConditionalOnProperty (spring.servlet.multipart.enabled) matched (OnPropertyCondition)

   MultipartAutoConfiguration#multipartConfigElement matched:
      - @ConditionalOnMissingBean (types: javax.servlet.MultipartConfigElement,org.springframework.web.multipart.commons.CommonsMultipartResolver; SearchStrategy: all) did not find any beans (OnBeanCondition)

   MultipartAutoConfiguration#multipartResolver matched:
      - @ConditionalOnMissingBean (types: org.springframework.web.multipart.MultipartResolver; SearchStrategy: all) did not find any beans (OnBeanCondition)

   MybatisPlusAutoConfiguration matched:
      - @ConditionalOnClass found required classes 'org.apache.ibatis.session.SqlSessionFactory', 'org.mybatis.spring.SqlSessionFactoryBean' (OnClassCondition)
      - @ConditionalOnSingleCandidate (types: javax.sql.DataSource; SearchStrategy: all) found a primary bean from beans 'dataSource' (OnBeanCondition)

   MybatisPlusAutoConfiguration#sqlSessionFactory matched:
      - @ConditionalOnMissingBean (types: org.apache.ibatis.session.SqlSessionFactory; SearchStrategy: all) did not find any beans (OnBeanCondition)

   MybatisPlusAutoConfiguration#sqlSessionTemplate matched:
      - @ConditionalOnMissingBean (types: org.mybatis.spring.SqlSessionTemplate; SearchStrategy: all) did not find any beans (OnBeanCondition)

   MybatisPlusLanguageDriverAutoConfiguration matched:
      - @ConditionalOnClass found required class 'org.apache.ibatis.scripting.LanguageDriver' (OnClassCondition)

   NamedParameterJdbcTemplateConfiguration matched:
      - @ConditionalOnSingleCandidate (types: org.springframework.jdbc.core.JdbcTemplate; SearchStrategy: all) found a primary bean from beans 'jdbcTemplate'; @ConditionalOnMissingBean (types: org.springframework.jdbc.core.namedparam.NamedParameterJdbcOperations; SearchStrategy: all) did not find any beans (OnBeanCondition)

   NoOpCacheConfiguration matched:
      - Cache org.springframework.boot.autoconfigure.cache.NoOpCacheConfiguration automatic cache type (CacheCondition)

   PersistenceExceptionTranslationAutoConfiguration matched:
      - @ConditionalOnClass found required class 'org.springframework.dao.annotation.PersistenceExceptionTranslationPostProcessor' (OnClassCondition)

   PersistenceExceptionTranslationAutoConfiguration#persistenceExceptionTranslationPostProcessor matched:
      - @ConditionalOnProperty (spring.dao.exceptiontranslation.enabled) matched (OnPropertyCondition)
      - @ConditionalOnMissingBean (types: org.springframework.dao.annotation.PersistenceExceptionTranslationPostProcessor; SearchStrategy: all) did not find any beans (OnBeanCondition)

   PropertyPlaceholderAutoConfiguration#propertySourcesPlaceholderConfigurer matched:
      - @ConditionalOnMissingBean (types: org.springframework.context.support.PropertySourcesPlaceholderConfigurer; SearchStrategy: current) did not find any beans (OnBeanCondition)

   RefreshAutoConfiguration matched:
      - @ConditionalOnClass found required class 'org.springframework.cloud.context.scope.refresh.RefreshScope' (OnClassCondition)
      - @ConditionalOnProperty (spring.cloud.refresh.enabled) matched (OnPropertyCondition)

   RefreshAutoConfiguration#contextRefresher matched:
      - @ConditionalOnMissingBean (types: org.springframework.cloud.context.refresh.ContextRefresher; SearchStrategy: all) did not find any beans (OnBeanCondition)

   RefreshAutoConfiguration#loggingRebinder matched:
      - @ConditionalOnMissingBean (types: org.springframework.cloud.logging.LoggingRebinder; SearchStrategy: all) did not find any beans (OnBeanCondition)

   RefreshAutoConfiguration#refreshScope matched:
      - @ConditionalOnMissingBean (types: org.springframework.cloud.context.scope.refresh.RefreshScope; SearchStrategy: all) did not find any beans (OnBeanCondition)

   RestTemplateAutoConfiguration matched:
      - @ConditionalOnClass found required class 'org.springframework.web.client.RestTemplate' (OnClassCondition)
      - NoneNestedConditions 0 matched 1 did not; NestedCondition on RestTemplateAutoConfiguration.NotReactiveWebApplicationCondition.ReactiveWebApplication did not find reactive web application classes (RestTemplateAutoConfiguration.NotReactiveWebApplicationCondition)

   RestTemplateAutoConfiguration#restTemplateBuilder matched:
      - @ConditionalOnMissingBean (types: org.springframework.boot.web.client.RestTemplateBuilder; SearchStrategy: all) did not find any beans (OnBeanCondition)

   ServletWebServerFactoryAutoConfiguration matched:
      - @ConditionalOnClass found required class 'javax.servlet.ServletRequest' (OnClassCondition)
      - found 'session' scope (OnWebApplicationCondition)

   ServletWebServerFactoryAutoConfiguration#tomcatServletWebServerFactoryCustomizer matched:
      - @ConditionalOnClass found required class 'org.apache.catalina.startup.Tomcat' (OnClassCondition)

   ServletWebServerFactoryConfiguration.EmbeddedTomcat matched:
      - @ConditionalOnClass found required classes 'javax.servlet.Servlet', 'org.apache.catalina.startup.Tomcat', 'org.apache.coyote.UpgradeProtocol' (OnClassCondition)
      - @ConditionalOnMissingBean (types: org.springframework.boot.web.servlet.server.ServletWebServerFactory; SearchStrategy: current) did not find any beans (OnBeanCondition)

   SimpleCacheConfiguration matched:
      - Cache org.springframework.boot.autoconfigure.cache.SimpleCacheConfiguration automatic cache type (CacheCondition)

   SpringApplicationAdminJmxAutoConfiguration matched:
      - @ConditionalOnProperty (spring.application.admin.enabled=true) matched (OnPropertyCondition)

   SpringApplicationAdminJmxAutoConfiguration#springApplicationAdminRegistrar matched:
      - @ConditionalOnMissingBean (types: org.springframework.boot.admin.SpringApplicationAdminMXBeanRegistrar; SearchStrategy: all) did not find any beans (OnBeanCondition)

   Swagger2Configuration matched:
      - @ConditionalOnProperty (swagger.enabled) matched (OnPropertyCondition)

   Swagger2DocumentationConfiguration matched:
      - @ConditionalOnWebApplication (required) found 'session' scope (OnWebApplicationCondition)

   SwaggerAutoConfiguration#createRestApi matched:
      - @ConditionalOnProperty (swagger.enabled) matched (OnPropertyCondition)
      - @ConditionalOnBean (types: springfox.documentation.swagger.web.UiConfiguration; SearchStrategy: all) found bean 'uiConfiguration'; @ConditionalOnMissingBean (types: java.util.List; SearchStrategy: all) did not find any beans (OnBeanCondition)

   SwaggerAutoConfiguration#swaggerProperties matched:
      - @ConditionalOnMissingBean (types: com.spring4all.swagger.SwaggerProperties; SearchStrategy: all) did not find any beans (OnBeanCondition)

   TaskExecutionAutoConfiguration matched:
      - @ConditionalOnClass found required class 'org.springframework.scheduling.concurrent.ThreadPoolTaskExecutor' (OnClassCondition)

   TaskExecutionAutoConfiguration#applicationTaskExecutor matched:
      - @ConditionalOnMissingBean (types: java.util.concurrent.Executor; SearchStrategy: all) did not find any beans (OnBeanCondition)

   TaskExecutionAutoConfiguration#taskExecutorBuilder matched:
      - @ConditionalOnMissingBean (types: org.springframework.boot.task.TaskExecutorBuilder; SearchStrategy: all) did not find any beans (OnBeanCondition)

   TaskSchedulingAutoConfiguration matched:
      - @ConditionalOnClass found required class 'org.springframework.scheduling.concurrent.ThreadPoolTaskScheduler' (OnClassCondition)

   TaskSchedulingAutoConfiguration#taskSchedulerBuilder matched:
      - @ConditionalOnMissingBean (types: org.springframework.boot.task.TaskSchedulerBuilder; SearchStrategy: all) did not find any beans (OnBeanCondition)

   TransactionAutoConfiguration matched:
      - @ConditionalOnClass found required class 'org.springframework.transaction.PlatformTransactionManager' (OnClassCondition)

   TransactionAutoConfiguration#platformTransactionManagerCustomizers matched:
      - @ConditionalOnMissingBean (types: org.springframework.boot.autoconfigure.transaction.TransactionManagerCustomizers; SearchStrategy: all) did not find any beans (OnBeanCondition)

   TransactionAutoConfiguration.EnableTransactionManagementConfiguration matched:
      - @ConditionalOnBean (types: org.springframework.transaction.TransactionManager; SearchStrategy: all) found bean 'transactionManager'; @ConditionalOnMissingBean (types: org.springframework.transaction.annotation.AbstractTransactionManagementConfiguration; SearchStrategy: all) did not find any beans (OnBeanCondition)

   TransactionAutoConfiguration.EnableTransactionManagementConfiguration.CglibAutoProxyConfiguration matched:
      - @ConditionalOnProperty (spring.aop.proxy-target-class=true) matched (OnPropertyCondition)

   TransactionAutoConfiguration.TransactionTemplateConfiguration matched:
      - @ConditionalOnSingleCandidate (types: org.springframework.transaction.PlatformTransactionManager; SearchStrategy: all) found a primary bean from beans 'transactionManager' (OnBeanCondition)

   TransactionAutoConfiguration.TransactionTemplateConfiguration#transactionTemplate matched:
      - @ConditionalOnMissingBean (types: org.springframework.transaction.support.TransactionOperations; SearchStrategy: all) did not find any beans (OnBeanCondition)

   ValidationAutoConfiguration matched:
      - @ConditionalOnClass found required class 'javax.validation.executable.ExecutableValidator' (OnClassCondition)
      - @ConditionalOnResource found location classpath:META-INF/services/javax.validation.spi.ValidationProvider (OnResourceCondition)

   ValidationAutoConfiguration#defaultValidator matched:
      - @ConditionalOnMissingBean (types: javax.validation.Validator; SearchStrategy: all) did not find any beans (OnBeanCondition)

   ValidationAutoConfiguration#methodValidationPostProcessor matched:
      - @ConditionalOnMissingBean (types: org.springframework.validation.beanvalidation.MethodValidationPostProcessor; SearchStrategy: all) did not find any beans (OnBeanCondition)

   WebMvcAutoConfiguration matched:
      - @ConditionalOnClass found required classes 'javax.servlet.Servlet', 'org.springframework.web.servlet.DispatcherServlet', 'org.springframework.web.servlet.config.annotation.WebMvcConfigurer' (OnClassCondition)
      - found 'session' scope (OnWebApplicationCondition)
      - @ConditionalOnMissingBean (types: org.springframework.web.servlet.config.annotation.WebMvcConfigurationSupport; SearchStrategy: all) did not find any beans (OnBeanCondition)

   WebMvcAutoConfiguration#formContentFilter matched:
      - @ConditionalOnProperty (spring.mvc.formcontent.filter.enabled) matched (OnPropertyCondition)
      - @ConditionalOnMissingBean (types: org.springframework.web.filter.FormContentFilter; SearchStrategy: all) did not find any beans (OnBeanCondition)

   WebMvcAutoConfiguration.WebMvcAutoConfigurationAdapter#defaultViewResolver matched:
      - @ConditionalOnMissingBean (types: org.springframework.web.servlet.view.InternalResourceViewResolver; SearchStrategy: all) did not find any beans (OnBeanCondition)

   WebMvcAutoConfiguration.WebMvcAutoConfigurationAdapter#requestContextFilter matched:
      - @ConditionalOnMissingBean (types: org.springframework.web.context.request.RequestContextListener,org.springframework.web.filter.RequestContextFilter; SearchStrategy: all) did not find any beans (OnBeanCondition)

   WebMvcAutoConfiguration.WebMvcAutoConfigurationAdapter#viewResolver matched:
      - @ConditionalOnBean (types: org.springframework.web.servlet.ViewResolver; SearchStrategy: all) found beans 'defaultViewResolver', 'beanNameViewResolver', 'mvcViewResolver'; @ConditionalOnMissingBean (names: viewResolver types: org.springframework.web.servlet.view.ContentNegotiatingViewResolver; SearchStrategy: all) did not find any beans (OnBeanCondition)

   WebSocketServletAutoConfiguration matched:
      - @ConditionalOnClass found required classes 'javax.servlet.Servlet', 'javax.websocket.server.ServerContainer' (OnClassCondition)
      - found 'session' scope (OnWebApplicationCondition)

   WebSocketServletAutoConfiguration.TomcatWebSocketConfiguration matched:
      - @ConditionalOnClass found required classes 'org.apache.catalina.startup.Tomcat', 'org.apache.tomcat.websocket.server.WsSci' (OnClassCondition)

   WebSocketServletAutoConfiguration.TomcatWebSocketConfiguration#websocketServletWebServerCustomizer matched:
      - @ConditionalOnMissingBean (names: websocketServletWebServerCustomizer; SearchStrategy: all) did not find any beans (OnBeanCondition)


Negative matches:
-----------------

   ActiveMQAutoConfiguration:
      Did not match:
         - @ConditionalOnClass did not find required class 'javax.jms.ConnectionFactory' (OnClassCondition)

   AopAutoConfiguration.AspectJAutoProxyingConfiguration:
      Did not match:
         - @ConditionalOnClass did not find required class 'org.aspectj.weaver.Advice' (OnClassCondition)

   ArtemisAutoConfiguration:
      Did not match:
         - @ConditionalOnClass did not find required class 'javax.jms.ConnectionFactory' (OnClassCondition)

   BatchAutoConfiguration:
      Did not match:
         - @ConditionalOnClass did not find required class 'org.springframework.batch.core.launch.JobLauncher' (OnClassCondition)

   CacheAutoConfiguration:
      Did not match:
         - @ConditionalOnBean (types: org.springframework.cache.interceptor.CacheAspectSupport; SearchStrategy: all) did not find any beans of type org.springframework.cache.interceptor.CacheAspectSupport (OnBeanCondition)
      Matched:
         - @ConditionalOnClass found required class 'org.springframework.cache.CacheManager' (OnClassCondition)

   CacheAutoConfiguration.CacheManagerEntityManagerFactoryDependsOnPostProcessor:
      Did not match:
         - @ConditionalOnClass did not find required class 'org.springframework.orm.jpa.LocalContainerEntityManagerFactoryBean' (OnClassCondition)
         - Ancestor org.springframework.boot.autoconfigure.cache.CacheAutoConfiguration did not match (ConditionEvaluationReport.AncestorsMatchedCondition)

   CaffeineCacheConfiguration:
      Did not match:
         - @ConditionalOnClass did not find required class 'com.github.benmanes.caffeine.cache.Caffeine' (OnClassCondition)

   CassandraAutoConfiguration:
      Did not match:
         - @ConditionalOnClass did not find required class 'com.datastax.oss.driver.api.core.CqlSession' (OnClassCondition)

   CassandraDataAutoConfiguration:
      Did not match:
         - @ConditionalOnClass did not find required class 'com.datastax.oss.driver.api.core.CqlSession' (OnClassCondition)

   CassandraReactiveDataAutoConfiguration:
      Did not match:
         - @ConditionalOnClass did not find required class 'com.datastax.oss.driver.api.core.CqlSession' (OnClassCondition)

   CassandraReactiveRepositoriesAutoConfiguration:
      Did not match:
         - @ConditionalOnClass did not find required class 'org.springframework.data.cassandra.ReactiveSession' (OnClassCondition)

   CassandraRepositoriesAutoConfiguration:
      Did not match:
         - @ConditionalOnClass did not find required class 'com.datastax.oss.driver.api.core.CqlSession' (OnClassCondition)

   ClientHttpConnectorAutoConfiguration:
      Did not match:
         - @ConditionalOnClass did not find required class 'org.springframework.web.reactive.function.client.WebClient' (OnClassCondition)

   CodecsAutoConfiguration:
      Did not match:
         - @ConditionalOnClass did not find required class 'org.springframework.web.reactive.function.client.WebClient' (OnClassCondition)

   CouchbaseAutoConfiguration:
      Did not match:
         - @ConditionalOnClass did not find required class 'com.couchbase.client.java.Cluster' (OnClassCondition)

   CouchbaseCacheConfiguration:
      Did not match:
         - @ConditionalOnClass did not find required class 'com.couchbase.client.java.Cluster' (OnClassCondition)

   CouchbaseDataAutoConfiguration:
      Did not match:
         - @ConditionalOnClass did not find required class 'com.couchbase.client.java.Bucket' (OnClassCondition)

   CouchbaseReactiveDataAutoConfiguration:
      Did not match:
         - @ConditionalOnClass did not find required class 'com.couchbase.client.java.Cluster' (OnClassCondition)

   CouchbaseReactiveRepositoriesAutoConfiguration:
      Did not match:
         - @ConditionalOnClass did not find required class 'com.couchbase.client.java.Cluster' (OnClassCondition)

   CouchbaseRepositoriesAutoConfiguration:
      Did not match:
         - @ConditionalOnClass did not find required class 'com.couchbase.client.java.Bucket' (OnClassCondition)

   DataSourceAutoConfiguration.EmbeddedDatabaseConfiguration:
      Did not match:
         - EmbeddedDataSource spring.datasource.url is set (DataSourceAutoConfiguration.EmbeddedDatabaseCondition)

   DataSourceConfiguration.Dbcp2:
      Did not match:
         - @ConditionalOnClass did not find required class 'org.apache.commons.dbcp2.BasicDataSource' (OnClassCondition)

   DataSourceConfiguration.Generic:
      Did not match:
         - @ConditionalOnProperty (spring.datasource.type) did not find property 'spring.datasource.type' (OnPropertyCondition)

   DataSourceConfiguration.Tomcat:
      Did not match:
         - @ConditionalOnClass did not find required class 'org.apache.tomcat.jdbc.pool.DataSource' (OnClassCondition)

   DataSourceJmxConfiguration.TomcatDataSourceJmxConfiguration:
      Did not match:
         - @ConditionalOnClass did not find required class 'org.apache.tomcat.jdbc.pool.DataSourceProxy' (OnClassCondition)

   DataSourcePoolMetadataProvidersConfiguration.CommonsDbcp2PoolDataSourceMetadataProviderConfiguration:
      Did not match:
         - @ConditionalOnClass did not find required class 'org.apache.commons.dbcp2.BasicDataSource' (OnClassCondition)

   DataSourcePoolMetadataProvidersConfiguration.TomcatDataSourcePoolMetadataProviderConfiguration:
      Did not match:
         - @ConditionalOnClass did not find required class 'org.apache.tomcat.jdbc.pool.DataSource' (OnClassCondition)

   DispatcherServletAutoConfiguration.DispatcherServletConfiguration#multipartResolver:
      Did not match:
         - @ConditionalOnBean (types: org.springframework.web.multipart.MultipartResolver; SearchStrategy: all) did not find any beans of type org.springframework.web.multipart.MultipartResolver (OnBeanCondition)

   EhCacheCacheConfiguration:
      Did not match:
         - @ConditionalOnClass did not find required class 'net.sf.ehcache.Cache' (OnClassCondition)

   ElasticsearchDataAutoConfiguration:
      Did not match:
         - @ConditionalOnClass did not find required class 'org.springframework.data.elasticsearch.core.ElasticsearchTemplate' (OnClassCondition)

   ElasticsearchRepositoriesAutoConfiguration:
      Did not match:
         - @ConditionalOnClass did not find required class 'org.elasticsearch.client.Client' (OnClassCondition)

   ElasticsearchRestClientAutoConfiguration:
      Did not match:
         - @ConditionalOnClass did not find required class 'org.elasticsearch.client.RestClient' (OnClassCondition)

   EmbeddedLdapAutoConfiguration:
      Did not match:
         - @ConditionalOnClass did not find required class 'com.unboundid.ldap.listener.InMemoryDirectoryServer' (OnClassCondition)

   EmbeddedMongoAutoConfiguration:
      Did not match:
         - @ConditionalOnClass did not find required class 'com.mongodb.MongoClientSettings' (OnClassCondition)

   EmbeddedWebServerFactoryCustomizerAutoConfiguration.JettyWebServerFactoryCustomizerConfiguration:
      Did not match:
         - @ConditionalOnClass did not find required classes 'org.eclipse.jetty.server.Server', 'org.eclipse.jetty.util.Loader', 'org.eclipse.jetty.webapp.WebAppContext' (OnClassCondition)

   EmbeddedWebServerFactoryCustomizerAutoConfiguration.NettyWebServerFactoryCustomizerConfiguration:
      Did not match:
         - @ConditionalOnClass did not find required class 'reactor.netty.http.server.HttpServer' (OnClassCondition)

   EmbeddedWebServerFactoryCustomizerAutoConfiguration.UndertowWebServerFactoryCustomizerConfiguration:
      Did not match:
         - @ConditionalOnClass did not find required classes 'io.undertow.Undertow', 'org.xnio.SslClientAuthMode' (OnClassCondition)

   ErrorWebFluxAutoConfiguration:
      Did not match:
         - @ConditionalOnClass did not find required class 'org.springframework.web.reactive.config.WebFluxConfigurer' (OnClassCondition)

   FlywayAutoConfiguration:
      Did not match:
         - @ConditionalOnClass did not find required class 'org.flywaydb.core.Flyway' (OnClassCondition)

   FreeMarkerAutoConfiguration:
      Did not match:
         - @ConditionalOnClass did not find required class 'freemarker.template.Configuration' (OnClassCondition)

   GroovyTemplateAutoConfiguration:
      Did not match:
         - @ConditionalOnClass did not find required class 'groovy.text.markup.MarkupTemplateEngine' (OnClassCondition)

   GsonAutoConfiguration:
      Did not match:
         - @ConditionalOnClass did not find required class 'com.google.gson.Gson' (OnClassCondition)

   GsonHttpMessageConvertersConfiguration:
      Did not match:
         - @ConditionalOnClass did not find required class 'com.google.gson.Gson' (OnClassCondition)

   H2ConsoleAutoConfiguration:
      Did not match:
         - @ConditionalOnClass did not find required class 'org.h2.server.web.WebServlet' (OnClassCondition)

   HazelcastAutoConfiguration:
      Did not match:
         - @ConditionalOnClass did not find required class 'com.hazelcast.core.HazelcastInstance' (OnClassCondition)

   HazelcastCacheConfiguration:
      Did not match:
         - @ConditionalOnClass did not find required class 'com.hazelcast.core.HazelcastInstance' (OnClassCondition)

   HazelcastJpaDependencyAutoConfiguration:
      Did not match:
         - @ConditionalOnClass did not find required class 'com.hazelcast.core.HazelcastInstance' (OnClassCondition)

   HibernateJpaAutoConfiguration:
      Did not match:
         - @ConditionalOnClass did not find required class 'javax.persistence.EntityManager' (OnClassCondition)

   HttpHandlerAutoConfiguration:
      Did not match:
         - @ConditionalOnClass did not find required class 'org.springframework.web.reactive.DispatcherHandler' (OnClassCondition)

   HypermediaAutoConfiguration:
      Did not match:
         - @ConditionalOnClass did not find required class 'org.springframework.hateoas.EntityModel' (OnClassCondition)

   InfinispanCacheConfiguration:
      Did not match:
         - @ConditionalOnClass did not find required class 'org.infinispan.spring.embedded.provider.SpringEmbeddedCacheManager' (OnClassCondition)

   InfluxDbAutoConfiguration:
      Did not match:
         - @ConditionalOnClass did not find required class 'org.influxdb.InfluxDB' (OnClassCondition)

   IntegrationAutoConfiguration:
      Did not match:
         - @ConditionalOnClass did not find required class 'org.springframework.integration.config.EnableIntegration' (OnClassCondition)

   JCacheCacheConfiguration:
      Did not match:
         - @ConditionalOnClass did not find required class 'javax.cache.Caching' (OnClassCondition)

   JacksonHttpMessageConvertersConfiguration.MappingJackson2XmlHttpMessageConverterConfiguration:
      Did not match:
         - @ConditionalOnClass did not find required class 'com.fasterxml.jackson.dataformat.xml.XmlMapper' (OnClassCondition)

   JdbcRepositoriesAutoConfiguration:
      Did not match:
         - @ConditionalOnClass did not find required class 'org.springframework.data.jdbc.repository.config.AbstractJdbcConfiguration' (OnClassCondition)

   JerseyAutoConfiguration:
      Did not match:
         - @ConditionalOnClass did not find required class 'org.glassfish.jersey.server.spring.SpringComponentProvider' (OnClassCondition)

   JmsAutoConfiguration:
      Did not match:
         - @ConditionalOnClass did not find required class 'javax.jms.Message' (OnClassCondition)

   JndiConnectionFactoryAutoConfiguration:
      Did not match:
         - @ConditionalOnClass did not find required class 'org.springframework.jms.core.JmsTemplate' (OnClassCondition)

   JndiDataSourceAutoConfiguration:
      Did not match:
         - @ConditionalOnProperty (spring.datasource.jndi-name) did not find property 'jndi-name' (OnPropertyCondition)
      Matched:
         - @ConditionalOnClass found required classes 'javax.sql.DataSource', 'org.springframework.jdbc.datasource.embedded.EmbeddedDatabaseType' (OnClassCondition)

   JooqAutoConfiguration:
      Did not match:
         - @ConditionalOnClass did not find required class 'org.jooq.DSLContext' (OnClassCondition)

   JpaRepositoriesAutoConfiguration:
      Did not match:
         - @ConditionalOnClass did not find required class 'org.springframework.data.jpa.repository.JpaRepository' (OnClassCondition)

   JsonbAutoConfiguration:
      Did not match:
         - @ConditionalOnClass did not find required class 'javax.json.bind.Jsonb' (OnClassCondition)

   JsonbHttpMessageConvertersConfiguration:
      Did not match:
         - @ConditionalOnClass did not find required class 'javax.json.bind.Jsonb' (OnClassCondition)

   JtaAutoConfiguration:
      Did not match:
         - @ConditionalOnClass did not find required class 'javax.transaction.Transaction' (OnClassCondition)

   KafkaAutoConfiguration:
      Did not match:
         - @ConditionalOnClass did not find required class 'org.springframework.kafka.core.KafkaTemplate' (OnClassCondition)

   LdapAutoConfiguration:
      Did not match:
         - @ConditionalOnClass did not find required class 'org.springframework.ldap.core.ContextSource' (OnClassCondition)

   LdapRepositoriesAutoConfiguration:
      Did not match:
         - @ConditionalOnClass did not find required class 'org.springframework.data.ldap.repository.LdapRepository' (OnClassCondition)

   LiquibaseAutoConfiguration:
      Did not match:
         - @ConditionalOnClass did not find required class 'liquibase.change.DatabaseChange' (OnClassCondition)

   MailSenderAutoConfiguration:
      Did not match:
         - @ConditionalOnClass did not find required class 'javax.mail.internet.MimeMessage' (OnClassCondition)

   MailSenderValidatorAutoConfiguration:
      Did not match:
         - @ConditionalOnSingleCandidate did not find required type 'org.springframework.mail.javamail.JavaMailSenderImpl' (OnBeanCondition)

   MessageSourceAutoConfiguration:
      Did not match:
         - ResourceBundle did not find bundle with basename messages (MessageSourceAutoConfiguration.ResourceBundleCondition)

   MongoAutoConfiguration:
      Did not match:
         - @ConditionalOnClass did not find required class 'com.mongodb.client.MongoClient' (OnClassCondition)

   MongoDataAutoConfiguration:
      Did not match:
         - @ConditionalOnClass did not find required class 'com.mongodb.client.MongoClient' (OnClassCondition)

   MongoReactiveAutoConfiguration:
      Did not match:
         - @ConditionalOnClass did not find required class 'com.mongodb.reactivestreams.client.MongoClient' (OnClassCondition)

   MongoReactiveDataAutoConfiguration:
      Did not match:
         - @ConditionalOnClass did not find required class 'com.mongodb.reactivestreams.client.MongoClient' (OnClassCondition)

   MongoReactiveRepositoriesAutoConfiguration:
      Did not match:
         - @ConditionalOnClass did not find required class 'com.mongodb.reactivestreams.client.MongoClient' (OnClassCondition)

   MongoRepositoriesAutoConfiguration:
      Did not match:
         - @ConditionalOnClass did not find required class 'com.mongodb.client.MongoClient' (OnClassCondition)

   MustacheAutoConfiguration:
      Did not match:
         - @ConditionalOnClass did not find required class 'com.samskivert.mustache.Mustache' (OnClassCondition)

   MybatisPlusAutoConfiguration.MapperScannerRegistrarNotFoundConfiguration:
      Did not match:
         - @ConditionalOnMissingBean (types: org.mybatis.spring.mapper.MapperFactoryBean,org.mybatis.spring.mapper.MapperScannerConfigurer; SearchStrategy: all) found beans of type 'org.mybatis.spring.mapper.MapperScannerConfigurer' com.xuecheng.content.config.MybatisPlusConfig#MapperScannerRegistrar#0 (OnBeanCondition)

   MybatisPlusLanguageDriverAutoConfiguration.FreeMarkerConfiguration:
      Did not match:
         - @ConditionalOnClass did not find required classes 'org.mybatis.scripting.freemarker.FreeMarkerLanguageDriver', 'org.mybatis.scripting.freemarker.FreeMarkerLanguageDriverConfig' (OnClassCondition)

   MybatisPlusLanguageDriverAutoConfiguration.LegacyFreeMarkerConfiguration:
      Did not match:
         - @ConditionalOnClass did not find required class 'org.mybatis.scripting.freemarker.FreeMarkerLanguageDriver' (OnClassCondition)

   MybatisPlusLanguageDriverAutoConfiguration.ThymeleafConfiguration:
      Did not match:
         - @ConditionalOnClass did not find required class 'org.mybatis.scripting.thymeleaf.ThymeleafLanguageDriver' (OnClassCondition)

   MybatisPlusLanguageDriverAutoConfiguration.VelocityConfiguration:
      Did not match:
         - @ConditionalOnClass did not find required classes 'org.mybatis.scripting.velocity.VelocityLanguageDriver', 'org.mybatis.scripting.velocity.VelocityLanguageDriverConfig' (OnClassCondition)

   Neo4jDataAutoConfiguration:
      Did not match:
         - @ConditionalOnClass did not find required class 'org.neo4j.ogm.session.SessionFactory' (OnClassCondition)

   Neo4jRepositoriesAutoConfiguration:
      Did not match:
         - @ConditionalOnClass did not find required class 'org.neo4j.ogm.session.Neo4jSession' (OnClassCondition)

   OAuth2ClientAutoConfiguration:
      Did not match:
         - @ConditionalOnClass did not find required class 'org.springframework.security.config.annotation.web.configuration.EnableWebSecurity' (OnClassCondition)

   OAuth2ResourceServerAutoConfiguration:
      Did not match:
         - @ConditionalOnClass did not find required class 'org.springframework.security.oauth2.server.resource.BearerTokenAuthenticationToken' (OnClassCondition)

   ProjectInfoAutoConfiguration#buildProperties:
      Did not match:
         - @ConditionalOnResource did not find resource '${spring.info.build.location:classpath:META-INF/build-info.properties}' (OnResourceCondition)

   ProjectInfoAutoConfiguration#gitProperties:
      Did not match:
         - GitResource did not find git info at classpath:git.properties (ProjectInfoAutoConfiguration.GitResourceAvailableCondition)

   QuartzAutoConfiguration:
      Did not match:
         - @ConditionalOnClass did not find required class 'org.quartz.Scheduler' (OnClassCondition)

   R2dbcAutoConfiguration:
      Did not match:
         - @ConditionalOnClass did not find required class 'io.r2dbc.spi.ConnectionFactory' (OnClassCondition)

   R2dbcDataAutoConfiguration:
      Did not match:
         - @ConditionalOnClass did not find required class 'org.springframework.data.r2dbc.core.DatabaseClient' (OnClassCondition)

   R2dbcRepositoriesAutoConfiguration:
      Did not match:
         - @ConditionalOnClass did not find required class 'io.r2dbc.spi.ConnectionFactory' (OnClassCondition)

   R2dbcTransactionManagerAutoConfiguration:
      Did not match:
         - @ConditionalOnClass did not find required class 'org.springframework.data.r2dbc.connectionfactory.R2dbcTransactionManager' (OnClassCondition)

   RSocketMessagingAutoConfiguration:
      Did not match:
         - @ConditionalOnClass did not find required class 'io.rsocket.RSocketFactory' (OnClassCondition)

   RSocketRequesterAutoConfiguration:
      Did not match:
         - @ConditionalOnClass did not find required class 'io.rsocket.RSocketFactory' (OnClassCondition)

   RSocketSecurityAutoConfiguration:
      Did not match:
         - @ConditionalOnClass did not find required class 'org.springframework.security.rsocket.core.SecuritySocketAcceptorInterceptor' (OnClassCondition)

   RSocketServerAutoConfiguration:
      Did not match:
         - @ConditionalOnClass did not find required class 'io.rsocket.core.RSocketServer' (OnClassCondition)

   RSocketStrategiesAutoConfiguration:
      Did not match:
         - @ConditionalOnClass did not find required class 'io.netty.buffer.PooledByteBufAllocator' (OnClassCondition)

   RabbitAutoConfiguration:
      Did not match:
         - @ConditionalOnClass did not find required class 'com.rabbitmq.client.Channel' (OnClassCondition)

   ReactiveElasticsearchRepositoriesAutoConfiguration:
      Did not match:
         - @ConditionalOnClass did not find required class 'org.springframework.data.elasticsearch.client.reactive.ReactiveElasticsearchClient' (OnClassCondition)

   ReactiveElasticsearchRestClientAutoConfiguration:
      Did not match:
         - @ConditionalOnClass did not find required class 'reactor.netty.http.client.HttpClient' (OnClassCondition)

   ReactiveOAuth2ClientAutoConfiguration:
      Did not match:
         - @ConditionalOnClass did not find required class 'reactor.core.publisher.Flux' (OnClassCondition)

   ReactiveOAuth2ResourceServerAutoConfiguration:
      Did not match:
         - @ConditionalOnClass did not find required class 'org.springframework.security.config.annotation.web.reactive.EnableWebFluxSecurity' (OnClassCondition)

   ReactiveSecurityAutoConfiguration:
      Did not match:
         - @ConditionalOnClass did not find required class 'reactor.core.publisher.Flux' (OnClassCondition)

   ReactiveUserDetailsServiceAutoConfiguration:
      Did not match:
         - @ConditionalOnClass did not find required class 'org.springframework.security.authentication.ReactiveAuthenticationManager' (OnClassCondition)

   ReactiveWebServerFactoryAutoConfiguration:
      Did not match:
         - @ConditionalOnWebApplication did not find reactive web application classes (OnWebApplicationCondition)

   RedisAutoConfiguration:
      Did not match:
         - @ConditionalOnClass did not find required class 'org.springframework.data.redis.core.RedisOperations' (OnClassCondition)

   RedisCacheConfiguration:
      Did not match:
         - @ConditionalOnClass did not find required class 'org.springframework.data.redis.connection.RedisConnectionFactory' (OnClassCondition)

   RedisReactiveAutoConfiguration:
      Did not match:
         - @ConditionalOnClass did not find required class 'reactor.core.publisher.Flux' (OnClassCondition)

   RedisRepositoriesAutoConfiguration:
      Did not match:
         - @ConditionalOnClass did not find required class 'org.springframework.data.redis.repository.configuration.EnableRedisRepositories' (OnClassCondition)

   RefreshAutoConfiguration.JpaInvokerConfiguration:
      Did not match:
         - @ConditionalOnClass did not find required class 'javax.persistence.EntityManagerFactory' (OnClassCondition)

   RefreshEndpointAutoConfiguration:
      Did not match:
         - @ConditionalOnClass did not find required class 'org.springframework.boot.actuate.autoconfigure.endpoint.EndpointAutoConfiguration' (OnClassCondition)

   RepositoryRestMvcAutoConfiguration:
      Did not match:
         - @ConditionalOnClass did not find required class 'org.springframework.data.rest.webmvc.config.RepositoryRestMvcConfiguration' (OnClassCondition)

   Saml2RelyingPartyAutoConfiguration:
      Did not match:
         - @ConditionalOnClass did not find required class 'org.springframework.security.saml2.provider.service.registration.RelyingPartyRegistrationRepository' (OnClassCondition)

   SecurityAutoConfiguration:
      Did not match:
         - @ConditionalOnClass did not find required class 'org.springframework.security.authentication.DefaultAuthenticationEventPublisher' (OnClassCondition)

   SecurityFilterAutoConfiguration:
      Did not match:
         - @ConditionalOnClass did not find required class 'org.springframework.security.config.http.SessionCreationPolicy' (OnClassCondition)

   SendGridAutoConfiguration:
      Did not match:
         - @ConditionalOnClass did not find required class 'com.sendgrid.SendGrid' (OnClassCondition)

   ServletWebServerFactoryAutoConfiguration#forwardedHeaderFilter:
      Did not match:
         - @ConditionalOnProperty (server.forward-headers-strategy=framework) did not find property 'server.forward-headers-strategy' (OnPropertyCondition)

   ServletWebServerFactoryConfiguration.EmbeddedJetty:
      Did not match:
         - @ConditionalOnClass did not find required classes 'org.eclipse.jetty.server.Server', 'org.eclipse.jetty.util.Loader', 'org.eclipse.jetty.webapp.WebAppContext' (OnClassCondition)

   ServletWebServerFactoryConfiguration.EmbeddedUndertow:
      Did not match:
         - @ConditionalOnClass did not find required classes 'io.undertow.Undertow', 'org.xnio.SslClientAuthMode' (OnClassCondition)

   SessionAutoConfiguration:
      Did not match:
         - @ConditionalOnClass did not find required class 'org.springframework.session.Session' (OnClassCondition)

   SolrAutoConfiguration:
      Did not match:
         - @ConditionalOnClass did not find required class 'org.apache.solr.client.solrj.impl.CloudSolrClient' (OnClassCondition)

   SolrRepositoriesAutoConfiguration:
      Did not match:
         - @ConditionalOnClass did not find required class 'org.apache.solr.client.solrj.SolrClient' (OnClassCondition)

   SpringDataWebAutoConfiguration:
      Did not match:
         - @ConditionalOnClass did not find required class 'org.springframework.data.web.PageableHandlerMethodArgumentResolver' (OnClassCondition)

   TaskSchedulingAutoConfiguration#taskScheduler:
      Did not match:
         - @ConditionalOnBean (names: org.springframework.context.annotation.internalScheduledAnnotationProcessor; SearchStrategy: all) did not find any beans named org.springframework.context.annotation.internalScheduledAnnotationProcessor (OnBeanCondition)

   ThymeleafAutoConfiguration:
      Did not match:
         - @ConditionalOnClass did not find required class 'org.thymeleaf.spring5.SpringTemplateEngine' (OnClassCondition)

   TransactionAutoConfiguration#transactionalOperator:
      Did not match:
         - @ConditionalOnSingleCandidate (types: org.springframework.transaction.ReactiveTransactionManager; SearchStrategy: all) did not find any beans (OnBeanCondition)

   TransactionAutoConfiguration.EnableTransactionManagementConfiguration.JdkDynamicAutoProxyConfiguration:
      Did not match:
         - @ConditionalOnProperty (spring.aop.proxy-target-class=false) did not find property 'proxy-target-class' (OnPropertyCondition)

   UserDetailsServiceAutoConfiguration:
      Did not match:
         - @ConditionalOnClass did not find required class 'org.springframework.security.authentication.AuthenticationManager' (OnClassCondition)

   WebClientAutoConfiguration:
      Did not match:
         - @ConditionalOnClass did not find required class 'org.springframework.web.reactive.function.client.WebClient' (OnClassCondition)

   WebFluxAutoConfiguration:
      Did not match:
         - @ConditionalOnClass did not find required class 'org.springframework.web.reactive.config.WebFluxConfigurer' (OnClassCondition)

   WebMvcAutoConfiguration#hiddenHttpMethodFilter:
      Did not match:
         - @ConditionalOnProperty (spring.mvc.hiddenmethod.filter.enabled) did not find property 'enabled' (OnPropertyCondition)

   WebMvcAutoConfiguration.ResourceChainCustomizerConfiguration:
      Did not match:
         - @ConditionalOnEnabledResourceChain did not find class org.webjars.WebJarAssetLocator (OnEnabledResourceChainCondition)

   WebMvcAutoConfiguration.WebMvcAutoConfigurationAdapter#beanNameViewResolver:
      Did not match:
         - @ConditionalOnMissingBean (types: org.springframework.web.servlet.view.BeanNameViewResolver; SearchStrategy: all) found beans of type 'org.springframework.web.servlet.view.BeanNameViewResolver' beanNameViewResolver (OnBeanCondition)

   WebMvcAutoConfiguration.WebMvcAutoConfigurationAdapter#localeResolver:
      Did not match:
         - @ConditionalOnProperty (spring.mvc.locale) did not find property 'locale' (OnPropertyCondition)

   WebServiceTemplateAutoConfiguration:
      Did not match:
         - @ConditionalOnClass did not find required class 'org.springframework.oxm.Marshaller' (OnClassCondition)

   WebServicesAutoConfiguration:
      Did not match:
         - @ConditionalOnClass did not find required class 'org.springframework.ws.transport.http.MessageDispatcherServlet' (OnClassCondition)

   WebSocketMessagingAutoConfiguration:
      Did not match:
         - @ConditionalOnClass did not find required class 'org.springframework.web.socket.config.annotation.WebSocketMessageBrokerConfigurer' (OnClassCondition)

   WebSocketReactiveAutoConfiguration:
      Did not match:
         - @ConditionalOnWebApplication did not find reactive web application classes (OnWebApplicationCondition)

   WebSocketServletAutoConfiguration.JettyWebSocketConfiguration:
      Did not match:
         - @ConditionalOnClass did not find required class 'org.eclipse.jetty.websocket.jsr356.server.deploy.WebSocketServerContainerInitializer' (OnClassCondition)

   WebSocketServletAutoConfiguration.UndertowWebSocketConfiguration:
      Did not match:
         - @ConditionalOnClass did not find required class 'io.undertow.websockets.jsr.Bootstrap' (OnClassCondition)

   WritableEnvironmentEndpointAutoConfiguration:
      Did not match:
         - @ConditionalOnClass did not find required class 'org.springframework.boot.actuate.autoconfigure.env.EnvironmentEndpointProperties' (OnClassCondition)

   XADataSourceAutoConfiguration:
      Did not match:
         - @ConditionalOnClass did not find required class 'javax.transaction.TransactionManager' (OnClassCondition)


Exclusions:
-----------

    None


Unconditional classes:
----------------------

    org.springframework.boot.autoconfigure.context.ConfigurationPropertiesAutoConfiguration

    org.springframework.boot.autoconfigure.context.LifecycleAutoConfiguration

    org.springframework.boot.autoconfigure.context.PropertyPlaceholderAutoConfiguration

    org.springframework.cloud.autoconfigure.LifecycleMvcEndpointAutoConfiguration

    org.springframework.boot.autoconfigure.availability.ApplicationAvailabilityAutoConfiguration

    org.springframework.boot.autoconfigure.info.ProjectInfoAutoConfiguration



2025-04-16 22:18:09,099 DEBUG [main][PropertySourcesPropertyResolver.java:115] - Found key 'spring.liveBeansView.mbeanDomain' in PropertySource 'systemProperties' with value of type String
2025-04-16 22:18:09,099 DEBUG [main][PropertySourcesPropertyResolver.java:115] - Found key 'spring.liveBeansView.mbeanDomain' in PropertySource 'systemProperties' with value of type String
2025-04-16 22:18:09,099 INFO [main][StartupInfoLogger.java:61] - Started ContentApplication in 3.256 seconds (JVM running for 3.979)
2025-04-16 22:18:09,099 INFO [main][StartupInfoLogger.java:61] - Started ContentApplication in 3.256 seconds (JVM running for 3.979)
2025-04-16 22:18:09,290 DEBUG [RMI TCP Connection(1)-192.168.1.110][PropertySourcesPropertyResolver.java:115] - Found key 'local.server.port' in PropertySource 'server.ports' with value of type Integer
2025-04-16 22:18:09,290 DEBUG [RMI TCP Connection(1)-192.168.1.110][PropertySourcesPropertyResolver.java:115] - Found key 'local.server.port' in PropertySource 'server.ports' with value of type Integer
2025-04-16 22:18:09,294 DEBUG [RMI TCP Connection(1)-192.168.1.110][PropertySourcesPropertyResolver.java:115] - Found key 'server.servlet.context-path' in PropertySource 'configurationProperties' with value of type String
2025-04-16 22:18:09,294 DEBUG [RMI TCP Connection(1)-192.168.1.110][PropertySourcesPropertyResolver.java:115] - Found key 'server.servlet.context-path' in PropertySource 'configurationProperties' with value of type String
2025-04-16 22:18:14,053 DEBUG [HikariPool-1 housekeeper][HikariPool.java:421] - HikariPool-1 - Pool stats (total=10, active=0, idle=10, waiting=0)
2025-04-16 22:18:14,053 DEBUG [HikariPool-1 housekeeper][HikariPool.java:421] - HikariPool-1 - Pool stats (total=10, active=0, idle=10, waiting=0)
2025-04-16 22:18:14,053 DEBUG [HikariPool-1 housekeeper][HikariPool.java:517] - HikariPool-1 - Fill pool skipped, pool is at sufficient level.
2025-04-16 22:18:14,053 DEBUG [HikariPool-1 housekeeper][HikariPool.java:517] - HikariPool-1 - Fill pool skipped, pool is at sufficient level.
2025-04-16 22:18:16,261 INFO [http-nio-63040-exec-1][DirectJDKLog.java:173] - Initializing Spring DispatcherServlet 'dispatcherServlet'
2025-04-16 22:18:16,261 INFO [http-nio-63040-exec-1][DirectJDKLog.java:173] - Initializing Spring DispatcherServlet 'dispatcherServlet'
2025-04-16 22:18:16,261 INFO [http-nio-63040-exec-1][FrameworkServlet.java:525] - Initializing Servlet 'dispatcherServlet'
2025-04-16 22:18:16,261 INFO [http-nio-63040-exec-1][FrameworkServlet.java:525] - Initializing Servlet 'dispatcherServlet'
2025-04-16 22:18:16,261 DEBUG [http-nio-63040-exec-1][DispatcherServlet.java:526] - Detected StandardServletMultipartResolver
2025-04-16 22:18:16,261 DEBUG [http-nio-63040-exec-1][DispatcherServlet.java:526] - Detected StandardServletMultipartResolver
2025-04-16 22:18:16,265 DEBUG [http-nio-63040-exec-1][FrameworkServlet.java:542] - enableLoggingRequestDetails='false': request parameters and headers will be masked to prevent unsafe logging of potentially sensitive data
2025-04-16 22:18:16,265 DEBUG [http-nio-63040-exec-1][FrameworkServlet.java:542] - enableLoggingRequestDetails='false': request parameters and headers will be masked to prevent unsafe logging of potentially sensitive data
2025-04-16 22:18:16,265 INFO [http-nio-63040-exec-1][FrameworkServlet.java:547] - Completed initialization in 4 ms
2025-04-16 22:18:16,265 INFO [http-nio-63040-exec-1][FrameworkServlet.java:547] - Completed initialization in 4 ms
2025-04-16 22:18:16,272 DEBUG [http-nio-63040-exec-1][LogFormatUtils.java:91] - PUT "/content/course", parameters={}
2025-04-16 22:18:16,272 DEBUG [http-nio-63040-exec-1][LogFormatUtils.java:91] - PUT "/content/course", parameters={}
2025-04-16 22:18:16,275 DEBUG [http-nio-63040-exec-1][AbstractHandlerMapping.java:415] - Mapped to com.xuecheng.content.api.CourseBaseInfoController#modifyCourseBaseById(EditCourseDto)
2025-04-16 22:18:16,275 DEBUG [http-nio-63040-exec-1][AbstractHandlerMapping.java:415] - Mapped to com.xuecheng.content.api.CourseBaseInfoController#modifyCourseBaseById(EditCourseDto)
2025-04-16 22:18:16,307 DEBUG [http-nio-63040-exec-1][LogFormatUtils.java:91] - Read "application/json;charset=UTF-8" to [EditCourseDto(id=128)]
2025-04-16 22:18:16,307 DEBUG [http-nio-63040-exec-1][LogFormatUtils.java:91] - Read "application/json;charset=UTF-8" to [EditCourseDto(id=128)]
2025-04-16 22:18:16,367 DEBUG [http-nio-63040-exec-1][Logger.java:49] - Creating a new SqlSession
2025-04-16 22:18:16,367 DEBUG [http-nio-63040-exec-1][Logger.java:49] - Creating a new SqlSession
2025-04-16 22:18:16,372 DEBUG [http-nio-63040-exec-1][Logger.java:49] - SqlSession [org.apache.ibatis.session.defaults.DefaultSqlSession@313fb195] was not registered for synchronization because synchronization is not active
2025-04-16 22:18:16,372 DEBUG [http-nio-63040-exec-1][Logger.java:49] - SqlSession [org.apache.ibatis.session.defaults.DefaultSqlSession@313fb195] was not registered for synchronization because synchronization is not active
2025-04-16 22:18:16,376 DEBUG [http-nio-63040-exec-1][DataSourceUtils.java:115] - Fetching JDBC Connection from DataSource
2025-04-16 22:18:16,376 DEBUG [http-nio-63040-exec-1][DataSourceUtils.java:115] - Fetching JDBC Connection from DataSource
2025-04-16 22:18:16,377 DEBUG [http-nio-63040-exec-1][HikariConfig.java:1066] - HikariPool-1 - configuration:
2025-04-16 22:18:16,377 DEBUG [http-nio-63040-exec-1][HikariConfig.java:1066] - HikariPool-1 - configuration:
2025-04-16 22:18:16,377 DEBUG [http-nio-63040-exec-1][HikariConfig.java:1098] - allowPoolSuspension.............false
2025-04-16 22:18:16,377 DEBUG [http-nio-63040-exec-1][HikariConfig.java:1098] - allowPoolSuspension.............false
2025-04-16 22:18:16,379 DEBUG [http-nio-63040-exec-1][HikariConfig.java:1098] - autoCommit......................true
2025-04-16 22:18:16,379 DEBUG [http-nio-63040-exec-1][HikariConfig.java:1098] - autoCommit......................true
2025-04-16 22:18:16,379 DEBUG [http-nio-63040-exec-1][HikariConfig.java:1098] - catalog.........................none
2025-04-16 22:18:16,379 DEBUG [http-nio-63040-exec-1][HikariConfig.java:1098] - catalog.........................none
2025-04-16 22:18:16,379 DEBUG [http-nio-63040-exec-1][HikariConfig.java:1098] - connectionInitSql...............none
2025-04-16 22:18:16,379 DEBUG [http-nio-63040-exec-1][HikariConfig.java:1098] - connectionInitSql...............none
2025-04-16 22:18:16,379 DEBUG [http-nio-63040-exec-1][HikariConfig.java:1098] - connectionTestQuery.............none
2025-04-16 22:18:16,379 DEBUG [http-nio-63040-exec-1][HikariConfig.java:1098] - connectionTestQuery.............none
2025-04-16 22:18:16,379 DEBUG [http-nio-63040-exec-1][HikariConfig.java:1098] - connectionTimeout...............30000
2025-04-16 22:18:16,379 DEBUG [http-nio-63040-exec-1][HikariConfig.java:1098] - connectionTimeout...............30000
2025-04-16 22:18:16,379 DEBUG [http-nio-63040-exec-1][HikariConfig.java:1098] - dataSource......................none
2025-04-16 22:18:16,379 DEBUG [http-nio-63040-exec-1][HikariConfig.java:1098] - dataSource......................none
2025-04-16 22:18:16,379 DEBUG [http-nio-63040-exec-1][HikariConfig.java:1098] - dataSourceClassName.............none
2025-04-16 22:18:16,379 DEBUG [http-nio-63040-exec-1][HikariConfig.java:1098] - dataSourceClassName.............none
2025-04-16 22:18:16,380 DEBUG [http-nio-63040-exec-1][HikariConfig.java:1098] - dataSourceJNDI..................none
2025-04-16 22:18:16,380 DEBUG [http-nio-63040-exec-1][HikariConfig.java:1098] - dataSourceJNDI..................none
2025-04-16 22:18:16,380 DEBUG [http-nio-63040-exec-1][HikariConfig.java:1098] - dataSourceProperties............{password=<masked>}
2025-04-16 22:18:16,380 DEBUG [http-nio-63040-exec-1][HikariConfig.java:1098] - dataSourceProperties............{password=<masked>}
2025-04-16 22:18:16,380 DEBUG [http-nio-63040-exec-1][HikariConfig.java:1098] - driverClassName................."com.mysql.cj.jdbc.Driver"
2025-04-16 22:18:16,380 DEBUG [http-nio-63040-exec-1][HikariConfig.java:1098] - driverClassName................."com.mysql.cj.jdbc.Driver"
2025-04-16 22:18:16,380 DEBUG [http-nio-63040-exec-1][HikariConfig.java:1098] - exceptionOverrideClassName......none
2025-04-16 22:18:16,380 DEBUG [http-nio-63040-exec-1][HikariConfig.java:1098] - exceptionOverrideClassName......none
2025-04-16 22:18:16,381 DEBUG [http-nio-63040-exec-1][HikariConfig.java:1098] - healthCheckProperties...........{}
2025-04-16 22:18:16,381 DEBUG [http-nio-63040-exec-1][HikariConfig.java:1098] - healthCheckProperties...........{}
2025-04-16 22:18:16,381 DEBUG [http-nio-63040-exec-1][HikariConfig.java:1098] - healthCheckRegistry.............none
2025-04-16 22:18:16,381 DEBUG [http-nio-63040-exec-1][HikariConfig.java:1098] - healthCheckRegistry.............none
2025-04-16 22:18:16,381 DEBUG [http-nio-63040-exec-1][HikariConfig.java:1098] - idleTimeout.....................600000
2025-04-16 22:18:16,381 DEBUG [http-nio-63040-exec-1][HikariConfig.java:1098] - idleTimeout.....................600000
2025-04-16 22:18:16,381 DEBUG [http-nio-63040-exec-1][HikariConfig.java:1098] - initializationFailTimeout.......1
2025-04-16 22:18:16,381 DEBUG [http-nio-63040-exec-1][HikariConfig.java:1098] - initializationFailTimeout.......1
2025-04-16 22:18:16,381 DEBUG [http-nio-63040-exec-1][HikariConfig.java:1098] - isolateInternalQueries..........false
2025-04-16 22:18:16,381 DEBUG [http-nio-63040-exec-1][HikariConfig.java:1098] - isolateInternalQueries..........false
2025-04-16 22:18:16,381 DEBUG [http-nio-63040-exec-1][HikariConfig.java:1098] - jdbcUrl.........................jdbc:mysql://192.168.101.65:3306/xc402_content?serverTimezone=UTC&userUnicode=true&useSSL=false&
2025-04-16 22:18:16,381 DEBUG [http-nio-63040-exec-1][HikariConfig.java:1098] - jdbcUrl.........................jdbc:mysql://192.168.101.65:3306/xc402_content?serverTimezone=UTC&userUnicode=true&useSSL=false&
2025-04-16 22:18:16,381 DEBUG [http-nio-63040-exec-1][HikariConfig.java:1098] - leakDetectionThreshold..........0
2025-04-16 22:18:16,381 DEBUG [http-nio-63040-exec-1][HikariConfig.java:1098] - leakDetectionThreshold..........0
2025-04-16 22:18:16,382 DEBUG [http-nio-63040-exec-1][HikariConfig.java:1098] - maxLifetime.....................1800000
2025-04-16 22:18:16,382 DEBUG [http-nio-63040-exec-1][HikariConfig.java:1098] - maxLifetime.....................1800000
2025-04-16 22:18:16,382 DEBUG [http-nio-63040-exec-1][HikariConfig.java:1098] - maximumPoolSize.................10
2025-04-16 22:18:16,382 DEBUG [http-nio-63040-exec-1][HikariConfig.java:1098] - maximumPoolSize.................10
2025-04-16 22:18:16,382 DEBUG [http-nio-63040-exec-1][HikariConfig.java:1098] - metricRegistry..................none
2025-04-16 22:18:16,382 DEBUG [http-nio-63040-exec-1][HikariConfig.java:1098] - metricRegistry..................none
2025-04-16 22:18:16,382 DEBUG [http-nio-63040-exec-1][HikariConfig.java:1098] - metricsTrackerFactory...........none
2025-04-16 22:18:16,382 DEBUG [http-nio-63040-exec-1][HikariConfig.java:1098] - metricsTrackerFactory...........none
2025-04-16 22:18:16,383 DEBUG [http-nio-63040-exec-1][HikariConfig.java:1098] - minimumIdle.....................10
2025-04-16 22:18:16,383 DEBUG [http-nio-63040-exec-1][HikariConfig.java:1098] - minimumIdle.....................10
2025-04-16 22:18:16,383 DEBUG [http-nio-63040-exec-1][HikariConfig.java:1098] - password........................<masked>
2025-04-16 22:18:16,383 DEBUG [http-nio-63040-exec-1][HikariConfig.java:1098] - password........................<masked>
2025-04-16 22:18:16,383 DEBUG [http-nio-63040-exec-1][HikariConfig.java:1098] - poolName........................"HikariPool-1"
2025-04-16 22:18:16,383 DEBUG [http-nio-63040-exec-1][HikariConfig.java:1098] - poolName........................"HikariPool-1"
2025-04-16 22:18:16,383 DEBUG [http-nio-63040-exec-1][HikariConfig.java:1098] - readOnly........................false
2025-04-16 22:18:16,383 DEBUG [http-nio-63040-exec-1][HikariConfig.java:1098] - readOnly........................false
2025-04-16 22:18:16,383 DEBUG [http-nio-63040-exec-1][HikariConfig.java:1098] - registerMbeans..................false
2025-04-16 22:18:16,383 DEBUG [http-nio-63040-exec-1][HikariConfig.java:1098] - registerMbeans..................false
2025-04-16 22:18:16,383 DEBUG [http-nio-63040-exec-1][HikariConfig.java:1098] - scheduledExecutor...............none
2025-04-16 22:18:16,383 DEBUG [http-nio-63040-exec-1][HikariConfig.java:1098] - scheduledExecutor...............none
2025-04-16 22:18:16,383 DEBUG [http-nio-63040-exec-1][HikariConfig.java:1098] - schema..........................none
2025-04-16 22:18:16,383 DEBUG [http-nio-63040-exec-1][HikariConfig.java:1098] - schema..........................none
2025-04-16 22:18:16,383 DEBUG [http-nio-63040-exec-1][HikariConfig.java:1098] - threadFactory...................internal
2025-04-16 22:18:16,383 DEBUG [http-nio-63040-exec-1][HikariConfig.java:1098] - threadFactory...................internal
2025-04-16 22:18:16,383 DEBUG [http-nio-63040-exec-1][HikariConfig.java:1098] - transactionIsolation............default
2025-04-16 22:18:16,383 DEBUG [http-nio-63040-exec-1][HikariConfig.java:1098] - transactionIsolation............default
2025-04-16 22:18:16,383 DEBUG [http-nio-63040-exec-1][HikariConfig.java:1098] - username........................"root"
2025-04-16 22:18:16,383 DEBUG [http-nio-63040-exec-1][HikariConfig.java:1098] - username........................"root"
2025-04-16 22:18:16,383 DEBUG [http-nio-63040-exec-1][HikariConfig.java:1098] - validationTimeout...............5000
2025-04-16 22:18:16,383 DEBUG [http-nio-63040-exec-1][HikariConfig.java:1098] - validationTimeout...............5000
2025-04-16 22:18:16,383 INFO [http-nio-63040-exec-1][HikariDataSource.java:110] - HikariPool-1 - Starting...
2025-04-16 22:18:16,383 INFO [http-nio-63040-exec-1][HikariDataSource.java:110] - HikariPool-1 - Starting...
2025-04-16 22:18:16,489 DEBUG [http-nio-63040-exec-1][HikariPool.java:564] - HikariPool-1 - Added connection com.mysql.cj.jdbc.ConnectionImpl@4a6af92c
2025-04-16 22:18:16,489 DEBUG [http-nio-63040-exec-1][HikariPool.java:564] - HikariPool-1 - Added connection com.mysql.cj.jdbc.ConnectionImpl@4a6af92c
2025-04-16 22:18:16,490 INFO [http-nio-63040-exec-1][HikariDataSource.java:123] - HikariPool-1 - Start completed.
2025-04-16 22:18:16,490 INFO [http-nio-63040-exec-1][HikariDataSource.java:123] - HikariPool-1 - Start completed.
2025-04-16 22:18:16,493 DEBUG [http-nio-63040-exec-1][Logger.java:49] - JDBC Connection [HikariProxyConnection@51957670 wrapping com.mysql.cj.jdbc.ConnectionImpl@4a6af92c] will not be managed by Spring
2025-04-16 22:18:16,493 DEBUG [http-nio-63040-exec-1][Logger.java:49] - JDBC Connection [HikariProxyConnection@51957670 wrapping com.mysql.cj.jdbc.ConnectionImpl@4a6af92c] will not be managed by Spring
2025-04-16 22:18:16,496 DEBUG [http-nio-63040-exec-1][BaseJdbcLogger.java:137] - ==>  Preparing: SELECT id,company_id,company_name,name,users,tags,mt,st,grade,teachmode,description,pic,create_date,change_date,create_people,change_people,audit_status,status FROM course_base WHERE id=?
2025-04-16 22:18:16,496 DEBUG [http-nio-63040-exec-1][BaseJdbcLogger.java:137] - ==>  Preparing: SELECT id,company_id,company_name,name,users,tags,mt,st,grade,teachmode,description,pic,create_date,change_date,create_people,change_people,audit_status,status FROM course_base WHERE id=?
2025-04-16 22:18:16,513 DEBUG [http-nio-63040-exec-1][BaseJdbcLogger.java:137] - ==> Parameters: 128(Long)
2025-04-16 22:18:16,513 DEBUG [http-nio-63040-exec-1][BaseJdbcLogger.java:137] - ==> Parameters: 128(Long)
2025-04-16 22:18:16,533 DEBUG [http-nio-63040-exec-1][BaseJdbcLogger.java:137] - <==      Total: 1
2025-04-16 22:18:16,533 DEBUG [http-nio-63040-exec-1][BaseJdbcLogger.java:137] - <==      Total: 1
2025-04-16 22:18:16,537 DEBUG [http-nio-63040-exec-1][Logger.java:49] - Closing non transactional SqlSession [org.apache.ibatis.session.defaults.DefaultSqlSession@313fb195]
2025-04-16 22:18:16,537 DEBUG [http-nio-63040-exec-1][Logger.java:49] - Closing non transactional SqlSession [org.apache.ibatis.session.defaults.DefaultSqlSession@313fb195]
2025-04-16 22:18:16,547 DEBUG [http-nio-63040-exec-1][Logger.java:49] - Creating a new SqlSession
2025-04-16 22:18:16,547 DEBUG [http-nio-63040-exec-1][Logger.java:49] - Creating a new SqlSession
2025-04-16 22:18:16,547 DEBUG [http-nio-63040-exec-1][Logger.java:49] - SqlSession [org.apache.ibatis.session.defaults.DefaultSqlSession@1218dc2b] was not registered for synchronization because synchronization is not active
2025-04-16 22:18:16,547 DEBUG [http-nio-63040-exec-1][Logger.java:49] - SqlSession [org.apache.ibatis.session.defaults.DefaultSqlSession@1218dc2b] was not registered for synchronization because synchronization is not active
2025-04-16 22:18:16,548 DEBUG [http-nio-63040-exec-1][DataSourceUtils.java:115] - Fetching JDBC Connection from DataSource
2025-04-16 22:18:16,548 DEBUG [http-nio-63040-exec-1][DataSourceUtils.java:115] - Fetching JDBC Connection from DataSource
2025-04-16 22:18:16,548 DEBUG [http-nio-63040-exec-1][Logger.java:49] - JDBC Connection [HikariProxyConnection@490687694 wrapping com.mysql.cj.jdbc.ConnectionImpl@4a6af92c] will not be managed by Spring
2025-04-16 22:18:16,548 DEBUG [http-nio-63040-exec-1][Logger.java:49] - JDBC Connection [HikariProxyConnection@490687694 wrapping com.mysql.cj.jdbc.ConnectionImpl@4a6af92c] will not be managed by Spring
2025-04-16 22:18:16,548 DEBUG [http-nio-63040-exec-1][BaseJdbcLogger.java:137] - ==>  Preparing: SELECT id,charge,price,original_price,qq,wechat,phone,valid_days FROM course_market WHERE id=?
2025-04-16 22:18:16,548 DEBUG [http-nio-63040-exec-1][BaseJdbcLogger.java:137] - ==>  Preparing: SELECT id,charge,price,original_price,qq,wechat,phone,valid_days FROM course_market WHERE id=?
2025-04-16 22:18:16,549 DEBUG [http-nio-63040-exec-1][BaseJdbcLogger.java:137] - ==> Parameters: 128(Long)
2025-04-16 22:18:16,549 DEBUG [http-nio-63040-exec-1][BaseJdbcLogger.java:137] - ==> Parameters: 128(Long)
2025-04-16 22:18:16,551 DEBUG [http-nio-63040-exec-1][BaseJdbcLogger.java:137] - <==      Total: 1
2025-04-16 22:18:16,551 DEBUG [http-nio-63040-exec-1][BaseJdbcLogger.java:137] - <==      Total: 1
2025-04-16 22:18:16,552 DEBUG [http-nio-63040-exec-1][Logger.java:49] - Closing non transactional SqlSession [org.apache.ibatis.session.defaults.DefaultSqlSession@1218dc2b]
2025-04-16 22:18:16,552 DEBUG [http-nio-63040-exec-1][Logger.java:49] - Closing non transactional SqlSession [org.apache.ibatis.session.defaults.DefaultSqlSession@1218dc2b]
2025-04-16 22:18:16,553 DEBUG [http-nio-63040-exec-1][Logger.java:49] - Creating a new SqlSession
2025-04-16 22:18:16,553 DEBUG [http-nio-63040-exec-1][Logger.java:49] - Creating a new SqlSession
2025-04-16 22:18:16,553 DEBUG [http-nio-63040-exec-1][Logger.java:49] - SqlSession [org.apache.ibatis.session.defaults.DefaultSqlSession@1a44bec7] was not registered for synchronization because synchronization is not active
2025-04-16 22:18:16,553 DEBUG [http-nio-63040-exec-1][Logger.java:49] - SqlSession [org.apache.ibatis.session.defaults.DefaultSqlSession@1a44bec7] was not registered for synchronization because synchronization is not active
2025-04-16 22:18:16,569 DEBUG [http-nio-63040-exec-1][DataSourceUtils.java:115] - Fetching JDBC Connection from DataSource
2025-04-16 22:18:16,569 DEBUG [http-nio-63040-exec-1][DataSourceUtils.java:115] - Fetching JDBC Connection from DataSource
2025-04-16 22:18:16,569 DEBUG [http-nio-63040-exec-1][Logger.java:49] - JDBC Connection [HikariProxyConnection@750122985 wrapping com.mysql.cj.jdbc.ConnectionImpl@4a6af92c] will not be managed by Spring
2025-04-16 22:18:16,569 DEBUG [http-nio-63040-exec-1][Logger.java:49] - JDBC Connection [HikariProxyConnection@750122985 wrapping com.mysql.cj.jdbc.ConnectionImpl@4a6af92c] will not be managed by Spring
2025-04-16 22:18:16,569 DEBUG [http-nio-63040-exec-1][BaseJdbcLogger.java:137] - ==>  Preparing: UPDATE course_market SET charge=?, price=?, original_price=?, qq=?, wechat=?, phone=?, valid_days=? WHERE id=?
2025-04-16 22:18:16,569 DEBUG [http-nio-63040-exec-1][BaseJdbcLogger.java:137] - ==>  Preparing: UPDATE course_market SET charge=?, price=?, original_price=?, qq=?, wechat=?, phone=?, valid_days=? WHERE id=?
2025-04-16 22:18:16,572 DEBUG [http-nio-63040-exec-1][BaseJdbcLogger.java:137] - ==> Parameters: 201000(String), 1.0(Float), 999.0(Float), 2222(String), 22222(String), 21231232(String), 1(Integer), 128(Long)
2025-04-16 22:18:16,572 DEBUG [http-nio-63040-exec-1][BaseJdbcLogger.java:137] - ==> Parameters: 201000(String), 1.0(Float), 999.0(Float), 2222(String), 22222(String), 21231232(String), 1(Integer), 128(Long)
2025-04-16 22:18:16,578 DEBUG [http-nio-63040-exec-1][BaseJdbcLogger.java:137] - <==    Updates: 1
2025-04-16 22:18:16,578 DEBUG [http-nio-63040-exec-1][BaseJdbcLogger.java:137] - <==    Updates: 1
2025-04-16 22:18:16,578 DEBUG [http-nio-63040-exec-1][Logger.java:49] - Closing non transactional SqlSession [org.apache.ibatis.session.defaults.DefaultSqlSession@1a44bec7]
2025-04-16 22:18:16,578 DEBUG [http-nio-63040-exec-1][Logger.java:49] - Closing non transactional SqlSession [org.apache.ibatis.session.defaults.DefaultSqlSession@1a44bec7]
2025-04-16 22:18:16,581 DEBUG [http-nio-63040-exec-1][Logger.java:49] - Creating a new SqlSession
2025-04-16 22:18:16,581 DEBUG [http-nio-63040-exec-1][Logger.java:49] - Creating a new SqlSession
2025-04-16 22:18:16,581 DEBUG [http-nio-63040-exec-1][Logger.java:49] - SqlSession [org.apache.ibatis.session.defaults.DefaultSqlSession@530b8b38] was not registered for synchronization because synchronization is not active
2025-04-16 22:18:16,581 DEBUG [http-nio-63040-exec-1][Logger.java:49] - SqlSession [org.apache.ibatis.session.defaults.DefaultSqlSession@530b8b38] was not registered for synchronization because synchronization is not active
2025-04-16 22:18:16,584 DEBUG [http-nio-63040-exec-1][DataSourceUtils.java:115] - Fetching JDBC Connection from DataSource
2025-04-16 22:18:16,584 DEBUG [http-nio-63040-exec-1][DataSourceUtils.java:115] - Fetching JDBC Connection from DataSource
2025-04-16 22:18:16,584 DEBUG [http-nio-63040-exec-1][Logger.java:49] - JDBC Connection [HikariProxyConnection@727478194 wrapping com.mysql.cj.jdbc.ConnectionImpl@4a6af92c] will not be managed by Spring
2025-04-16 22:18:16,584 DEBUG [http-nio-63040-exec-1][Logger.java:49] - JDBC Connection [HikariProxyConnection@727478194 wrapping com.mysql.cj.jdbc.ConnectionImpl@4a6af92c] will not be managed by Spring
2025-04-16 22:18:16,585 DEBUG [http-nio-63040-exec-1][BaseJdbcLogger.java:137] - ==>  Preparing: UPDATE course_base SET company_id=?, name=?, users=?, tags=?, mt=?, st=?, grade=?, teachmode=?, description=?, pic=?, create_date=?, change_date=?, change_people=?, audit_status=?, status=? WHERE id=?
2025-04-16 22:18:16,585 DEBUG [http-nio-63040-exec-1][BaseJdbcLogger.java:137] - ==>  Preparing: UPDATE course_base SET company_id=?, name=?, users=?, tags=?, mt=?, st=?, grade=?, teachmode=?, description=?, pic=?, create_date=?, change_date=?, change_people=?, audit_status=?, status=? WHERE id=?
2025-04-16 22:18:16,586 DEBUG [http-nio-63040-exec-1][BaseJdbcLogger.java:137] - ==> Parameters: 1232141425(Long), 马梓涵---2.0(String), 300岁巨婴(String), mazihan(String), 1-8(String), 1-8-2(String), 204003(String), 200002(String), 马梓涵工作室6666666(String), (String), 2025-04-15T21:09:18(LocalDateTime), 2025-04-16T22:18:16.581(LocalDateTime), 300岁巨婴(String), 202002(String), 203001(String), 128(Long)
2025-04-16 22:18:16,586 DEBUG [http-nio-63040-exec-1][BaseJdbcLogger.java:137] - ==> Parameters: 1232141425(Long), 马梓涵---2.0(String), 300岁巨婴(String), mazihan(String), 1-8(String), 1-8-2(String), 204003(String), 200002(String), 马梓涵工作室6666666(String), (String), 2025-04-15T21:09:18(LocalDateTime), 2025-04-16T22:18:16.581(LocalDateTime), 300岁巨婴(String), 202002(String), 203001(String), 128(Long)
2025-04-16 22:18:16,592 DEBUG [http-nio-63040-exec-1][BaseJdbcLogger.java:137] - <==    Updates: 1
2025-04-16 22:18:16,592 DEBUG [http-nio-63040-exec-1][BaseJdbcLogger.java:137] - <==    Updates: 1
2025-04-16 22:18:16,592 DEBUG [http-nio-63040-exec-1][Logger.java:49] - Closing non transactional SqlSession [org.apache.ibatis.session.defaults.DefaultSqlSession@530b8b38]
2025-04-16 22:18:16,592 DEBUG [http-nio-63040-exec-1][Logger.java:49] - Closing non transactional SqlSession [org.apache.ibatis.session.defaults.DefaultSqlSession@530b8b38]
2025-04-16 22:18:16,593 DEBUG [http-nio-63040-exec-1][Logger.java:49] - Creating a new SqlSession
2025-04-16 22:18:16,593 DEBUG [http-nio-63040-exec-1][Logger.java:49] - Creating a new SqlSession
2025-04-16 22:18:16,593 DEBUG [http-nio-63040-exec-1][Logger.java:49] - SqlSession [org.apache.ibatis.session.defaults.DefaultSqlSession@27b650cc] was not registered for synchronization because synchronization is not active
2025-04-16 22:18:16,593 DEBUG [http-nio-63040-exec-1][Logger.java:49] - SqlSession [org.apache.ibatis.session.defaults.DefaultSqlSession@27b650cc] was not registered for synchronization because synchronization is not active
2025-04-16 22:18:16,593 DEBUG [http-nio-63040-exec-1][DataSourceUtils.java:115] - Fetching JDBC Connection from DataSource
2025-04-16 22:18:16,593 DEBUG [http-nio-63040-exec-1][DataSourceUtils.java:115] - Fetching JDBC Connection from DataSource
2025-04-16 22:18:16,593 DEBUG [http-nio-63040-exec-1][Logger.java:49] - JDBC Connection [HikariProxyConnection@1935047 wrapping com.mysql.cj.jdbc.ConnectionImpl@4a6af92c] will not be managed by Spring
2025-04-16 22:18:16,593 DEBUG [http-nio-63040-exec-1][Logger.java:49] - JDBC Connection [HikariProxyConnection@1935047 wrapping com.mysql.cj.jdbc.ConnectionImpl@4a6af92c] will not be managed by Spring
2025-04-16 22:18:16,593 DEBUG [http-nio-63040-exec-1][BaseJdbcLogger.java:137] - ==>  Preparing: SELECT id,company_id,company_name,name,users,tags,mt,st,grade,teachmode,description,pic,create_date,change_date,create_people,change_people,audit_status,status FROM course_base WHERE id=?
2025-04-16 22:18:16,593 DEBUG [http-nio-63040-exec-1][BaseJdbcLogger.java:137] - ==>  Preparing: SELECT id,company_id,company_name,name,users,tags,mt,st,grade,teachmode,description,pic,create_date,change_date,create_people,change_people,audit_status,status FROM course_base WHERE id=?
2025-04-16 22:18:16,594 DEBUG [http-nio-63040-exec-1][BaseJdbcLogger.java:137] - ==> Parameters: 128(Long)
2025-04-16 22:18:16,594 DEBUG [http-nio-63040-exec-1][BaseJdbcLogger.java:137] - ==> Parameters: 128(Long)
2025-04-16 22:18:16,594 DEBUG [HikariPool-1 housekeeper][HikariPool.java:421] - HikariPool-1 - Pool stats (total=1, active=1, idle=0, waiting=0)
2025-04-16 22:18:16,594 DEBUG [HikariPool-1 housekeeper][HikariPool.java:421] - HikariPool-1 - Pool stats (total=1, active=1, idle=0, waiting=0)
2025-04-16 22:18:16,597 DEBUG [http-nio-63040-exec-1][BaseJdbcLogger.java:137] - <==      Total: 1
2025-04-16 22:18:16,597 DEBUG [http-nio-63040-exec-1][BaseJdbcLogger.java:137] - <==      Total: 1
2025-04-16 22:18:16,597 DEBUG [http-nio-63040-exec-1][Logger.java:49] - Closing non transactional SqlSession [org.apache.ibatis.session.defaults.DefaultSqlSession@27b650cc]
2025-04-16 22:18:16,597 DEBUG [http-nio-63040-exec-1][Logger.java:49] - Closing non transactional SqlSession [org.apache.ibatis.session.defaults.DefaultSqlSession@27b650cc]
2025-04-16 22:18:16,597 DEBUG [http-nio-63040-exec-1][Logger.java:49] - Creating a new SqlSession
2025-04-16 22:18:16,597 DEBUG [http-nio-63040-exec-1][Logger.java:49] - Creating a new SqlSession
2025-04-16 22:18:16,599 DEBUG [http-nio-63040-exec-1][Logger.java:49] - SqlSession [org.apache.ibatis.session.defaults.DefaultSqlSession@7e0a716] was not registered for synchronization because synchronization is not active
2025-04-16 22:18:16,599 DEBUG [http-nio-63040-exec-1][Logger.java:49] - SqlSession [org.apache.ibatis.session.defaults.DefaultSqlSession@7e0a716] was not registered for synchronization because synchronization is not active
2025-04-16 22:18:16,599 DEBUG [http-nio-63040-exec-1][DataSourceUtils.java:115] - Fetching JDBC Connection from DataSource
2025-04-16 22:18:16,599 DEBUG [http-nio-63040-exec-1][DataSourceUtils.java:115] - Fetching JDBC Connection from DataSource
2025-04-16 22:18:16,599 DEBUG [http-nio-63040-exec-1][Logger.java:49] - JDBC Connection [HikariProxyConnection@314947350 wrapping com.mysql.cj.jdbc.ConnectionImpl@4a6af92c] will not be managed by Spring
2025-04-16 22:18:16,599 DEBUG [http-nio-63040-exec-1][Logger.java:49] - JDBC Connection [HikariProxyConnection@314947350 wrapping com.mysql.cj.jdbc.ConnectionImpl@4a6af92c] will not be managed by Spring
2025-04-16 22:18:16,599 DEBUG [http-nio-63040-exec-1][BaseJdbcLogger.java:137] - ==>  Preparing: SELECT id,charge,price,original_price,qq,wechat,phone,valid_days FROM course_market WHERE id=?
2025-04-16 22:18:16,599 DEBUG [http-nio-63040-exec-1][BaseJdbcLogger.java:137] - ==>  Preparing: SELECT id,charge,price,original_price,qq,wechat,phone,valid_days FROM course_market WHERE id=?
2025-04-16 22:18:16,599 DEBUG [http-nio-63040-exec-1][BaseJdbcLogger.java:137] - ==> Parameters: 128(Long)
2025-04-16 22:18:16,599 DEBUG [http-nio-63040-exec-1][BaseJdbcLogger.java:137] - ==> Parameters: 128(Long)
2025-04-16 22:18:16,601 DEBUG [http-nio-63040-exec-1][BaseJdbcLogger.java:137] - <==      Total: 1
2025-04-16 22:18:16,601 DEBUG [http-nio-63040-exec-1][BaseJdbcLogger.java:137] - <==      Total: 1
2025-04-16 22:18:16,601 DEBUG [http-nio-63040-exec-1][Logger.java:49] - Closing non transactional SqlSession [org.apache.ibatis.session.defaults.DefaultSqlSession@7e0a716]
2025-04-16 22:18:16,601 DEBUG [http-nio-63040-exec-1][Logger.java:49] - Closing non transactional SqlSession [org.apache.ibatis.session.defaults.DefaultSqlSession@7e0a716]
2025-04-16 22:18:16,603 DEBUG [HikariPool-1 connection adder][HikariPool.java:728] - HikariPool-1 - Added connection com.mysql.cj.jdbc.ConnectionImpl@5e4e0de
2025-04-16 22:18:16,603 DEBUG [HikariPool-1 connection adder][HikariPool.java:728] - HikariPool-1 - Added connection com.mysql.cj.jdbc.ConnectionImpl@5e4e0de
2025-04-16 22:18:16,604 DEBUG [http-nio-63040-exec-1][Logger.java:49] - Creating a new SqlSession
2025-04-16 22:18:16,604 DEBUG [http-nio-63040-exec-1][Logger.java:49] - Creating a new SqlSession
2025-04-16 22:18:16,604 DEBUG [http-nio-63040-exec-1][Logger.java:49] - SqlSession [org.apache.ibatis.session.defaults.DefaultSqlSession@83910ca] was not registered for synchronization because synchronization is not active
2025-04-16 22:18:16,604 DEBUG [http-nio-63040-exec-1][Logger.java:49] - SqlSession [org.apache.ibatis.session.defaults.DefaultSqlSession@83910ca] was not registered for synchronization because synchronization is not active
2025-04-16 22:18:16,604 DEBUG [http-nio-63040-exec-1][DataSourceUtils.java:115] - Fetching JDBC Connection from DataSource
2025-04-16 22:18:16,604 DEBUG [http-nio-63040-exec-1][DataSourceUtils.java:115] - Fetching JDBC Connection from DataSource
2025-04-16 22:18:16,604 DEBUG [http-nio-63040-exec-1][Logger.java:49] - JDBC Connection [HikariProxyConnection@174313164 wrapping com.mysql.cj.jdbc.ConnectionImpl@4a6af92c] will not be managed by Spring
2025-04-16 22:18:16,604 DEBUG [http-nio-63040-exec-1][Logger.java:49] - JDBC Connection [HikariProxyConnection@174313164 wrapping com.mysql.cj.jdbc.ConnectionImpl@4a6af92c] will not be managed by Spring
2025-04-16 22:18:16,604 DEBUG [http-nio-63040-exec-1][BaseJdbcLogger.java:137] - ==>  Preparing: SELECT id,name,label,parentid,is_show,orderby,is_leaf FROM course_category WHERE id=?
2025-04-16 22:18:16,604 DEBUG [http-nio-63040-exec-1][BaseJdbcLogger.java:137] - ==>  Preparing: SELECT id,name,label,parentid,is_show,orderby,is_leaf FROM course_category WHERE id=?
2025-04-16 22:18:16,605 DEBUG [http-nio-63040-exec-1][BaseJdbcLogger.java:137] - ==> Parameters: 1-8-2(String)
2025-04-16 22:18:16,605 DEBUG [http-nio-63040-exec-1][BaseJdbcLogger.java:137] - ==> Parameters: 1-8-2(String)
2025-04-16 22:18:16,607 DEBUG [http-nio-63040-exec-1][BaseJdbcLogger.java:137] - <==      Total: 1
2025-04-16 22:18:16,607 DEBUG [http-nio-63040-exec-1][BaseJdbcLogger.java:137] - <==      Total: 1
2025-04-16 22:18:16,608 DEBUG [http-nio-63040-exec-1][Logger.java:49] - Closing non transactional SqlSession [org.apache.ibatis.session.defaults.DefaultSqlSession@83910ca]
2025-04-16 22:18:16,608 DEBUG [http-nio-63040-exec-1][Logger.java:49] - Closing non transactional SqlSession [org.apache.ibatis.session.defaults.DefaultSqlSession@83910ca]
2025-04-16 22:18:16,608 DEBUG [http-nio-63040-exec-1][Logger.java:49] - Creating a new SqlSession
2025-04-16 22:18:16,608 DEBUG [http-nio-63040-exec-1][Logger.java:49] - Creating a new SqlSession
2025-04-16 22:18:16,608 DEBUG [http-nio-63040-exec-1][Logger.java:49] - SqlSession [org.apache.ibatis.session.defaults.DefaultSqlSession@1ab24c59] was not registered for synchronization because synchronization is not active
2025-04-16 22:18:16,608 DEBUG [http-nio-63040-exec-1][Logger.java:49] - SqlSession [org.apache.ibatis.session.defaults.DefaultSqlSession@1ab24c59] was not registered for synchronization because synchronization is not active
2025-04-16 22:18:16,609 DEBUG [http-nio-63040-exec-1][DataSourceUtils.java:115] - Fetching JDBC Connection from DataSource
2025-04-16 22:18:16,609 DEBUG [http-nio-63040-exec-1][DataSourceUtils.java:115] - Fetching JDBC Connection from DataSource
2025-04-16 22:18:16,609 DEBUG [http-nio-63040-exec-1][Logger.java:49] - JDBC Connection [HikariProxyConnection@246670445 wrapping com.mysql.cj.jdbc.ConnectionImpl@4a6af92c] will not be managed by Spring
2025-04-16 22:18:16,609 DEBUG [http-nio-63040-exec-1][Logger.java:49] - JDBC Connection [HikariProxyConnection@246670445 wrapping com.mysql.cj.jdbc.ConnectionImpl@4a6af92c] will not be managed by Spring
2025-04-16 22:18:16,609 DEBUG [http-nio-63040-exec-1][BaseJdbcLogger.java:137] - ==>  Preparing: SELECT id,name,label,parentid,is_show,orderby,is_leaf FROM course_category WHERE id=?
2025-04-16 22:18:16,609 DEBUG [http-nio-63040-exec-1][BaseJdbcLogger.java:137] - ==>  Preparing: SELECT id,name,label,parentid,is_show,orderby,is_leaf FROM course_category WHERE id=?
2025-04-16 22:18:16,609 DEBUG [http-nio-63040-exec-1][BaseJdbcLogger.java:137] - ==> Parameters: 1-8(String)
2025-04-16 22:18:16,609 DEBUG [http-nio-63040-exec-1][BaseJdbcLogger.java:137] - ==> Parameters: 1-8(String)
2025-04-16 22:18:16,612 DEBUG [http-nio-63040-exec-1][BaseJdbcLogger.java:137] - <==      Total: 1
2025-04-16 22:18:16,612 DEBUG [http-nio-63040-exec-1][BaseJdbcLogger.java:137] - <==      Total: 1
2025-04-16 22:18:16,612 DEBUG [HikariPool-1 connection adder][HikariPool.java:728] - HikariPool-1 - Added connection com.mysql.cj.jdbc.ConnectionImpl@44d9eae5
2025-04-16 22:18:16,612 DEBUG [http-nio-63040-exec-1][Logger.java:49] - Closing non transactional SqlSession [org.apache.ibatis.session.defaults.DefaultSqlSession@1ab24c59]
2025-04-16 22:18:16,612 DEBUG [HikariPool-1 connection adder][HikariPool.java:728] - HikariPool-1 - Added connection com.mysql.cj.jdbc.ConnectionImpl@44d9eae5
2025-04-16 22:18:16,612 DEBUG [http-nio-63040-exec-1][Logger.java:49] - Closing non transactional SqlSession [org.apache.ibatis.session.defaults.DefaultSqlSession@1ab24c59]
2025-04-16 22:18:16,621 DEBUG [HikariPool-1 connection adder][HikariPool.java:728] - HikariPool-1 - Added connection com.mysql.cj.jdbc.ConnectionImpl@755788d7
2025-04-16 22:18:16,621 DEBUG [HikariPool-1 connection adder][HikariPool.java:728] - HikariPool-1 - Added connection com.mysql.cj.jdbc.ConnectionImpl@755788d7
2025-04-16 22:18:16,629 DEBUG [HikariPool-1 connection adder][HikariPool.java:728] - HikariPool-1 - Added connection com.mysql.cj.jdbc.ConnectionImpl@24f615aa
2025-04-16 22:18:16,629 DEBUG [HikariPool-1 connection adder][HikariPool.java:728] - HikariPool-1 - Added connection com.mysql.cj.jdbc.ConnectionImpl@24f615aa
2025-04-16 22:18:16,632 DEBUG [http-nio-63040-exec-1][AbstractMessageConverterMethodProcessor.java:255] - Using 'application/json', given [application/json, text/plain, */*] and supported [application/json, application/*+json, application/json, application/*+json]
2025-04-16 22:18:16,632 DEBUG [http-nio-63040-exec-1][AbstractMessageConverterMethodProcessor.java:255] - Using 'application/json', given [application/json, text/plain, */*] and supported [application/json, application/*+json, application/json, application/*+json]
2025-04-16 22:18:16,632 DEBUG [http-nio-63040-exec-1][LogFormatUtils.java:91] - Writing [CourseBaseInfoDto(charge=201000, price=1.0, originalPrice=999.0, qq=2222, wechat=22222, phone=212312 (truncated)...]
2025-04-16 22:18:16,632 DEBUG [http-nio-63040-exec-1][LogFormatUtils.java:91] - Writing [CourseBaseInfoDto(charge=201000, price=1.0, originalPrice=999.0, qq=2222, wechat=22222, phone=212312 (truncated)...]
2025-04-16 22:18:16,637 DEBUG [HikariPool-1 connection adder][HikariPool.java:728] - HikariPool-1 - Added connection com.mysql.cj.jdbc.ConnectionImpl@1529181
2025-04-16 22:18:16,637 DEBUG [HikariPool-1 connection adder][HikariPool.java:728] - HikariPool-1 - Added connection com.mysql.cj.jdbc.ConnectionImpl@1529181
2025-04-16 22:18:16,645 DEBUG [http-nio-63040-exec-1][FrameworkServlet.java:1131] - Completed 200 OK
2025-04-16 22:18:16,645 DEBUG [http-nio-63040-exec-1][FrameworkServlet.java:1131] - Completed 200 OK
2025-04-16 22:18:16,645 DEBUG [HikariPool-1 connection adder][HikariPool.java:728] - HikariPool-1 - Added connection com.mysql.cj.jdbc.ConnectionImpl@20b84ded
2025-04-16 22:18:16,645 DEBUG [HikariPool-1 connection adder][HikariPool.java:728] - HikariPool-1 - Added connection com.mysql.cj.jdbc.ConnectionImpl@20b84ded
2025-04-16 22:18:16,654 DEBUG [HikariPool-1 connection adder][HikariPool.java:728] - HikariPool-1 - Added connection com.mysql.cj.jdbc.ConnectionImpl@267ab294
2025-04-16 22:18:16,654 DEBUG [HikariPool-1 connection adder][HikariPool.java:728] - HikariPool-1 - Added connection com.mysql.cj.jdbc.ConnectionImpl@267ab294
2025-04-16 22:18:16,655 DEBUG [http-nio-63040-exec-3][LogFormatUtils.java:91] - GET "/content/teachplan/128/tree-nodes", parameters={}
2025-04-16 22:18:16,655 DEBUG [http-nio-63040-exec-3][LogFormatUtils.java:91] - GET "/content/teachplan/128/tree-nodes", parameters={}
2025-04-16 22:18:16,659 DEBUG [http-nio-63040-exec-3][AbstractHandlerMapping.java:415] - Mapped to ResourceHttpRequestHandler ["classpath:/META-INF/resources/", "classpath:/resources/", "classpath:/static/", "classpath:/public/", "/"]
2025-04-16 22:18:16,659 DEBUG [http-nio-63040-exec-3][AbstractHandlerMapping.java:415] - Mapped to ResourceHttpRequestHandler ["classpath:/META-INF/resources/", "classpath:/resources/", "classpath:/static/", "classpath:/public/", "/"]
2025-04-16 22:18:16,662 DEBUG [http-nio-63040-exec-3][ResourceHttpRequestHandler.java:487] - Resource not found
2025-04-16 22:18:16,662 DEBUG [http-nio-63040-exec-3][ResourceHttpRequestHandler.java:487] - Resource not found
2025-04-16 22:18:16,662 DEBUG [http-nio-63040-exec-3][FrameworkServlet.java:1131] - Completed 404 NOT_FOUND
2025-04-16 22:18:16,662 DEBUG [http-nio-63040-exec-3][FrameworkServlet.java:1131] - Completed 404 NOT_FOUND
2025-04-16 22:18:16,665 DEBUG [HikariPool-1 connection adder][HikariPool.java:728] - HikariPool-1 - Added connection com.mysql.cj.jdbc.ConnectionImpl@597a1dff
2025-04-16 22:18:16,665 DEBUG [HikariPool-1 connection adder][HikariPool.java:728] - HikariPool-1 - Added connection com.mysql.cj.jdbc.ConnectionImpl@597a1dff
2025-04-16 22:18:16,666 DEBUG [http-nio-63040-exec-3][LogFormatUtils.java:91] - "ERROR" dispatch for GET "/content/error", parameters={}
2025-04-16 22:18:16,666 DEBUG [http-nio-63040-exec-3][LogFormatUtils.java:91] - "ERROR" dispatch for GET "/content/error", parameters={}
2025-04-16 22:18:16,667 DEBUG [http-nio-63040-exec-3][AbstractHandlerMapping.java:415] - Mapped to org.springframework.boot.autoconfigure.web.servlet.error.BasicErrorController#error(HttpServletRequest)
2025-04-16 22:18:16,667 DEBUG [http-nio-63040-exec-3][AbstractHandlerMapping.java:415] - Mapped to org.springframework.boot.autoconfigure.web.servlet.error.BasicErrorController#error(HttpServletRequest)
2025-04-16 22:18:16,676 DEBUG [http-nio-63040-exec-3][AbstractMessageConverterMethodProcessor.java:255] - Using 'application/json', given [application/json, text/plain, */*] and supported [application/json, application/*+json, application/json, application/*+json]
2025-04-16 22:18:16,676 DEBUG [http-nio-63040-exec-3][AbstractMessageConverterMethodProcessor.java:255] - Using 'application/json', given [application/json, text/plain, */*] and supported [application/json, application/*+json, application/json, application/*+json]
2025-04-16 22:18:16,676 DEBUG [http-nio-63040-exec-3][LogFormatUtils.java:91] - Writing [{timestamp=Wed Apr 16 22:18:16 CST 2025, status=404, error=Not Found, message=, path=/content/teachp (truncated)...]
2025-04-16 22:18:16,676 DEBUG [http-nio-63040-exec-3][LogFormatUtils.java:91] - Writing [{timestamp=Wed Apr 16 22:18:16 CST 2025, status=404, error=Not Found, message=, path=/content/teachp (truncated)...]
2025-04-16 22:18:16,677 DEBUG [HikariPool-1 connection adder][HikariPool.java:728] - HikariPool-1 - Added connection com.mysql.cj.jdbc.ConnectionImpl@78d3940e
2025-04-16 22:18:16,677 DEBUG [HikariPool-1 connection adder][HikariPool.java:728] - HikariPool-1 - Added connection com.mysql.cj.jdbc.ConnectionImpl@78d3940e
2025-04-16 22:18:16,677 DEBUG [HikariPool-1 connection adder][HikariPool.java:421] - HikariPool-1 - After adding stats (total=10, active=0, idle=10, waiting=0)
2025-04-16 22:18:16,677 DEBUG [HikariPool-1 connection adder][HikariPool.java:421] - HikariPool-1 - After adding stats (total=10, active=0, idle=10, waiting=0)
2025-04-16 22:18:16,683 DEBUG [http-nio-63040-exec-3][FrameworkServlet.java:1127] - Exiting from "ERROR" dispatch, status 404
2025-04-16 22:18:16,683 DEBUG [http-nio-63040-exec-3][FrameworkServlet.java:1127] - Exiting from "ERROR" dispatch, status 404
2025-04-16 22:18:20,938 DEBUG [http-nio-63040-exec-4][LogFormatUtils.java:91] - POST "/content/course/list?pageNo=1&pageSize=10", parameters={masked}
2025-04-16 22:18:20,938 DEBUG [http-nio-63040-exec-4][LogFormatUtils.java:91] - POST "/content/course/list?pageNo=1&pageSize=10", parameters={masked}
2025-04-16 22:18:20,939 DEBUG [http-nio-63040-exec-4][AbstractHandlerMapping.java:415] - Mapped to com.xuecheng.content.api.CourseBaseInfoController#list(PageParams, QueryCourseParamsDto)
2025-04-16 22:18:20,939 DEBUG [http-nio-63040-exec-4][AbstractHandlerMapping.java:415] - Mapped to com.xuecheng.content.api.CourseBaseInfoController#list(PageParams, QueryCourseParamsDto)
2025-04-16 22:18:20,949 DEBUG [http-nio-63040-exec-4][LogFormatUtils.java:91] - Read "application/json;charset=UTF-8" to [QueryCourseParamsDto(auditStatus=, courseName=, publishStatus=null)]
2025-04-16 22:18:20,949 DEBUG [http-nio-63040-exec-4][LogFormatUtils.java:91] - Read "application/json;charset=UTF-8" to [QueryCourseParamsDto(auditStatus=, courseName=, publishStatus=null)]
2025-04-16 22:18:20,960 DEBUG [http-nio-63040-exec-4][Logger.java:49] - Creating a new SqlSession
2025-04-16 22:18:20,960 DEBUG [http-nio-63040-exec-4][Logger.java:49] - Creating a new SqlSession
2025-04-16 22:18:20,961 DEBUG [http-nio-63040-exec-4][Logger.java:49] - SqlSession [org.apache.ibatis.session.defaults.DefaultSqlSession@6e51964d] was not registered for synchronization because synchronization is not active
2025-04-16 22:18:20,961 DEBUG [http-nio-63040-exec-4][Logger.java:49] - SqlSession [org.apache.ibatis.session.defaults.DefaultSqlSession@6e51964d] was not registered for synchronization because synchronization is not active
2025-04-16 22:18:20,986 DEBUG [http-nio-63040-exec-4][DataSourceUtils.java:115] - Fetching JDBC Connection from DataSource
2025-04-16 22:18:20,986 DEBUG [http-nio-63040-exec-4][DataSourceUtils.java:115] - Fetching JDBC Connection from DataSource
2025-04-16 22:18:20,987 DEBUG [http-nio-63040-exec-4][Logger.java:49] - JDBC Connection [HikariProxyConnection@2055167221 wrapping com.mysql.cj.jdbc.ConnectionImpl@4a6af92c] will not be managed by Spring
2025-04-16 22:18:20,987 DEBUG [http-nio-63040-exec-4][Logger.java:49] - JDBC Connection [HikariProxyConnection@2055167221 wrapping com.mysql.cj.jdbc.ConnectionImpl@4a6af92c] will not be managed by Spring
2025-04-16 22:18:20,987 DEBUG [http-nio-63040-exec-4][BaseJdbcLogger.java:137] - ==>  Preparing: SELECT COUNT(*) FROM course_base
2025-04-16 22:18:20,987 DEBUG [http-nio-63040-exec-4][BaseJdbcLogger.java:137] - ==>  Preparing: SELECT COUNT(*) FROM course_base
2025-04-16 22:18:20,989 DEBUG [http-nio-63040-exec-4][BaseJdbcLogger.java:137] - ==> Parameters: 
2025-04-16 22:18:20,989 DEBUG [http-nio-63040-exec-4][BaseJdbcLogger.java:137] - ==> Parameters: 
2025-04-16 22:18:20,991 DEBUG [http-nio-63040-exec-4][BaseJdbcLogger.java:137] - <==      Total: 1
2025-04-16 22:18:20,991 DEBUG [http-nio-63040-exec-4][BaseJdbcLogger.java:137] - <==      Total: 1
2025-04-16 22:18:20,999 DEBUG [http-nio-63040-exec-4][BaseJdbcLogger.java:137] - ==>  Preparing: SELECT id,company_id,company_name,name,users,tags,mt,st,grade,teachmode,description,pic,create_date,change_date,create_people,change_people,audit_status,status FROM course_base LIMIT ?
2025-04-16 22:18:20,999 DEBUG [http-nio-63040-exec-4][BaseJdbcLogger.java:137] - ==>  Preparing: SELECT id,company_id,company_name,name,users,tags,mt,st,grade,teachmode,description,pic,create_date,change_date,create_people,change_people,audit_status,status FROM course_base LIMIT ?
2025-04-16 22:18:21,000 DEBUG [http-nio-63040-exec-4][BaseJdbcLogger.java:137] - ==> Parameters: 10(Long)
2025-04-16 22:18:21,000 DEBUG [http-nio-63040-exec-4][BaseJdbcLogger.java:137] - ==> Parameters: 10(Long)
2025-04-16 22:18:21,006 DEBUG [http-nio-63040-exec-4][BaseJdbcLogger.java:137] - <==      Total: 10
2025-04-16 22:18:21,006 DEBUG [http-nio-63040-exec-4][BaseJdbcLogger.java:137] - <==      Total: 10
2025-04-16 22:18:21,006 DEBUG [http-nio-63040-exec-4][Logger.java:49] - Closing non transactional SqlSession [org.apache.ibatis.session.defaults.DefaultSqlSession@6e51964d]
2025-04-16 22:18:21,006 DEBUG [http-nio-63040-exec-4][Logger.java:49] - Closing non transactional SqlSession [org.apache.ibatis.session.defaults.DefaultSqlSession@6e51964d]
2025-04-16 22:18:21,012 DEBUG [http-nio-63040-exec-4][AbstractMessageConverterMethodProcessor.java:255] - Using 'application/json', given [application/json, text/plain, */*] and supported [application/json, application/*+json, application/json, application/*+json]
2025-04-16 22:18:21,012 DEBUG [http-nio-63040-exec-4][AbstractMessageConverterMethodProcessor.java:255] - Using 'application/json', given [application/json, text/plain, */*] and supported [application/json, application/*+json, application/json, application/*+json]
2025-04-16 22:18:21,012 DEBUG [http-nio-63040-exec-4][LogFormatUtils.java:91] - Writing [PageResult(items=[CourseBase(id=1, companyId=1232141425, companyName=, name=JAVA8/9/10新特性讲解, users=j (truncated)...]
2025-04-16 22:18:21,012 DEBUG [http-nio-63040-exec-4][LogFormatUtils.java:91] - Writing [PageResult(items=[CourseBase(id=1, companyId=1232141425, companyName=, name=JAVA8/9/10新特性讲解, users=j (truncated)...]
2025-04-16 22:18:21,016 DEBUG [http-nio-63040-exec-4][FrameworkServlet.java:1131] - Completed 200 OK
2025-04-16 22:18:21,016 DEBUG [http-nio-63040-exec-4][FrameworkServlet.java:1131] - Completed 200 OK
2025-04-16 22:18:22,660 DEBUG [http-nio-63040-exec-5][LogFormatUtils.java:91] - POST "/content/course/list?pageNo=7&pageSize=10", parameters={masked}
2025-04-16 22:18:22,660 DEBUG [http-nio-63040-exec-5][LogFormatUtils.java:91] - POST "/content/course/list?pageNo=7&pageSize=10", parameters={masked}
2025-04-16 22:18:22,660 DEBUG [http-nio-63040-exec-5][AbstractHandlerMapping.java:415] - Mapped to com.xuecheng.content.api.CourseBaseInfoController#list(PageParams, QueryCourseParamsDto)
2025-04-16 22:18:22,660 DEBUG [http-nio-63040-exec-5][AbstractHandlerMapping.java:415] - Mapped to com.xuecheng.content.api.CourseBaseInfoController#list(PageParams, QueryCourseParamsDto)
2025-04-16 22:18:22,661 DEBUG [http-nio-63040-exec-5][LogFormatUtils.java:91] - Read "application/json;charset=UTF-8" to [QueryCourseParamsDto(auditStatus=, courseName=, publishStatus=null)]
2025-04-16 22:18:22,661 DEBUG [http-nio-63040-exec-5][LogFormatUtils.java:91] - Read "application/json;charset=UTF-8" to [QueryCourseParamsDto(auditStatus=, courseName=, publishStatus=null)]
2025-04-16 22:18:22,662 DEBUG [http-nio-63040-exec-5][Logger.java:49] - Creating a new SqlSession
2025-04-16 22:18:22,662 DEBUG [http-nio-63040-exec-5][Logger.java:49] - Creating a new SqlSession
2025-04-16 22:18:22,662 DEBUG [http-nio-63040-exec-5][Logger.java:49] - SqlSession [org.apache.ibatis.session.defaults.DefaultSqlSession@18f456b2] was not registered for synchronization because synchronization is not active
2025-04-16 22:18:22,662 DEBUG [http-nio-63040-exec-5][Logger.java:49] - SqlSession [org.apache.ibatis.session.defaults.DefaultSqlSession@18f456b2] was not registered for synchronization because synchronization is not active
2025-04-16 22:18:22,664 DEBUG [http-nio-63040-exec-5][DataSourceUtils.java:115] - Fetching JDBC Connection from DataSource
2025-04-16 22:18:22,664 DEBUG [http-nio-63040-exec-5][DataSourceUtils.java:115] - Fetching JDBC Connection from DataSource
2025-04-16 22:18:22,666 DEBUG [http-nio-63040-exec-5][Logger.java:49] - JDBC Connection [HikariProxyConnection@372485084 wrapping com.mysql.cj.jdbc.ConnectionImpl@4a6af92c] will not be managed by Spring
2025-04-16 22:18:22,666 DEBUG [http-nio-63040-exec-5][Logger.java:49] - JDBC Connection [HikariProxyConnection@372485084 wrapping com.mysql.cj.jdbc.ConnectionImpl@4a6af92c] will not be managed by Spring
2025-04-16 22:18:22,666 DEBUG [http-nio-63040-exec-5][BaseJdbcLogger.java:137] - ==>  Preparing: SELECT COUNT(*) FROM course_base
2025-04-16 22:18:22,666 DEBUG [http-nio-63040-exec-5][BaseJdbcLogger.java:137] - ==>  Preparing: SELECT COUNT(*) FROM course_base
2025-04-16 22:18:22,666 DEBUG [http-nio-63040-exec-5][BaseJdbcLogger.java:137] - ==> Parameters: 
2025-04-16 22:18:22,666 DEBUG [http-nio-63040-exec-5][BaseJdbcLogger.java:137] - ==> Parameters: 
2025-04-16 22:18:22,668 DEBUG [http-nio-63040-exec-5][BaseJdbcLogger.java:137] - <==      Total: 1
2025-04-16 22:18:22,668 DEBUG [http-nio-63040-exec-5][BaseJdbcLogger.java:137] - <==      Total: 1
2025-04-16 22:18:22,669 DEBUG [http-nio-63040-exec-5][BaseJdbcLogger.java:137] - ==>  Preparing: SELECT id,company_id,company_name,name,users,tags,mt,st,grade,teachmode,description,pic,create_date,change_date,create_people,change_people,audit_status,status FROM course_base LIMIT ?,?
2025-04-16 22:18:22,669 DEBUG [http-nio-63040-exec-5][BaseJdbcLogger.java:137] - ==>  Preparing: SELECT id,company_id,company_name,name,users,tags,mt,st,grade,teachmode,description,pic,create_date,change_date,create_people,change_people,audit_status,status FROM course_base LIMIT ?,?
2025-04-16 22:18:22,670 DEBUG [http-nio-63040-exec-5][BaseJdbcLogger.java:137] - ==> Parameters: 60(Long), 10(Long)
2025-04-16 22:18:22,670 DEBUG [http-nio-63040-exec-5][BaseJdbcLogger.java:137] - ==> Parameters: 60(Long), 10(Long)
2025-04-16 22:18:22,678 DEBUG [http-nio-63040-exec-5][BaseJdbcLogger.java:137] - <==      Total: 4
2025-04-16 22:18:22,678 DEBUG [http-nio-63040-exec-5][BaseJdbcLogger.java:137] - <==      Total: 4
2025-04-16 22:18:22,678 DEBUG [http-nio-63040-exec-5][Logger.java:49] - Closing non transactional SqlSession [org.apache.ibatis.session.defaults.DefaultSqlSession@18f456b2]
2025-04-16 22:18:22,678 DEBUG [http-nio-63040-exec-5][Logger.java:49] - Closing non transactional SqlSession [org.apache.ibatis.session.defaults.DefaultSqlSession@18f456b2]
2025-04-16 22:18:22,679 DEBUG [http-nio-63040-exec-5][AbstractMessageConverterMethodProcessor.java:255] - Using 'application/json', given [application/json, text/plain, */*] and supported [application/json, application/*+json, application/json, application/*+json]
2025-04-16 22:18:22,679 DEBUG [http-nio-63040-exec-5][AbstractMessageConverterMethodProcessor.java:255] - Using 'application/json', given [application/json, text/plain, */*] and supported [application/json, application/*+json, application/json, application/*+json]
2025-04-16 22:18:22,679 DEBUG [http-nio-63040-exec-5][LogFormatUtils.java:91] - Writing [PageResult(items=[CourseBase(id=121, companyId=1232141425, companyName=null, name=Spring Cloud 开发实战, (truncated)...]
2025-04-16 22:18:22,679 DEBUG [http-nio-63040-exec-5][LogFormatUtils.java:91] - Writing [PageResult(items=[CourseBase(id=121, companyId=1232141425, companyName=null, name=Spring Cloud 开发实战, (truncated)...]
2025-04-16 22:18:22,683 DEBUG [http-nio-63040-exec-5][FrameworkServlet.java:1131] - Completed 200 OK
2025-04-16 22:18:22,683 DEBUG [http-nio-63040-exec-5][FrameworkServlet.java:1131] - Completed 200 OK
2025-04-16 22:18:26,210 DEBUG [http-nio-63040-exec-2][LogFormatUtils.java:91] - GET "/content/course-category/tree-nodes", parameters={}
2025-04-16 22:18:26,210 DEBUG [http-nio-63040-exec-6][LogFormatUtils.java:91] - GET "/content/course/128", parameters={}
2025-04-16 22:18:26,210 DEBUG [http-nio-63040-exec-2][LogFormatUtils.java:91] - GET "/content/course-category/tree-nodes", parameters={}
2025-04-16 22:18:26,210 DEBUG [http-nio-63040-exec-6][LogFormatUtils.java:91] - GET "/content/course/128", parameters={}
2025-04-16 22:18:26,210 DEBUG [http-nio-63040-exec-2][AbstractHandlerMapping.java:415] - Mapped to com.xuecheng.content.api.CourseCategotyController#queryTreeNodes()
2025-04-16 22:18:26,210 DEBUG [http-nio-63040-exec-2][AbstractHandlerMapping.java:415] - Mapped to com.xuecheng.content.api.CourseCategotyController#queryTreeNodes()
2025-04-16 22:18:26,211 DEBUG [http-nio-63040-exec-6][AbstractHandlerMapping.java:415] - Mapped to com.xuecheng.content.api.CourseBaseInfoController#updateCourseBaseById(Long)
2025-04-16 22:18:26,211 DEBUG [http-nio-63040-exec-6][AbstractHandlerMapping.java:415] - Mapped to com.xuecheng.content.api.CourseBaseInfoController#updateCourseBaseById(Long)
2025-04-16 22:18:26,211 DEBUG [http-nio-63040-exec-2][Logger.java:49] - Creating a new SqlSession
2025-04-16 22:18:26,211 DEBUG [http-nio-63040-exec-2][Logger.java:49] - Creating a new SqlSession
2025-04-16 22:18:26,211 DEBUG [http-nio-63040-exec-2][Logger.java:49] - SqlSession [org.apache.ibatis.session.defaults.DefaultSqlSession@6a6dc568] was not registered for synchronization because synchronization is not active
2025-04-16 22:18:26,211 DEBUG [http-nio-63040-exec-2][Logger.java:49] - SqlSession [org.apache.ibatis.session.defaults.DefaultSqlSession@6a6dc568] was not registered for synchronization because synchronization is not active
2025-04-16 22:18:26,211 DEBUG [http-nio-63040-exec-2][DataSourceUtils.java:115] - Fetching JDBC Connection from DataSource
2025-04-16 22:18:26,211 DEBUG [http-nio-63040-exec-2][DataSourceUtils.java:115] - Fetching JDBC Connection from DataSource
2025-04-16 22:18:26,213 DEBUG [http-nio-63040-exec-6][Logger.java:49] - Creating a new SqlSession
2025-04-16 22:18:26,213 DEBUG [http-nio-63040-exec-6][Logger.java:49] - SqlSession [org.apache.ibatis.session.defaults.DefaultSqlSession@661ef3c8] was not registered for synchronization because synchronization is not active
2025-04-16 22:18:26,214 DEBUG [http-nio-63040-exec-6][DataSourceUtils.java:115] - Fetching JDBC Connection from DataSource
2025-04-16 22:18:26,213 DEBUG [http-nio-63040-exec-6][Logger.java:49] - Creating a new SqlSession
2025-04-16 22:18:26,213 DEBUG [http-nio-63040-exec-6][Logger.java:49] - SqlSession [org.apache.ibatis.session.defaults.DefaultSqlSession@661ef3c8] was not registered for synchronization because synchronization is not active
2025-04-16 22:18:26,214 DEBUG [http-nio-63040-exec-6][DataSourceUtils.java:115] - Fetching JDBC Connection from DataSource
2025-04-16 22:18:26,221 DEBUG [http-nio-63040-exec-2][Logger.java:49] - JDBC Connection [HikariProxyConnection@1688876629 wrapping com.mysql.cj.jdbc.ConnectionImpl@4a6af92c] will not be managed by Spring
2025-04-16 22:18:26,221 DEBUG [http-nio-63040-exec-6][Logger.java:49] - JDBC Connection [HikariProxyConnection@1861941903 wrapping com.mysql.cj.jdbc.ConnectionImpl@5e4e0de] will not be managed by Spring
2025-04-16 22:18:26,221 DEBUG [http-nio-63040-exec-6][Logger.java:49] - JDBC Connection [HikariProxyConnection@1861941903 wrapping com.mysql.cj.jdbc.ConnectionImpl@5e4e0de] will not be managed by Spring
2025-04-16 22:18:26,221 DEBUG [http-nio-63040-exec-2][Logger.java:49] - JDBC Connection [HikariProxyConnection@1688876629 wrapping com.mysql.cj.jdbc.ConnectionImpl@4a6af92c] will not be managed by Spring
2025-04-16 22:18:26,221 DEBUG [http-nio-63040-exec-6][BaseJdbcLogger.java:137] - ==>  Preparing: SELECT id,company_id,company_name,name,users,tags,mt,st,grade,teachmode,description,pic,create_date,change_date,create_people,change_people,audit_status,status FROM course_base WHERE id=?
2025-04-16 22:18:26,221 DEBUG [http-nio-63040-exec-2][BaseJdbcLogger.java:137] - ==>  Preparing: with recursive t1 as( select * from course_category p where id = ? union all select t.* from course_category t join t1 on t1.id=t.parentid ) select * from t1 order by t1.id,t1.orderby
2025-04-16 22:18:26,221 DEBUG [http-nio-63040-exec-6][BaseJdbcLogger.java:137] - ==>  Preparing: SELECT id,company_id,company_name,name,users,tags,mt,st,grade,teachmode,description,pic,create_date,change_date,create_people,change_people,audit_status,status FROM course_base WHERE id=?
2025-04-16 22:18:26,221 DEBUG [http-nio-63040-exec-2][BaseJdbcLogger.java:137] - ==>  Preparing: with recursive t1 as( select * from course_category p where id = ? union all select t.* from course_category t join t1 on t1.id=t.parentid ) select * from t1 order by t1.id,t1.orderby
2025-04-16 22:18:26,221 DEBUG [http-nio-63040-exec-6][BaseJdbcLogger.java:137] - ==> Parameters: 128(Long)
2025-04-16 22:18:26,221 DEBUG [http-nio-63040-exec-6][BaseJdbcLogger.java:137] - ==> Parameters: 128(Long)
2025-04-16 22:18:26,222 DEBUG [http-nio-63040-exec-2][BaseJdbcLogger.java:137] - ==> Parameters: 1(String)
2025-04-16 22:18:26,222 DEBUG [http-nio-63040-exec-2][BaseJdbcLogger.java:137] - ==> Parameters: 1(String)
2025-04-16 22:18:26,225 DEBUG [http-nio-63040-exec-6][BaseJdbcLogger.java:137] - <==      Total: 1
2025-04-16 22:18:26,225 DEBUG [http-nio-63040-exec-6][BaseJdbcLogger.java:137] - <==      Total: 1
2025-04-16 22:18:26,225 DEBUG [http-nio-63040-exec-6][Logger.java:49] - Closing non transactional SqlSession [org.apache.ibatis.session.defaults.DefaultSqlSession@661ef3c8]
2025-04-16 22:18:26,225 DEBUG [http-nio-63040-exec-6][Logger.java:49] - Closing non transactional SqlSession [org.apache.ibatis.session.defaults.DefaultSqlSession@661ef3c8]
2025-04-16 22:18:26,226 DEBUG [http-nio-63040-exec-6][Logger.java:49] - Creating a new SqlSession
2025-04-16 22:18:26,226 DEBUG [http-nio-63040-exec-6][Logger.java:49] - Creating a new SqlSession
2025-04-16 22:18:26,226 DEBUG [http-nio-63040-exec-6][Logger.java:49] - SqlSession [org.apache.ibatis.session.defaults.DefaultSqlSession@7341d47c] was not registered for synchronization because synchronization is not active
2025-04-16 22:18:26,226 DEBUG [http-nio-63040-exec-6][Logger.java:49] - SqlSession [org.apache.ibatis.session.defaults.DefaultSqlSession@7341d47c] was not registered for synchronization because synchronization is not active
2025-04-16 22:18:26,226 DEBUG [http-nio-63040-exec-6][DataSourceUtils.java:115] - Fetching JDBC Connection from DataSource
2025-04-16 22:18:26,226 DEBUG [http-nio-63040-exec-6][DataSourceUtils.java:115] - Fetching JDBC Connection from DataSource
2025-04-16 22:18:26,226 DEBUG [http-nio-63040-exec-6][Logger.java:49] - JDBC Connection [HikariProxyConnection@1649469807 wrapping com.mysql.cj.jdbc.ConnectionImpl@5e4e0de] will not be managed by Spring
2025-04-16 22:18:26,226 DEBUG [http-nio-63040-exec-6][Logger.java:49] - JDBC Connection [HikariProxyConnection@1649469807 wrapping com.mysql.cj.jdbc.ConnectionImpl@5e4e0de] will not be managed by Spring
2025-04-16 22:18:26,227 DEBUG [http-nio-63040-exec-6][BaseJdbcLogger.java:137] - ==>  Preparing: SELECT id,charge,price,original_price,qq,wechat,phone,valid_days FROM course_market WHERE id=?
2025-04-16 22:18:26,227 DEBUG [http-nio-63040-exec-6][BaseJdbcLogger.java:137] - ==>  Preparing: SELECT id,charge,price,original_price,qq,wechat,phone,valid_days FROM course_market WHERE id=?
2025-04-16 22:18:26,227 DEBUG [http-nio-63040-exec-6][BaseJdbcLogger.java:137] - ==> Parameters: 128(Long)
2025-04-16 22:18:26,227 DEBUG [http-nio-63040-exec-6][BaseJdbcLogger.java:137] - ==> Parameters: 128(Long)
2025-04-16 22:18:26,231 DEBUG [http-nio-63040-exec-6][BaseJdbcLogger.java:137] - <==      Total: 1
2025-04-16 22:18:26,231 DEBUG [http-nio-63040-exec-6][BaseJdbcLogger.java:137] - <==      Total: 1
2025-04-16 22:18:26,231 DEBUG [http-nio-63040-exec-6][Logger.java:49] - Closing non transactional SqlSession [org.apache.ibatis.session.defaults.DefaultSqlSession@7341d47c]
2025-04-16 22:18:26,231 DEBUG [http-nio-63040-exec-6][Logger.java:49] - Closing non transactional SqlSession [org.apache.ibatis.session.defaults.DefaultSqlSession@7341d47c]
2025-04-16 22:18:26,231 DEBUG [http-nio-63040-exec-6][Logger.java:49] - Creating a new SqlSession
2025-04-16 22:18:26,231 DEBUG [http-nio-63040-exec-6][Logger.java:49] - Creating a new SqlSession
2025-04-16 22:18:26,232 DEBUG [http-nio-63040-exec-6][Logger.java:49] - SqlSession [org.apache.ibatis.session.defaults.DefaultSqlSession@4ad0e58d] was not registered for synchronization because synchronization is not active
2025-04-16 22:18:26,232 DEBUG [http-nio-63040-exec-6][Logger.java:49] - SqlSession [org.apache.ibatis.session.defaults.DefaultSqlSession@4ad0e58d] was not registered for synchronization because synchronization is not active
2025-04-16 22:18:26,232 DEBUG [http-nio-63040-exec-6][DataSourceUtils.java:115] - Fetching JDBC Connection from DataSource
2025-04-16 22:18:26,232 DEBUG [http-nio-63040-exec-6][DataSourceUtils.java:115] - Fetching JDBC Connection from DataSource
2025-04-16 22:18:26,232 DEBUG [http-nio-63040-exec-6][Logger.java:49] - JDBC Connection [HikariProxyConnection@1321333997 wrapping com.mysql.cj.jdbc.ConnectionImpl@5e4e0de] will not be managed by Spring
2025-04-16 22:18:26,232 DEBUG [http-nio-63040-exec-6][Logger.java:49] - JDBC Connection [HikariProxyConnection@1321333997 wrapping com.mysql.cj.jdbc.ConnectionImpl@5e4e0de] will not be managed by Spring
2025-04-16 22:18:26,233 DEBUG [http-nio-63040-exec-6][BaseJdbcLogger.java:137] - ==>  Preparing: SELECT id,name,label,parentid,is_show,orderby,is_leaf FROM course_category WHERE id=?
2025-04-16 22:18:26,233 DEBUG [http-nio-63040-exec-6][BaseJdbcLogger.java:137] - ==>  Preparing: SELECT id,name,label,parentid,is_show,orderby,is_leaf FROM course_category WHERE id=?
2025-04-16 22:18:26,234 DEBUG [http-nio-63040-exec-6][BaseJdbcLogger.java:137] - ==> Parameters: 1-8-2(String)
2025-04-16 22:18:26,234 DEBUG [http-nio-63040-exec-6][BaseJdbcLogger.java:137] - ==> Parameters: 1-8-2(String)
2025-04-16 22:18:26,237 DEBUG [http-nio-63040-exec-6][BaseJdbcLogger.java:137] - <==      Total: 1
2025-04-16 22:18:26,237 DEBUG [http-nio-63040-exec-6][BaseJdbcLogger.java:137] - <==      Total: 1
2025-04-16 22:18:26,237 DEBUG [http-nio-63040-exec-2][BaseJdbcLogger.java:137] - <==      Total: 144
2025-04-16 22:18:26,237 DEBUG [http-nio-63040-exec-2][BaseJdbcLogger.java:137] - <==      Total: 144
2025-04-16 22:18:26,237 DEBUG [http-nio-63040-exec-6][Logger.java:49] - Closing non transactional SqlSession [org.apache.ibatis.session.defaults.DefaultSqlSession@4ad0e58d]
2025-04-16 22:18:26,237 DEBUG [http-nio-63040-exec-6][Logger.java:49] - Closing non transactional SqlSession [org.apache.ibatis.session.defaults.DefaultSqlSession@4ad0e58d]
2025-04-16 22:18:26,237 DEBUG [http-nio-63040-exec-6][Logger.java:49] - Creating a new SqlSession
2025-04-16 22:18:26,237 DEBUG [http-nio-63040-exec-6][Logger.java:49] - Creating a new SqlSession
2025-04-16 22:18:26,237 DEBUG [http-nio-63040-exec-6][Logger.java:49] - SqlSession [org.apache.ibatis.session.defaults.DefaultSqlSession@5b2a0f2b] was not registered for synchronization because synchronization is not active
2025-04-16 22:18:26,237 DEBUG [http-nio-63040-exec-6][Logger.java:49] - SqlSession [org.apache.ibatis.session.defaults.DefaultSqlSession@5b2a0f2b] was not registered for synchronization because synchronization is not active
2025-04-16 22:18:26,237 DEBUG [http-nio-63040-exec-2][Logger.java:49] - Closing non transactional SqlSession [org.apache.ibatis.session.defaults.DefaultSqlSession@6a6dc568]
2025-04-16 22:18:26,237 DEBUG [http-nio-63040-exec-2][Logger.java:49] - Closing non transactional SqlSession [org.apache.ibatis.session.defaults.DefaultSqlSession@6a6dc568]
2025-04-16 22:18:26,239 DEBUG [http-nio-63040-exec-6][DataSourceUtils.java:115] - Fetching JDBC Connection from DataSource
2025-04-16 22:18:26,239 DEBUG [http-nio-63040-exec-6][DataSourceUtils.java:115] - Fetching JDBC Connection from DataSource
2025-04-16 22:18:26,239 DEBUG [http-nio-63040-exec-6][Logger.java:49] - JDBC Connection [HikariProxyConnection@1759036134 wrapping com.mysql.cj.jdbc.ConnectionImpl@5e4e0de] will not be managed by Spring
2025-04-16 22:18:26,239 DEBUG [http-nio-63040-exec-6][Logger.java:49] - JDBC Connection [HikariProxyConnection@1759036134 wrapping com.mysql.cj.jdbc.ConnectionImpl@5e4e0de] will not be managed by Spring
2025-04-16 22:18:26,239 DEBUG [http-nio-63040-exec-6][BaseJdbcLogger.java:137] - ==>  Preparing: SELECT id,name,label,parentid,is_show,orderby,is_leaf FROM course_category WHERE id=?
2025-04-16 22:18:26,239 DEBUG [http-nio-63040-exec-6][BaseJdbcLogger.java:137] - ==>  Preparing: SELECT id,name,label,parentid,is_show,orderby,is_leaf FROM course_category WHERE id=?
2025-04-16 22:18:26,239 DEBUG [http-nio-63040-exec-6][BaseJdbcLogger.java:137] - ==> Parameters: 1-8(String)
2025-04-16 22:18:26,239 DEBUG [http-nio-63040-exec-6][BaseJdbcLogger.java:137] - ==> Parameters: 1-8(String)
2025-04-16 22:18:26,241 DEBUG [http-nio-63040-exec-2][AbstractMessageConverterMethodProcessor.java:255] - Using 'application/json', given [application/json, text/plain, */*] and supported [application/json, application/*+json, application/json, application/*+json]
2025-04-16 22:18:26,241 DEBUG [http-nio-63040-exec-2][AbstractMessageConverterMethodProcessor.java:255] - Using 'application/json', given [application/json, text/plain, */*] and supported [application/json, application/*+json, application/json, application/*+json]
2025-04-16 22:18:26,241 DEBUG [http-nio-63040-exec-2][LogFormatUtils.java:91] - Writing [[CourseCategoryTreeDto(childrenTreeNodes=[CourseCategoryTreeDto(childrenTreeNodes=null), CourseCateg (truncated)...]
2025-04-16 22:18:26,241 DEBUG [http-nio-63040-exec-2][LogFormatUtils.java:91] - Writing [[CourseCategoryTreeDto(childrenTreeNodes=[CourseCategoryTreeDto(childrenTreeNodes=null), CourseCateg (truncated)...]
2025-04-16 22:18:26,244 DEBUG [http-nio-63040-exec-6][BaseJdbcLogger.java:137] - <==      Total: 1
2025-04-16 22:18:26,244 DEBUG [http-nio-63040-exec-6][BaseJdbcLogger.java:137] - <==      Total: 1
2025-04-16 22:18:26,245 DEBUG [http-nio-63040-exec-6][Logger.java:49] - Closing non transactional SqlSession [org.apache.ibatis.session.defaults.DefaultSqlSession@5b2a0f2b]
2025-04-16 22:18:26,245 DEBUG [http-nio-63040-exec-6][Logger.java:49] - Closing non transactional SqlSession [org.apache.ibatis.session.defaults.DefaultSqlSession@5b2a0f2b]
2025-04-16 22:18:26,245 DEBUG [http-nio-63040-exec-6][AbstractMessageConverterMethodProcessor.java:255] - Using 'application/json', given [application/json, text/plain, */*] and supported [application/json, application/*+json, application/json, application/*+json]
2025-04-16 22:18:26,245 DEBUG [http-nio-63040-exec-6][AbstractMessageConverterMethodProcessor.java:255] - Using 'application/json', given [application/json, text/plain, */*] and supported [application/json, application/*+json, application/json, application/*+json]
2025-04-16 22:18:26,245 DEBUG [http-nio-63040-exec-6][LogFormatUtils.java:91] - Writing [CourseBaseInfoDto(charge=201000, price=1.0, originalPrice=999.0, qq=2222, wechat=22222, phone=212312 (truncated)...]
2025-04-16 22:18:26,245 DEBUG [http-nio-63040-exec-6][LogFormatUtils.java:91] - Writing [CourseBaseInfoDto(charge=201000, price=1.0, originalPrice=999.0, qq=2222, wechat=22222, phone=212312 (truncated)...]
2025-04-16 22:18:26,247 DEBUG [http-nio-63040-exec-6][FrameworkServlet.java:1131] - Completed 200 OK
2025-04-16 22:18:26,247 DEBUG [http-nio-63040-exec-6][FrameworkServlet.java:1131] - Completed 200 OK
2025-04-16 22:18:26,248 DEBUG [http-nio-63040-exec-2][FrameworkServlet.java:1131] - Completed 200 OK
2025-04-16 22:18:26,248 DEBUG [http-nio-63040-exec-2][FrameworkServlet.java:1131] - Completed 200 OK
2025-04-16 22:18:44,069 DEBUG [HikariPool-1 housekeeper][HikariPool.java:421] - HikariPool-1 - Pool stats (total=10, active=0, idle=10, waiting=0)
2025-04-16 22:18:44,069 DEBUG [HikariPool-1 housekeeper][HikariPool.java:421] - HikariPool-1 - Pool stats (total=10, active=0, idle=10, waiting=0)
2025-04-16 22:18:44,069 DEBUG [HikariPool-1 housekeeper][HikariPool.java:517] - HikariPool-1 - Fill pool skipped, pool is at sufficient level.
2025-04-16 22:18:44,069 DEBUG [HikariPool-1 housekeeper][HikariPool.java:517] - HikariPool-1 - Fill pool skipped, pool is at sufficient level.
2025-04-16 22:18:46,610 DEBUG [HikariPool-1 housekeeper][HikariPool.java:421] - HikariPool-1 - Pool stats (total=10, active=0, idle=10, waiting=0)
2025-04-16 22:18:46,610 DEBUG [HikariPool-1 housekeeper][HikariPool.java:421] - HikariPool-1 - Pool stats (total=10, active=0, idle=10, waiting=0)
2025-04-16 22:18:46,610 DEBUG [HikariPool-1 housekeeper][HikariPool.java:517] - HikariPool-1 - Fill pool skipped, pool is at sufficient level.
2025-04-16 22:18:46,610 DEBUG [HikariPool-1 housekeeper][HikariPool.java:517] - HikariPool-1 - Fill pool skipped, pool is at sufficient level.
2025-04-16 22:19:14,073 DEBUG [HikariPool-1 housekeeper][HikariPool.java:421] - HikariPool-1 - Pool stats (total=10, active=0, idle=10, waiting=0)
2025-04-16 22:19:14,073 DEBUG [HikariPool-1 housekeeper][HikariPool.java:421] - HikariPool-1 - Pool stats (total=10, active=0, idle=10, waiting=0)
2025-04-16 22:19:14,073 DEBUG [HikariPool-1 housekeeper][HikariPool.java:517] - HikariPool-1 - Fill pool skipped, pool is at sufficient level.
2025-04-16 22:19:14,073 DEBUG [HikariPool-1 housekeeper][HikariPool.java:517] - HikariPool-1 - Fill pool skipped, pool is at sufficient level.
2025-04-16 22:19:16,622 DEBUG [HikariPool-1 housekeeper][HikariPool.java:421] - HikariPool-1 - Pool stats (total=10, active=0, idle=10, waiting=0)
2025-04-16 22:19:16,622 DEBUG [HikariPool-1 housekeeper][HikariPool.java:421] - HikariPool-1 - Pool stats (total=10, active=0, idle=10, waiting=0)
2025-04-16 22:19:16,622 DEBUG [HikariPool-1 housekeeper][HikariPool.java:517] - HikariPool-1 - Fill pool skipped, pool is at sufficient level.
2025-04-16 22:19:16,622 DEBUG [HikariPool-1 housekeeper][HikariPool.java:517] - HikariPool-1 - Fill pool skipped, pool is at sufficient level.
2025-04-16 22:19:21,350 DEBUG [SpringContextShutdownHook][AbstractApplicationContext.java:1006] - Closing org.springframework.boot.web.servlet.context.AnnotationConfigServletWebServerApplicationContext@7ec3394b, started on Wed Apr 16 22:18:06 CST 2025, parent: org.springframework.context.annotation.AnnotationConfigApplicationContext@5e21e98f
2025-04-16 22:19:21,350 DEBUG [SpringContextShutdownHook][AbstractApplicationContext.java:1006] - Closing org.springframework.boot.web.servlet.context.AnnotationConfigServletWebServerApplicationContext@7ec3394b, started on Wed Apr 16 22:18:06 CST 2025, parent: org.springframework.context.annotation.AnnotationConfigApplicationContext@5e21e98f
2025-04-16 22:19:21,351 DEBUG [SpringContextShutdownHook][DefaultLifecycleProcessor.java:369] - Stopping beans in phase 2147483647
2025-04-16 22:19:21,351 DEBUG [SpringContextShutdownHook][DefaultLifecycleProcessor.java:369] - Stopping beans in phase 2147483647
2025-04-16 22:19:21,352 DEBUG [SpringContextShutdownHook][DefaultLifecycleProcessor.java:242] - Bean 'documentationPluginsBootstrapper' completed its stop procedure
2025-04-16 22:19:21,352 DEBUG [SpringContextShutdownHook][DefaultLifecycleProcessor.java:242] - Bean 'documentationPluginsBootstrapper' completed its stop procedure
2025-04-16 22:19:21,353 DEBUG [SpringContextShutdownHook][DefaultLifecycleProcessor.java:242] - Bean 'webServerGracefulShutdown' completed its stop procedure
2025-04-16 22:19:21,353 DEBUG [SpringContextShutdownHook][DefaultLifecycleProcessor.java:242] - Bean 'webServerGracefulShutdown' completed its stop procedure
2025-04-16 22:19:21,353 DEBUG [SpringContextShutdownHook][DefaultLifecycleProcessor.java:369] - Stopping beans in phase 2147483646
2025-04-16 22:19:21,353 DEBUG [SpringContextShutdownHook][DefaultLifecycleProcessor.java:369] - Stopping beans in phase 2147483646
2025-04-16 22:19:21,437 INFO [SpringContextShutdownHook][ExecutorConfigurationSupport.java:218] - Shutting down ExecutorService 'taskScheduler'
2025-04-16 22:19:21,437 INFO [SpringContextShutdownHook][ExecutorConfigurationSupport.java:218] - Shutting down ExecutorService 'taskScheduler'
2025-04-16 22:19:21,439 INFO [SpringContextShutdownHook][ExecutorConfigurationSupport.java:218] - Shutting down ExecutorService 'applicationTaskExecutor'
2025-04-16 22:19:21,439 INFO [SpringContextShutdownHook][ExecutorConfigurationSupport.java:218] - Shutting down ExecutorService 'applicationTaskExecutor'
2025-04-16 22:19:21,441 INFO [SpringContextShutdownHook][HikariDataSource.java:350] - HikariPool-1 - Shutdown initiated...
2025-04-16 22:19:21,441 INFO [SpringContextShutdownHook][HikariDataSource.java:350] - HikariPool-1 - Shutdown initiated...
2025-04-16 22:19:21,441 DEBUG [SpringContextShutdownHook][HikariPool.java:421] - HikariPool-1 - Before shutdown stats (total=10, active=0, idle=10, waiting=0)
2025-04-16 22:19:21,441 DEBUG [SpringContextShutdownHook][HikariPool.java:421] - HikariPool-1 - Before shutdown stats (total=10, active=0, idle=10, waiting=0)
2025-04-16 22:19:21,442 DEBUG [HikariPool-1 connection closer][PoolBase.java:134] - HikariPool-1 - Closing connection com.mysql.cj.jdbc.ConnectionImpl@67daee03: (connection evicted)
2025-04-16 22:19:21,442 DEBUG [HikariPool-1 connection closer][PoolBase.java:134] - HikariPool-1 - Closing connection com.mysql.cj.jdbc.ConnectionImpl@67daee03: (connection evicted)
2025-04-16 22:19:21,448 DEBUG [HikariPool-1 connection closer][PoolBase.java:134] - HikariPool-1 - Closing connection com.mysql.cj.jdbc.ConnectionImpl@5a0732c0: (connection evicted)
2025-04-16 22:19:21,448 DEBUG [HikariPool-1 connection closer][PoolBase.java:134] - HikariPool-1 - Closing connection com.mysql.cj.jdbc.ConnectionImpl@5a0732c0: (connection evicted)
2025-04-16 22:19:21,449 DEBUG [HikariPool-1 connection closer][PoolBase.java:134] - HikariPool-1 - Closing connection com.mysql.cj.jdbc.ConnectionImpl@1b3a38fb: (connection evicted)
2025-04-16 22:19:21,449 DEBUG [HikariPool-1 connection closer][PoolBase.java:134] - HikariPool-1 - Closing connection com.mysql.cj.jdbc.ConnectionImpl@1b3a38fb: (connection evicted)
2025-04-16 22:19:21,450 DEBUG [HikariPool-1 connection closer][PoolBase.java:134] - HikariPool-1 - Closing connection com.mysql.cj.jdbc.ConnectionImpl@2a6b66e3: (connection evicted)
2025-04-16 22:19:21,450 DEBUG [HikariPool-1 connection closer][PoolBase.java:134] - HikariPool-1 - Closing connection com.mysql.cj.jdbc.ConnectionImpl@2a6b66e3: (connection evicted)
2025-04-16 22:19:21,450 DEBUG [SpringContextShutdownHook][DefaultLifecycleProcessor.java:242] - Bean 'webServerStartStop' completed its stop procedure
2025-04-16 22:19:21,450 DEBUG [SpringContextShutdownHook][DefaultLifecycleProcessor.java:242] - Bean 'webServerStartStop' completed its stop procedure
2025-04-16 22:19:21,450 DEBUG [HikariPool-1 connection closer][PoolBase.java:134] - HikariPool-1 - Closing connection com.mysql.cj.jdbc.ConnectionImpl@7b15c7b4: (connection evicted)
2025-04-16 22:19:21,450 DEBUG [HikariPool-1 connection closer][PoolBase.java:134] - HikariPool-1 - Closing connection com.mysql.cj.jdbc.ConnectionImpl@7b15c7b4: (connection evicted)
2025-04-16 22:19:21,451 DEBUG [SpringContextShutdownHook][MBeanExporter.java:452] - Unregistering JMX-exposed beans on shutdown
2025-04-16 22:19:21,451 DEBUG [SpringContextShutdownHook][MBeanExporter.java:452] - Unregistering JMX-exposed beans on shutdown
2025-04-16 22:19:21,451 DEBUG [SpringContextShutdownHook][MBeanRegistrationSupport.java:186] - Unregistering JMX-exposed beans
2025-04-16 22:19:21,451 DEBUG [SpringContextShutdownHook][MBeanRegistrationSupport.java:186] - Unregistering JMX-exposed beans
2025-04-16 22:19:21,451 DEBUG [HikariPool-1 connection closer][PoolBase.java:134] - HikariPool-1 - Closing connection com.mysql.cj.jdbc.ConnectionImpl@dc75128: (connection evicted)
2025-04-16 22:19:21,451 DEBUG [HikariPool-1 connection closer][PoolBase.java:134] - HikariPool-1 - Closing connection com.mysql.cj.jdbc.ConnectionImpl@dc75128: (connection evicted)
2025-04-16 22:19:21,451 INFO [SpringContextShutdownHook][ExecutorConfigurationSupport.java:218] - Shutting down ExecutorService 'applicationTaskExecutor'
2025-04-16 22:19:21,451 INFO [SpringContextShutdownHook][ExecutorConfigurationSupport.java:218] - Shutting down ExecutorService 'applicationTaskExecutor'
2025-04-16 22:19:21,452 DEBUG [HikariPool-1 connection closer][PoolBase.java:134] - HikariPool-1 - Closing connection com.mysql.cj.jdbc.ConnectionImpl@7f5b5808: (connection evicted)
2025-04-16 22:19:21,452 DEBUG [HikariPool-1 connection closer][PoolBase.java:134] - HikariPool-1 - Closing connection com.mysql.cj.jdbc.ConnectionImpl@7f5b5808: (connection evicted)
2025-04-16 22:19:21,453 DEBUG [HikariPool-1 connection closer][PoolBase.java:134] - HikariPool-1 - Closing connection com.mysql.cj.jdbc.ConnectionImpl@7d2ef1d4: (connection evicted)
2025-04-16 22:19:21,453 DEBUG [HikariPool-1 connection closer][PoolBase.java:134] - HikariPool-1 - Closing connection com.mysql.cj.jdbc.ConnectionImpl@7d2ef1d4: (connection evicted)
2025-04-16 22:19:21,454 DEBUG [HikariPool-1 connection closer][PoolBase.java:134] - HikariPool-1 - Closing connection com.mysql.cj.jdbc.ConnectionImpl@7743525c: (connection evicted)
2025-04-16 22:19:21,454 DEBUG [HikariPool-1 connection closer][PoolBase.java:134] - HikariPool-1 - Closing connection com.mysql.cj.jdbc.ConnectionImpl@7743525c: (connection evicted)
2025-04-16 22:19:21,454 INFO [SpringContextShutdownHook][HikariDataSource.java:350] - HikariPool-1 - Shutdown initiated...
2025-04-16 22:19:21,454 INFO [SpringContextShutdownHook][HikariDataSource.java:350] - HikariPool-1 - Shutdown initiated...
2025-04-16 22:19:21,454 DEBUG [HikariPool-1 connection closer][PoolBase.java:134] - HikariPool-1 - Closing connection com.mysql.cj.jdbc.ConnectionImpl@2f97a8ea: (connection evicted)
2025-04-16 22:19:21,454 DEBUG [HikariPool-1 connection closer][PoolBase.java:134] - HikariPool-1 - Closing connection com.mysql.cj.jdbc.ConnectionImpl@2f97a8ea: (connection evicted)
2025-04-16 22:19:21,454 DEBUG [SpringContextShutdownHook][HikariPool.java:421] - HikariPool-1 - Before shutdown stats (total=10, active=0, idle=10, waiting=0)
2025-04-16 22:19:21,454 DEBUG [SpringContextShutdownHook][HikariPool.java:421] - HikariPool-1 - Before shutdown stats (total=10, active=0, idle=10, waiting=0)
2025-04-16 22:19:21,455 DEBUG [SpringContextShutdownHook][HikariPool.java:421] - HikariPool-1 - After shutdown stats (total=0, active=0, idle=0, waiting=0)
2025-04-16 22:19:21,455 DEBUG [SpringContextShutdownHook][HikariPool.java:421] - HikariPool-1 - After shutdown stats (total=0, active=0, idle=0, waiting=0)
2025-04-16 22:19:21,455 INFO [SpringContextShutdownHook][HikariDataSource.java:352] - HikariPool-1 - Shutdown completed.
2025-04-16 22:19:21,455 INFO [SpringContextShutdownHook][HikariDataSource.java:352] - HikariPool-1 - Shutdown completed.
2025-04-16 22:19:21,455 DEBUG [HikariPool-1 connection closer][PoolBase.java:134] - HikariPool-1 - Closing connection com.mysql.cj.jdbc.ConnectionImpl@4a6af92c: (connection evicted)
2025-04-16 22:19:21,455 DEBUG [HikariPool-1 connection closer][PoolBase.java:134] - HikariPool-1 - Closing connection com.mysql.cj.jdbc.ConnectionImpl@4a6af92c: (connection evicted)
2025-04-16 22:19:21,460 DEBUG [HikariPool-1 connection closer][PoolBase.java:134] - HikariPool-1 - Closing connection com.mysql.cj.jdbc.ConnectionImpl@5e4e0de: (connection evicted)
2025-04-16 22:19:21,460 DEBUG [HikariPool-1 connection closer][PoolBase.java:134] - HikariPool-1 - Closing connection com.mysql.cj.jdbc.ConnectionImpl@5e4e0de: (connection evicted)
2025-04-16 22:19:21,461 DEBUG [HikariPool-1 connection closer][PoolBase.java:134] - HikariPool-1 - Closing connection com.mysql.cj.jdbc.ConnectionImpl@44d9eae5: (connection evicted)
2025-04-16 22:19:21,461 DEBUG [HikariPool-1 connection closer][PoolBase.java:134] - HikariPool-1 - Closing connection com.mysql.cj.jdbc.ConnectionImpl@44d9eae5: (connection evicted)
2025-04-16 22:19:21,461 DEBUG [HikariPool-1 connection closer][PoolBase.java:134] - HikariPool-1 - Closing connection com.mysql.cj.jdbc.ConnectionImpl@755788d7: (connection evicted)
2025-04-16 22:19:21,461 DEBUG [HikariPool-1 connection closer][PoolBase.java:134] - HikariPool-1 - Closing connection com.mysql.cj.jdbc.ConnectionImpl@755788d7: (connection evicted)
2025-04-16 22:19:21,462 DEBUG [HikariPool-1 connection closer][PoolBase.java:134] - HikariPool-1 - Closing connection com.mysql.cj.jdbc.ConnectionImpl@24f615aa: (connection evicted)
2025-04-16 22:19:21,462 DEBUG [HikariPool-1 connection closer][PoolBase.java:134] - HikariPool-1 - Closing connection com.mysql.cj.jdbc.ConnectionImpl@24f615aa: (connection evicted)
2025-04-16 22:19:21,462 DEBUG [HikariPool-1 connection closer][PoolBase.java:134] - HikariPool-1 - Closing connection com.mysql.cj.jdbc.ConnectionImpl@1529181: (connection evicted)
2025-04-16 22:19:21,462 DEBUG [HikariPool-1 connection closer][PoolBase.java:134] - HikariPool-1 - Closing connection com.mysql.cj.jdbc.ConnectionImpl@1529181: (connection evicted)
2025-04-16 22:19:21,463 DEBUG [HikariPool-1 connection closer][PoolBase.java:134] - HikariPool-1 - Closing connection com.mysql.cj.jdbc.ConnectionImpl@20b84ded: (connection evicted)
2025-04-16 22:19:21,463 DEBUG [HikariPool-1 connection closer][PoolBase.java:134] - HikariPool-1 - Closing connection com.mysql.cj.jdbc.ConnectionImpl@20b84ded: (connection evicted)
2025-04-16 22:19:21,463 DEBUG [HikariPool-1 connection closer][PoolBase.java:134] - HikariPool-1 - Closing connection com.mysql.cj.jdbc.ConnectionImpl@267ab294: (connection evicted)
2025-04-16 22:19:21,463 DEBUG [HikariPool-1 connection closer][PoolBase.java:134] - HikariPool-1 - Closing connection com.mysql.cj.jdbc.ConnectionImpl@267ab294: (connection evicted)
2025-04-16 22:19:21,463 DEBUG [HikariPool-1 connection closer][PoolBase.java:134] - HikariPool-1 - Closing connection com.mysql.cj.jdbc.ConnectionImpl@597a1dff: (connection evicted)
2025-04-16 22:19:21,463 DEBUG [HikariPool-1 connection closer][PoolBase.java:134] - HikariPool-1 - Closing connection com.mysql.cj.jdbc.ConnectionImpl@597a1dff: (connection evicted)
2025-04-16 22:19:21,464 DEBUG [HikariPool-1 connection closer][PoolBase.java:134] - HikariPool-1 - Closing connection com.mysql.cj.jdbc.ConnectionImpl@78d3940e: (connection evicted)
2025-04-16 22:19:21,464 DEBUG [HikariPool-1 connection closer][PoolBase.java:134] - HikariPool-1 - Closing connection com.mysql.cj.jdbc.ConnectionImpl@78d3940e: (connection evicted)
2025-04-16 22:19:21,465 DEBUG [SpringContextShutdownHook][HikariPool.java:421] - HikariPool-1 - After shutdown stats (total=0, active=0, idle=0, waiting=0)
2025-04-16 22:19:21,465 DEBUG [SpringContextShutdownHook][HikariPool.java:421] - HikariPool-1 - After shutdown stats (total=0, active=0, idle=0, waiting=0)
2025-04-16 22:19:21,465 INFO [SpringContextShutdownHook][HikariDataSource.java:352] - HikariPool-1 - Shutdown completed.
2025-04-16 22:19:21,465 INFO [SpringContextShutdownHook][HikariDataSource.java:352] - HikariPool-1 - Shutdown completed.
