2025-04-20 22:02:17,175 INFO [http-nio-63110-exec-1][DirectJDKLog.java:173] - Initializing Spring DispatcherServlet 'dispatcherServlet'
2025-04-20 22:02:17,175 INFO [http-nio-63110-exec-1][DirectJDKLog.java:173] - Initializing Spring DispatcherServlet 'dispatcherServlet'
2025-04-20 22:02:17,188 INFO [http-nio-63110-exec-1][FrameworkServlet.java:525] - Initializing Servlet 'dispatcherServlet'
2025-04-20 22:02:17,188 INFO [http-nio-63110-exec-1][FrameworkServlet.java:525] - Initializing Servlet 'dispatcherServlet'
2025-04-20 22:02:17,207 INFO [http-nio-63110-exec-1][FrameworkServlet.java:547] - Completed initialization in 18 ms
2025-04-20 22:02:17,207 INFO [http-nio-63110-exec-1][FrameworkServlet.java:547] - Completed initialization in 18 ms
2025-04-20 22:02:17,350 DEBUG [http-nio-63110-exec-1][HikariConfig.java:1066] - HikariPool-1 - configuration:
2025-04-20 22:02:17,350 DEBUG [http-nio-63110-exec-1][HikariConfig.java:1066] - HikariPool-1 - configuration:
2025-04-20 22:02:17,353 DEBUG [http-nio-63110-exec-1][HikariConfig.java:1098] - allowPoolSuspension.............false
2025-04-20 22:02:17,353 DEBUG [http-nio-63110-exec-1][HikariConfig.java:1098] - allowPoolSuspension.............false
2025-04-20 22:02:17,353 DEBUG [http-nio-63110-exec-1][HikariConfig.java:1098] - autoCommit......................true
2025-04-20 22:02:17,353 DEBUG [http-nio-63110-exec-1][HikariConfig.java:1098] - autoCommit......................true
2025-04-20 22:02:17,353 DEBUG [http-nio-63110-exec-1][HikariConfig.java:1098] - catalog.........................none
2025-04-20 22:02:17,353 DEBUG [http-nio-63110-exec-1][HikariConfig.java:1098] - catalog.........................none
2025-04-20 22:02:17,353 DEBUG [http-nio-63110-exec-1][HikariConfig.java:1098] - connectionInitSql...............none
2025-04-20 22:02:17,353 DEBUG [http-nio-63110-exec-1][HikariConfig.java:1098] - connectionInitSql...............none
2025-04-20 22:02:17,354 DEBUG [http-nio-63110-exec-1][HikariConfig.java:1098] - connectionTestQuery.............none
2025-04-20 22:02:17,354 DEBUG [http-nio-63110-exec-1][HikariConfig.java:1098] - connectionTestQuery.............none
2025-04-20 22:02:17,354 DEBUG [http-nio-63110-exec-1][HikariConfig.java:1098] - connectionTimeout...............30000
2025-04-20 22:02:17,354 DEBUG [http-nio-63110-exec-1][HikariConfig.java:1098] - connectionTimeout...............30000
2025-04-20 22:02:17,354 DEBUG [http-nio-63110-exec-1][HikariConfig.java:1098] - dataSource......................none
2025-04-20 22:02:17,354 DEBUG [http-nio-63110-exec-1][HikariConfig.java:1098] - dataSource......................none
2025-04-20 22:02:17,355 DEBUG [http-nio-63110-exec-1][HikariConfig.java:1098] - dataSourceClassName.............none
2025-04-20 22:02:17,355 DEBUG [http-nio-63110-exec-1][HikariConfig.java:1098] - dataSourceClassName.............none
2025-04-20 22:02:17,355 DEBUG [http-nio-63110-exec-1][HikariConfig.java:1098] - dataSourceJNDI..................none
2025-04-20 22:02:17,355 DEBUG [http-nio-63110-exec-1][HikariConfig.java:1098] - dataSourceJNDI..................none
2025-04-20 22:02:17,356 DEBUG [http-nio-63110-exec-1][HikariConfig.java:1098] - dataSourceProperties............{password=<masked>}
2025-04-20 22:02:17,356 DEBUG [http-nio-63110-exec-1][HikariConfig.java:1098] - dataSourceProperties............{password=<masked>}
2025-04-20 22:02:17,356 DEBUG [http-nio-63110-exec-1][HikariConfig.java:1098] - driverClassName................."com.mysql.cj.jdbc.Driver"
2025-04-20 22:02:17,356 DEBUG [http-nio-63110-exec-1][HikariConfig.java:1098] - driverClassName................."com.mysql.cj.jdbc.Driver"
2025-04-20 22:02:17,356 DEBUG [http-nio-63110-exec-1][HikariConfig.java:1098] - exceptionOverrideClassName......none
2025-04-20 22:02:17,356 DEBUG [http-nio-63110-exec-1][HikariConfig.java:1098] - exceptionOverrideClassName......none
2025-04-20 22:02:17,356 DEBUG [http-nio-63110-exec-1][HikariConfig.java:1098] - healthCheckProperties...........{}
2025-04-20 22:02:17,356 DEBUG [http-nio-63110-exec-1][HikariConfig.java:1098] - healthCheckProperties...........{}
2025-04-20 22:02:17,357 DEBUG [http-nio-63110-exec-1][HikariConfig.java:1098] - healthCheckRegistry.............none
2025-04-20 22:02:17,357 DEBUG [http-nio-63110-exec-1][HikariConfig.java:1098] - healthCheckRegistry.............none
2025-04-20 22:02:17,357 DEBUG [http-nio-63110-exec-1][HikariConfig.java:1098] - idleTimeout.....................600000
2025-04-20 22:02:17,357 DEBUG [http-nio-63110-exec-1][HikariConfig.java:1098] - idleTimeout.....................600000
2025-04-20 22:02:17,357 DEBUG [http-nio-63110-exec-1][HikariConfig.java:1098] - initializationFailTimeout.......1
2025-04-20 22:02:17,357 DEBUG [http-nio-63110-exec-1][HikariConfig.java:1098] - initializationFailTimeout.......1
2025-04-20 22:02:17,357 DEBUG [http-nio-63110-exec-1][HikariConfig.java:1098] - isolateInternalQueries..........false
2025-04-20 22:02:17,357 DEBUG [http-nio-63110-exec-1][HikariConfig.java:1098] - isolateInternalQueries..........false
2025-04-20 22:02:17,358 DEBUG [http-nio-63110-exec-1][HikariConfig.java:1098] - jdbcUrl.........................jdbc:mysql://192.168.101.65:3306/xc402_system?serverTimezone=UTC&useUnicode=true&useSSL=false&
2025-04-20 22:02:17,358 DEBUG [http-nio-63110-exec-1][HikariConfig.java:1098] - jdbcUrl.........................jdbc:mysql://192.168.101.65:3306/xc402_system?serverTimezone=UTC&useUnicode=true&useSSL=false&
2025-04-20 22:02:17,358 DEBUG [http-nio-63110-exec-1][HikariConfig.java:1098] - leakDetectionThreshold..........0
2025-04-20 22:02:17,358 DEBUG [http-nio-63110-exec-1][HikariConfig.java:1098] - leakDetectionThreshold..........0
2025-04-20 22:02:17,359 DEBUG [http-nio-63110-exec-1][HikariConfig.java:1098] - maxLifetime.....................1800000
2025-04-20 22:02:17,359 DEBUG [http-nio-63110-exec-1][HikariConfig.java:1098] - maxLifetime.....................1800000
2025-04-20 22:02:17,359 DEBUG [http-nio-63110-exec-1][HikariConfig.java:1098] - maximumPoolSize.................10
2025-04-20 22:02:17,359 DEBUG [http-nio-63110-exec-1][HikariConfig.java:1098] - maximumPoolSize.................10
2025-04-20 22:02:17,359 DEBUG [http-nio-63110-exec-1][HikariConfig.java:1098] - metricRegistry..................none
2025-04-20 22:02:17,359 DEBUG [http-nio-63110-exec-1][HikariConfig.java:1098] - metricRegistry..................none
2025-04-20 22:02:17,359 DEBUG [http-nio-63110-exec-1][HikariConfig.java:1098] - metricsTrackerFactory...........none
2025-04-20 22:02:17,359 DEBUG [http-nio-63110-exec-1][HikariConfig.java:1098] - metricsTrackerFactory...........none
2025-04-20 22:02:17,360 DEBUG [http-nio-63110-exec-1][HikariConfig.java:1098] - minimumIdle.....................10
2025-04-20 22:02:17,360 DEBUG [http-nio-63110-exec-1][HikariConfig.java:1098] - minimumIdle.....................10
2025-04-20 22:02:17,360 DEBUG [http-nio-63110-exec-1][HikariConfig.java:1098] - password........................<masked>
2025-04-20 22:02:17,360 DEBUG [http-nio-63110-exec-1][HikariConfig.java:1098] - password........................<masked>
2025-04-20 22:02:17,361 DEBUG [http-nio-63110-exec-1][HikariConfig.java:1098] - poolName........................"HikariPool-1"
2025-04-20 22:02:17,361 DEBUG [http-nio-63110-exec-1][HikariConfig.java:1098] - poolName........................"HikariPool-1"
2025-04-20 22:02:17,361 DEBUG [http-nio-63110-exec-1][HikariConfig.java:1098] - readOnly........................false
2025-04-20 22:02:17,361 DEBUG [http-nio-63110-exec-1][HikariConfig.java:1098] - readOnly........................false
2025-04-20 22:02:17,361 DEBUG [http-nio-63110-exec-1][HikariConfig.java:1098] - registerMbeans..................false
2025-04-20 22:02:17,361 DEBUG [http-nio-63110-exec-1][HikariConfig.java:1098] - registerMbeans..................false
2025-04-20 22:02:17,362 DEBUG [http-nio-63110-exec-1][HikariConfig.java:1098] - scheduledExecutor...............none
2025-04-20 22:02:17,362 DEBUG [http-nio-63110-exec-1][HikariConfig.java:1098] - scheduledExecutor...............none
2025-04-20 22:02:17,362 DEBUG [http-nio-63110-exec-1][HikariConfig.java:1098] - schema..........................none
2025-04-20 22:02:17,362 DEBUG [http-nio-63110-exec-1][HikariConfig.java:1098] - schema..........................none
2025-04-20 22:02:17,362 DEBUG [http-nio-63110-exec-1][HikariConfig.java:1098] - threadFactory...................internal
2025-04-20 22:02:17,362 DEBUG [http-nio-63110-exec-1][HikariConfig.java:1098] - threadFactory...................internal
2025-04-20 22:02:17,362 DEBUG [http-nio-63110-exec-1][HikariConfig.java:1098] - transactionIsolation............default
2025-04-20 22:02:17,362 DEBUG [http-nio-63110-exec-1][HikariConfig.java:1098] - transactionIsolation............default
2025-04-20 22:02:17,363 DEBUG [http-nio-63110-exec-1][HikariConfig.java:1098] - username........................"root"
2025-04-20 22:02:17,363 DEBUG [http-nio-63110-exec-1][HikariConfig.java:1098] - username........................"root"
2025-04-20 22:02:17,363 DEBUG [http-nio-63110-exec-1][HikariConfig.java:1098] - validationTimeout...............5000
2025-04-20 22:02:17,363 DEBUG [http-nio-63110-exec-1][HikariConfig.java:1098] - validationTimeout...............5000
2025-04-20 22:02:17,363 INFO [http-nio-63110-exec-1][HikariDataSource.java:110] - HikariPool-1 - Starting...
2025-04-20 22:02:17,363 INFO [http-nio-63110-exec-1][HikariDataSource.java:110] - HikariPool-1 - Starting...
2025-04-20 22:02:17,493 DEBUG [http-nio-63110-exec-1][HikariPool.java:564] - HikariPool-1 - Added connection com.mysql.cj.jdbc.ConnectionImpl@5c18c6a3
2025-04-20 22:02:17,493 DEBUG [http-nio-63110-exec-1][HikariPool.java:564] - HikariPool-1 - Added connection com.mysql.cj.jdbc.ConnectionImpl@5c18c6a3
2025-04-20 22:02:17,496 INFO [http-nio-63110-exec-1][HikariDataSource.java:123] - HikariPool-1 - Start completed.
2025-04-20 22:02:17,496 INFO [http-nio-63110-exec-1][HikariDataSource.java:123] - HikariPool-1 - Start completed.
2025-04-20 22:02:17,503 DEBUG [http-nio-63110-exec-1][BaseJdbcLogger.java:137] - ==>  Preparing: SELECT id,name,code,item_values FROM dictionary
2025-04-20 22:02:17,503 DEBUG [http-nio-63110-exec-1][BaseJdbcLogger.java:137] - ==>  Preparing: SELECT id,name,code,item_values FROM dictionary
2025-04-20 22:02:17,529 DEBUG [http-nio-63110-exec-1][BaseJdbcLogger.java:137] - ==> Parameters: 
2025-04-20 22:02:17,529 DEBUG [http-nio-63110-exec-1][BaseJdbcLogger.java:137] - ==> Parameters: 
2025-04-20 22:02:17,559 DEBUG [http-nio-63110-exec-1][BaseJdbcLogger.java:137] - <==      Total: 17
2025-04-20 22:02:17,559 DEBUG [http-nio-63110-exec-1][BaseJdbcLogger.java:137] - <==      Total: 17
2025-04-20 22:02:17,599 DEBUG [HikariPool-1 housekeeper][HikariPool.java:421] - HikariPool-1 - Pool stats (total=1, active=0, idle=1, waiting=0)
2025-04-20 22:02:17,599 DEBUG [HikariPool-1 housekeeper][HikariPool.java:421] - HikariPool-1 - Pool stats (total=1, active=0, idle=1, waiting=0)
2025-04-20 22:02:17,612 DEBUG [HikariPool-1 connection adder][HikariPool.java:728] - HikariPool-1 - Added connection com.mysql.cj.jdbc.ConnectionImpl@67c69c25
2025-04-20 22:02:17,612 DEBUG [HikariPool-1 connection adder][HikariPool.java:728] - HikariPool-1 - Added connection com.mysql.cj.jdbc.ConnectionImpl@67c69c25
2025-04-20 22:02:17,625 DEBUG [HikariPool-1 connection adder][HikariPool.java:728] - HikariPool-1 - Added connection com.mysql.cj.jdbc.ConnectionImpl@26fb961e
2025-04-20 22:02:17,625 DEBUG [HikariPool-1 connection adder][HikariPool.java:728] - HikariPool-1 - Added connection com.mysql.cj.jdbc.ConnectionImpl@26fb961e
2025-04-20 22:02:17,641 DEBUG [HikariPool-1 connection adder][HikariPool.java:728] - HikariPool-1 - Added connection com.mysql.cj.jdbc.ConnectionImpl@1717b47e
2025-04-20 22:02:17,641 DEBUG [HikariPool-1 connection adder][HikariPool.java:728] - HikariPool-1 - Added connection com.mysql.cj.jdbc.ConnectionImpl@1717b47e
2025-04-20 22:02:17,652 DEBUG [HikariPool-1 connection adder][HikariPool.java:728] - HikariPool-1 - Added connection com.mysql.cj.jdbc.ConnectionImpl@46d46951
2025-04-20 22:02:17,652 DEBUG [HikariPool-1 connection adder][HikariPool.java:728] - HikariPool-1 - Added connection com.mysql.cj.jdbc.ConnectionImpl@46d46951
2025-04-20 22:02:17,663 DEBUG [HikariPool-1 connection adder][HikariPool.java:728] - HikariPool-1 - Added connection com.mysql.cj.jdbc.ConnectionImpl@310f3d07
2025-04-20 22:02:17,663 DEBUG [HikariPool-1 connection adder][HikariPool.java:728] - HikariPool-1 - Added connection com.mysql.cj.jdbc.ConnectionImpl@310f3d07
2025-04-20 22:02:17,673 DEBUG [HikariPool-1 connection adder][HikariPool.java:728] - HikariPool-1 - Added connection com.mysql.cj.jdbc.ConnectionImpl@429a5334
2025-04-20 22:02:17,673 DEBUG [HikariPool-1 connection adder][HikariPool.java:728] - HikariPool-1 - Added connection com.mysql.cj.jdbc.ConnectionImpl@429a5334
2025-04-20 22:02:17,686 DEBUG [HikariPool-1 connection adder][HikariPool.java:728] - HikariPool-1 - Added connection com.mysql.cj.jdbc.ConnectionImpl@314f2f99
2025-04-20 22:02:17,686 DEBUG [HikariPool-1 connection adder][HikariPool.java:728] - HikariPool-1 - Added connection com.mysql.cj.jdbc.ConnectionImpl@314f2f99
2025-04-20 22:02:17,697 DEBUG [HikariPool-1 connection adder][HikariPool.java:728] - HikariPool-1 - Added connection com.mysql.cj.jdbc.ConnectionImpl@12f3bf3c
2025-04-20 22:02:17,697 DEBUG [HikariPool-1 connection adder][HikariPool.java:728] - HikariPool-1 - Added connection com.mysql.cj.jdbc.ConnectionImpl@12f3bf3c
2025-04-20 22:02:17,705 DEBUG [HikariPool-1 connection adder][HikariPool.java:728] - HikariPool-1 - Added connection com.mysql.cj.jdbc.ConnectionImpl@5ef8f1d3
2025-04-20 22:02:17,705 DEBUG [HikariPool-1 connection adder][HikariPool.java:728] - HikariPool-1 - Added connection com.mysql.cj.jdbc.ConnectionImpl@5ef8f1d3
2025-04-20 22:02:17,705 DEBUG [HikariPool-1 connection adder][HikariPool.java:421] - HikariPool-1 - After adding stats (total=10, active=0, idle=10, waiting=0)
2025-04-20 22:02:17,705 DEBUG [HikariPool-1 connection adder][HikariPool.java:421] - HikariPool-1 - After adding stats (total=10, active=0, idle=10, waiting=0)
2025-04-20 22:02:17,863 INFO [http-nio-63040-exec-1][DirectJDKLog.java:173] - Initializing Spring DispatcherServlet 'dispatcherServlet'
2025-04-20 22:02:17,863 INFO [http-nio-63040-exec-1][DirectJDKLog.java:173] - Initializing Spring DispatcherServlet 'dispatcherServlet'
2025-04-20 22:02:17,863 INFO [http-nio-63040-exec-1][FrameworkServlet.java:525] - Initializing Servlet 'dispatcherServlet'
2025-04-20 22:02:17,863 INFO [http-nio-63040-exec-1][FrameworkServlet.java:525] - Initializing Servlet 'dispatcherServlet'
2025-04-20 22:02:17,863 DEBUG [http-nio-63040-exec-1][DispatcherServlet.java:526] - Detected StandardServletMultipartResolver
2025-04-20 22:02:17,863 DEBUG [http-nio-63040-exec-1][DispatcherServlet.java:526] - Detected StandardServletMultipartResolver
2025-04-20 22:02:17,873 DEBUG [http-nio-63040-exec-1][FrameworkServlet.java:542] - enableLoggingRequestDetails='false': request parameters and headers will be masked to prevent unsafe logging of potentially sensitive data
2025-04-20 22:02:17,873 DEBUG [http-nio-63040-exec-1][FrameworkServlet.java:542] - enableLoggingRequestDetails='false': request parameters and headers will be masked to prevent unsafe logging of potentially sensitive data
2025-04-20 22:02:17,873 INFO [http-nio-63040-exec-1][FrameworkServlet.java:547] - Completed initialization in 10 ms
2025-04-20 22:02:17,873 INFO [http-nio-63040-exec-1][FrameworkServlet.java:547] - Completed initialization in 10 ms
2025-04-20 22:02:17,883 DEBUG [http-nio-63040-exec-2][LogFormatUtils.java:91] - GET "/content/course-category/tree-nodes", parameters={}
2025-04-20 22:02:17,883 DEBUG [http-nio-63040-exec-2][LogFormatUtils.java:91] - GET "/content/course-category/tree-nodes", parameters={}
2025-04-20 22:02:17,883 DEBUG [http-nio-63040-exec-1][LogFormatUtils.java:91] - GET "/content/course/128", parameters={}
2025-04-20 22:02:17,883 DEBUG [http-nio-63040-exec-1][LogFormatUtils.java:91] - GET "/content/course/128", parameters={}
2025-04-20 22:02:17,893 DEBUG [http-nio-63040-exec-2][AbstractHandlerMapping.java:415] - Mapped to com.xuecheng.content.api.CourseCategotyController#queryTreeNodes()
2025-04-20 22:02:17,893 DEBUG [http-nio-63040-exec-2][AbstractHandlerMapping.java:415] - Mapped to com.xuecheng.content.api.CourseCategotyController#queryTreeNodes()
2025-04-20 22:02:17,895 DEBUG [http-nio-63040-exec-1][AbstractHandlerMapping.java:415] - Mapped to com.xuecheng.content.api.CourseBaseInfoController#updateCourseBaseById(Long)
2025-04-20 22:02:17,895 DEBUG [http-nio-63040-exec-1][AbstractHandlerMapping.java:415] - Mapped to com.xuecheng.content.api.CourseBaseInfoController#updateCourseBaseById(Long)
2025-04-20 22:02:17,919 DEBUG [http-nio-63040-exec-2][Logger.java:49] - Creating a new SqlSession
2025-04-20 22:02:17,919 DEBUG [http-nio-63040-exec-2][Logger.java:49] - Creating a new SqlSession
2025-04-20 22:02:17,927 DEBUG [http-nio-63040-exec-2][Logger.java:49] - SqlSession [org.apache.ibatis.session.defaults.DefaultSqlSession@1052e190] was not registered for synchronization because synchronization is not active
2025-04-20 22:02:17,927 DEBUG [http-nio-63040-exec-2][Logger.java:49] - SqlSession [org.apache.ibatis.session.defaults.DefaultSqlSession@1052e190] was not registered for synchronization because synchronization is not active
2025-04-20 22:02:17,929 DEBUG [http-nio-63040-exec-1][Logger.java:49] - Creating a new SqlSession
2025-04-20 22:02:17,929 DEBUG [http-nio-63040-exec-1][Logger.java:49] - Creating a new SqlSession
2025-04-20 22:02:17,929 DEBUG [http-nio-63040-exec-1][Logger.java:49] - SqlSession [org.apache.ibatis.session.defaults.DefaultSqlSession@74b68098] was not registered for synchronization because synchronization is not active
2025-04-20 22:02:17,929 DEBUG [http-nio-63040-exec-1][Logger.java:49] - SqlSession [org.apache.ibatis.session.defaults.DefaultSqlSession@74b68098] was not registered for synchronization because synchronization is not active
2025-04-20 22:02:17,935 DEBUG [http-nio-63040-exec-1][DataSourceUtils.java:115] - Fetching JDBC Connection from DataSource
2025-04-20 22:02:17,935 DEBUG [http-nio-63040-exec-1][DataSourceUtils.java:115] - Fetching JDBC Connection from DataSource
2025-04-20 22:02:17,935 DEBUG [http-nio-63040-exec-2][DataSourceUtils.java:115] - Fetching JDBC Connection from DataSource
2025-04-20 22:02:17,935 DEBUG [http-nio-63040-exec-2][DataSourceUtils.java:115] - Fetching JDBC Connection from DataSource
2025-04-20 22:02:17,936 DEBUG [http-nio-63040-exec-1][HikariConfig.java:1066] - HikariPool-1 - configuration:
2025-04-20 22:02:17,936 DEBUG [http-nio-63040-exec-1][HikariConfig.java:1066] - HikariPool-1 - configuration:
2025-04-20 22:02:17,937 DEBUG [http-nio-63040-exec-1][HikariConfig.java:1098] - allowPoolSuspension.............false
2025-04-20 22:02:17,937 DEBUG [http-nio-63040-exec-1][HikariConfig.java:1098] - allowPoolSuspension.............false
2025-04-20 22:02:17,937 DEBUG [http-nio-63040-exec-1][HikariConfig.java:1098] - autoCommit......................true
2025-04-20 22:02:17,937 DEBUG [http-nio-63040-exec-1][HikariConfig.java:1098] - autoCommit......................true
2025-04-20 22:02:17,937 DEBUG [http-nio-63040-exec-1][HikariConfig.java:1098] - catalog.........................none
2025-04-20 22:02:17,937 DEBUG [http-nio-63040-exec-1][HikariConfig.java:1098] - catalog.........................none
2025-04-20 22:02:17,938 DEBUG [http-nio-63040-exec-1][HikariConfig.java:1098] - connectionInitSql...............none
2025-04-20 22:02:17,938 DEBUG [http-nio-63040-exec-1][HikariConfig.java:1098] - connectionInitSql...............none
2025-04-20 22:02:17,938 DEBUG [http-nio-63040-exec-1][HikariConfig.java:1098] - connectionTestQuery.............none
2025-04-20 22:02:17,938 DEBUG [http-nio-63040-exec-1][HikariConfig.java:1098] - connectionTestQuery.............none
2025-04-20 22:02:17,938 DEBUG [http-nio-63040-exec-1][HikariConfig.java:1098] - connectionTimeout...............30000
2025-04-20 22:02:17,938 DEBUG [http-nio-63040-exec-1][HikariConfig.java:1098] - connectionTimeout...............30000
2025-04-20 22:02:17,938 DEBUG [http-nio-63040-exec-1][HikariConfig.java:1098] - dataSource......................none
2025-04-20 22:02:17,938 DEBUG [http-nio-63040-exec-1][HikariConfig.java:1098] - dataSource......................none
2025-04-20 22:02:17,938 DEBUG [http-nio-63040-exec-1][HikariConfig.java:1098] - dataSourceClassName.............none
2025-04-20 22:02:17,938 DEBUG [http-nio-63040-exec-1][HikariConfig.java:1098] - dataSourceClassName.............none
2025-04-20 22:02:17,939 DEBUG [http-nio-63040-exec-1][HikariConfig.java:1098] - dataSourceJNDI..................none
2025-04-20 22:02:17,939 DEBUG [http-nio-63040-exec-1][HikariConfig.java:1098] - dataSourceJNDI..................none
2025-04-20 22:02:17,939 DEBUG [http-nio-63040-exec-1][HikariConfig.java:1098] - dataSourceProperties............{password=<masked>}
2025-04-20 22:02:17,939 DEBUG [http-nio-63040-exec-1][HikariConfig.java:1098] - dataSourceProperties............{password=<masked>}
2025-04-20 22:02:17,939 DEBUG [http-nio-63040-exec-1][HikariConfig.java:1098] - driverClassName................."com.mysql.cj.jdbc.Driver"
2025-04-20 22:02:17,939 DEBUG [http-nio-63040-exec-1][HikariConfig.java:1098] - driverClassName................."com.mysql.cj.jdbc.Driver"
2025-04-20 22:02:17,939 DEBUG [http-nio-63040-exec-1][HikariConfig.java:1098] - exceptionOverrideClassName......none
2025-04-20 22:02:17,939 DEBUG [http-nio-63040-exec-1][HikariConfig.java:1098] - exceptionOverrideClassName......none
2025-04-20 22:02:17,940 DEBUG [http-nio-63040-exec-1][HikariConfig.java:1098] - healthCheckProperties...........{}
2025-04-20 22:02:17,940 DEBUG [http-nio-63040-exec-1][HikariConfig.java:1098] - healthCheckProperties...........{}
2025-04-20 22:02:17,940 DEBUG [http-nio-63040-exec-1][HikariConfig.java:1098] - healthCheckRegistry.............none
2025-04-20 22:02:17,940 DEBUG [http-nio-63040-exec-1][HikariConfig.java:1098] - healthCheckRegistry.............none
2025-04-20 22:02:17,940 DEBUG [http-nio-63040-exec-1][HikariConfig.java:1098] - idleTimeout.....................600000
2025-04-20 22:02:17,940 DEBUG [http-nio-63040-exec-1][HikariConfig.java:1098] - idleTimeout.....................600000
2025-04-20 22:02:17,940 DEBUG [http-nio-63040-exec-1][HikariConfig.java:1098] - initializationFailTimeout.......1
2025-04-20 22:02:17,940 DEBUG [http-nio-63040-exec-1][HikariConfig.java:1098] - initializationFailTimeout.......1
2025-04-20 22:02:17,940 DEBUG [http-nio-63040-exec-1][HikariConfig.java:1098] - isolateInternalQueries..........false
2025-04-20 22:02:17,940 DEBUG [http-nio-63040-exec-1][HikariConfig.java:1098] - isolateInternalQueries..........false
2025-04-20 22:02:17,941 DEBUG [http-nio-63040-exec-1][HikariConfig.java:1098] - jdbcUrl.........................jdbc:mysql://192.168.101.65:3306/xc402_content?serverTimezone=UTC&userUnicode=true&useSSL=false&
2025-04-20 22:02:17,941 DEBUG [http-nio-63040-exec-1][HikariConfig.java:1098] - jdbcUrl.........................jdbc:mysql://192.168.101.65:3306/xc402_content?serverTimezone=UTC&userUnicode=true&useSSL=false&
2025-04-20 22:02:17,941 DEBUG [http-nio-63040-exec-1][HikariConfig.java:1098] - leakDetectionThreshold..........0
2025-04-20 22:02:17,941 DEBUG [http-nio-63040-exec-1][HikariConfig.java:1098] - leakDetectionThreshold..........0
2025-04-20 22:02:17,941 DEBUG [http-nio-63040-exec-1][HikariConfig.java:1098] - maxLifetime.....................1800000
2025-04-20 22:02:17,941 DEBUG [http-nio-63040-exec-1][HikariConfig.java:1098] - maxLifetime.....................1800000
2025-04-20 22:02:17,941 DEBUG [http-nio-63040-exec-1][HikariConfig.java:1098] - maximumPoolSize.................10
2025-04-20 22:02:17,941 DEBUG [http-nio-63040-exec-1][HikariConfig.java:1098] - maximumPoolSize.................10
2025-04-20 22:02:17,941 DEBUG [http-nio-63040-exec-1][HikariConfig.java:1098] - metricRegistry..................none
2025-04-20 22:02:17,941 DEBUG [http-nio-63040-exec-1][HikariConfig.java:1098] - metricRegistry..................none
2025-04-20 22:02:17,941 DEBUG [http-nio-63040-exec-1][HikariConfig.java:1098] - metricsTrackerFactory...........none
2025-04-20 22:02:17,941 DEBUG [http-nio-63040-exec-1][HikariConfig.java:1098] - metricsTrackerFactory...........none
2025-04-20 22:02:17,943 DEBUG [http-nio-63040-exec-1][HikariConfig.java:1098] - minimumIdle.....................10
2025-04-20 22:02:17,943 DEBUG [http-nio-63040-exec-1][HikariConfig.java:1098] - minimumIdle.....................10
2025-04-20 22:02:17,943 DEBUG [http-nio-63040-exec-1][HikariConfig.java:1098] - password........................<masked>
2025-04-20 22:02:17,943 DEBUG [http-nio-63040-exec-1][HikariConfig.java:1098] - password........................<masked>
2025-04-20 22:02:17,943 DEBUG [http-nio-63040-exec-1][HikariConfig.java:1098] - poolName........................"HikariPool-1"
2025-04-20 22:02:17,943 DEBUG [http-nio-63040-exec-1][HikariConfig.java:1098] - poolName........................"HikariPool-1"
2025-04-20 22:02:17,943 DEBUG [http-nio-63040-exec-1][HikariConfig.java:1098] - readOnly........................false
2025-04-20 22:02:17,943 DEBUG [http-nio-63040-exec-1][HikariConfig.java:1098] - readOnly........................false
2025-04-20 22:02:17,944 DEBUG [http-nio-63040-exec-1][HikariConfig.java:1098] - registerMbeans..................false
2025-04-20 22:02:17,944 DEBUG [http-nio-63040-exec-1][HikariConfig.java:1098] - registerMbeans..................false
2025-04-20 22:02:17,944 DEBUG [http-nio-63040-exec-1][HikariConfig.java:1098] - scheduledExecutor...............none
2025-04-20 22:02:17,944 DEBUG [http-nio-63040-exec-1][HikariConfig.java:1098] - scheduledExecutor...............none
2025-04-20 22:02:17,944 DEBUG [http-nio-63040-exec-1][HikariConfig.java:1098] - schema..........................none
2025-04-20 22:02:17,944 DEBUG [http-nio-63040-exec-1][HikariConfig.java:1098] - schema..........................none
2025-04-20 22:02:17,944 DEBUG [http-nio-63040-exec-1][HikariConfig.java:1098] - threadFactory...................internal
2025-04-20 22:02:17,944 DEBUG [http-nio-63040-exec-1][HikariConfig.java:1098] - threadFactory...................internal
2025-04-20 22:02:17,944 DEBUG [http-nio-63040-exec-1][HikariConfig.java:1098] - transactionIsolation............default
2025-04-20 22:02:17,944 DEBUG [http-nio-63040-exec-1][HikariConfig.java:1098] - transactionIsolation............default
2025-04-20 22:02:17,944 DEBUG [http-nio-63040-exec-1][HikariConfig.java:1098] - username........................"root"
2025-04-20 22:02:17,944 DEBUG [http-nio-63040-exec-1][HikariConfig.java:1098] - username........................"root"
2025-04-20 22:02:17,944 DEBUG [http-nio-63040-exec-1][HikariConfig.java:1098] - validationTimeout...............5000
2025-04-20 22:02:17,944 DEBUG [http-nio-63040-exec-1][HikariConfig.java:1098] - validationTimeout...............5000
2025-04-20 22:02:17,944 INFO [http-nio-63040-exec-1][HikariDataSource.java:110] - HikariPool-1 - Starting...
2025-04-20 22:02:17,944 INFO [http-nio-63040-exec-1][HikariDataSource.java:110] - HikariPool-1 - Starting...
2025-04-20 22:02:18,067 DEBUG [http-nio-63040-exec-1][HikariPool.java:564] - HikariPool-1 - Added connection com.mysql.cj.jdbc.ConnectionImpl@4d90e9fd
2025-04-20 22:02:18,067 DEBUG [http-nio-63040-exec-1][HikariPool.java:564] - HikariPool-1 - Added connection com.mysql.cj.jdbc.ConnectionImpl@4d90e9fd
2025-04-20 22:02:18,069 INFO [http-nio-63040-exec-1][HikariDataSource.java:123] - HikariPool-1 - Start completed.
2025-04-20 22:02:18,069 INFO [http-nio-63040-exec-1][HikariDataSource.java:123] - HikariPool-1 - Start completed.
2025-04-20 22:02:18,072 DEBUG [http-nio-63040-exec-1][Logger.java:49] - JDBC Connection [HikariProxyConnection@283666838 wrapping com.mysql.cj.jdbc.ConnectionImpl@4d90e9fd] will not be managed by Spring
2025-04-20 22:02:18,072 DEBUG [http-nio-63040-exec-1][Logger.java:49] - JDBC Connection [HikariProxyConnection@283666838 wrapping com.mysql.cj.jdbc.ConnectionImpl@4d90e9fd] will not be managed by Spring
2025-04-20 22:02:18,076 DEBUG [http-nio-63040-exec-1][BaseJdbcLogger.java:137] - ==>  Preparing: SELECT id,company_id,company_name,name,users,tags,mt,st,grade,teachmode,description,pic,create_date,change_date,create_people,change_people,audit_status,status FROM course_base WHERE id=?
2025-04-20 22:02:18,076 DEBUG [http-nio-63040-exec-1][BaseJdbcLogger.java:137] - ==>  Preparing: SELECT id,company_id,company_name,name,users,tags,mt,st,grade,teachmode,description,pic,create_date,change_date,create_people,change_people,audit_status,status FROM course_base WHERE id=?
2025-04-20 22:02:18,080 DEBUG [HikariPool-1 connection adder][HikariPool.java:728] - HikariPool-1 - Added connection com.mysql.cj.jdbc.ConnectionImpl@3ae668ab
2025-04-20 22:02:18,080 DEBUG [HikariPool-1 connection adder][HikariPool.java:728] - HikariPool-1 - Added connection com.mysql.cj.jdbc.ConnectionImpl@3ae668ab
2025-04-20 22:02:18,080 DEBUG [http-nio-63040-exec-2][Logger.java:49] - JDBC Connection [HikariProxyConnection@765333722 wrapping com.mysql.cj.jdbc.ConnectionImpl@3ae668ab] will not be managed by Spring
2025-04-20 22:02:18,080 DEBUG [http-nio-63040-exec-2][Logger.java:49] - JDBC Connection [HikariProxyConnection@765333722 wrapping com.mysql.cj.jdbc.ConnectionImpl@3ae668ab] will not be managed by Spring
2025-04-20 22:02:18,080 DEBUG [http-nio-63040-exec-2][BaseJdbcLogger.java:137] - ==>  Preparing: with recursive t1 as( select * from course_category p where id = ? union all select t.* from course_category t join t1 on t1.id=t.parentid ) select * from t1 order by t1.id,t1.orderby
2025-04-20 22:02:18,080 DEBUG [http-nio-63040-exec-2][BaseJdbcLogger.java:137] - ==>  Preparing: with recursive t1 as( select * from course_category p where id = ? union all select t.* from course_category t join t1 on t1.id=t.parentid ) select * from t1 order by t1.id,t1.orderby
2025-04-20 22:02:18,097 DEBUG [http-nio-63040-exec-1][BaseJdbcLogger.java:137] - ==> Parameters: 128(Long)
2025-04-20 22:02:18,097 DEBUG [http-nio-63040-exec-2][BaseJdbcLogger.java:137] - ==> Parameters: 1(String)
2025-04-20 22:02:18,097 DEBUG [http-nio-63040-exec-2][BaseJdbcLogger.java:137] - ==> Parameters: 1(String)
2025-04-20 22:02:18,097 DEBUG [http-nio-63040-exec-1][BaseJdbcLogger.java:137] - ==> Parameters: 128(Long)
2025-04-20 22:02:18,127 DEBUG [http-nio-63040-exec-1][BaseJdbcLogger.java:137] - <==      Total: 1
2025-04-20 22:02:18,127 DEBUG [http-nio-63040-exec-1][BaseJdbcLogger.java:137] - <==      Total: 1
2025-04-20 22:02:18,131 DEBUG [http-nio-63040-exec-1][Logger.java:49] - Closing non transactional SqlSession [org.apache.ibatis.session.defaults.DefaultSqlSession@74b68098]
2025-04-20 22:02:18,131 DEBUG [http-nio-63040-exec-1][Logger.java:49] - Closing non transactional SqlSession [org.apache.ibatis.session.defaults.DefaultSqlSession@74b68098]
2025-04-20 22:02:18,133 DEBUG [http-nio-63040-exec-1][Logger.java:49] - Creating a new SqlSession
2025-04-20 22:02:18,133 DEBUG [http-nio-63040-exec-1][Logger.java:49] - Creating a new SqlSession
2025-04-20 22:02:18,133 DEBUG [http-nio-63040-exec-1][Logger.java:49] - SqlSession [org.apache.ibatis.session.defaults.DefaultSqlSession@13bfd18a] was not registered for synchronization because synchronization is not active
2025-04-20 22:02:18,133 DEBUG [http-nio-63040-exec-1][Logger.java:49] - SqlSession [org.apache.ibatis.session.defaults.DefaultSqlSession@13bfd18a] was not registered for synchronization because synchronization is not active
2025-04-20 22:02:18,134 DEBUG [http-nio-63040-exec-1][DataSourceUtils.java:115] - Fetching JDBC Connection from DataSource
2025-04-20 22:02:18,134 DEBUG [http-nio-63040-exec-1][Logger.java:49] - JDBC Connection [HikariProxyConnection@916543902 wrapping com.mysql.cj.jdbc.ConnectionImpl@4d90e9fd] will not be managed by Spring
2025-04-20 22:02:18,134 DEBUG [http-nio-63040-exec-1][DataSourceUtils.java:115] - Fetching JDBC Connection from DataSource
2025-04-20 22:02:18,134 DEBUG [http-nio-63040-exec-1][Logger.java:49] - JDBC Connection [HikariProxyConnection@916543902 wrapping com.mysql.cj.jdbc.ConnectionImpl@4d90e9fd] will not be managed by Spring
2025-04-20 22:02:18,134 DEBUG [http-nio-63040-exec-1][BaseJdbcLogger.java:137] - ==>  Preparing: SELECT id,charge,price,original_price,qq,wechat,phone,valid_days FROM course_market WHERE id=?
2025-04-20 22:02:18,134 DEBUG [http-nio-63040-exec-1][BaseJdbcLogger.java:137] - ==>  Preparing: SELECT id,charge,price,original_price,qq,wechat,phone,valid_days FROM course_market WHERE id=?
2025-04-20 22:02:18,134 DEBUG [http-nio-63040-exec-2][BaseJdbcLogger.java:137] - <==      Total: 144
2025-04-20 22:02:18,134 DEBUG [http-nio-63040-exec-2][BaseJdbcLogger.java:137] - <==      Total: 144
2025-04-20 22:02:18,134 DEBUG [http-nio-63040-exec-1][BaseJdbcLogger.java:137] - ==> Parameters: 128(Long)
2025-04-20 22:02:18,134 DEBUG [http-nio-63040-exec-1][BaseJdbcLogger.java:137] - ==> Parameters: 128(Long)
2025-04-20 22:02:18,134 DEBUG [http-nio-63040-exec-2][Logger.java:49] - Closing non transactional SqlSession [org.apache.ibatis.session.defaults.DefaultSqlSession@1052e190]
2025-04-20 22:02:18,134 DEBUG [http-nio-63040-exec-2][Logger.java:49] - Closing non transactional SqlSession [org.apache.ibatis.session.defaults.DefaultSqlSession@1052e190]
2025-04-20 22:02:18,137 DEBUG [http-nio-63040-exec-1][BaseJdbcLogger.java:137] - <==      Total: 1
2025-04-20 22:02:18,137 DEBUG [http-nio-63040-exec-1][BaseJdbcLogger.java:137] - <==      Total: 1
2025-04-20 22:02:18,137 DEBUG [http-nio-63040-exec-1][Logger.java:49] - Closing non transactional SqlSession [org.apache.ibatis.session.defaults.DefaultSqlSession@13bfd18a]
2025-04-20 22:02:18,137 DEBUG [http-nio-63040-exec-1][Logger.java:49] - Closing non transactional SqlSession [org.apache.ibatis.session.defaults.DefaultSqlSession@13bfd18a]
2025-04-20 22:02:18,145 DEBUG [http-nio-63040-exec-1][Logger.java:49] - Creating a new SqlSession
2025-04-20 22:02:18,145 DEBUG [http-nio-63040-exec-1][Logger.java:49] - Creating a new SqlSession
2025-04-20 22:02:18,146 DEBUG [http-nio-63040-exec-1][Logger.java:49] - SqlSession [org.apache.ibatis.session.defaults.DefaultSqlSession@2e3b4b48] was not registered for synchronization because synchronization is not active
2025-04-20 22:02:18,146 DEBUG [http-nio-63040-exec-1][Logger.java:49] - SqlSession [org.apache.ibatis.session.defaults.DefaultSqlSession@2e3b4b48] was not registered for synchronization because synchronization is not active
2025-04-20 22:02:18,146 DEBUG [http-nio-63040-exec-1][DataSourceUtils.java:115] - Fetching JDBC Connection from DataSource
2025-04-20 22:02:18,146 DEBUG [http-nio-63040-exec-1][DataSourceUtils.java:115] - Fetching JDBC Connection from DataSource
2025-04-20 22:02:18,146 DEBUG [http-nio-63040-exec-1][Logger.java:49] - JDBC Connection [HikariProxyConnection@308976312 wrapping com.mysql.cj.jdbc.ConnectionImpl@4d90e9fd] will not be managed by Spring
2025-04-20 22:02:18,146 DEBUG [http-nio-63040-exec-1][Logger.java:49] - JDBC Connection [HikariProxyConnection@308976312 wrapping com.mysql.cj.jdbc.ConnectionImpl@4d90e9fd] will not be managed by Spring
2025-04-20 22:02:18,146 DEBUG [http-nio-63040-exec-1][BaseJdbcLogger.java:137] - ==>  Preparing: SELECT id,name,label,parentid,is_show,orderby,is_leaf FROM course_category WHERE id=?
2025-04-20 22:02:18,146 DEBUG [http-nio-63040-exec-1][BaseJdbcLogger.java:137] - ==>  Preparing: SELECT id,name,label,parentid,is_show,orderby,is_leaf FROM course_category WHERE id=?
2025-04-20 22:02:18,146 DEBUG [http-nio-63040-exec-1][BaseJdbcLogger.java:137] - ==> Parameters: 1-8-2(String)
2025-04-20 22:02:18,146 DEBUG [http-nio-63040-exec-1][BaseJdbcLogger.java:137] - ==> Parameters: 1-8-2(String)
2025-04-20 22:02:18,152 DEBUG [http-nio-63040-exec-2][AbstractMessageConverterMethodProcessor.java:255] - Using 'application/json', given [application/json, text/plain, */*] and supported [application/json, application/*+json, application/json, application/*+json]
2025-04-20 22:02:18,152 DEBUG [http-nio-63040-exec-1][BaseJdbcLogger.java:137] - <==      Total: 1
2025-04-20 22:02:18,152 DEBUG [http-nio-63040-exec-2][LogFormatUtils.java:91] - Writing [[CourseCategoryTreeDto(childrenTreeNodes=[CourseCategoryTreeDto(childrenTreeNodes=null), CourseCateg (truncated)...]
2025-04-20 22:02:18,153 DEBUG [http-nio-63040-exec-1][Logger.java:49] - Closing non transactional SqlSession [org.apache.ibatis.session.defaults.DefaultSqlSession@2e3b4b48]
2025-04-20 22:02:18,152 DEBUG [http-nio-63040-exec-2][AbstractMessageConverterMethodProcessor.java:255] - Using 'application/json', given [application/json, text/plain, */*] and supported [application/json, application/*+json, application/json, application/*+json]
2025-04-20 22:02:18,152 DEBUG [http-nio-63040-exec-1][BaseJdbcLogger.java:137] - <==      Total: 1
2025-04-20 22:02:18,153 DEBUG [http-nio-63040-exec-1][Logger.java:49] - Creating a new SqlSession
2025-04-20 22:02:18,152 DEBUG [http-nio-63040-exec-2][LogFormatUtils.java:91] - Writing [[CourseCategoryTreeDto(childrenTreeNodes=[CourseCategoryTreeDto(childrenTreeNodes=null), CourseCateg (truncated)...]
2025-04-20 22:02:18,153 DEBUG [http-nio-63040-exec-1][Logger.java:49] - Closing non transactional SqlSession [org.apache.ibatis.session.defaults.DefaultSqlSession@2e3b4b48]
2025-04-20 22:02:18,153 DEBUG [http-nio-63040-exec-1][Logger.java:49] - Creating a new SqlSession
2025-04-20 22:02:18,153 DEBUG [http-nio-63040-exec-1][Logger.java:49] - SqlSession [org.apache.ibatis.session.defaults.DefaultSqlSession@6a088786] was not registered for synchronization because synchronization is not active
2025-04-20 22:02:18,153 DEBUG [http-nio-63040-exec-1][Logger.java:49] - SqlSession [org.apache.ibatis.session.defaults.DefaultSqlSession@6a088786] was not registered for synchronization because synchronization is not active
2025-04-20 22:02:18,153 DEBUG [http-nio-63040-exec-1][DataSourceUtils.java:115] - Fetching JDBC Connection from DataSource
2025-04-20 22:02:18,153 DEBUG [http-nio-63040-exec-1][DataSourceUtils.java:115] - Fetching JDBC Connection from DataSource
2025-04-20 22:02:18,153 DEBUG [http-nio-63040-exec-1][Logger.java:49] - JDBC Connection [HikariProxyConnection@505278596 wrapping com.mysql.cj.jdbc.ConnectionImpl@4d90e9fd] will not be managed by Spring
2025-04-20 22:02:18,153 DEBUG [http-nio-63040-exec-1][Logger.java:49] - JDBC Connection [HikariProxyConnection@505278596 wrapping com.mysql.cj.jdbc.ConnectionImpl@4d90e9fd] will not be managed by Spring
2025-04-20 22:02:18,153 DEBUG [http-nio-63040-exec-1][BaseJdbcLogger.java:137] - ==>  Preparing: SELECT id,name,label,parentid,is_show,orderby,is_leaf FROM course_category WHERE id=?
2025-04-20 22:02:18,153 DEBUG [http-nio-63040-exec-1][BaseJdbcLogger.java:137] - ==>  Preparing: SELECT id,name,label,parentid,is_show,orderby,is_leaf FROM course_category WHERE id=?
2025-04-20 22:02:18,153 DEBUG [http-nio-63040-exec-1][BaseJdbcLogger.java:137] - ==> Parameters: 1-8(String)
2025-04-20 22:02:18,153 DEBUG [http-nio-63040-exec-1][BaseJdbcLogger.java:137] - ==> Parameters: 1-8(String)
2025-04-20 22:02:18,156 DEBUG [http-nio-63040-exec-1][BaseJdbcLogger.java:137] - <==      Total: 1
2025-04-20 22:02:18,156 DEBUG [http-nio-63040-exec-1][BaseJdbcLogger.java:137] - <==      Total: 1
2025-04-20 22:02:18,156 DEBUG [http-nio-63040-exec-1][Logger.java:49] - Closing non transactional SqlSession [org.apache.ibatis.session.defaults.DefaultSqlSession@6a088786]
2025-04-20 22:02:18,156 DEBUG [http-nio-63040-exec-1][Logger.java:49] - Closing non transactional SqlSession [org.apache.ibatis.session.defaults.DefaultSqlSession@6a088786]
2025-04-20 22:02:18,172 DEBUG [http-nio-63040-exec-1][AbstractMessageConverterMethodProcessor.java:255] - Using 'application/json', given [application/json, text/plain, */*] and supported [application/json, application/*+json, application/json, application/*+json]
2025-04-20 22:02:18,172 DEBUG [http-nio-63040-exec-1][AbstractMessageConverterMethodProcessor.java:255] - Using 'application/json', given [application/json, text/plain, */*] and supported [application/json, application/*+json, application/json, application/*+json]
2025-04-20 22:02:18,172 DEBUG [http-nio-63040-exec-1][LogFormatUtils.java:91] - Writing [CourseBaseInfoDto(charge=201000, price=1.0, originalPrice=999.0, qq=2222, wechat=22222, phone=212312 (truncated)...]
2025-04-20 22:02:18,172 DEBUG [http-nio-63040-exec-1][LogFormatUtils.java:91] - Writing [CourseBaseInfoDto(charge=201000, price=1.0, originalPrice=999.0, qq=2222, wechat=22222, phone=212312 (truncated)...]
2025-04-20 22:02:18,177 DEBUG [http-nio-63040-exec-1][FrameworkServlet.java:1131] - Completed 200 OK
2025-04-20 22:02:18,177 DEBUG [http-nio-63040-exec-1][FrameworkServlet.java:1131] - Completed 200 OK
2025-04-20 22:02:18,177 DEBUG [http-nio-63040-exec-2][FrameworkServlet.java:1131] - Completed 200 OK
2025-04-20 22:02:18,177 DEBUG [http-nio-63040-exec-2][FrameworkServlet.java:1131] - Completed 200 OK
2025-04-20 22:02:18,179 DEBUG [HikariPool-1 housekeeper][HikariPool.java:421] - HikariPool-1 - Pool stats (total=2, active=0, idle=2, waiting=0)
2025-04-20 22:02:18,179 DEBUG [HikariPool-1 housekeeper][HikariPool.java:421] - HikariPool-1 - Pool stats (total=2, active=0, idle=2, waiting=0)
2025-04-20 22:02:18,190 DEBUG [HikariPool-1 connection adder][HikariPool.java:728] - HikariPool-1 - Added connection com.mysql.cj.jdbc.ConnectionImpl@529d104e
2025-04-20 22:02:18,190 DEBUG [HikariPool-1 connection adder][HikariPool.java:728] - HikariPool-1 - Added connection com.mysql.cj.jdbc.ConnectionImpl@529d104e
2025-04-20 22:02:18,206 DEBUG [HikariPool-1 connection adder][HikariPool.java:728] - HikariPool-1 - Added connection com.mysql.cj.jdbc.ConnectionImpl@64d0a13f
2025-04-20 22:02:18,206 DEBUG [HikariPool-1 connection adder][HikariPool.java:728] - HikariPool-1 - Added connection com.mysql.cj.jdbc.ConnectionImpl@64d0a13f
2025-04-20 22:02:18,228 DEBUG [HikariPool-1 connection adder][HikariPool.java:728] - HikariPool-1 - Added connection com.mysql.cj.jdbc.ConnectionImpl@1c67089f
2025-04-20 22:02:18,228 DEBUG [HikariPool-1 connection adder][HikariPool.java:728] - HikariPool-1 - Added connection com.mysql.cj.jdbc.ConnectionImpl@1c67089f
2025-04-20 22:02:18,241 DEBUG [HikariPool-1 connection adder][HikariPool.java:728] - HikariPool-1 - Added connection com.mysql.cj.jdbc.ConnectionImpl@1608f5a6
2025-04-20 22:02:18,241 DEBUG [HikariPool-1 connection adder][HikariPool.java:728] - HikariPool-1 - Added connection com.mysql.cj.jdbc.ConnectionImpl@1608f5a6
2025-04-20 22:02:18,254 DEBUG [HikariPool-1 connection adder][HikariPool.java:728] - HikariPool-1 - Added connection com.mysql.cj.jdbc.ConnectionImpl@763c226
2025-04-20 22:02:18,254 DEBUG [HikariPool-1 connection adder][HikariPool.java:728] - HikariPool-1 - Added connection com.mysql.cj.jdbc.ConnectionImpl@763c226
2025-04-20 22:02:18,269 DEBUG [HikariPool-1 connection adder][HikariPool.java:728] - HikariPool-1 - Added connection com.mysql.cj.jdbc.ConnectionImpl@21447a72
2025-04-20 22:02:18,269 DEBUG [HikariPool-1 connection adder][HikariPool.java:728] - HikariPool-1 - Added connection com.mysql.cj.jdbc.ConnectionImpl@21447a72
2025-04-20 22:02:18,280 DEBUG [HikariPool-1 connection adder][HikariPool.java:728] - HikariPool-1 - Added connection com.mysql.cj.jdbc.ConnectionImpl@3cd44e64
2025-04-20 22:02:18,280 DEBUG [HikariPool-1 connection adder][HikariPool.java:728] - HikariPool-1 - Added connection com.mysql.cj.jdbc.ConnectionImpl@3cd44e64
2025-04-20 22:02:18,288 DEBUG [HikariPool-1 connection adder][HikariPool.java:728] - HikariPool-1 - Added connection com.mysql.cj.jdbc.ConnectionImpl@484c1050
2025-04-20 22:02:18,288 DEBUG [HikariPool-1 connection adder][HikariPool.java:728] - HikariPool-1 - Added connection com.mysql.cj.jdbc.ConnectionImpl@484c1050
2025-04-20 22:02:18,289 DEBUG [HikariPool-1 connection adder][HikariPool.java:421] - HikariPool-1 - After adding stats (total=10, active=0, idle=10, waiting=0)
2025-04-20 22:02:18,289 DEBUG [HikariPool-1 connection adder][HikariPool.java:421] - HikariPool-1 - After adding stats (total=10, active=0, idle=10, waiting=0)
2025-04-20 22:02:20,060 DEBUG [http-nio-63040-exec-3][LogFormatUtils.java:91] - PUT "/content/course", parameters={}
2025-04-20 22:02:20,060 DEBUG [http-nio-63040-exec-3][LogFormatUtils.java:91] - PUT "/content/course", parameters={}
2025-04-20 22:02:20,060 DEBUG [http-nio-63040-exec-3][AbstractHandlerMapping.java:415] - Mapped to com.xuecheng.content.api.CourseBaseInfoController#modifyCourseBaseById(EditCourseDto)
2025-04-20 22:02:20,060 DEBUG [http-nio-63040-exec-3][AbstractHandlerMapping.java:415] - Mapped to com.xuecheng.content.api.CourseBaseInfoController#modifyCourseBaseById(EditCourseDto)
2025-04-20 22:02:20,104 DEBUG [http-nio-63040-exec-3][LogFormatUtils.java:91] - Read "application/json;charset=UTF-8" to [EditCourseDto(id=128)]
2025-04-20 22:02:20,104 DEBUG [http-nio-63040-exec-3][LogFormatUtils.java:91] - Read "application/json;charset=UTF-8" to [EditCourseDto(id=128)]
2025-04-20 22:02:20,184 DEBUG [http-nio-63040-exec-3][Logger.java:49] - Creating a new SqlSession
2025-04-20 22:02:20,184 DEBUG [http-nio-63040-exec-3][Logger.java:49] - Creating a new SqlSession
2025-04-20 22:02:20,185 DEBUG [http-nio-63040-exec-3][Logger.java:49] - SqlSession [org.apache.ibatis.session.defaults.DefaultSqlSession@2857caba] was not registered for synchronization because synchronization is not active
2025-04-20 22:02:20,185 DEBUG [http-nio-63040-exec-3][Logger.java:49] - SqlSession [org.apache.ibatis.session.defaults.DefaultSqlSession@2857caba] was not registered for synchronization because synchronization is not active
2025-04-20 22:02:20,185 DEBUG [http-nio-63040-exec-3][DataSourceUtils.java:115] - Fetching JDBC Connection from DataSource
2025-04-20 22:02:20,185 DEBUG [http-nio-63040-exec-3][DataSourceUtils.java:115] - Fetching JDBC Connection from DataSource
2025-04-20 22:02:20,187 DEBUG [http-nio-63040-exec-3][Logger.java:49] - JDBC Connection [HikariProxyConnection@691144572 wrapping com.mysql.cj.jdbc.ConnectionImpl@4d90e9fd] will not be managed by Spring
2025-04-20 22:02:20,187 DEBUG [http-nio-63040-exec-3][Logger.java:49] - JDBC Connection [HikariProxyConnection@691144572 wrapping com.mysql.cj.jdbc.ConnectionImpl@4d90e9fd] will not be managed by Spring
2025-04-20 22:02:20,187 DEBUG [http-nio-63040-exec-3][BaseJdbcLogger.java:137] - ==>  Preparing: SELECT id,company_id,company_name,name,users,tags,mt,st,grade,teachmode,description,pic,create_date,change_date,create_people,change_people,audit_status,status FROM course_base WHERE id=?
2025-04-20 22:02:20,187 DEBUG [http-nio-63040-exec-3][BaseJdbcLogger.java:137] - ==>  Preparing: SELECT id,company_id,company_name,name,users,tags,mt,st,grade,teachmode,description,pic,create_date,change_date,create_people,change_people,audit_status,status FROM course_base WHERE id=?
2025-04-20 22:02:20,187 DEBUG [http-nio-63040-exec-3][BaseJdbcLogger.java:137] - ==> Parameters: 128(Long)
2025-04-20 22:02:20,187 DEBUG [http-nio-63040-exec-3][BaseJdbcLogger.java:137] - ==> Parameters: 128(Long)
2025-04-20 22:02:20,190 DEBUG [http-nio-63040-exec-3][BaseJdbcLogger.java:137] - <==      Total: 1
2025-04-20 22:02:20,190 DEBUG [http-nio-63040-exec-3][BaseJdbcLogger.java:137] - <==      Total: 1
2025-04-20 22:02:20,190 DEBUG [http-nio-63040-exec-3][Logger.java:49] - Closing non transactional SqlSession [org.apache.ibatis.session.defaults.DefaultSqlSession@2857caba]
2025-04-20 22:02:20,190 DEBUG [http-nio-63040-exec-3][Logger.java:49] - Closing non transactional SqlSession [org.apache.ibatis.session.defaults.DefaultSqlSession@2857caba]
2025-04-20 22:02:20,201 DEBUG [http-nio-63040-exec-3][Logger.java:49] - Creating a new SqlSession
2025-04-20 22:02:20,201 DEBUG [http-nio-63040-exec-3][Logger.java:49] - Creating a new SqlSession
2025-04-20 22:02:20,203 DEBUG [http-nio-63040-exec-3][Logger.java:49] - SqlSession [org.apache.ibatis.session.defaults.DefaultSqlSession@162eb916] was not registered for synchronization because synchronization is not active
2025-04-20 22:02:20,203 DEBUG [http-nio-63040-exec-3][Logger.java:49] - SqlSession [org.apache.ibatis.session.defaults.DefaultSqlSession@162eb916] was not registered for synchronization because synchronization is not active
2025-04-20 22:02:20,203 DEBUG [http-nio-63040-exec-3][DataSourceUtils.java:115] - Fetching JDBC Connection from DataSource
2025-04-20 22:02:20,203 DEBUG [http-nio-63040-exec-3][DataSourceUtils.java:115] - Fetching JDBC Connection from DataSource
2025-04-20 22:02:20,203 DEBUG [http-nio-63040-exec-3][Logger.java:49] - JDBC Connection [HikariProxyConnection@1539860420 wrapping com.mysql.cj.jdbc.ConnectionImpl@4d90e9fd] will not be managed by Spring
2025-04-20 22:02:20,203 DEBUG [http-nio-63040-exec-3][Logger.java:49] - JDBC Connection [HikariProxyConnection@1539860420 wrapping com.mysql.cj.jdbc.ConnectionImpl@4d90e9fd] will not be managed by Spring
2025-04-20 22:02:20,203 DEBUG [http-nio-63040-exec-3][BaseJdbcLogger.java:137] - ==>  Preparing: SELECT id,charge,price,original_price,qq,wechat,phone,valid_days FROM course_market WHERE id=?
2025-04-20 22:02:20,203 DEBUG [http-nio-63040-exec-3][BaseJdbcLogger.java:137] - ==>  Preparing: SELECT id,charge,price,original_price,qq,wechat,phone,valid_days FROM course_market WHERE id=?
2025-04-20 22:02:20,203 DEBUG [http-nio-63040-exec-3][BaseJdbcLogger.java:137] - ==> Parameters: 128(Long)
2025-04-20 22:02:20,203 DEBUG [http-nio-63040-exec-3][BaseJdbcLogger.java:137] - ==> Parameters: 128(Long)
2025-04-20 22:02:20,205 DEBUG [http-nio-63040-exec-3][BaseJdbcLogger.java:137] - <==      Total: 1
2025-04-20 22:02:20,205 DEBUG [http-nio-63040-exec-3][BaseJdbcLogger.java:137] - <==      Total: 1
2025-04-20 22:02:20,205 DEBUG [http-nio-63040-exec-3][Logger.java:49] - Closing non transactional SqlSession [org.apache.ibatis.session.defaults.DefaultSqlSession@162eb916]
2025-04-20 22:02:20,205 DEBUG [http-nio-63040-exec-3][Logger.java:49] - Closing non transactional SqlSession [org.apache.ibatis.session.defaults.DefaultSqlSession@162eb916]
2025-04-20 22:02:20,206 DEBUG [http-nio-63040-exec-3][Logger.java:49] - Creating a new SqlSession
2025-04-20 22:02:20,206 DEBUG [http-nio-63040-exec-3][Logger.java:49] - Creating a new SqlSession
2025-04-20 22:02:20,206 DEBUG [http-nio-63040-exec-3][Logger.java:49] - SqlSession [org.apache.ibatis.session.defaults.DefaultSqlSession@27facc1] was not registered for synchronization because synchronization is not active
2025-04-20 22:02:20,206 DEBUG [http-nio-63040-exec-3][Logger.java:49] - SqlSession [org.apache.ibatis.session.defaults.DefaultSqlSession@27facc1] was not registered for synchronization because synchronization is not active
2025-04-20 22:02:20,220 DEBUG [http-nio-63040-exec-3][DataSourceUtils.java:115] - Fetching JDBC Connection from DataSource
2025-04-20 22:02:20,220 DEBUG [http-nio-63040-exec-3][DataSourceUtils.java:115] - Fetching JDBC Connection from DataSource
2025-04-20 22:02:20,220 DEBUG [http-nio-63040-exec-3][Logger.java:49] - JDBC Connection [HikariProxyConnection@1443949982 wrapping com.mysql.cj.jdbc.ConnectionImpl@4d90e9fd] will not be managed by Spring
2025-04-20 22:02:20,220 DEBUG [http-nio-63040-exec-3][Logger.java:49] - JDBC Connection [HikariProxyConnection@1443949982 wrapping com.mysql.cj.jdbc.ConnectionImpl@4d90e9fd] will not be managed by Spring
2025-04-20 22:02:20,220 DEBUG [http-nio-63040-exec-3][BaseJdbcLogger.java:137] - ==>  Preparing: UPDATE course_market SET charge=?, price=?, original_price=?, qq=?, wechat=?, phone=?, valid_days=? WHERE id=?
2025-04-20 22:02:20,220 DEBUG [http-nio-63040-exec-3][BaseJdbcLogger.java:137] - ==>  Preparing: UPDATE course_market SET charge=?, price=?, original_price=?, qq=?, wechat=?, phone=?, valid_days=? WHERE id=?
2025-04-20 22:02:20,223 DEBUG [http-nio-63040-exec-3][BaseJdbcLogger.java:137] - ==> Parameters: 201000(String), 1.0(Float), 999.0(Float), 2222(String), 22222(String), 21231232(String), 1(Integer), 128(Long)
2025-04-20 22:02:20,223 DEBUG [http-nio-63040-exec-3][BaseJdbcLogger.java:137] - ==> Parameters: 201000(String), 1.0(Float), 999.0(Float), 2222(String), 22222(String), 21231232(String), 1(Integer), 128(Long)
2025-04-20 22:02:20,226 DEBUG [http-nio-63040-exec-3][BaseJdbcLogger.java:137] - <==    Updates: 1
2025-04-20 22:02:20,226 DEBUG [http-nio-63040-exec-3][BaseJdbcLogger.java:137] - <==    Updates: 1
2025-04-20 22:02:20,226 DEBUG [http-nio-63040-exec-3][Logger.java:49] - Closing non transactional SqlSession [org.apache.ibatis.session.defaults.DefaultSqlSession@27facc1]
2025-04-20 22:02:20,226 DEBUG [http-nio-63040-exec-3][Logger.java:49] - Closing non transactional SqlSession [org.apache.ibatis.session.defaults.DefaultSqlSession@27facc1]
2025-04-20 22:02:20,228 DEBUG [http-nio-63040-exec-3][Logger.java:49] - Creating a new SqlSession
2025-04-20 22:02:20,228 DEBUG [http-nio-63040-exec-3][Logger.java:49] - Creating a new SqlSession
2025-04-20 22:02:20,228 DEBUG [http-nio-63040-exec-3][Logger.java:49] - SqlSession [org.apache.ibatis.session.defaults.DefaultSqlSession@5277ce3] was not registered for synchronization because synchronization is not active
2025-04-20 22:02:20,228 DEBUG [http-nio-63040-exec-3][Logger.java:49] - SqlSession [org.apache.ibatis.session.defaults.DefaultSqlSession@5277ce3] was not registered for synchronization because synchronization is not active
2025-04-20 22:02:20,232 DEBUG [http-nio-63040-exec-3][DataSourceUtils.java:115] - Fetching JDBC Connection from DataSource
2025-04-20 22:02:20,232 DEBUG [http-nio-63040-exec-3][DataSourceUtils.java:115] - Fetching JDBC Connection from DataSource
2025-04-20 22:02:20,232 DEBUG [http-nio-63040-exec-3][Logger.java:49] - JDBC Connection [HikariProxyConnection@1545130587 wrapping com.mysql.cj.jdbc.ConnectionImpl@4d90e9fd] will not be managed by Spring
2025-04-20 22:02:20,232 DEBUG [http-nio-63040-exec-3][Logger.java:49] - JDBC Connection [HikariProxyConnection@1545130587 wrapping com.mysql.cj.jdbc.ConnectionImpl@4d90e9fd] will not be managed by Spring
2025-04-20 22:02:20,232 DEBUG [http-nio-63040-exec-3][BaseJdbcLogger.java:137] - ==>  Preparing: UPDATE course_base SET company_id=?, name=?, users=?, tags=?, mt=?, st=?, grade=?, teachmode=?, description=?, pic=?, create_date=?, change_date=?, change_people=?, audit_status=?, status=? WHERE id=?
2025-04-20 22:02:20,232 DEBUG [http-nio-63040-exec-3][BaseJdbcLogger.java:137] - ==>  Preparing: UPDATE course_base SET company_id=?, name=?, users=?, tags=?, mt=?, st=?, grade=?, teachmode=?, description=?, pic=?, create_date=?, change_date=?, change_people=?, audit_status=?, status=? WHERE id=?
2025-04-20 22:02:20,233 DEBUG [http-nio-63040-exec-3][BaseJdbcLogger.java:137] - ==> Parameters: 1232141425(Long), 马梓涵---2.0(String), 300岁巨婴(String), mazihan(String), 1-8(String), 1-8-2(String), 204003(String), 200002(String), 马梓涵工作室6666666(String), (String), 2025-04-15T21:09:18(LocalDateTime), 2025-04-20T22:02:20.227(LocalDateTime), 300岁巨婴(String), 202002(String), 203001(String), 128(Long)
2025-04-20 22:02:20,233 DEBUG [http-nio-63040-exec-3][BaseJdbcLogger.java:137] - ==> Parameters: 1232141425(Long), 马梓涵---2.0(String), 300岁巨婴(String), mazihan(String), 1-8(String), 1-8-2(String), 204003(String), 200002(String), 马梓涵工作室6666666(String), (String), 2025-04-15T21:09:18(LocalDateTime), 2025-04-20T22:02:20.227(LocalDateTime), 300岁巨婴(String), 202002(String), 203001(String), 128(Long)
2025-04-20 22:02:20,250 DEBUG [http-nio-63040-exec-3][BaseJdbcLogger.java:137] - <==    Updates: 1
2025-04-20 22:02:20,250 DEBUG [http-nio-63040-exec-3][BaseJdbcLogger.java:137] - <==    Updates: 1
2025-04-20 22:02:20,251 DEBUG [http-nio-63040-exec-3][Logger.java:49] - Closing non transactional SqlSession [org.apache.ibatis.session.defaults.DefaultSqlSession@5277ce3]
2025-04-20 22:02:20,251 DEBUG [http-nio-63040-exec-3][Logger.java:49] - Closing non transactional SqlSession [org.apache.ibatis.session.defaults.DefaultSqlSession@5277ce3]
2025-04-20 22:02:20,251 DEBUG [http-nio-63040-exec-3][Logger.java:49] - Creating a new SqlSession
2025-04-20 22:02:20,251 DEBUG [http-nio-63040-exec-3][Logger.java:49] - Creating a new SqlSession
2025-04-20 22:02:20,251 DEBUG [http-nio-63040-exec-3][Logger.java:49] - SqlSession [org.apache.ibatis.session.defaults.DefaultSqlSession@692d38d0] was not registered for synchronization because synchronization is not active
2025-04-20 22:02:20,251 DEBUG [http-nio-63040-exec-3][Logger.java:49] - SqlSession [org.apache.ibatis.session.defaults.DefaultSqlSession@692d38d0] was not registered for synchronization because synchronization is not active
2025-04-20 22:02:20,251 DEBUG [http-nio-63040-exec-3][DataSourceUtils.java:115] - Fetching JDBC Connection from DataSource
2025-04-20 22:02:20,251 DEBUG [http-nio-63040-exec-3][DataSourceUtils.java:115] - Fetching JDBC Connection from DataSource
2025-04-20 22:02:20,251 DEBUG [http-nio-63040-exec-3][Logger.java:49] - JDBC Connection [HikariProxyConnection@666766631 wrapping com.mysql.cj.jdbc.ConnectionImpl@4d90e9fd] will not be managed by Spring
2025-04-20 22:02:20,251 DEBUG [http-nio-63040-exec-3][Logger.java:49] - JDBC Connection [HikariProxyConnection@666766631 wrapping com.mysql.cj.jdbc.ConnectionImpl@4d90e9fd] will not be managed by Spring
2025-04-20 22:02:20,251 DEBUG [http-nio-63040-exec-3][BaseJdbcLogger.java:137] - ==>  Preparing: SELECT id,company_id,company_name,name,users,tags,mt,st,grade,teachmode,description,pic,create_date,change_date,create_people,change_people,audit_status,status FROM course_base WHERE id=?
2025-04-20 22:02:20,251 DEBUG [http-nio-63040-exec-3][BaseJdbcLogger.java:137] - ==>  Preparing: SELECT id,company_id,company_name,name,users,tags,mt,st,grade,teachmode,description,pic,create_date,change_date,create_people,change_people,audit_status,status FROM course_base WHERE id=?
2025-04-20 22:02:20,252 DEBUG [http-nio-63040-exec-3][BaseJdbcLogger.java:137] - ==> Parameters: 128(Long)
2025-04-20 22:02:20,252 DEBUG [http-nio-63040-exec-3][BaseJdbcLogger.java:137] - ==> Parameters: 128(Long)
2025-04-20 22:02:20,253 DEBUG [http-nio-63040-exec-3][BaseJdbcLogger.java:137] - <==      Total: 1
2025-04-20 22:02:20,253 DEBUG [http-nio-63040-exec-3][BaseJdbcLogger.java:137] - <==      Total: 1
2025-04-20 22:02:20,253 DEBUG [http-nio-63040-exec-3][Logger.java:49] - Closing non transactional SqlSession [org.apache.ibatis.session.defaults.DefaultSqlSession@692d38d0]
2025-04-20 22:02:20,253 DEBUG [http-nio-63040-exec-3][Logger.java:49] - Closing non transactional SqlSession [org.apache.ibatis.session.defaults.DefaultSqlSession@692d38d0]
2025-04-20 22:02:20,253 DEBUG [http-nio-63040-exec-3][Logger.java:49] - Creating a new SqlSession
2025-04-20 22:02:20,253 DEBUG [http-nio-63040-exec-3][Logger.java:49] - Creating a new SqlSession
2025-04-20 22:02:20,253 DEBUG [http-nio-63040-exec-3][Logger.java:49] - SqlSession [org.apache.ibatis.session.defaults.DefaultSqlSession@3d9bc336] was not registered for synchronization because synchronization is not active
2025-04-20 22:02:20,253 DEBUG [http-nio-63040-exec-3][Logger.java:49] - SqlSession [org.apache.ibatis.session.defaults.DefaultSqlSession@3d9bc336] was not registered for synchronization because synchronization is not active
2025-04-20 22:02:20,254 DEBUG [http-nio-63040-exec-3][DataSourceUtils.java:115] - Fetching JDBC Connection from DataSource
2025-04-20 22:02:20,254 DEBUG [http-nio-63040-exec-3][DataSourceUtils.java:115] - Fetching JDBC Connection from DataSource
2025-04-20 22:02:20,254 DEBUG [http-nio-63040-exec-3][Logger.java:49] - JDBC Connection [HikariProxyConnection@1039177709 wrapping com.mysql.cj.jdbc.ConnectionImpl@4d90e9fd] will not be managed by Spring
2025-04-20 22:02:20,254 DEBUG [http-nio-63040-exec-3][Logger.java:49] - JDBC Connection [HikariProxyConnection@1039177709 wrapping com.mysql.cj.jdbc.ConnectionImpl@4d90e9fd] will not be managed by Spring
2025-04-20 22:02:20,254 DEBUG [http-nio-63040-exec-3][BaseJdbcLogger.java:137] - ==>  Preparing: SELECT id,charge,price,original_price,qq,wechat,phone,valid_days FROM course_market WHERE id=?
2025-04-20 22:02:20,254 DEBUG [http-nio-63040-exec-3][BaseJdbcLogger.java:137] - ==>  Preparing: SELECT id,charge,price,original_price,qq,wechat,phone,valid_days FROM course_market WHERE id=?
2025-04-20 22:02:20,254 DEBUG [http-nio-63040-exec-3][BaseJdbcLogger.java:137] - ==> Parameters: 128(Long)
2025-04-20 22:02:20,254 DEBUG [http-nio-63040-exec-3][BaseJdbcLogger.java:137] - ==> Parameters: 128(Long)
2025-04-20 22:02:20,256 DEBUG [http-nio-63040-exec-3][BaseJdbcLogger.java:137] - <==      Total: 1
2025-04-20 22:02:20,256 DEBUG [http-nio-63040-exec-3][BaseJdbcLogger.java:137] - <==      Total: 1
2025-04-20 22:02:20,256 DEBUG [http-nio-63040-exec-3][Logger.java:49] - Closing non transactional SqlSession [org.apache.ibatis.session.defaults.DefaultSqlSession@3d9bc336]
2025-04-20 22:02:20,256 DEBUG [http-nio-63040-exec-3][Logger.java:49] - Closing non transactional SqlSession [org.apache.ibatis.session.defaults.DefaultSqlSession@3d9bc336]
2025-04-20 22:02:20,256 DEBUG [http-nio-63040-exec-3][Logger.java:49] - Creating a new SqlSession
2025-04-20 22:02:20,256 DEBUG [http-nio-63040-exec-3][Logger.java:49] - Creating a new SqlSession
2025-04-20 22:02:20,256 DEBUG [http-nio-63040-exec-3][Logger.java:49] - SqlSession [org.apache.ibatis.session.defaults.DefaultSqlSession@21455b2e] was not registered for synchronization because synchronization is not active
2025-04-20 22:02:20,256 DEBUG [http-nio-63040-exec-3][Logger.java:49] - SqlSession [org.apache.ibatis.session.defaults.DefaultSqlSession@21455b2e] was not registered for synchronization because synchronization is not active
2025-04-20 22:02:20,257 DEBUG [http-nio-63040-exec-3][DataSourceUtils.java:115] - Fetching JDBC Connection from DataSource
2025-04-20 22:02:20,257 DEBUG [http-nio-63040-exec-3][DataSourceUtils.java:115] - Fetching JDBC Connection from DataSource
2025-04-20 22:02:20,257 DEBUG [http-nio-63040-exec-3][Logger.java:49] - JDBC Connection [HikariProxyConnection@1109704259 wrapping com.mysql.cj.jdbc.ConnectionImpl@4d90e9fd] will not be managed by Spring
2025-04-20 22:02:20,257 DEBUG [http-nio-63040-exec-3][Logger.java:49] - JDBC Connection [HikariProxyConnection@1109704259 wrapping com.mysql.cj.jdbc.ConnectionImpl@4d90e9fd] will not be managed by Spring
2025-04-20 22:02:20,257 DEBUG [http-nio-63040-exec-3][BaseJdbcLogger.java:137] - ==>  Preparing: SELECT id,name,label,parentid,is_show,orderby,is_leaf FROM course_category WHERE id=?
2025-04-20 22:02:20,257 DEBUG [http-nio-63040-exec-3][BaseJdbcLogger.java:137] - ==>  Preparing: SELECT id,name,label,parentid,is_show,orderby,is_leaf FROM course_category WHERE id=?
2025-04-20 22:02:20,257 DEBUG [http-nio-63040-exec-3][BaseJdbcLogger.java:137] - ==> Parameters: 1-8-2(String)
2025-04-20 22:02:20,257 DEBUG [http-nio-63040-exec-3][BaseJdbcLogger.java:137] - ==> Parameters: 1-8-2(String)
2025-04-20 22:02:20,259 DEBUG [http-nio-63040-exec-3][BaseJdbcLogger.java:137] - <==      Total: 1
2025-04-20 22:02:20,259 DEBUG [http-nio-63040-exec-3][BaseJdbcLogger.java:137] - <==      Total: 1
2025-04-20 22:02:20,260 DEBUG [http-nio-63040-exec-3][Logger.java:49] - Closing non transactional SqlSession [org.apache.ibatis.session.defaults.DefaultSqlSession@21455b2e]
2025-04-20 22:02:20,260 DEBUG [http-nio-63040-exec-3][Logger.java:49] - Closing non transactional SqlSession [org.apache.ibatis.session.defaults.DefaultSqlSession@21455b2e]
2025-04-20 22:02:20,260 DEBUG [http-nio-63040-exec-3][Logger.java:49] - Creating a new SqlSession
2025-04-20 22:02:20,260 DEBUG [http-nio-63040-exec-3][Logger.java:49] - Creating a new SqlSession
2025-04-20 22:02:20,260 DEBUG [http-nio-63040-exec-3][Logger.java:49] - SqlSession [org.apache.ibatis.session.defaults.DefaultSqlSession@12598154] was not registered for synchronization because synchronization is not active
2025-04-20 22:02:20,260 DEBUG [http-nio-63040-exec-3][Logger.java:49] - SqlSession [org.apache.ibatis.session.defaults.DefaultSqlSession@12598154] was not registered for synchronization because synchronization is not active
2025-04-20 22:02:20,260 DEBUG [http-nio-63040-exec-3][DataSourceUtils.java:115] - Fetching JDBC Connection from DataSource
2025-04-20 22:02:20,260 DEBUG [http-nio-63040-exec-3][DataSourceUtils.java:115] - Fetching JDBC Connection from DataSource
2025-04-20 22:02:20,260 DEBUG [http-nio-63040-exec-3][Logger.java:49] - JDBC Connection [HikariProxyConnection@424551450 wrapping com.mysql.cj.jdbc.ConnectionImpl@4d90e9fd] will not be managed by Spring
2025-04-20 22:02:20,260 DEBUG [http-nio-63040-exec-3][Logger.java:49] - JDBC Connection [HikariProxyConnection@424551450 wrapping com.mysql.cj.jdbc.ConnectionImpl@4d90e9fd] will not be managed by Spring
2025-04-20 22:02:20,260 DEBUG [http-nio-63040-exec-3][BaseJdbcLogger.java:137] - ==>  Preparing: SELECT id,name,label,parentid,is_show,orderby,is_leaf FROM course_category WHERE id=?
2025-04-20 22:02:20,260 DEBUG [http-nio-63040-exec-3][BaseJdbcLogger.java:137] - ==>  Preparing: SELECT id,name,label,parentid,is_show,orderby,is_leaf FROM course_category WHERE id=?
2025-04-20 22:02:20,260 DEBUG [http-nio-63040-exec-3][BaseJdbcLogger.java:137] - ==> Parameters: 1-8(String)
2025-04-20 22:02:20,260 DEBUG [http-nio-63040-exec-3][BaseJdbcLogger.java:137] - ==> Parameters: 1-8(String)
2025-04-20 22:02:20,263 DEBUG [http-nio-63040-exec-3][BaseJdbcLogger.java:137] - <==      Total: 1
2025-04-20 22:02:20,263 DEBUG [http-nio-63040-exec-3][BaseJdbcLogger.java:137] - <==      Total: 1
2025-04-20 22:02:20,263 DEBUG [http-nio-63040-exec-3][Logger.java:49] - Closing non transactional SqlSession [org.apache.ibatis.session.defaults.DefaultSqlSession@12598154]
2025-04-20 22:02:20,263 DEBUG [http-nio-63040-exec-3][Logger.java:49] - Closing non transactional SqlSession [org.apache.ibatis.session.defaults.DefaultSqlSession@12598154]
2025-04-20 22:02:20,263 DEBUG [http-nio-63040-exec-3][AbstractMessageConverterMethodProcessor.java:255] - Using 'application/json', given [application/json, text/plain, */*] and supported [application/json, application/*+json, application/json, application/*+json]
2025-04-20 22:02:20,263 DEBUG [http-nio-63040-exec-3][AbstractMessageConverterMethodProcessor.java:255] - Using 'application/json', given [application/json, text/plain, */*] and supported [application/json, application/*+json, application/json, application/*+json]
2025-04-20 22:02:20,263 DEBUG [http-nio-63040-exec-3][LogFormatUtils.java:91] - Writing [CourseBaseInfoDto(charge=201000, price=1.0, originalPrice=999.0, qq=2222, wechat=22222, phone=212312 (truncated)...]
2025-04-20 22:02:20,263 DEBUG [http-nio-63040-exec-3][LogFormatUtils.java:91] - Writing [CourseBaseInfoDto(charge=201000, price=1.0, originalPrice=999.0, qq=2222, wechat=22222, phone=212312 (truncated)...]
2025-04-20 22:02:20,264 DEBUG [http-nio-63040-exec-3][FrameworkServlet.java:1131] - Completed 200 OK
2025-04-20 22:02:20,264 DEBUG [http-nio-63040-exec-3][FrameworkServlet.java:1131] - Completed 200 OK
2025-04-20 22:02:20,270 DEBUG [http-nio-63040-exec-10][LogFormatUtils.java:91] - GET "/content/teachplan/128/tree-nodes", parameters={}
2025-04-20 22:02:20,270 DEBUG [http-nio-63040-exec-10][LogFormatUtils.java:91] - GET "/content/teachplan/128/tree-nodes", parameters={}
2025-04-20 22:02:20,271 DEBUG [http-nio-63040-exec-10][AbstractHandlerMapping.java:415] - Mapped to com.xuecheng.content.api.TeachplanController#getTreeNodes(Long)
2025-04-20 22:02:20,271 DEBUG [http-nio-63040-exec-10][AbstractHandlerMapping.java:415] - Mapped to com.xuecheng.content.api.TeachplanController#getTreeNodes(Long)
2025-04-20 22:02:20,273 DEBUG [http-nio-63040-exec-10][Logger.java:49] - Creating a new SqlSession
2025-04-20 22:02:20,273 DEBUG [http-nio-63040-exec-10][Logger.java:49] - Creating a new SqlSession
2025-04-20 22:02:20,273 DEBUG [http-nio-63040-exec-10][Logger.java:49] - SqlSession [org.apache.ibatis.session.defaults.DefaultSqlSession@3b4baeb2] was not registered for synchronization because synchronization is not active
2025-04-20 22:02:20,273 DEBUG [http-nio-63040-exec-10][Logger.java:49] - SqlSession [org.apache.ibatis.session.defaults.DefaultSqlSession@3b4baeb2] was not registered for synchronization because synchronization is not active
2025-04-20 22:02:20,273 DEBUG [http-nio-63040-exec-10][DataSourceUtils.java:115] - Fetching JDBC Connection from DataSource
2025-04-20 22:02:20,273 DEBUG [http-nio-63040-exec-10][DataSourceUtils.java:115] - Fetching JDBC Connection from DataSource
2025-04-20 22:02:20,273 DEBUG [http-nio-63040-exec-10][Logger.java:49] - JDBC Connection [HikariProxyConnection@979665906 wrapping com.mysql.cj.jdbc.ConnectionImpl@4d90e9fd] will not be managed by Spring
2025-04-20 22:02:20,273 DEBUG [http-nio-63040-exec-10][Logger.java:49] - JDBC Connection [HikariProxyConnection@979665906 wrapping com.mysql.cj.jdbc.ConnectionImpl@4d90e9fd] will not be managed by Spring
2025-04-20 22:02:20,273 DEBUG [http-nio-63040-exec-10][BaseJdbcLogger.java:137] - ==>  Preparing: select one.id one_id, one.pname one_pname, one.parentid one_parentid, one.grade one_grade, one.media_type one_mediaType, one.start_time one_startTime, one.end_time one_endTime, one.orderby one_orderby, one.course_id one_courseId, one.course_pub_id one_coursePubId, two.id two_id, two.pname two_pname, two.parentid two_parentid, two.grade two_grade, two.media_type two_mediaType, two.start_time two_startTime, two.end_time two_endTime, two.orderby two_orderby, two.course_id two_courseId, two.course_pub_id two_coursePubId, m1.media_fileName mediaFilename, m1.id teachplanMeidaId, m1.media_id mediaId from teachplan one LEFT JOIN teachplan two on one.id = two.parentid LEFT JOIN teachplan_media m1 on m1.teachplan_id = two.id where one.parentid = 0 and one.course_id=? order by one.orderby, two.orderby
2025-04-20 22:02:20,273 DEBUG [http-nio-63040-exec-10][BaseJdbcLogger.java:137] - ==>  Preparing: select one.id one_id, one.pname one_pname, one.parentid one_parentid, one.grade one_grade, one.media_type one_mediaType, one.start_time one_startTime, one.end_time one_endTime, one.orderby one_orderby, one.course_id one_courseId, one.course_pub_id one_coursePubId, two.id two_id, two.pname two_pname, two.parentid two_parentid, two.grade two_grade, two.media_type two_mediaType, two.start_time two_startTime, two.end_time two_endTime, two.orderby two_orderby, two.course_id two_courseId, two.course_pub_id two_coursePubId, m1.media_fileName mediaFilename, m1.id teachplanMeidaId, m1.media_id mediaId from teachplan one LEFT JOIN teachplan two on one.id = two.parentid LEFT JOIN teachplan_media m1 on m1.teachplan_id = two.id where one.parentid = 0 and one.course_id=? order by one.orderby, two.orderby
2025-04-20 22:02:20,274 DEBUG [http-nio-63040-exec-10][BaseJdbcLogger.java:137] - ==> Parameters: 128(Long)
2025-04-20 22:02:20,274 DEBUG [http-nio-63040-exec-10][BaseJdbcLogger.java:137] - ==> Parameters: 128(Long)
2025-04-20 22:02:20,286 DEBUG [http-nio-63040-exec-10][BaseJdbcLogger.java:137] - <==      Total: 5
2025-04-20 22:02:20,286 DEBUG [http-nio-63040-exec-10][BaseJdbcLogger.java:137] - <==      Total: 5
2025-04-20 22:02:20,286 DEBUG [http-nio-63040-exec-10][Logger.java:49] - Closing non transactional SqlSession [org.apache.ibatis.session.defaults.DefaultSqlSession@3b4baeb2]
2025-04-20 22:02:20,286 DEBUG [http-nio-63040-exec-10][Logger.java:49] - Closing non transactional SqlSession [org.apache.ibatis.session.defaults.DefaultSqlSession@3b4baeb2]
2025-04-20 22:02:20,287 DEBUG [http-nio-63040-exec-10][AbstractMessageConverterMethodProcessor.java:255] - Using 'application/json', given [application/json, text/plain, */*] and supported [application/json, application/*+json, application/json, application/*+json]
2025-04-20 22:02:20,287 DEBUG [http-nio-63040-exec-10][AbstractMessageConverterMethodProcessor.java:255] - Using 'application/json', given [application/json, text/plain, */*] and supported [application/json, application/*+json, application/json, application/*+json]
2025-04-20 22:02:20,287 DEBUG [http-nio-63040-exec-10][LogFormatUtils.java:91] - Writing [[TeachplanDto(teachplanMedia=null, teachPlanTreeNodes=[TeachplanDto(teachplanMedia=TeachplanMedia(id (truncated)...]
2025-04-20 22:02:20,287 DEBUG [http-nio-63040-exec-10][LogFormatUtils.java:91] - Writing [[TeachplanDto(teachplanMedia=null, teachPlanTreeNodes=[TeachplanDto(teachplanMedia=TeachplanMedia(id (truncated)...]
2025-04-20 22:02:20,291 DEBUG [http-nio-63040-exec-10][FrameworkServlet.java:1131] - Completed 200 OK
2025-04-20 22:02:20,291 DEBUG [http-nio-63040-exec-10][FrameworkServlet.java:1131] - Completed 200 OK
2025-04-20 22:02:22,077 DEBUG [http-nio-63040-exec-5][LogFormatUtils.java:91] - GET "/content/courseTeacher/list/128", parameters={}
2025-04-20 22:02:22,077 DEBUG [http-nio-63040-exec-5][LogFormatUtils.java:91] - GET "/content/courseTeacher/list/128", parameters={}
2025-04-20 22:02:22,078 DEBUG [http-nio-63040-exec-5][AbstractHandlerMapping.java:415] - Mapped to com.xuecheng.content.api.CourseTeacherInfoController#getCourseTeacherInfo(Long)
2025-04-20 22:02:22,078 DEBUG [http-nio-63040-exec-5][AbstractHandlerMapping.java:415] - Mapped to com.xuecheng.content.api.CourseTeacherInfoController#getCourseTeacherInfo(Long)
2025-04-20 22:02:22,089 DEBUG [http-nio-63040-exec-5][Logger.java:49] - Creating a new SqlSession
2025-04-20 22:02:22,089 DEBUG [http-nio-63040-exec-5][Logger.java:49] - Creating a new SqlSession
2025-04-20 22:02:22,090 DEBUG [http-nio-63040-exec-5][Logger.java:49] - SqlSession [org.apache.ibatis.session.defaults.DefaultSqlSession@610d02d7] was not registered for synchronization because synchronization is not active
2025-04-20 22:02:22,090 DEBUG [http-nio-63040-exec-5][Logger.java:49] - SqlSession [org.apache.ibatis.session.defaults.DefaultSqlSession@610d02d7] was not registered for synchronization because synchronization is not active
2025-04-20 22:02:22,106 DEBUG [http-nio-63040-exec-5][DataSourceUtils.java:115] - Fetching JDBC Connection from DataSource
2025-04-20 22:02:22,106 DEBUG [http-nio-63040-exec-5][DataSourceUtils.java:115] - Fetching JDBC Connection from DataSource
2025-04-20 22:02:22,108 DEBUG [http-nio-63040-exec-5][Logger.java:49] - JDBC Connection [HikariProxyConnection@1274812941 wrapping com.mysql.cj.jdbc.ConnectionImpl@4d90e9fd] will not be managed by Spring
2025-04-20 22:02:22,108 DEBUG [http-nio-63040-exec-5][Logger.java:49] - JDBC Connection [HikariProxyConnection@1274812941 wrapping com.mysql.cj.jdbc.ConnectionImpl@4d90e9fd] will not be managed by Spring
2025-04-20 22:02:22,109 DEBUG [http-nio-63040-exec-5][BaseJdbcLogger.java:137] - ==>  Preparing: SELECT id,course_id,teacher_name,position,introduction,photograph,create_date FROM course_teacher WHERE (course_id = ?)
2025-04-20 22:02:22,109 DEBUG [http-nio-63040-exec-5][BaseJdbcLogger.java:137] - ==>  Preparing: SELECT id,course_id,teacher_name,position,introduction,photograph,create_date FROM course_teacher WHERE (course_id = ?)
2025-04-20 22:02:22,109 DEBUG [http-nio-63040-exec-5][BaseJdbcLogger.java:137] - ==> Parameters: 128(Long)
2025-04-20 22:02:22,109 DEBUG [http-nio-63040-exec-5][BaseJdbcLogger.java:137] - ==> Parameters: 128(Long)
2025-04-20 22:02:22,112 DEBUG [http-nio-63040-exec-5][BaseJdbcLogger.java:137] - <==      Total: 9
2025-04-20 22:02:22,112 DEBUG [http-nio-63040-exec-5][BaseJdbcLogger.java:137] - <==      Total: 9
2025-04-20 22:02:22,113 DEBUG [http-nio-63040-exec-5][Logger.java:49] - Closing non transactional SqlSession [org.apache.ibatis.session.defaults.DefaultSqlSession@610d02d7]
2025-04-20 22:02:22,113 DEBUG [http-nio-63040-exec-5][Logger.java:49] - Closing non transactional SqlSession [org.apache.ibatis.session.defaults.DefaultSqlSession@610d02d7]
2025-04-20 22:02:22,113 DEBUG [http-nio-63040-exec-5][AbstractMessageConverterMethodProcessor.java:255] - Using 'application/json', given [application/json, text/plain, */*] and supported [application/json, application/*+json, application/json, application/*+json]
2025-04-20 22:02:22,113 DEBUG [http-nio-63040-exec-5][AbstractMessageConverterMethodProcessor.java:255] - Using 'application/json', given [application/json, text/plain, */*] and supported [application/json, application/*+json, application/json, application/*+json]
2025-04-20 22:02:22,113 DEBUG [http-nio-63040-exec-5][LogFormatUtils.java:91] - Writing [[CourseTeacher(id=30, courseId=128, teacherName=1, position=312, introduction=321, photograph=null,  (truncated)...]
2025-04-20 22:02:22,113 DEBUG [http-nio-63040-exec-5][LogFormatUtils.java:91] - Writing [[CourseTeacher(id=30, courseId=128, teacherName=1, position=312, introduction=321, photograph=null,  (truncated)...]
2025-04-20 22:02:22,114 DEBUG [http-nio-63040-exec-5][FrameworkServlet.java:1131] - Completed 200 OK
2025-04-20 22:02:22,114 DEBUG [http-nio-63040-exec-5][FrameworkServlet.java:1131] - Completed 200 OK
2025-04-20 22:02:31,307 DEBUG [http-nio-63040-exec-6][LogFormatUtils.java:91] - POST "/content/courseTeacher", parameters={}
2025-04-20 22:02:31,307 DEBUG [http-nio-63040-exec-6][LogFormatUtils.java:91] - POST "/content/courseTeacher", parameters={}
2025-04-20 22:02:31,308 DEBUG [http-nio-63040-exec-6][AbstractHandlerMapping.java:415] - Mapped to com.xuecheng.content.api.CourseTeacherInfoController#addTeacher(CourseTeacher)
2025-04-20 22:02:31,308 DEBUG [http-nio-63040-exec-6][AbstractHandlerMapping.java:415] - Mapped to com.xuecheng.content.api.CourseTeacherInfoController#addTeacher(CourseTeacher)
2025-04-20 22:02:31,310 DEBUG [http-nio-63040-exec-6][LogFormatUtils.java:91] - Read "application/json;charset=UTF-8" to [CourseTeacher(id=23, courseId=128, teacherName=低维, position=666, introduction=666, photograph=null,  (truncated)...]
2025-04-20 22:02:31,310 DEBUG [http-nio-63040-exec-6][LogFormatUtils.java:91] - Read "application/json;charset=UTF-8" to [CourseTeacher(id=23, courseId=128, teacherName=低维, position=666, introduction=666, photograph=null,  (truncated)...]
2025-04-20 22:02:31,310 DEBUG [http-nio-63040-exec-6][Logger.java:49] - Creating a new SqlSession
2025-04-20 22:02:31,310 DEBUG [http-nio-63040-exec-6][Logger.java:49] - Creating a new SqlSession
2025-04-20 22:02:31,310 DEBUG [http-nio-63040-exec-6][Logger.java:49] - SqlSession [org.apache.ibatis.session.defaults.DefaultSqlSession@11601f94] was not registered for synchronization because synchronization is not active
2025-04-20 22:02:31,310 DEBUG [http-nio-63040-exec-6][Logger.java:49] - SqlSession [org.apache.ibatis.session.defaults.DefaultSqlSession@11601f94] was not registered for synchronization because synchronization is not active
2025-04-20 22:02:31,314 DEBUG [http-nio-63040-exec-6][DataSourceUtils.java:115] - Fetching JDBC Connection from DataSource
2025-04-20 22:02:31,314 DEBUG [http-nio-63040-exec-6][DataSourceUtils.java:115] - Fetching JDBC Connection from DataSource
2025-04-20 22:02:31,315 DEBUG [http-nio-63040-exec-6][Logger.java:49] - JDBC Connection [HikariProxyConnection@1348277679 wrapping com.mysql.cj.jdbc.ConnectionImpl@4d90e9fd] will not be managed by Spring
2025-04-20 22:02:31,315 DEBUG [http-nio-63040-exec-6][Logger.java:49] - JDBC Connection [HikariProxyConnection@1348277679 wrapping com.mysql.cj.jdbc.ConnectionImpl@4d90e9fd] will not be managed by Spring
2025-04-20 22:02:31,316 DEBUG [http-nio-63040-exec-6][BaseJdbcLogger.java:137] - ==>  Preparing: INSERT INTO course_teacher ( course_id, teacher_name, position, introduction, create_date ) VALUES ( ?, ?, ?, ?, ? )
2025-04-20 22:02:31,316 DEBUG [http-nio-63040-exec-6][BaseJdbcLogger.java:137] - ==>  Preparing: INSERT INTO course_teacher ( course_id, teacher_name, position, introduction, create_date ) VALUES ( ?, ?, ?, ?, ? )
2025-04-20 22:02:31,318 DEBUG [http-nio-63040-exec-6][BaseJdbcLogger.java:137] - ==> Parameters: 128(Long), 低维(String), 666(String), 666(String), null
2025-04-20 22:02:31,318 DEBUG [http-nio-63040-exec-6][BaseJdbcLogger.java:137] - ==> Parameters: 128(Long), 低维(String), 666(String), 666(String), null
2025-04-20 22:02:31,329 DEBUG [http-nio-63040-exec-6][BaseJdbcLogger.java:137] - <==    Updates: 1
2025-04-20 22:02:31,329 DEBUG [http-nio-63040-exec-6][BaseJdbcLogger.java:137] - <==    Updates: 1
2025-04-20 22:02:31,331 DEBUG [http-nio-63040-exec-6][Logger.java:49] - Closing non transactional SqlSession [org.apache.ibatis.session.defaults.DefaultSqlSession@11601f94]
2025-04-20 22:02:31,331 DEBUG [http-nio-63040-exec-6][Logger.java:49] - Closing non transactional SqlSession [org.apache.ibatis.session.defaults.DefaultSqlSession@11601f94]
2025-04-20 22:02:31,331 DEBUG [http-nio-63040-exec-6][AbstractMessageConverterMethodProcessor.java:255] - Using 'application/json', given [application/json, text/plain, */*] and supported [application/json, application/*+json, application/json, application/*+json]
2025-04-20 22:02:31,331 DEBUG [http-nio-63040-exec-6][AbstractMessageConverterMethodProcessor.java:255] - Using 'application/json', given [application/json, text/plain, */*] and supported [application/json, application/*+json, application/json, application/*+json]
2025-04-20 22:02:31,331 DEBUG [http-nio-63040-exec-6][AbstractMessageConverterMethodProcessor.java:285] - Nothing to write: null body
2025-04-20 22:02:31,331 DEBUG [http-nio-63040-exec-6][AbstractMessageConverterMethodProcessor.java:285] - Nothing to write: null body
2025-04-20 22:02:31,331 DEBUG [http-nio-63040-exec-6][FrameworkServlet.java:1131] - Completed 200 OK
2025-04-20 22:02:31,331 DEBUG [http-nio-63040-exec-6][FrameworkServlet.java:1131] - Completed 200 OK
2025-04-20 22:02:31,665 DEBUG [http-nio-63040-exec-7][LogFormatUtils.java:91] - GET "/content/courseTeacher/list/128", parameters={}
2025-04-20 22:02:31,665 DEBUG [http-nio-63040-exec-7][LogFormatUtils.java:91] - GET "/content/courseTeacher/list/128", parameters={}
2025-04-20 22:02:31,665 DEBUG [http-nio-63040-exec-7][AbstractHandlerMapping.java:415] - Mapped to com.xuecheng.content.api.CourseTeacherInfoController#getCourseTeacherInfo(Long)
2025-04-20 22:02:31,665 DEBUG [http-nio-63040-exec-7][AbstractHandlerMapping.java:415] - Mapped to com.xuecheng.content.api.CourseTeacherInfoController#getCourseTeacherInfo(Long)
2025-04-20 22:02:31,666 DEBUG [http-nio-63040-exec-7][Logger.java:49] - Creating a new SqlSession
2025-04-20 22:02:31,666 DEBUG [http-nio-63040-exec-7][Logger.java:49] - Creating a new SqlSession
2025-04-20 22:02:31,666 DEBUG [http-nio-63040-exec-7][Logger.java:49] - SqlSession [org.apache.ibatis.session.defaults.DefaultSqlSession@6a3d035d] was not registered for synchronization because synchronization is not active
2025-04-20 22:02:31,666 DEBUG [http-nio-63040-exec-7][Logger.java:49] - SqlSession [org.apache.ibatis.session.defaults.DefaultSqlSession@6a3d035d] was not registered for synchronization because synchronization is not active
2025-04-20 22:02:31,669 DEBUG [http-nio-63040-exec-7][DataSourceUtils.java:115] - Fetching JDBC Connection from DataSource
2025-04-20 22:02:31,669 DEBUG [http-nio-63040-exec-7][DataSourceUtils.java:115] - Fetching JDBC Connection from DataSource
2025-04-20 22:02:31,669 DEBUG [http-nio-63040-exec-7][Logger.java:49] - JDBC Connection [HikariProxyConnection@1623549997 wrapping com.mysql.cj.jdbc.ConnectionImpl@4d90e9fd] will not be managed by Spring
2025-04-20 22:02:31,669 DEBUG [http-nio-63040-exec-7][Logger.java:49] - JDBC Connection [HikariProxyConnection@1623549997 wrapping com.mysql.cj.jdbc.ConnectionImpl@4d90e9fd] will not be managed by Spring
2025-04-20 22:02:31,669 DEBUG [http-nio-63040-exec-7][BaseJdbcLogger.java:137] - ==>  Preparing: SELECT id,course_id,teacher_name,position,introduction,photograph,create_date FROM course_teacher WHERE (course_id = ?)
2025-04-20 22:02:31,669 DEBUG [http-nio-63040-exec-7][BaseJdbcLogger.java:137] - ==>  Preparing: SELECT id,course_id,teacher_name,position,introduction,photograph,create_date FROM course_teacher WHERE (course_id = ?)
2025-04-20 22:02:31,670 DEBUG [http-nio-63040-exec-7][BaseJdbcLogger.java:137] - ==> Parameters: 128(Long)
2025-04-20 22:02:31,670 DEBUG [http-nio-63040-exec-7][BaseJdbcLogger.java:137] - ==> Parameters: 128(Long)
2025-04-20 22:02:31,673 DEBUG [http-nio-63040-exec-7][BaseJdbcLogger.java:137] - <==      Total: 10
2025-04-20 22:02:31,673 DEBUG [http-nio-63040-exec-7][BaseJdbcLogger.java:137] - <==      Total: 10
2025-04-20 22:02:31,673 DEBUG [http-nio-63040-exec-7][Logger.java:49] - Closing non transactional SqlSession [org.apache.ibatis.session.defaults.DefaultSqlSession@6a3d035d]
2025-04-20 22:02:31,673 DEBUG [http-nio-63040-exec-7][Logger.java:49] - Closing non transactional SqlSession [org.apache.ibatis.session.defaults.DefaultSqlSession@6a3d035d]
2025-04-20 22:02:31,673 DEBUG [http-nio-63040-exec-7][AbstractMessageConverterMethodProcessor.java:255] - Using 'application/json', given [application/json, text/plain, */*] and supported [application/json, application/*+json, application/json, application/*+json]
2025-04-20 22:02:31,673 DEBUG [http-nio-63040-exec-7][LogFormatUtils.java:91] - Writing [[CourseTeacher(id=30, courseId=128, teacherName=1, position=312, introduction=321, photograph=null,  (truncated)...]
2025-04-20 22:02:31,673 DEBUG [http-nio-63040-exec-7][AbstractMessageConverterMethodProcessor.java:255] - Using 'application/json', given [application/json, text/plain, */*] and supported [application/json, application/*+json, application/json, application/*+json]
2025-04-20 22:02:31,673 DEBUG [http-nio-63040-exec-7][LogFormatUtils.java:91] - Writing [[CourseTeacher(id=30, courseId=128, teacherName=1, position=312, introduction=321, photograph=null,  (truncated)...]
2025-04-20 22:02:31,676 DEBUG [http-nio-63040-exec-7][FrameworkServlet.java:1131] - Completed 200 OK
2025-04-20 22:02:31,676 DEBUG [http-nio-63040-exec-7][FrameworkServlet.java:1131] - Completed 200 OK
2025-04-20 22:02:47,604 DEBUG [HikariPool-1 housekeeper][HikariPool.java:421] - HikariPool-1 - Pool stats (total=10, active=0, idle=10, waiting=0)
2025-04-20 22:02:47,604 DEBUG [HikariPool-1 housekeeper][HikariPool.java:421] - HikariPool-1 - Pool stats (total=10, active=0, idle=10, waiting=0)
2025-04-20 22:02:47,604 DEBUG [HikariPool-1 housekeeper][HikariPool.java:517] - HikariPool-1 - Fill pool skipped, pool is at sufficient level.
2025-04-20 22:02:47,604 DEBUG [HikariPool-1 housekeeper][HikariPool.java:517] - HikariPool-1 - Fill pool skipped, pool is at sufficient level.
2025-04-20 22:02:48,181 DEBUG [HikariPool-1 housekeeper][HikariPool.java:421] - HikariPool-1 - Pool stats (total=10, active=0, idle=10, waiting=0)
2025-04-20 22:02:48,181 DEBUG [HikariPool-1 housekeeper][HikariPool.java:421] - HikariPool-1 - Pool stats (total=10, active=0, idle=10, waiting=0)
2025-04-20 22:02:48,181 DEBUG [HikariPool-1 housekeeper][HikariPool.java:517] - HikariPool-1 - Fill pool skipped, pool is at sufficient level.
2025-04-20 22:02:48,181 DEBUG [HikariPool-1 housekeeper][HikariPool.java:517] - HikariPool-1 - Fill pool skipped, pool is at sufficient level.
2025-04-20 22:02:59,100 DEBUG [http-nio-63040-exec-8][LogFormatUtils.java:91] - POST "/content/courseTeacher", parameters={}
2025-04-20 22:02:59,100 DEBUG [http-nio-63040-exec-8][LogFormatUtils.java:91] - POST "/content/courseTeacher", parameters={}
2025-04-20 22:02:59,101 DEBUG [http-nio-63040-exec-8][AbstractHandlerMapping.java:415] - Mapped to com.xuecheng.content.api.CourseTeacherInfoController#addTeacher(CourseTeacher)
2025-04-20 22:02:59,101 DEBUG [http-nio-63040-exec-8][AbstractHandlerMapping.java:415] - Mapped to com.xuecheng.content.api.CourseTeacherInfoController#addTeacher(CourseTeacher)
2025-04-20 22:02:59,102 DEBUG [http-nio-63040-exec-8][LogFormatUtils.java:91] - Read "application/json;charset=UTF-8" to [CourseTeacher(id=29, courseId=128, teacherName=0, position=312, introduction=321, photograph=null, c (truncated)...]
2025-04-20 22:02:59,102 DEBUG [http-nio-63040-exec-8][LogFormatUtils.java:91] - Read "application/json;charset=UTF-8" to [CourseTeacher(id=29, courseId=128, teacherName=0, position=312, introduction=321, photograph=null, c (truncated)...]
2025-04-20 22:02:59,102 DEBUG [http-nio-63040-exec-8][Logger.java:49] - Creating a new SqlSession
2025-04-20 22:02:59,102 DEBUG [http-nio-63040-exec-8][Logger.java:49] - Creating a new SqlSession
2025-04-20 22:02:59,103 DEBUG [http-nio-63040-exec-8][Logger.java:49] - SqlSession [org.apache.ibatis.session.defaults.DefaultSqlSession@a72f689] was not registered for synchronization because synchronization is not active
2025-04-20 22:02:59,103 DEBUG [http-nio-63040-exec-8][Logger.java:49] - SqlSession [org.apache.ibatis.session.defaults.DefaultSqlSession@a72f689] was not registered for synchronization because synchronization is not active
2025-04-20 22:02:59,103 DEBUG [http-nio-63040-exec-8][DataSourceUtils.java:115] - Fetching JDBC Connection from DataSource
2025-04-20 22:02:59,103 DEBUG [http-nio-63040-exec-8][DataSourceUtils.java:115] - Fetching JDBC Connection from DataSource
2025-04-20 22:02:59,104 DEBUG [http-nio-63040-exec-8][Logger.java:49] - JDBC Connection [HikariProxyConnection@78977463 wrapping com.mysql.cj.jdbc.ConnectionImpl@4d90e9fd] will not be managed by Spring
2025-04-20 22:02:59,104 DEBUG [http-nio-63040-exec-8][Logger.java:49] - JDBC Connection [HikariProxyConnection@78977463 wrapping com.mysql.cj.jdbc.ConnectionImpl@4d90e9fd] will not be managed by Spring
2025-04-20 22:02:59,104 DEBUG [http-nio-63040-exec-8][BaseJdbcLogger.java:137] - ==>  Preparing: INSERT INTO course_teacher ( course_id, teacher_name, position, introduction, create_date ) VALUES ( ?, ?, ?, ?, ? )
2025-04-20 22:02:59,104 DEBUG [http-nio-63040-exec-8][BaseJdbcLogger.java:137] - ==>  Preparing: INSERT INTO course_teacher ( course_id, teacher_name, position, introduction, create_date ) VALUES ( ?, ?, ?, ?, ? )
2025-04-20 22:02:59,105 DEBUG [http-nio-63040-exec-8][BaseJdbcLogger.java:137] - ==> Parameters: 128(Long), 0(String), 312(String), 321(String), null
2025-04-20 22:02:59,105 DEBUG [http-nio-63040-exec-8][BaseJdbcLogger.java:137] - ==> Parameters: 128(Long), 0(String), 312(String), 321(String), null
2025-04-20 22:02:59,114 DEBUG [http-nio-63040-exec-8][BaseJdbcLogger.java:137] - <==    Updates: 1
2025-04-20 22:02:59,114 DEBUG [http-nio-63040-exec-8][BaseJdbcLogger.java:137] - <==    Updates: 1
2025-04-20 22:02:59,115 DEBUG [http-nio-63040-exec-8][Logger.java:49] - Closing non transactional SqlSession [org.apache.ibatis.session.defaults.DefaultSqlSession@a72f689]
2025-04-20 22:02:59,115 DEBUG [http-nio-63040-exec-8][Logger.java:49] - Closing non transactional SqlSession [org.apache.ibatis.session.defaults.DefaultSqlSession@a72f689]
2025-04-20 22:02:59,116 DEBUG [http-nio-63040-exec-8][AbstractMessageConverterMethodProcessor.java:255] - Using 'application/json', given [application/json, text/plain, */*] and supported [application/json, application/*+json, application/json, application/*+json]
2025-04-20 22:02:59,116 DEBUG [http-nio-63040-exec-8][AbstractMessageConverterMethodProcessor.java:255] - Using 'application/json', given [application/json, text/plain, */*] and supported [application/json, application/*+json, application/json, application/*+json]
2025-04-20 22:02:59,116 DEBUG [http-nio-63040-exec-8][AbstractMessageConverterMethodProcessor.java:285] - Nothing to write: null body
2025-04-20 22:02:59,116 DEBUG [http-nio-63040-exec-8][AbstractMessageConverterMethodProcessor.java:285] - Nothing to write: null body
2025-04-20 22:02:59,116 DEBUG [http-nio-63040-exec-8][FrameworkServlet.java:1131] - Completed 200 OK
2025-04-20 22:02:59,116 DEBUG [http-nio-63040-exec-8][FrameworkServlet.java:1131] - Completed 200 OK
2025-04-20 22:02:59,441 DEBUG [http-nio-63040-exec-9][LogFormatUtils.java:91] - GET "/content/courseTeacher/list/128", parameters={}
2025-04-20 22:02:59,441 DEBUG [http-nio-63040-exec-9][LogFormatUtils.java:91] - GET "/content/courseTeacher/list/128", parameters={}
2025-04-20 22:02:59,442 DEBUG [http-nio-63040-exec-9][AbstractHandlerMapping.java:415] - Mapped to com.xuecheng.content.api.CourseTeacherInfoController#getCourseTeacherInfo(Long)
2025-04-20 22:02:59,442 DEBUG [http-nio-63040-exec-9][AbstractHandlerMapping.java:415] - Mapped to com.xuecheng.content.api.CourseTeacherInfoController#getCourseTeacherInfo(Long)
2025-04-20 22:02:59,443 DEBUG [http-nio-63040-exec-9][Logger.java:49] - Creating a new SqlSession
2025-04-20 22:02:59,443 DEBUG [http-nio-63040-exec-9][Logger.java:49] - Creating a new SqlSession
2025-04-20 22:02:59,443 DEBUG [http-nio-63040-exec-9][Logger.java:49] - SqlSession [org.apache.ibatis.session.defaults.DefaultSqlSession@3cdee340] was not registered for synchronization because synchronization is not active
2025-04-20 22:02:59,443 DEBUG [http-nio-63040-exec-9][Logger.java:49] - SqlSession [org.apache.ibatis.session.defaults.DefaultSqlSession@3cdee340] was not registered for synchronization because synchronization is not active
2025-04-20 22:02:59,444 DEBUG [http-nio-63040-exec-9][DataSourceUtils.java:115] - Fetching JDBC Connection from DataSource
2025-04-20 22:02:59,444 DEBUG [http-nio-63040-exec-9][DataSourceUtils.java:115] - Fetching JDBC Connection from DataSource
2025-04-20 22:02:59,445 DEBUG [http-nio-63040-exec-9][Logger.java:49] - JDBC Connection [HikariProxyConnection@840501931 wrapping com.mysql.cj.jdbc.ConnectionImpl@4d90e9fd] will not be managed by Spring
2025-04-20 22:02:59,445 DEBUG [http-nio-63040-exec-9][Logger.java:49] - JDBC Connection [HikariProxyConnection@840501931 wrapping com.mysql.cj.jdbc.ConnectionImpl@4d90e9fd] will not be managed by Spring
2025-04-20 22:02:59,445 DEBUG [http-nio-63040-exec-9][BaseJdbcLogger.java:137] - ==>  Preparing: SELECT id,course_id,teacher_name,position,introduction,photograph,create_date FROM course_teacher WHERE (course_id = ?)
2025-04-20 22:02:59,445 DEBUG [http-nio-63040-exec-9][BaseJdbcLogger.java:137] - ==>  Preparing: SELECT id,course_id,teacher_name,position,introduction,photograph,create_date FROM course_teacher WHERE (course_id = ?)
2025-04-20 22:02:59,445 DEBUG [http-nio-63040-exec-9][BaseJdbcLogger.java:137] - ==> Parameters: 128(Long)
2025-04-20 22:02:59,445 DEBUG [http-nio-63040-exec-9][BaseJdbcLogger.java:137] - ==> Parameters: 128(Long)
2025-04-20 22:02:59,448 DEBUG [http-nio-63040-exec-9][BaseJdbcLogger.java:137] - <==      Total: 11
2025-04-20 22:02:59,448 DEBUG [http-nio-63040-exec-9][BaseJdbcLogger.java:137] - <==      Total: 11
2025-04-20 22:02:59,448 DEBUG [http-nio-63040-exec-9][Logger.java:49] - Closing non transactional SqlSession [org.apache.ibatis.session.defaults.DefaultSqlSession@3cdee340]
2025-04-20 22:02:59,448 DEBUG [http-nio-63040-exec-9][Logger.java:49] - Closing non transactional SqlSession [org.apache.ibatis.session.defaults.DefaultSqlSession@3cdee340]
2025-04-20 22:02:59,448 DEBUG [http-nio-63040-exec-9][AbstractMessageConverterMethodProcessor.java:255] - Using 'application/json', given [application/json, text/plain, */*] and supported [application/json, application/*+json, application/json, application/*+json]
2025-04-20 22:02:59,448 DEBUG [http-nio-63040-exec-9][AbstractMessageConverterMethodProcessor.java:255] - Using 'application/json', given [application/json, text/plain, */*] and supported [application/json, application/*+json, application/json, application/*+json]
2025-04-20 22:02:59,449 DEBUG [http-nio-63040-exec-9][LogFormatUtils.java:91] - Writing [[CourseTeacher(id=32, courseId=128, teacherName=0, position=312, introduction=321, photograph=null,  (truncated)...]
2025-04-20 22:02:59,449 DEBUG [http-nio-63040-exec-9][LogFormatUtils.java:91] - Writing [[CourseTeacher(id=32, courseId=128, teacherName=0, position=312, introduction=321, photograph=null,  (truncated)...]
2025-04-20 22:02:59,449 DEBUG [http-nio-63040-exec-9][FrameworkServlet.java:1131] - Completed 200 OK
2025-04-20 22:02:59,449 DEBUG [http-nio-63040-exec-9][FrameworkServlet.java:1131] - Completed 200 OK
2025-04-20 22:03:17,612 DEBUG [HikariPool-1 housekeeper][HikariPool.java:421] - HikariPool-1 - Pool stats (total=10, active=0, idle=10, waiting=0)
2025-04-20 22:03:17,612 DEBUG [HikariPool-1 housekeeper][HikariPool.java:421] - HikariPool-1 - Pool stats (total=10, active=0, idle=10, waiting=0)
2025-04-20 22:03:17,612 DEBUG [HikariPool-1 housekeeper][HikariPool.java:517] - HikariPool-1 - Fill pool skipped, pool is at sufficient level.
2025-04-20 22:03:17,612 DEBUG [HikariPool-1 housekeeper][HikariPool.java:517] - HikariPool-1 - Fill pool skipped, pool is at sufficient level.
2025-04-20 22:03:18,190 DEBUG [HikariPool-1 housekeeper][HikariPool.java:421] - HikariPool-1 - Pool stats (total=10, active=0, idle=10, waiting=0)
2025-04-20 22:03:18,190 DEBUG [HikariPool-1 housekeeper][HikariPool.java:421] - HikariPool-1 - Pool stats (total=10, active=0, idle=10, waiting=0)
2025-04-20 22:03:18,190 DEBUG [HikariPool-1 housekeeper][HikariPool.java:517] - HikariPool-1 - Fill pool skipped, pool is at sufficient level.
2025-04-20 22:03:18,190 DEBUG [HikariPool-1 housekeeper][HikariPool.java:517] - HikariPool-1 - Fill pool skipped, pool is at sufficient level.
2025-04-20 22:03:47,617 DEBUG [HikariPool-1 housekeeper][HikariPool.java:421] - HikariPool-1 - Pool stats (total=10, active=0, idle=10, waiting=0)
2025-04-20 22:03:47,617 DEBUG [HikariPool-1 housekeeper][HikariPool.java:421] - HikariPool-1 - Pool stats (total=10, active=0, idle=10, waiting=0)
2025-04-20 22:03:47,617 DEBUG [HikariPool-1 housekeeper][HikariPool.java:517] - HikariPool-1 - Fill pool skipped, pool is at sufficient level.
2025-04-20 22:03:47,617 DEBUG [HikariPool-1 housekeeper][HikariPool.java:517] - HikariPool-1 - Fill pool skipped, pool is at sufficient level.
2025-04-20 22:03:48,200 DEBUG [HikariPool-1 housekeeper][HikariPool.java:421] - HikariPool-1 - Pool stats (total=10, active=0, idle=10, waiting=0)
2025-04-20 22:03:48,200 DEBUG [HikariPool-1 housekeeper][HikariPool.java:421] - HikariPool-1 - Pool stats (total=10, active=0, idle=10, waiting=0)
2025-04-20 22:03:48,200 DEBUG [HikariPool-1 housekeeper][HikariPool.java:517] - HikariPool-1 - Fill pool skipped, pool is at sufficient level.
2025-04-20 22:03:48,200 DEBUG [HikariPool-1 housekeeper][HikariPool.java:517] - HikariPool-1 - Fill pool skipped, pool is at sufficient level.
2025-04-20 22:04:17,620 DEBUG [HikariPool-1 housekeeper][HikariPool.java:421] - HikariPool-1 - Pool stats (total=10, active=0, idle=10, waiting=0)
2025-04-20 22:04:17,620 DEBUG [HikariPool-1 housekeeper][HikariPool.java:421] - HikariPool-1 - Pool stats (total=10, active=0, idle=10, waiting=0)
2025-04-20 22:04:17,620 DEBUG [HikariPool-1 housekeeper][HikariPool.java:517] - HikariPool-1 - Fill pool skipped, pool is at sufficient level.
2025-04-20 22:04:17,620 DEBUG [HikariPool-1 housekeeper][HikariPool.java:517] - HikariPool-1 - Fill pool skipped, pool is at sufficient level.
2025-04-20 22:04:18,210 DEBUG [HikariPool-1 housekeeper][HikariPool.java:421] - HikariPool-1 - Pool stats (total=10, active=0, idle=10, waiting=0)
2025-04-20 22:04:18,210 DEBUG [HikariPool-1 housekeeper][HikariPool.java:421] - HikariPool-1 - Pool stats (total=10, active=0, idle=10, waiting=0)
2025-04-20 22:04:18,210 DEBUG [HikariPool-1 housekeeper][HikariPool.java:517] - HikariPool-1 - Fill pool skipped, pool is at sufficient level.
2025-04-20 22:04:18,210 DEBUG [HikariPool-1 housekeeper][HikariPool.java:517] - HikariPool-1 - Fill pool skipped, pool is at sufficient level.
2025-04-20 22:04:47,621 DEBUG [HikariPool-1 housekeeper][HikariPool.java:421] - HikariPool-1 - Pool stats (total=10, active=0, idle=10, waiting=0)
2025-04-20 22:04:47,621 DEBUG [HikariPool-1 housekeeper][HikariPool.java:421] - HikariPool-1 - Pool stats (total=10, active=0, idle=10, waiting=0)
2025-04-20 22:04:47,621 DEBUG [HikariPool-1 housekeeper][HikariPool.java:517] - HikariPool-1 - Fill pool skipped, pool is at sufficient level.
2025-04-20 22:04:47,621 DEBUG [HikariPool-1 housekeeper][HikariPool.java:517] - HikariPool-1 - Fill pool skipped, pool is at sufficient level.
2025-04-20 22:04:48,216 DEBUG [HikariPool-1 housekeeper][HikariPool.java:421] - HikariPool-1 - Pool stats (total=10, active=0, idle=10, waiting=0)
2025-04-20 22:04:48,216 DEBUG [HikariPool-1 housekeeper][HikariPool.java:421] - HikariPool-1 - Pool stats (total=10, active=0, idle=10, waiting=0)
2025-04-20 22:04:48,216 DEBUG [HikariPool-1 housekeeper][HikariPool.java:517] - HikariPool-1 - Fill pool skipped, pool is at sufficient level.
2025-04-20 22:04:48,216 DEBUG [HikariPool-1 housekeeper][HikariPool.java:517] - HikariPool-1 - Fill pool skipped, pool is at sufficient level.
2025-04-20 22:05:17,630 DEBUG [HikariPool-1 housekeeper][HikariPool.java:421] - HikariPool-1 - Pool stats (total=10, active=0, idle=10, waiting=0)
2025-04-20 22:05:17,630 DEBUG [HikariPool-1 housekeeper][HikariPool.java:421] - HikariPool-1 - Pool stats (total=10, active=0, idle=10, waiting=0)
2025-04-20 22:05:17,630 DEBUG [HikariPool-1 housekeeper][HikariPool.java:517] - HikariPool-1 - Fill pool skipped, pool is at sufficient level.
2025-04-20 22:05:17,630 DEBUG [HikariPool-1 housekeeper][HikariPool.java:517] - HikariPool-1 - Fill pool skipped, pool is at sufficient level.
2025-04-20 22:05:18,226 DEBUG [HikariPool-1 housekeeper][HikariPool.java:421] - HikariPool-1 - Pool stats (total=10, active=0, idle=10, waiting=0)
2025-04-20 22:05:18,226 DEBUG [HikariPool-1 housekeeper][HikariPool.java:421] - HikariPool-1 - Pool stats (total=10, active=0, idle=10, waiting=0)
2025-04-20 22:05:18,227 DEBUG [HikariPool-1 housekeeper][HikariPool.java:517] - HikariPool-1 - Fill pool skipped, pool is at sufficient level.
2025-04-20 22:05:18,227 DEBUG [HikariPool-1 housekeeper][HikariPool.java:517] - HikariPool-1 - Fill pool skipped, pool is at sufficient level.
2025-04-20 22:05:47,634 DEBUG [HikariPool-1 housekeeper][HikariPool.java:421] - HikariPool-1 - Pool stats (total=10, active=0, idle=10, waiting=0)
2025-04-20 22:05:47,634 DEBUG [HikariPool-1 housekeeper][HikariPool.java:421] - HikariPool-1 - Pool stats (total=10, active=0, idle=10, waiting=0)
2025-04-20 22:05:47,635 DEBUG [HikariPool-1 housekeeper][HikariPool.java:517] - HikariPool-1 - Fill pool skipped, pool is at sufficient level.
2025-04-20 22:05:47,635 DEBUG [HikariPool-1 housekeeper][HikariPool.java:517] - HikariPool-1 - Fill pool skipped, pool is at sufficient level.
2025-04-20 22:05:48,227 DEBUG [HikariPool-1 housekeeper][HikariPool.java:421] - HikariPool-1 - Pool stats (total=10, active=0, idle=10, waiting=0)
2025-04-20 22:05:48,227 DEBUG [HikariPool-1 housekeeper][HikariPool.java:421] - HikariPool-1 - Pool stats (total=10, active=0, idle=10, waiting=0)
2025-04-20 22:05:48,227 DEBUG [HikariPool-1 housekeeper][HikariPool.java:517] - HikariPool-1 - Fill pool skipped, pool is at sufficient level.
2025-04-20 22:05:48,227 DEBUG [HikariPool-1 housekeeper][HikariPool.java:517] - HikariPool-1 - Fill pool skipped, pool is at sufficient level.
2025-04-20 22:06:17,658 DEBUG [HikariPool-1 housekeeper][HikariPool.java:421] - HikariPool-1 - Pool stats (total=10, active=0, idle=10, waiting=0)
2025-04-20 22:06:17,658 DEBUG [HikariPool-1 housekeeper][HikariPool.java:517] - HikariPool-1 - Fill pool skipped, pool is at sufficient level.
2025-04-20 22:06:17,658 DEBUG [HikariPool-1 housekeeper][HikariPool.java:421] - HikariPool-1 - Pool stats (total=10, active=0, idle=10, waiting=0)
2025-04-20 22:06:17,658 DEBUG [HikariPool-1 housekeeper][HikariPool.java:517] - HikariPool-1 - Fill pool skipped, pool is at sufficient level.
2025-04-20 22:06:18,236 DEBUG [HikariPool-1 housekeeper][HikariPool.java:421] - HikariPool-1 - Pool stats (total=10, active=0, idle=10, waiting=0)
2025-04-20 22:06:18,236 DEBUG [HikariPool-1 housekeeper][HikariPool.java:421] - HikariPool-1 - Pool stats (total=10, active=0, idle=10, waiting=0)
2025-04-20 22:06:18,236 DEBUG [HikariPool-1 housekeeper][HikariPool.java:517] - HikariPool-1 - Fill pool skipped, pool is at sufficient level.
2025-04-20 22:06:18,236 DEBUG [HikariPool-1 housekeeper][HikariPool.java:517] - HikariPool-1 - Fill pool skipped, pool is at sufficient level.
2025-04-20 22:06:47,665 DEBUG [HikariPool-1 housekeeper][HikariPool.java:421] - HikariPool-1 - Pool stats (total=10, active=0, idle=10, waiting=0)
2025-04-20 22:06:47,665 DEBUG [HikariPool-1 housekeeper][HikariPool.java:421] - HikariPool-1 - Pool stats (total=10, active=0, idle=10, waiting=0)
2025-04-20 22:06:47,665 DEBUG [HikariPool-1 housekeeper][HikariPool.java:517] - HikariPool-1 - Fill pool skipped, pool is at sufficient level.
2025-04-20 22:06:47,665 DEBUG [HikariPool-1 housekeeper][HikariPool.java:517] - HikariPool-1 - Fill pool skipped, pool is at sufficient level.
2025-04-20 22:06:48,242 DEBUG [HikariPool-1 housekeeper][HikariPool.java:421] - HikariPool-1 - Pool stats (total=10, active=0, idle=10, waiting=0)
2025-04-20 22:06:48,242 DEBUG [HikariPool-1 housekeeper][HikariPool.java:421] - HikariPool-1 - Pool stats (total=10, active=0, idle=10, waiting=0)
2025-04-20 22:06:48,242 DEBUG [HikariPool-1 housekeeper][HikariPool.java:517] - HikariPool-1 - Fill pool skipped, pool is at sufficient level.
2025-04-20 22:06:48,242 DEBUG [HikariPool-1 housekeeper][HikariPool.java:517] - HikariPool-1 - Fill pool skipped, pool is at sufficient level.
2025-04-20 22:07:17,680 DEBUG [HikariPool-1 housekeeper][HikariPool.java:421] - HikariPool-1 - Pool stats (total=10, active=0, idle=10, waiting=0)
2025-04-20 22:07:17,680 DEBUG [HikariPool-1 housekeeper][HikariPool.java:421] - HikariPool-1 - Pool stats (total=10, active=0, idle=10, waiting=0)
2025-04-20 22:07:17,680 DEBUG [HikariPool-1 housekeeper][HikariPool.java:517] - HikariPool-1 - Fill pool skipped, pool is at sufficient level.
2025-04-20 22:07:17,680 DEBUG [HikariPool-1 housekeeper][HikariPool.java:517] - HikariPool-1 - Fill pool skipped, pool is at sufficient level.
2025-04-20 22:07:18,254 DEBUG [HikariPool-1 housekeeper][HikariPool.java:421] - HikariPool-1 - Pool stats (total=10, active=0, idle=10, waiting=0)
2025-04-20 22:07:18,254 DEBUG [HikariPool-1 housekeeper][HikariPool.java:421] - HikariPool-1 - Pool stats (total=10, active=0, idle=10, waiting=0)
2025-04-20 22:07:18,254 DEBUG [HikariPool-1 housekeeper][HikariPool.java:517] - HikariPool-1 - Fill pool skipped, pool is at sufficient level.
2025-04-20 22:07:18,254 DEBUG [HikariPool-1 housekeeper][HikariPool.java:517] - HikariPool-1 - Fill pool skipped, pool is at sufficient level.
2025-04-20 22:07:47,684 DEBUG [HikariPool-1 housekeeper][HikariPool.java:421] - HikariPool-1 - Pool stats (total=10, active=0, idle=10, waiting=0)
2025-04-20 22:07:47,684 DEBUG [HikariPool-1 housekeeper][HikariPool.java:421] - HikariPool-1 - Pool stats (total=10, active=0, idle=10, waiting=0)
2025-04-20 22:07:47,684 DEBUG [HikariPool-1 housekeeper][HikariPool.java:517] - HikariPool-1 - Fill pool skipped, pool is at sufficient level.
2025-04-20 22:07:47,684 DEBUG [HikariPool-1 housekeeper][HikariPool.java:517] - HikariPool-1 - Fill pool skipped, pool is at sufficient level.
2025-04-20 22:07:48,262 DEBUG [HikariPool-1 housekeeper][HikariPool.java:421] - HikariPool-1 - Pool stats (total=10, active=0, idle=10, waiting=0)
2025-04-20 22:07:48,262 DEBUG [HikariPool-1 housekeeper][HikariPool.java:421] - HikariPool-1 - Pool stats (total=10, active=0, idle=10, waiting=0)
2025-04-20 22:07:48,262 DEBUG [HikariPool-1 housekeeper][HikariPool.java:517] - HikariPool-1 - Fill pool skipped, pool is at sufficient level.
2025-04-20 22:07:48,262 DEBUG [HikariPool-1 housekeeper][HikariPool.java:517] - HikariPool-1 - Fill pool skipped, pool is at sufficient level.
2025-04-20 22:08:17,693 DEBUG [HikariPool-1 housekeeper][HikariPool.java:421] - HikariPool-1 - Pool stats (total=10, active=0, idle=10, waiting=0)
2025-04-20 22:08:17,693 DEBUG [HikariPool-1 housekeeper][HikariPool.java:421] - HikariPool-1 - Pool stats (total=10, active=0, idle=10, waiting=0)
2025-04-20 22:08:17,693 DEBUG [HikariPool-1 housekeeper][HikariPool.java:517] - HikariPool-1 - Fill pool skipped, pool is at sufficient level.
2025-04-20 22:08:17,693 DEBUG [HikariPool-1 housekeeper][HikariPool.java:517] - HikariPool-1 - Fill pool skipped, pool is at sufficient level.
2025-04-20 22:08:18,271 DEBUG [HikariPool-1 housekeeper][HikariPool.java:421] - HikariPool-1 - Pool stats (total=10, active=0, idle=10, waiting=0)
2025-04-20 22:08:18,271 DEBUG [HikariPool-1 housekeeper][HikariPool.java:421] - HikariPool-1 - Pool stats (total=10, active=0, idle=10, waiting=0)
2025-04-20 22:08:18,271 DEBUG [HikariPool-1 housekeeper][HikariPool.java:517] - HikariPool-1 - Fill pool skipped, pool is at sufficient level.
2025-04-20 22:08:18,271 DEBUG [HikariPool-1 housekeeper][HikariPool.java:517] - HikariPool-1 - Fill pool skipped, pool is at sufficient level.
2025-04-20 22:08:47,694 DEBUG [HikariPool-1 housekeeper][HikariPool.java:421] - HikariPool-1 - Pool stats (total=10, active=0, idle=10, waiting=0)
2025-04-20 22:08:47,694 DEBUG [HikariPool-1 housekeeper][HikariPool.java:421] - HikariPool-1 - Pool stats (total=10, active=0, idle=10, waiting=0)
2025-04-20 22:08:47,694 DEBUG [HikariPool-1 housekeeper][HikariPool.java:517] - HikariPool-1 - Fill pool skipped, pool is at sufficient level.
2025-04-20 22:08:47,694 DEBUG [HikariPool-1 housekeeper][HikariPool.java:517] - HikariPool-1 - Fill pool skipped, pool is at sufficient level.
2025-04-20 22:08:48,284 DEBUG [HikariPool-1 housekeeper][HikariPool.java:421] - HikariPool-1 - Pool stats (total=10, active=0, idle=10, waiting=0)
2025-04-20 22:08:48,284 DEBUG [HikariPool-1 housekeeper][HikariPool.java:517] - HikariPool-1 - Fill pool skipped, pool is at sufficient level.
2025-04-20 22:08:48,284 DEBUG [HikariPool-1 housekeeper][HikariPool.java:421] - HikariPool-1 - Pool stats (total=10, active=0, idle=10, waiting=0)
2025-04-20 22:08:48,284 DEBUG [HikariPool-1 housekeeper][HikariPool.java:517] - HikariPool-1 - Fill pool skipped, pool is at sufficient level.
2025-04-20 22:09:17,700 DEBUG [HikariPool-1 housekeeper][HikariPool.java:421] - HikariPool-1 - Pool stats (total=10, active=0, idle=10, waiting=0)
2025-04-20 22:09:17,700 DEBUG [HikariPool-1 housekeeper][HikariPool.java:421] - HikariPool-1 - Pool stats (total=10, active=0, idle=10, waiting=0)
2025-04-20 22:09:17,700 DEBUG [HikariPool-1 housekeeper][HikariPool.java:517] - HikariPool-1 - Fill pool skipped, pool is at sufficient level.
2025-04-20 22:09:17,700 DEBUG [HikariPool-1 housekeeper][HikariPool.java:517] - HikariPool-1 - Fill pool skipped, pool is at sufficient level.
2025-04-20 22:09:18,293 DEBUG [HikariPool-1 housekeeper][HikariPool.java:421] - HikariPool-1 - Pool stats (total=10, active=0, idle=10, waiting=0)
2025-04-20 22:09:18,293 DEBUG [HikariPool-1 housekeeper][HikariPool.java:421] - HikariPool-1 - Pool stats (total=10, active=0, idle=10, waiting=0)
2025-04-20 22:09:18,293 DEBUG [HikariPool-1 housekeeper][HikariPool.java:517] - HikariPool-1 - Fill pool skipped, pool is at sufficient level.
2025-04-20 22:09:18,293 DEBUG [HikariPool-1 housekeeper][HikariPool.java:517] - HikariPool-1 - Fill pool skipped, pool is at sufficient level.
2025-04-20 22:09:47,701 DEBUG [HikariPool-1 housekeeper][HikariPool.java:421] - HikariPool-1 - Pool stats (total=10, active=0, idle=10, waiting=0)
2025-04-20 22:09:47,701 DEBUG [HikariPool-1 housekeeper][HikariPool.java:421] - HikariPool-1 - Pool stats (total=10, active=0, idle=10, waiting=0)
2025-04-20 22:09:47,701 DEBUG [HikariPool-1 housekeeper][HikariPool.java:517] - HikariPool-1 - Fill pool skipped, pool is at sufficient level.
2025-04-20 22:09:47,701 DEBUG [HikariPool-1 housekeeper][HikariPool.java:517] - HikariPool-1 - Fill pool skipped, pool is at sufficient level.
2025-04-20 22:09:48,309 DEBUG [HikariPool-1 housekeeper][HikariPool.java:421] - HikariPool-1 - Pool stats (total=10, active=0, idle=10, waiting=0)
2025-04-20 22:09:48,309 DEBUG [HikariPool-1 housekeeper][HikariPool.java:421] - HikariPool-1 - Pool stats (total=10, active=0, idle=10, waiting=0)
2025-04-20 22:09:48,309 DEBUG [HikariPool-1 housekeeper][HikariPool.java:517] - HikariPool-1 - Fill pool skipped, pool is at sufficient level.
2025-04-20 22:09:48,309 DEBUG [HikariPool-1 housekeeper][HikariPool.java:517] - HikariPool-1 - Fill pool skipped, pool is at sufficient level.
2025-04-20 22:10:17,706 DEBUG [HikariPool-1 housekeeper][HikariPool.java:421] - HikariPool-1 - Pool stats (total=10, active=0, idle=10, waiting=0)
2025-04-20 22:10:17,706 DEBUG [HikariPool-1 housekeeper][HikariPool.java:421] - HikariPool-1 - Pool stats (total=10, active=0, idle=10, waiting=0)
2025-04-20 22:10:17,706 DEBUG [HikariPool-1 housekeeper][HikariPool.java:517] - HikariPool-1 - Fill pool skipped, pool is at sufficient level.
2025-04-20 22:10:17,706 DEBUG [HikariPool-1 housekeeper][HikariPool.java:517] - HikariPool-1 - Fill pool skipped, pool is at sufficient level.
2025-04-20 22:10:18,313 DEBUG [HikariPool-1 housekeeper][HikariPool.java:421] - HikariPool-1 - Pool stats (total=10, active=0, idle=10, waiting=0)
2025-04-20 22:10:18,313 DEBUG [HikariPool-1 housekeeper][HikariPool.java:517] - HikariPool-1 - Fill pool skipped, pool is at sufficient level.
2025-04-20 22:10:18,313 DEBUG [HikariPool-1 housekeeper][HikariPool.java:421] - HikariPool-1 - Pool stats (total=10, active=0, idle=10, waiting=0)
2025-04-20 22:10:18,313 DEBUG [HikariPool-1 housekeeper][HikariPool.java:517] - HikariPool-1 - Fill pool skipped, pool is at sufficient level.
2025-04-20 22:10:47,721 DEBUG [HikariPool-1 housekeeper][HikariPool.java:421] - HikariPool-1 - Pool stats (total=10, active=0, idle=10, waiting=0)
2025-04-20 22:10:47,721 DEBUG [HikariPool-1 housekeeper][HikariPool.java:421] - HikariPool-1 - Pool stats (total=10, active=0, idle=10, waiting=0)
2025-04-20 22:10:47,721 DEBUG [HikariPool-1 housekeeper][HikariPool.java:517] - HikariPool-1 - Fill pool skipped, pool is at sufficient level.
2025-04-20 22:10:47,721 DEBUG [HikariPool-1 housekeeper][HikariPool.java:517] - HikariPool-1 - Fill pool skipped, pool is at sufficient level.
2025-04-20 22:10:48,328 DEBUG [HikariPool-1 housekeeper][HikariPool.java:421] - HikariPool-1 - Pool stats (total=10, active=0, idle=10, waiting=0)
2025-04-20 22:10:48,328 DEBUG [HikariPool-1 housekeeper][HikariPool.java:517] - HikariPool-1 - Fill pool skipped, pool is at sufficient level.
2025-04-20 22:10:48,328 DEBUG [HikariPool-1 housekeeper][HikariPool.java:421] - HikariPool-1 - Pool stats (total=10, active=0, idle=10, waiting=0)
2025-04-20 22:10:48,328 DEBUG [HikariPool-1 housekeeper][HikariPool.java:517] - HikariPool-1 - Fill pool skipped, pool is at sufficient level.
2025-04-20 22:11:17,734 DEBUG [HikariPool-1 housekeeper][HikariPool.java:421] - HikariPool-1 - Pool stats (total=10, active=0, idle=10, waiting=0)
2025-04-20 22:11:17,734 DEBUG [HikariPool-1 housekeeper][HikariPool.java:421] - HikariPool-1 - Pool stats (total=10, active=0, idle=10, waiting=0)
2025-04-20 22:11:17,734 DEBUG [HikariPool-1 housekeeper][HikariPool.java:517] - HikariPool-1 - Fill pool skipped, pool is at sufficient level.
2025-04-20 22:11:17,734 DEBUG [HikariPool-1 housekeeper][HikariPool.java:517] - HikariPool-1 - Fill pool skipped, pool is at sufficient level.
2025-04-20 22:11:18,331 DEBUG [HikariPool-1 housekeeper][HikariPool.java:421] - HikariPool-1 - Pool stats (total=10, active=0, idle=10, waiting=0)
2025-04-20 22:11:18,331 DEBUG [HikariPool-1 housekeeper][HikariPool.java:421] - HikariPool-1 - Pool stats (total=10, active=0, idle=10, waiting=0)
2025-04-20 22:11:18,331 DEBUG [HikariPool-1 housekeeper][HikariPool.java:517] - HikariPool-1 - Fill pool skipped, pool is at sufficient level.
2025-04-20 22:11:18,331 DEBUG [HikariPool-1 housekeeper][HikariPool.java:517] - HikariPool-1 - Fill pool skipped, pool is at sufficient level.
2025-04-20 22:11:47,749 DEBUG [HikariPool-1 housekeeper][HikariPool.java:421] - HikariPool-1 - Pool stats (total=10, active=0, idle=10, waiting=0)
2025-04-20 22:11:47,749 DEBUG [HikariPool-1 housekeeper][HikariPool.java:421] - HikariPool-1 - Pool stats (total=10, active=0, idle=10, waiting=0)
2025-04-20 22:11:47,749 DEBUG [HikariPool-1 housekeeper][HikariPool.java:517] - HikariPool-1 - Fill pool skipped, pool is at sufficient level.
2025-04-20 22:11:47,749 DEBUG [HikariPool-1 housekeeper][HikariPool.java:517] - HikariPool-1 - Fill pool skipped, pool is at sufficient level.
2025-04-20 22:11:48,344 DEBUG [HikariPool-1 housekeeper][HikariPool.java:421] - HikariPool-1 - Pool stats (total=10, active=0, idle=10, waiting=0)
2025-04-20 22:11:48,344 DEBUG [HikariPool-1 housekeeper][HikariPool.java:517] - HikariPool-1 - Fill pool skipped, pool is at sufficient level.
2025-04-20 22:11:48,344 DEBUG [HikariPool-1 housekeeper][HikariPool.java:421] - HikariPool-1 - Pool stats (total=10, active=0, idle=10, waiting=0)
2025-04-20 22:11:48,344 DEBUG [HikariPool-1 housekeeper][HikariPool.java:517] - HikariPool-1 - Fill pool skipped, pool is at sufficient level.
2025-04-20 22:12:17,764 DEBUG [HikariPool-1 housekeeper][HikariPool.java:421] - HikariPool-1 - Pool stats (total=10, active=0, idle=10, waiting=0)
2025-04-20 22:12:17,764 DEBUG [HikariPool-1 housekeeper][HikariPool.java:421] - HikariPool-1 - Pool stats (total=10, active=0, idle=10, waiting=0)
2025-04-20 22:12:17,764 DEBUG [HikariPool-1 housekeeper][HikariPool.java:517] - HikariPool-1 - Fill pool skipped, pool is at sufficient level.
2025-04-20 22:12:17,764 DEBUG [HikariPool-1 housekeeper][HikariPool.java:517] - HikariPool-1 - Fill pool skipped, pool is at sufficient level.
2025-04-20 22:12:18,357 DEBUG [HikariPool-1 housekeeper][HikariPool.java:421] - HikariPool-1 - Pool stats (total=10, active=0, idle=10, waiting=0)
2025-04-20 22:12:18,357 DEBUG [HikariPool-1 housekeeper][HikariPool.java:421] - HikariPool-1 - Pool stats (total=10, active=0, idle=10, waiting=0)
2025-04-20 22:12:18,357 DEBUG [HikariPool-1 housekeeper][HikariPool.java:517] - HikariPool-1 - Fill pool skipped, pool is at sufficient level.
2025-04-20 22:12:18,357 DEBUG [HikariPool-1 housekeeper][HikariPool.java:517] - HikariPool-1 - Fill pool skipped, pool is at sufficient level.
2025-04-20 22:12:47,768 DEBUG [HikariPool-1 housekeeper][HikariPool.java:421] - HikariPool-1 - Pool stats (total=10, active=0, idle=10, waiting=0)
2025-04-20 22:12:47,768 DEBUG [HikariPool-1 housekeeper][HikariPool.java:421] - HikariPool-1 - Pool stats (total=10, active=0, idle=10, waiting=0)
2025-04-20 22:12:47,768 DEBUG [HikariPool-1 housekeeper][HikariPool.java:517] - HikariPool-1 - Fill pool skipped, pool is at sufficient level.
2025-04-20 22:12:47,768 DEBUG [HikariPool-1 housekeeper][HikariPool.java:517] - HikariPool-1 - Fill pool skipped, pool is at sufficient level.
2025-04-20 22:12:48,363 DEBUG [HikariPool-1 housekeeper][HikariPool.java:421] - HikariPool-1 - Pool stats (total=10, active=0, idle=10, waiting=0)
2025-04-20 22:12:48,363 DEBUG [HikariPool-1 housekeeper][HikariPool.java:421] - HikariPool-1 - Pool stats (total=10, active=0, idle=10, waiting=0)
2025-04-20 22:12:48,363 DEBUG [HikariPool-1 housekeeper][HikariPool.java:517] - HikariPool-1 - Fill pool skipped, pool is at sufficient level.
2025-04-20 22:12:48,363 DEBUG [HikariPool-1 housekeeper][HikariPool.java:517] - HikariPool-1 - Fill pool skipped, pool is at sufficient level.
2025-04-20 22:13:17,783 DEBUG [HikariPool-1 housekeeper][HikariPool.java:421] - HikariPool-1 - Pool stats (total=10, active=0, idle=10, waiting=0)
2025-04-20 22:13:17,783 DEBUG [HikariPool-1 housekeeper][HikariPool.java:421] - HikariPool-1 - Pool stats (total=10, active=0, idle=10, waiting=0)
2025-04-20 22:13:17,783 DEBUG [HikariPool-1 housekeeper][HikariPool.java:517] - HikariPool-1 - Fill pool skipped, pool is at sufficient level.
2025-04-20 22:13:17,783 DEBUG [HikariPool-1 housekeeper][HikariPool.java:517] - HikariPool-1 - Fill pool skipped, pool is at sufficient level.
2025-04-20 22:13:18,374 DEBUG [HikariPool-1 housekeeper][HikariPool.java:421] - HikariPool-1 - Pool stats (total=10, active=0, idle=10, waiting=0)
2025-04-20 22:13:18,374 DEBUG [HikariPool-1 housekeeper][HikariPool.java:421] - HikariPool-1 - Pool stats (total=10, active=0, idle=10, waiting=0)
2025-04-20 22:13:18,374 DEBUG [HikariPool-1 housekeeper][HikariPool.java:517] - HikariPool-1 - Fill pool skipped, pool is at sufficient level.
2025-04-20 22:13:18,374 DEBUG [HikariPool-1 housekeeper][HikariPool.java:517] - HikariPool-1 - Fill pool skipped, pool is at sufficient level.
2025-04-20 22:13:47,786 DEBUG [HikariPool-1 housekeeper][HikariPool.java:421] - HikariPool-1 - Pool stats (total=10, active=0, idle=10, waiting=0)
2025-04-20 22:13:47,786 DEBUG [HikariPool-1 housekeeper][HikariPool.java:421] - HikariPool-1 - Pool stats (total=10, active=0, idle=10, waiting=0)
2025-04-20 22:13:47,786 DEBUG [HikariPool-1 housekeeper][HikariPool.java:517] - HikariPool-1 - Fill pool skipped, pool is at sufficient level.
2025-04-20 22:13:47,786 DEBUG [HikariPool-1 housekeeper][HikariPool.java:517] - HikariPool-1 - Fill pool skipped, pool is at sufficient level.
2025-04-20 22:13:48,381 DEBUG [HikariPool-1 housekeeper][HikariPool.java:421] - HikariPool-1 - Pool stats (total=10, active=0, idle=10, waiting=0)
2025-04-20 22:13:48,381 DEBUG [HikariPool-1 housekeeper][HikariPool.java:421] - HikariPool-1 - Pool stats (total=10, active=0, idle=10, waiting=0)
2025-04-20 22:13:48,381 DEBUG [HikariPool-1 housekeeper][HikariPool.java:517] - HikariPool-1 - Fill pool skipped, pool is at sufficient level.
2025-04-20 22:13:48,381 DEBUG [HikariPool-1 housekeeper][HikariPool.java:517] - HikariPool-1 - Fill pool skipped, pool is at sufficient level.
2025-04-20 22:14:17,800 DEBUG [HikariPool-1 housekeeper][HikariPool.java:421] - HikariPool-1 - Pool stats (total=10, active=0, idle=10, waiting=0)
2025-04-20 22:14:17,800 DEBUG [HikariPool-1 housekeeper][HikariPool.java:421] - HikariPool-1 - Pool stats (total=10, active=0, idle=10, waiting=0)
2025-04-20 22:14:17,800 DEBUG [HikariPool-1 housekeeper][HikariPool.java:517] - HikariPool-1 - Fill pool skipped, pool is at sufficient level.
2025-04-20 22:14:17,800 DEBUG [HikariPool-1 housekeeper][HikariPool.java:517] - HikariPool-1 - Fill pool skipped, pool is at sufficient level.
2025-04-20 22:14:18,395 DEBUG [HikariPool-1 housekeeper][HikariPool.java:421] - HikariPool-1 - Pool stats (total=10, active=0, idle=10, waiting=0)
2025-04-20 22:14:18,395 DEBUG [HikariPool-1 housekeeper][HikariPool.java:421] - HikariPool-1 - Pool stats (total=10, active=0, idle=10, waiting=0)
2025-04-20 22:14:18,395 DEBUG [HikariPool-1 housekeeper][HikariPool.java:517] - HikariPool-1 - Fill pool skipped, pool is at sufficient level.
2025-04-20 22:14:18,395 DEBUG [HikariPool-1 housekeeper][HikariPool.java:517] - HikariPool-1 - Fill pool skipped, pool is at sufficient level.
2025-04-20 22:14:47,809 DEBUG [HikariPool-1 housekeeper][HikariPool.java:421] - HikariPool-1 - Pool stats (total=10, active=0, idle=10, waiting=0)
2025-04-20 22:14:47,809 DEBUG [HikariPool-1 housekeeper][HikariPool.java:421] - HikariPool-1 - Pool stats (total=10, active=0, idle=10, waiting=0)
2025-04-20 22:14:47,809 DEBUG [HikariPool-1 housekeeper][HikariPool.java:517] - HikariPool-1 - Fill pool skipped, pool is at sufficient level.
2025-04-20 22:14:47,809 DEBUG [HikariPool-1 housekeeper][HikariPool.java:517] - HikariPool-1 - Fill pool skipped, pool is at sufficient level.
2025-04-20 22:14:48,404 DEBUG [HikariPool-1 housekeeper][HikariPool.java:421] - HikariPool-1 - Pool stats (total=10, active=0, idle=10, waiting=0)
2025-04-20 22:14:48,404 DEBUG [HikariPool-1 housekeeper][HikariPool.java:421] - HikariPool-1 - Pool stats (total=10, active=0, idle=10, waiting=0)
2025-04-20 22:14:48,404 DEBUG [HikariPool-1 housekeeper][HikariPool.java:517] - HikariPool-1 - Fill pool skipped, pool is at sufficient level.
2025-04-20 22:14:48,404 DEBUG [HikariPool-1 housekeeper][HikariPool.java:517] - HikariPool-1 - Fill pool skipped, pool is at sufficient level.
2025-04-20 22:15:17,810 DEBUG [HikariPool-1 housekeeper][HikariPool.java:421] - HikariPool-1 - Pool stats (total=10, active=0, idle=10, waiting=0)
2025-04-20 22:15:17,810 DEBUG [HikariPool-1 housekeeper][HikariPool.java:421] - HikariPool-1 - Pool stats (total=10, active=0, idle=10, waiting=0)
2025-04-20 22:15:17,811 DEBUG [HikariPool-1 housekeeper][HikariPool.java:517] - HikariPool-1 - Fill pool skipped, pool is at sufficient level.
2025-04-20 22:15:17,811 DEBUG [HikariPool-1 housekeeper][HikariPool.java:517] - HikariPool-1 - Fill pool skipped, pool is at sufficient level.
2025-04-20 22:15:18,420 DEBUG [HikariPool-1 housekeeper][HikariPool.java:421] - HikariPool-1 - Pool stats (total=10, active=0, idle=10, waiting=0)
2025-04-20 22:15:18,420 DEBUG [HikariPool-1 housekeeper][HikariPool.java:421] - HikariPool-1 - Pool stats (total=10, active=0, idle=10, waiting=0)
2025-04-20 22:15:18,420 DEBUG [HikariPool-1 housekeeper][HikariPool.java:517] - HikariPool-1 - Fill pool skipped, pool is at sufficient level.
2025-04-20 22:15:18,420 DEBUG [HikariPool-1 housekeeper][HikariPool.java:517] - HikariPool-1 - Fill pool skipped, pool is at sufficient level.
2025-04-20 22:15:47,825 DEBUG [HikariPool-1 housekeeper][HikariPool.java:421] - HikariPool-1 - Pool stats (total=10, active=0, idle=10, waiting=0)
2025-04-20 22:15:47,825 DEBUG [HikariPool-1 housekeeper][HikariPool.java:421] - HikariPool-1 - Pool stats (total=10, active=0, idle=10, waiting=0)
2025-04-20 22:15:47,825 DEBUG [HikariPool-1 housekeeper][HikariPool.java:517] - HikariPool-1 - Fill pool skipped, pool is at sufficient level.
2025-04-20 22:15:47,825 DEBUG [HikariPool-1 housekeeper][HikariPool.java:517] - HikariPool-1 - Fill pool skipped, pool is at sufficient level.
2025-04-20 22:15:48,433 DEBUG [HikariPool-1 housekeeper][HikariPool.java:421] - HikariPool-1 - Pool stats (total=10, active=0, idle=10, waiting=0)
2025-04-20 22:15:48,433 DEBUG [HikariPool-1 housekeeper][HikariPool.java:421] - HikariPool-1 - Pool stats (total=10, active=0, idle=10, waiting=0)
2025-04-20 22:15:48,433 DEBUG [HikariPool-1 housekeeper][HikariPool.java:517] - HikariPool-1 - Fill pool skipped, pool is at sufficient level.
2025-04-20 22:15:48,433 DEBUG [HikariPool-1 housekeeper][HikariPool.java:517] - HikariPool-1 - Fill pool skipped, pool is at sufficient level.
2025-04-20 22:16:17,838 DEBUG [HikariPool-1 housekeeper][HikariPool.java:421] - HikariPool-1 - Pool stats (total=10, active=0, idle=10, waiting=0)
2025-04-20 22:16:17,838 DEBUG [HikariPool-1 housekeeper][HikariPool.java:421] - HikariPool-1 - Pool stats (total=10, active=0, idle=10, waiting=0)
2025-04-20 22:16:17,839 DEBUG [HikariPool-1 housekeeper][HikariPool.java:517] - HikariPool-1 - Fill pool skipped, pool is at sufficient level.
2025-04-20 22:16:17,839 DEBUG [HikariPool-1 housekeeper][HikariPool.java:517] - HikariPool-1 - Fill pool skipped, pool is at sufficient level.
2025-04-20 22:16:18,445 DEBUG [HikariPool-1 housekeeper][HikariPool.java:421] - HikariPool-1 - Pool stats (total=10, active=0, idle=10, waiting=0)
2025-04-20 22:16:18,445 DEBUG [HikariPool-1 housekeeper][HikariPool.java:421] - HikariPool-1 - Pool stats (total=10, active=0, idle=10, waiting=0)
2025-04-20 22:16:18,445 DEBUG [HikariPool-1 housekeeper][HikariPool.java:517] - HikariPool-1 - Fill pool skipped, pool is at sufficient level.
2025-04-20 22:16:18,445 DEBUG [HikariPool-1 housekeeper][HikariPool.java:517] - HikariPool-1 - Fill pool skipped, pool is at sufficient level.
2025-04-20 22:16:47,842 DEBUG [HikariPool-1 housekeeper][HikariPool.java:421] - HikariPool-1 - Pool stats (total=10, active=0, idle=10, waiting=0)
2025-04-20 22:16:47,842 DEBUG [HikariPool-1 housekeeper][HikariPool.java:421] - HikariPool-1 - Pool stats (total=10, active=0, idle=10, waiting=0)
2025-04-20 22:16:47,842 DEBUG [HikariPool-1 housekeeper][HikariPool.java:517] - HikariPool-1 - Fill pool skipped, pool is at sufficient level.
2025-04-20 22:16:47,842 DEBUG [HikariPool-1 housekeeper][HikariPool.java:517] - HikariPool-1 - Fill pool skipped, pool is at sufficient level.
2025-04-20 22:16:48,449 DEBUG [HikariPool-1 housekeeper][HikariPool.java:421] - HikariPool-1 - Pool stats (total=10, active=0, idle=10, waiting=0)
2025-04-20 22:16:48,449 DEBUG [HikariPool-1 housekeeper][HikariPool.java:421] - HikariPool-1 - Pool stats (total=10, active=0, idle=10, waiting=0)
2025-04-20 22:16:48,449 DEBUG [HikariPool-1 housekeeper][HikariPool.java:517] - HikariPool-1 - Fill pool skipped, pool is at sufficient level.
2025-04-20 22:16:48,449 DEBUG [HikariPool-1 housekeeper][HikariPool.java:517] - HikariPool-1 - Fill pool skipped, pool is at sufficient level.
2025-04-20 22:17:17,852 DEBUG [HikariPool-1 housekeeper][HikariPool.java:421] - HikariPool-1 - Pool stats (total=10, active=0, idle=10, waiting=0)
2025-04-20 22:17:17,852 DEBUG [HikariPool-1 housekeeper][HikariPool.java:421] - HikariPool-1 - Pool stats (total=10, active=0, idle=10, waiting=0)
2025-04-20 22:17:17,852 DEBUG [HikariPool-1 housekeeper][HikariPool.java:517] - HikariPool-1 - Fill pool skipped, pool is at sufficient level.
2025-04-20 22:17:17,852 DEBUG [HikariPool-1 housekeeper][HikariPool.java:517] - HikariPool-1 - Fill pool skipped, pool is at sufficient level.
2025-04-20 22:17:18,455 DEBUG [HikariPool-1 housekeeper][HikariPool.java:421] - HikariPool-1 - Pool stats (total=10, active=0, idle=10, waiting=0)
2025-04-20 22:17:18,455 DEBUG [HikariPool-1 housekeeper][HikariPool.java:421] - HikariPool-1 - Pool stats (total=10, active=0, idle=10, waiting=0)
2025-04-20 22:17:18,455 DEBUG [HikariPool-1 housekeeper][HikariPool.java:517] - HikariPool-1 - Fill pool skipped, pool is at sufficient level.
2025-04-20 22:17:18,455 DEBUG [HikariPool-1 housekeeper][HikariPool.java:517] - HikariPool-1 - Fill pool skipped, pool is at sufficient level.
2025-04-20 22:17:47,854 DEBUG [HikariPool-1 housekeeper][HikariPool.java:421] - HikariPool-1 - Pool stats (total=10, active=0, idle=10, waiting=0)
2025-04-20 22:17:47,854 DEBUG [HikariPool-1 housekeeper][HikariPool.java:421] - HikariPool-1 - Pool stats (total=10, active=0, idle=10, waiting=0)
2025-04-20 22:17:47,854 DEBUG [HikariPool-1 housekeeper][HikariPool.java:517] - HikariPool-1 - Fill pool skipped, pool is at sufficient level.
2025-04-20 22:17:47,854 DEBUG [HikariPool-1 housekeeper][HikariPool.java:517] - HikariPool-1 - Fill pool skipped, pool is at sufficient level.
2025-04-20 22:17:48,462 DEBUG [HikariPool-1 housekeeper][HikariPool.java:421] - HikariPool-1 - Pool stats (total=10, active=0, idle=10, waiting=0)
2025-04-20 22:17:48,462 DEBUG [HikariPool-1 housekeeper][HikariPool.java:421] - HikariPool-1 - Pool stats (total=10, active=0, idle=10, waiting=0)
2025-04-20 22:17:48,462 DEBUG [HikariPool-1 housekeeper][HikariPool.java:517] - HikariPool-1 - Fill pool skipped, pool is at sufficient level.
2025-04-20 22:17:48,462 DEBUG [HikariPool-1 housekeeper][HikariPool.java:517] - HikariPool-1 - Fill pool skipped, pool is at sufficient level.
2025-04-20 22:18:17,862 DEBUG [HikariPool-1 housekeeper][HikariPool.java:421] - HikariPool-1 - Pool stats (total=10, active=0, idle=10, waiting=0)
2025-04-20 22:18:17,862 DEBUG [HikariPool-1 housekeeper][HikariPool.java:421] - HikariPool-1 - Pool stats (total=10, active=0, idle=10, waiting=0)
2025-04-20 22:18:17,863 DEBUG [HikariPool-1 housekeeper][HikariPool.java:517] - HikariPool-1 - Fill pool skipped, pool is at sufficient level.
2025-04-20 22:18:17,863 DEBUG [HikariPool-1 housekeeper][HikariPool.java:517] - HikariPool-1 - Fill pool skipped, pool is at sufficient level.
2025-04-20 22:18:18,467 DEBUG [HikariPool-1 housekeeper][HikariPool.java:421] - HikariPool-1 - Pool stats (total=10, active=0, idle=10, waiting=0)
2025-04-20 22:18:18,467 DEBUG [HikariPool-1 housekeeper][HikariPool.java:421] - HikariPool-1 - Pool stats (total=10, active=0, idle=10, waiting=0)
2025-04-20 22:18:18,467 DEBUG [HikariPool-1 housekeeper][HikariPool.java:517] - HikariPool-1 - Fill pool skipped, pool is at sufficient level.
2025-04-20 22:18:18,467 DEBUG [HikariPool-1 housekeeper][HikariPool.java:517] - HikariPool-1 - Fill pool skipped, pool is at sufficient level.
2025-04-20 22:18:47,870 DEBUG [HikariPool-1 housekeeper][HikariPool.java:421] - HikariPool-1 - Pool stats (total=10, active=0, idle=10, waiting=0)
2025-04-20 22:18:47,870 DEBUG [HikariPool-1 housekeeper][HikariPool.java:421] - HikariPool-1 - Pool stats (total=10, active=0, idle=10, waiting=0)
2025-04-20 22:18:47,871 DEBUG [HikariPool-1 housekeeper][HikariPool.java:517] - HikariPool-1 - Fill pool skipped, pool is at sufficient level.
2025-04-20 22:18:47,871 DEBUG [HikariPool-1 housekeeper][HikariPool.java:517] - HikariPool-1 - Fill pool skipped, pool is at sufficient level.
2025-04-20 22:18:48,472 DEBUG [HikariPool-1 housekeeper][HikariPool.java:421] - HikariPool-1 - Pool stats (total=10, active=0, idle=10, waiting=0)
2025-04-20 22:18:48,472 DEBUG [HikariPool-1 housekeeper][HikariPool.java:421] - HikariPool-1 - Pool stats (total=10, active=0, idle=10, waiting=0)
2025-04-20 22:18:48,472 DEBUG [HikariPool-1 housekeeper][HikariPool.java:517] - HikariPool-1 - Fill pool skipped, pool is at sufficient level.
2025-04-20 22:18:48,472 DEBUG [HikariPool-1 housekeeper][HikariPool.java:517] - HikariPool-1 - Fill pool skipped, pool is at sufficient level.
2025-04-20 22:19:17,880 DEBUG [HikariPool-1 housekeeper][HikariPool.java:421] - HikariPool-1 - Pool stats (total=10, active=0, idle=10, waiting=0)
2025-04-20 22:19:17,880 DEBUG [HikariPool-1 housekeeper][HikariPool.java:421] - HikariPool-1 - Pool stats (total=10, active=0, idle=10, waiting=0)
2025-04-20 22:19:17,881 DEBUG [HikariPool-1 housekeeper][HikariPool.java:517] - HikariPool-1 - Fill pool skipped, pool is at sufficient level.
2025-04-20 22:19:17,881 DEBUG [HikariPool-1 housekeeper][HikariPool.java:517] - HikariPool-1 - Fill pool skipped, pool is at sufficient level.
2025-04-20 22:19:18,483 DEBUG [HikariPool-1 housekeeper][HikariPool.java:421] - HikariPool-1 - Pool stats (total=10, active=0, idle=10, waiting=0)
2025-04-20 22:19:18,483 DEBUG [HikariPool-1 housekeeper][HikariPool.java:421] - HikariPool-1 - Pool stats (total=10, active=0, idle=10, waiting=0)
2025-04-20 22:19:18,483 DEBUG [HikariPool-1 housekeeper][HikariPool.java:517] - HikariPool-1 - Fill pool skipped, pool is at sufficient level.
2025-04-20 22:19:18,483 DEBUG [HikariPool-1 housekeeper][HikariPool.java:517] - HikariPool-1 - Fill pool skipped, pool is at sufficient level.
2025-04-20 22:19:47,883 DEBUG [HikariPool-1 housekeeper][HikariPool.java:421] - HikariPool-1 - Pool stats (total=10, active=0, idle=10, waiting=0)
2025-04-20 22:19:47,883 DEBUG [HikariPool-1 housekeeper][HikariPool.java:421] - HikariPool-1 - Pool stats (total=10, active=0, idle=10, waiting=0)
2025-04-20 22:19:47,883 DEBUG [HikariPool-1 housekeeper][HikariPool.java:517] - HikariPool-1 - Fill pool skipped, pool is at sufficient level.
2025-04-20 22:19:47,883 DEBUG [HikariPool-1 housekeeper][HikariPool.java:517] - HikariPool-1 - Fill pool skipped, pool is at sufficient level.
2025-04-20 22:19:48,490 DEBUG [HikariPool-1 housekeeper][HikariPool.java:421] - HikariPool-1 - Pool stats (total=10, active=0, idle=10, waiting=0)
2025-04-20 22:19:48,490 DEBUG [HikariPool-1 housekeeper][HikariPool.java:517] - HikariPool-1 - Fill pool skipped, pool is at sufficient level.
2025-04-20 22:19:48,490 DEBUG [HikariPool-1 housekeeper][HikariPool.java:421] - HikariPool-1 - Pool stats (total=10, active=0, idle=10, waiting=0)
2025-04-20 22:19:48,490 DEBUG [HikariPool-1 housekeeper][HikariPool.java:517] - HikariPool-1 - Fill pool skipped, pool is at sufficient level.
2025-04-20 22:20:17,893 DEBUG [HikariPool-1 housekeeper][HikariPool.java:421] - HikariPool-1 - Pool stats (total=10, active=0, idle=10, waiting=0)
2025-04-20 22:20:17,893 DEBUG [HikariPool-1 housekeeper][HikariPool.java:421] - HikariPool-1 - Pool stats (total=10, active=0, idle=10, waiting=0)
2025-04-20 22:20:17,893 DEBUG [HikariPool-1 housekeeper][HikariPool.java:517] - HikariPool-1 - Fill pool skipped, pool is at sufficient level.
2025-04-20 22:20:17,893 DEBUG [HikariPool-1 housekeeper][HikariPool.java:517] - HikariPool-1 - Fill pool skipped, pool is at sufficient level.
2025-04-20 22:20:18,501 DEBUG [HikariPool-1 housekeeper][HikariPool.java:421] - HikariPool-1 - Pool stats (total=10, active=0, idle=10, waiting=0)
2025-04-20 22:20:18,501 DEBUG [HikariPool-1 housekeeper][HikariPool.java:421] - HikariPool-1 - Pool stats (total=10, active=0, idle=10, waiting=0)
2025-04-20 22:20:18,501 DEBUG [HikariPool-1 housekeeper][HikariPool.java:517] - HikariPool-1 - Fill pool skipped, pool is at sufficient level.
2025-04-20 22:20:18,501 DEBUG [HikariPool-1 housekeeper][HikariPool.java:517] - HikariPool-1 - Fill pool skipped, pool is at sufficient level.
2025-04-20 22:20:47,900 DEBUG [HikariPool-1 housekeeper][HikariPool.java:421] - HikariPool-1 - Pool stats (total=10, active=0, idle=10, waiting=0)
2025-04-20 22:20:47,900 DEBUG [HikariPool-1 housekeeper][HikariPool.java:421] - HikariPool-1 - Pool stats (total=10, active=0, idle=10, waiting=0)
2025-04-20 22:20:47,900 DEBUG [HikariPool-1 housekeeper][HikariPool.java:517] - HikariPool-1 - Fill pool skipped, pool is at sufficient level.
2025-04-20 22:20:47,900 DEBUG [HikariPool-1 housekeeper][HikariPool.java:517] - HikariPool-1 - Fill pool skipped, pool is at sufficient level.
2025-04-20 22:20:48,506 DEBUG [HikariPool-1 housekeeper][HikariPool.java:421] - HikariPool-1 - Pool stats (total=10, active=0, idle=10, waiting=0)
2025-04-20 22:20:48,506 DEBUG [HikariPool-1 housekeeper][HikariPool.java:421] - HikariPool-1 - Pool stats (total=10, active=0, idle=10, waiting=0)
2025-04-20 22:20:48,506 DEBUG [HikariPool-1 housekeeper][HikariPool.java:517] - HikariPool-1 - Fill pool skipped, pool is at sufficient level.
2025-04-20 22:20:48,506 DEBUG [HikariPool-1 housekeeper][HikariPool.java:517] - HikariPool-1 - Fill pool skipped, pool is at sufficient level.
2025-04-20 22:21:17,910 DEBUG [HikariPool-1 housekeeper][HikariPool.java:421] - HikariPool-1 - Pool stats (total=10, active=0, idle=10, waiting=0)
2025-04-20 22:21:17,910 DEBUG [HikariPool-1 housekeeper][HikariPool.java:421] - HikariPool-1 - Pool stats (total=10, active=0, idle=10, waiting=0)
2025-04-20 22:21:17,910 DEBUG [HikariPool-1 housekeeper][HikariPool.java:517] - HikariPool-1 - Fill pool skipped, pool is at sufficient level.
2025-04-20 22:21:17,910 DEBUG [HikariPool-1 housekeeper][HikariPool.java:517] - HikariPool-1 - Fill pool skipped, pool is at sufficient level.
2025-04-20 22:21:18,517 DEBUG [HikariPool-1 housekeeper][HikariPool.java:421] - HikariPool-1 - Pool stats (total=10, active=0, idle=10, waiting=0)
2025-04-20 22:21:18,517 DEBUG [HikariPool-1 housekeeper][HikariPool.java:421] - HikariPool-1 - Pool stats (total=10, active=0, idle=10, waiting=0)
2025-04-20 22:21:18,517 DEBUG [HikariPool-1 housekeeper][HikariPool.java:517] - HikariPool-1 - Fill pool skipped, pool is at sufficient level.
2025-04-20 22:21:18,517 DEBUG [HikariPool-1 housekeeper][HikariPool.java:517] - HikariPool-1 - Fill pool skipped, pool is at sufficient level.
2025-04-20 22:21:47,919 DEBUG [HikariPool-1 housekeeper][HikariPool.java:421] - HikariPool-1 - Pool stats (total=10, active=0, idle=10, waiting=0)
2025-04-20 22:21:47,919 DEBUG [HikariPool-1 housekeeper][HikariPool.java:421] - HikariPool-1 - Pool stats (total=10, active=0, idle=10, waiting=0)
2025-04-20 22:21:47,919 DEBUG [HikariPool-1 housekeeper][HikariPool.java:517] - HikariPool-1 - Fill pool skipped, pool is at sufficient level.
2025-04-20 22:21:47,919 DEBUG [HikariPool-1 housekeeper][HikariPool.java:517] - HikariPool-1 - Fill pool skipped, pool is at sufficient level.
2025-04-20 22:21:48,524 DEBUG [HikariPool-1 housekeeper][HikariPool.java:421] - HikariPool-1 - Pool stats (total=10, active=0, idle=10, waiting=0)
2025-04-20 22:21:48,524 DEBUG [HikariPool-1 housekeeper][HikariPool.java:421] - HikariPool-1 - Pool stats (total=10, active=0, idle=10, waiting=0)
2025-04-20 22:21:48,524 DEBUG [HikariPool-1 housekeeper][HikariPool.java:517] - HikariPool-1 - Fill pool skipped, pool is at sufficient level.
2025-04-20 22:21:48,524 DEBUG [HikariPool-1 housekeeper][HikariPool.java:517] - HikariPool-1 - Fill pool skipped, pool is at sufficient level.
2025-04-20 22:22:17,931 DEBUG [HikariPool-1 housekeeper][HikariPool.java:421] - HikariPool-1 - Pool stats (total=10, active=0, idle=10, waiting=0)
2025-04-20 22:22:17,931 DEBUG [HikariPool-1 housekeeper][HikariPool.java:421] - HikariPool-1 - Pool stats (total=10, active=0, idle=10, waiting=0)
2025-04-20 22:22:17,931 DEBUG [HikariPool-1 housekeeper][HikariPool.java:517] - HikariPool-1 - Fill pool skipped, pool is at sufficient level.
2025-04-20 22:22:17,931 DEBUG [HikariPool-1 housekeeper][HikariPool.java:517] - HikariPool-1 - Fill pool skipped, pool is at sufficient level.
2025-04-20 22:22:18,525 DEBUG [HikariPool-1 housekeeper][HikariPool.java:421] - HikariPool-1 - Pool stats (total=10, active=0, idle=10, waiting=0)
2025-04-20 22:22:18,525 DEBUG [HikariPool-1 housekeeper][HikariPool.java:517] - HikariPool-1 - Fill pool skipped, pool is at sufficient level.
2025-04-20 22:22:18,525 DEBUG [HikariPool-1 housekeeper][HikariPool.java:421] - HikariPool-1 - Pool stats (total=10, active=0, idle=10, waiting=0)
2025-04-20 22:22:18,525 DEBUG [HikariPool-1 housekeeper][HikariPool.java:517] - HikariPool-1 - Fill pool skipped, pool is at sufficient level.
2025-04-20 22:22:47,933 DEBUG [HikariPool-1 housekeeper][HikariPool.java:421] - HikariPool-1 - Pool stats (total=10, active=0, idle=10, waiting=0)
2025-04-20 22:22:47,933 DEBUG [HikariPool-1 housekeeper][HikariPool.java:421] - HikariPool-1 - Pool stats (total=10, active=0, idle=10, waiting=0)
2025-04-20 22:22:47,933 DEBUG [HikariPool-1 housekeeper][HikariPool.java:517] - HikariPool-1 - Fill pool skipped, pool is at sufficient level.
2025-04-20 22:22:47,933 DEBUG [HikariPool-1 housekeeper][HikariPool.java:517] - HikariPool-1 - Fill pool skipped, pool is at sufficient level.
2025-04-20 22:22:48,540 DEBUG [HikariPool-1 housekeeper][HikariPool.java:421] - HikariPool-1 - Pool stats (total=10, active=0, idle=10, waiting=0)
2025-04-20 22:22:48,540 DEBUG [HikariPool-1 housekeeper][HikariPool.java:421] - HikariPool-1 - Pool stats (total=10, active=0, idle=10, waiting=0)
2025-04-20 22:22:48,540 DEBUG [HikariPool-1 housekeeper][HikariPool.java:517] - HikariPool-1 - Fill pool skipped, pool is at sufficient level.
2025-04-20 22:22:48,540 DEBUG [HikariPool-1 housekeeper][HikariPool.java:517] - HikariPool-1 - Fill pool skipped, pool is at sufficient level.
2025-04-20 22:23:17,939 DEBUG [HikariPool-1 housekeeper][HikariPool.java:421] - HikariPool-1 - Pool stats (total=10, active=0, idle=10, waiting=0)
2025-04-20 22:23:17,939 DEBUG [HikariPool-1 housekeeper][HikariPool.java:421] - HikariPool-1 - Pool stats (total=10, active=0, idle=10, waiting=0)
2025-04-20 22:23:17,940 DEBUG [HikariPool-1 housekeeper][HikariPool.java:517] - HikariPool-1 - Fill pool skipped, pool is at sufficient level.
2025-04-20 22:23:17,940 DEBUG [HikariPool-1 housekeeper][HikariPool.java:517] - HikariPool-1 - Fill pool skipped, pool is at sufficient level.
2025-04-20 22:23:18,548 DEBUG [HikariPool-1 housekeeper][HikariPool.java:421] - HikariPool-1 - Pool stats (total=10, active=0, idle=10, waiting=0)
2025-04-20 22:23:18,548 DEBUG [HikariPool-1 housekeeper][HikariPool.java:517] - HikariPool-1 - Fill pool skipped, pool is at sufficient level.
2025-04-20 22:23:18,548 DEBUG [HikariPool-1 housekeeper][HikariPool.java:421] - HikariPool-1 - Pool stats (total=10, active=0, idle=10, waiting=0)
2025-04-20 22:23:18,548 DEBUG [HikariPool-1 housekeeper][HikariPool.java:517] - HikariPool-1 - Fill pool skipped, pool is at sufficient level.
2025-04-20 22:23:47,951 DEBUG [HikariPool-1 housekeeper][HikariPool.java:421] - HikariPool-1 - Pool stats (total=10, active=0, idle=10, waiting=0)
2025-04-20 22:23:47,951 DEBUG [HikariPool-1 housekeeper][HikariPool.java:421] - HikariPool-1 - Pool stats (total=10, active=0, idle=10, waiting=0)
2025-04-20 22:23:47,951 DEBUG [HikariPool-1 housekeeper][HikariPool.java:517] - HikariPool-1 - Fill pool skipped, pool is at sufficient level.
2025-04-20 22:23:47,951 DEBUG [HikariPool-1 housekeeper][HikariPool.java:517] - HikariPool-1 - Fill pool skipped, pool is at sufficient level.
2025-04-20 22:23:48,559 DEBUG [HikariPool-1 housekeeper][HikariPool.java:421] - HikariPool-1 - Pool stats (total=10, active=0, idle=10, waiting=0)
2025-04-20 22:23:48,559 DEBUG [HikariPool-1 housekeeper][HikariPool.java:421] - HikariPool-1 - Pool stats (total=10, active=0, idle=10, waiting=0)
2025-04-20 22:23:48,559 DEBUG [HikariPool-1 housekeeper][HikariPool.java:517] - HikariPool-1 - Fill pool skipped, pool is at sufficient level.
2025-04-20 22:23:48,559 DEBUG [HikariPool-1 housekeeper][HikariPool.java:517] - HikariPool-1 - Fill pool skipped, pool is at sufficient level.
2025-04-20 22:24:17,956 DEBUG [HikariPool-1 housekeeper][HikariPool.java:421] - HikariPool-1 - Pool stats (total=10, active=0, idle=10, waiting=0)
2025-04-20 22:24:17,956 DEBUG [HikariPool-1 housekeeper][HikariPool.java:421] - HikariPool-1 - Pool stats (total=10, active=0, idle=10, waiting=0)
2025-04-20 22:24:17,956 DEBUG [HikariPool-1 housekeeper][HikariPool.java:517] - HikariPool-1 - Fill pool skipped, pool is at sufficient level.
2025-04-20 22:24:17,956 DEBUG [HikariPool-1 housekeeper][HikariPool.java:517] - HikariPool-1 - Fill pool skipped, pool is at sufficient level.
2025-04-20 22:24:18,566 DEBUG [HikariPool-1 housekeeper][HikariPool.java:421] - HikariPool-1 - Pool stats (total=10, active=0, idle=10, waiting=0)
2025-04-20 22:24:18,566 DEBUG [HikariPool-1 housekeeper][HikariPool.java:517] - HikariPool-1 - Fill pool skipped, pool is at sufficient level.
2025-04-20 22:24:18,566 DEBUG [HikariPool-1 housekeeper][HikariPool.java:421] - HikariPool-1 - Pool stats (total=10, active=0, idle=10, waiting=0)
2025-04-20 22:24:18,566 DEBUG [HikariPool-1 housekeeper][HikariPool.java:517] - HikariPool-1 - Fill pool skipped, pool is at sufficient level.
2025-04-20 22:24:47,966 DEBUG [HikariPool-1 housekeeper][HikariPool.java:421] - HikariPool-1 - Pool stats (total=10, active=0, idle=10, waiting=0)
2025-04-20 22:24:47,966 DEBUG [HikariPool-1 housekeeper][HikariPool.java:421] - HikariPool-1 - Pool stats (total=10, active=0, idle=10, waiting=0)
2025-04-20 22:24:47,966 DEBUG [HikariPool-1 housekeeper][HikariPool.java:517] - HikariPool-1 - Fill pool skipped, pool is at sufficient level.
2025-04-20 22:24:47,966 DEBUG [HikariPool-1 housekeeper][HikariPool.java:517] - HikariPool-1 - Fill pool skipped, pool is at sufficient level.
2025-04-20 22:24:48,570 DEBUG [HikariPool-1 housekeeper][HikariPool.java:421] - HikariPool-1 - Pool stats (total=10, active=0, idle=10, waiting=0)
2025-04-20 22:24:48,570 DEBUG [HikariPool-1 housekeeper][HikariPool.java:517] - HikariPool-1 - Fill pool skipped, pool is at sufficient level.
2025-04-20 22:24:48,570 DEBUG [HikariPool-1 housekeeper][HikariPool.java:421] - HikariPool-1 - Pool stats (total=10, active=0, idle=10, waiting=0)
2025-04-20 22:24:48,570 DEBUG [HikariPool-1 housekeeper][HikariPool.java:517] - HikariPool-1 - Fill pool skipped, pool is at sufficient level.
2025-04-20 22:25:17,971 DEBUG [HikariPool-1 housekeeper][HikariPool.java:421] - HikariPool-1 - Pool stats (total=10, active=0, idle=10, waiting=0)
2025-04-20 22:25:17,971 DEBUG [HikariPool-1 housekeeper][HikariPool.java:421] - HikariPool-1 - Pool stats (total=10, active=0, idle=10, waiting=0)
2025-04-20 22:25:17,971 DEBUG [HikariPool-1 housekeeper][HikariPool.java:517] - HikariPool-1 - Fill pool skipped, pool is at sufficient level.
2025-04-20 22:25:17,971 DEBUG [HikariPool-1 housekeeper][HikariPool.java:517] - HikariPool-1 - Fill pool skipped, pool is at sufficient level.
2025-04-20 22:25:18,579 DEBUG [HikariPool-1 housekeeper][HikariPool.java:421] - HikariPool-1 - Pool stats (total=10, active=0, idle=10, waiting=0)
2025-04-20 22:25:18,579 DEBUG [HikariPool-1 housekeeper][HikariPool.java:421] - HikariPool-1 - Pool stats (total=10, active=0, idle=10, waiting=0)
2025-04-20 22:25:18,579 DEBUG [HikariPool-1 housekeeper][HikariPool.java:517] - HikariPool-1 - Fill pool skipped, pool is at sufficient level.
2025-04-20 22:25:18,579 DEBUG [HikariPool-1 housekeeper][HikariPool.java:517] - HikariPool-1 - Fill pool skipped, pool is at sufficient level.
2025-04-20 22:25:47,973 DEBUG [HikariPool-1 housekeeper][HikariPool.java:421] - HikariPool-1 - Pool stats (total=10, active=0, idle=10, waiting=0)
2025-04-20 22:25:47,973 DEBUG [HikariPool-1 housekeeper][HikariPool.java:421] - HikariPool-1 - Pool stats (total=10, active=0, idle=10, waiting=0)
2025-04-20 22:25:47,973 DEBUG [HikariPool-1 housekeeper][HikariPool.java:517] - HikariPool-1 - Fill pool skipped, pool is at sufficient level.
2025-04-20 22:25:47,973 DEBUG [HikariPool-1 housekeeper][HikariPool.java:517] - HikariPool-1 - Fill pool skipped, pool is at sufficient level.
2025-04-20 22:25:48,585 DEBUG [HikariPool-1 housekeeper][HikariPool.java:421] - HikariPool-1 - Pool stats (total=10, active=0, idle=10, waiting=0)
2025-04-20 22:25:48,585 DEBUG [HikariPool-1 housekeeper][HikariPool.java:421] - HikariPool-1 - Pool stats (total=10, active=0, idle=10, waiting=0)
2025-04-20 22:25:48,585 DEBUG [HikariPool-1 housekeeper][HikariPool.java:517] - HikariPool-1 - Fill pool skipped, pool is at sufficient level.
2025-04-20 22:25:48,585 DEBUG [HikariPool-1 housekeeper][HikariPool.java:517] - HikariPool-1 - Fill pool skipped, pool is at sufficient level.
2025-04-20 22:26:17,979 DEBUG [HikariPool-1 housekeeper][HikariPool.java:421] - HikariPool-1 - Pool stats (total=10, active=0, idle=10, waiting=0)
2025-04-20 22:26:17,979 DEBUG [HikariPool-1 housekeeper][HikariPool.java:421] - HikariPool-1 - Pool stats (total=10, active=0, idle=10, waiting=0)
2025-04-20 22:26:17,979 DEBUG [HikariPool-1 housekeeper][HikariPool.java:517] - HikariPool-1 - Fill pool skipped, pool is at sufficient level.
2025-04-20 22:26:17,979 DEBUG [HikariPool-1 housekeeper][HikariPool.java:517] - HikariPool-1 - Fill pool skipped, pool is at sufficient level.
2025-04-20 22:26:18,592 DEBUG [HikariPool-1 housekeeper][HikariPool.java:421] - HikariPool-1 - Pool stats (total=10, active=0, idle=10, waiting=0)
2025-04-20 22:26:18,592 DEBUG [HikariPool-1 housekeeper][HikariPool.java:421] - HikariPool-1 - Pool stats (total=10, active=0, idle=10, waiting=0)
2025-04-20 22:26:18,592 DEBUG [HikariPool-1 housekeeper][HikariPool.java:517] - HikariPool-1 - Fill pool skipped, pool is at sufficient level.
2025-04-20 22:26:18,592 DEBUG [HikariPool-1 housekeeper][HikariPool.java:517] - HikariPool-1 - Fill pool skipped, pool is at sufficient level.
2025-04-20 22:26:47,985 DEBUG [HikariPool-1 housekeeper][HikariPool.java:421] - HikariPool-1 - Pool stats (total=10, active=0, idle=10, waiting=0)
2025-04-20 22:26:47,985 DEBUG [HikariPool-1 housekeeper][HikariPool.java:421] - HikariPool-1 - Pool stats (total=10, active=0, idle=10, waiting=0)
2025-04-20 22:26:47,985 DEBUG [HikariPool-1 housekeeper][HikariPool.java:517] - HikariPool-1 - Fill pool skipped, pool is at sufficient level.
2025-04-20 22:26:47,985 DEBUG [HikariPool-1 housekeeper][HikariPool.java:517] - HikariPool-1 - Fill pool skipped, pool is at sufficient level.
2025-04-20 22:26:48,597 DEBUG [HikariPool-1 housekeeper][HikariPool.java:421] - HikariPool-1 - Pool stats (total=10, active=0, idle=10, waiting=0)
2025-04-20 22:26:48,597 DEBUG [HikariPool-1 housekeeper][HikariPool.java:421] - HikariPool-1 - Pool stats (total=10, active=0, idle=10, waiting=0)
2025-04-20 22:26:48,597 DEBUG [HikariPool-1 housekeeper][HikariPool.java:517] - HikariPool-1 - Fill pool skipped, pool is at sufficient level.
2025-04-20 22:26:48,597 DEBUG [HikariPool-1 housekeeper][HikariPool.java:517] - HikariPool-1 - Fill pool skipped, pool is at sufficient level.
2025-04-20 22:27:17,998 DEBUG [HikariPool-1 housekeeper][HikariPool.java:421] - HikariPool-1 - Pool stats (total=10, active=0, idle=10, waiting=0)
2025-04-20 22:27:17,998 DEBUG [HikariPool-1 housekeeper][HikariPool.java:421] - HikariPool-1 - Pool stats (total=10, active=0, idle=10, waiting=0)
2025-04-20 22:27:17,998 DEBUG [HikariPool-1 housekeeper][HikariPool.java:517] - HikariPool-1 - Fill pool skipped, pool is at sufficient level.
2025-04-20 22:27:17,998 DEBUG [HikariPool-1 housekeeper][HikariPool.java:517] - HikariPool-1 - Fill pool skipped, pool is at sufficient level.
2025-04-20 22:27:18,609 DEBUG [HikariPool-1 housekeeper][HikariPool.java:421] - HikariPool-1 - Pool stats (total=10, active=0, idle=10, waiting=0)
2025-04-20 22:27:18,609 DEBUG [HikariPool-1 housekeeper][HikariPool.java:421] - HikariPool-1 - Pool stats (total=10, active=0, idle=10, waiting=0)
2025-04-20 22:27:18,609 DEBUG [HikariPool-1 housekeeper][HikariPool.java:517] - HikariPool-1 - Fill pool skipped, pool is at sufficient level.
2025-04-20 22:27:18,609 DEBUG [HikariPool-1 housekeeper][HikariPool.java:517] - HikariPool-1 - Fill pool skipped, pool is at sufficient level.
2025-04-20 22:27:48,010 DEBUG [HikariPool-1 housekeeper][HikariPool.java:421] - HikariPool-1 - Pool stats (total=10, active=0, idle=10, waiting=0)
2025-04-20 22:27:48,010 DEBUG [HikariPool-1 housekeeper][HikariPool.java:421] - HikariPool-1 - Pool stats (total=10, active=0, idle=10, waiting=0)
2025-04-20 22:27:48,010 DEBUG [HikariPool-1 housekeeper][HikariPool.java:517] - HikariPool-1 - Fill pool skipped, pool is at sufficient level.
2025-04-20 22:27:48,010 DEBUG [HikariPool-1 housekeeper][HikariPool.java:517] - HikariPool-1 - Fill pool skipped, pool is at sufficient level.
2025-04-20 22:27:48,622 DEBUG [HikariPool-1 housekeeper][HikariPool.java:421] - HikariPool-1 - Pool stats (total=10, active=0, idle=10, waiting=0)
2025-04-20 22:27:48,622 DEBUG [HikariPool-1 housekeeper][HikariPool.java:421] - HikariPool-1 - Pool stats (total=10, active=0, idle=10, waiting=0)
2025-04-20 22:27:48,622 DEBUG [HikariPool-1 housekeeper][HikariPool.java:517] - HikariPool-1 - Fill pool skipped, pool is at sufficient level.
2025-04-20 22:27:48,622 DEBUG [HikariPool-1 housekeeper][HikariPool.java:517] - HikariPool-1 - Fill pool skipped, pool is at sufficient level.
2025-04-20 22:28:18,015 DEBUG [HikariPool-1 housekeeper][HikariPool.java:421] - HikariPool-1 - Pool stats (total=10, active=0, idle=10, waiting=0)
2025-04-20 22:28:18,015 DEBUG [HikariPool-1 housekeeper][HikariPool.java:421] - HikariPool-1 - Pool stats (total=10, active=0, idle=10, waiting=0)
2025-04-20 22:28:18,015 DEBUG [HikariPool-1 housekeeper][HikariPool.java:517] - HikariPool-1 - Fill pool skipped, pool is at sufficient level.
2025-04-20 22:28:18,015 DEBUG [HikariPool-1 housekeeper][HikariPool.java:517] - HikariPool-1 - Fill pool skipped, pool is at sufficient level.
2025-04-20 22:28:18,622 DEBUG [HikariPool-1 housekeeper][HikariPool.java:421] - HikariPool-1 - Pool stats (total=10, active=0, idle=10, waiting=0)
2025-04-20 22:28:18,622 DEBUG [HikariPool-1 housekeeper][HikariPool.java:421] - HikariPool-1 - Pool stats (total=10, active=0, idle=10, waiting=0)
2025-04-20 22:28:18,622 DEBUG [HikariPool-1 housekeeper][HikariPool.java:517] - HikariPool-1 - Fill pool skipped, pool is at sufficient level.
2025-04-20 22:28:18,622 DEBUG [HikariPool-1 housekeeper][HikariPool.java:517] - HikariPool-1 - Fill pool skipped, pool is at sufficient level.
2025-04-20 22:28:48,022 DEBUG [HikariPool-1 housekeeper][HikariPool.java:421] - HikariPool-1 - Pool stats (total=10, active=0, idle=10, waiting=0)
2025-04-20 22:28:48,022 DEBUG [HikariPool-1 housekeeper][HikariPool.java:421] - HikariPool-1 - Pool stats (total=10, active=0, idle=10, waiting=0)
2025-04-20 22:28:48,022 DEBUG [HikariPool-1 housekeeper][HikariPool.java:517] - HikariPool-1 - Fill pool skipped, pool is at sufficient level.
2025-04-20 22:28:48,022 DEBUG [HikariPool-1 housekeeper][HikariPool.java:517] - HikariPool-1 - Fill pool skipped, pool is at sufficient level.
2025-04-20 22:28:48,627 DEBUG [HikariPool-1 housekeeper][HikariPool.java:421] - HikariPool-1 - Pool stats (total=10, active=0, idle=10, waiting=0)
2025-04-20 22:28:48,627 DEBUG [HikariPool-1 housekeeper][HikariPool.java:421] - HikariPool-1 - Pool stats (total=10, active=0, idle=10, waiting=0)
2025-04-20 22:28:48,627 DEBUG [HikariPool-1 housekeeper][HikariPool.java:517] - HikariPool-1 - Fill pool skipped, pool is at sufficient level.
2025-04-20 22:28:48,627 DEBUG [HikariPool-1 housekeeper][HikariPool.java:517] - HikariPool-1 - Fill pool skipped, pool is at sufficient level.
2025-04-20 22:29:18,025 DEBUG [HikariPool-1 housekeeper][HikariPool.java:421] - HikariPool-1 - Pool stats (total=10, active=0, idle=10, waiting=0)
2025-04-20 22:29:18,025 DEBUG [HikariPool-1 housekeeper][HikariPool.java:421] - HikariPool-1 - Pool stats (total=10, active=0, idle=10, waiting=0)
2025-04-20 22:29:18,025 DEBUG [HikariPool-1 housekeeper][HikariPool.java:517] - HikariPool-1 - Fill pool skipped, pool is at sufficient level.
2025-04-20 22:29:18,025 DEBUG [HikariPool-1 housekeeper][HikariPool.java:517] - HikariPool-1 - Fill pool skipped, pool is at sufficient level.
2025-04-20 22:29:18,633 DEBUG [HikariPool-1 housekeeper][HikariPool.java:421] - HikariPool-1 - Pool stats (total=10, active=0, idle=10, waiting=0)
2025-04-20 22:29:18,633 DEBUG [HikariPool-1 housekeeper][HikariPool.java:421] - HikariPool-1 - Pool stats (total=10, active=0, idle=10, waiting=0)
2025-04-20 22:29:18,633 DEBUG [HikariPool-1 housekeeper][HikariPool.java:517] - HikariPool-1 - Fill pool skipped, pool is at sufficient level.
2025-04-20 22:29:18,633 DEBUG [HikariPool-1 housekeeper][HikariPool.java:517] - HikariPool-1 - Fill pool skipped, pool is at sufficient level.
2025-04-20 22:29:48,034 DEBUG [HikariPool-1 housekeeper][HikariPool.java:421] - HikariPool-1 - Pool stats (total=10, active=0, idle=10, waiting=0)
2025-04-20 22:29:48,034 DEBUG [HikariPool-1 housekeeper][HikariPool.java:421] - HikariPool-1 - Pool stats (total=10, active=0, idle=10, waiting=0)
2025-04-20 22:29:48,034 DEBUG [HikariPool-1 housekeeper][HikariPool.java:517] - HikariPool-1 - Fill pool skipped, pool is at sufficient level.
2025-04-20 22:29:48,034 DEBUG [HikariPool-1 housekeeper][HikariPool.java:517] - HikariPool-1 - Fill pool skipped, pool is at sufficient level.
2025-04-20 22:29:48,643 DEBUG [HikariPool-1 housekeeper][HikariPool.java:421] - HikariPool-1 - Pool stats (total=10, active=0, idle=10, waiting=0)
2025-04-20 22:29:48,643 DEBUG [HikariPool-1 housekeeper][HikariPool.java:421] - HikariPool-1 - Pool stats (total=10, active=0, idle=10, waiting=0)
2025-04-20 22:29:48,643 DEBUG [HikariPool-1 housekeeper][HikariPool.java:517] - HikariPool-1 - Fill pool skipped, pool is at sufficient level.
2025-04-20 22:29:48,643 DEBUG [HikariPool-1 housekeeper][HikariPool.java:517] - HikariPool-1 - Fill pool skipped, pool is at sufficient level.
2025-04-20 22:30:18,036 DEBUG [HikariPool-1 housekeeper][HikariPool.java:421] - HikariPool-1 - Pool stats (total=10, active=0, idle=10, waiting=0)
2025-04-20 22:30:18,036 DEBUG [HikariPool-1 housekeeper][HikariPool.java:421] - HikariPool-1 - Pool stats (total=10, active=0, idle=10, waiting=0)
2025-04-20 22:30:18,036 DEBUG [HikariPool-1 housekeeper][HikariPool.java:517] - HikariPool-1 - Fill pool skipped, pool is at sufficient level.
2025-04-20 22:30:18,036 DEBUG [HikariPool-1 housekeeper][HikariPool.java:517] - HikariPool-1 - Fill pool skipped, pool is at sufficient level.
2025-04-20 22:30:18,647 DEBUG [HikariPool-1 housekeeper][HikariPool.java:421] - HikariPool-1 - Pool stats (total=10, active=0, idle=10, waiting=0)
2025-04-20 22:30:18,647 DEBUG [HikariPool-1 housekeeper][HikariPool.java:421] - HikariPool-1 - Pool stats (total=10, active=0, idle=10, waiting=0)
2025-04-20 22:30:18,647 DEBUG [HikariPool-1 housekeeper][HikariPool.java:517] - HikariPool-1 - Fill pool skipped, pool is at sufficient level.
2025-04-20 22:30:18,647 DEBUG [HikariPool-1 housekeeper][HikariPool.java:517] - HikariPool-1 - Fill pool skipped, pool is at sufficient level.
2025-04-20 22:30:35,599 DEBUG [SpringContextShutdownHook][AbstractApplicationContext.java:1006] - Closing org.springframework.boot.web.servlet.context.AnnotationConfigServletWebServerApplicationContext@2a7686a7, started on Sun Apr 20 22:02:10 CST 2025, parent: org.springframework.context.annotation.AnnotationConfigApplicationContext@72ef8d15
2025-04-20 22:30:35,599 DEBUG [SpringContextShutdownHook][AbstractApplicationContext.java:1006] - Closing org.springframework.boot.web.servlet.context.AnnotationConfigServletWebServerApplicationContext@2a7686a7, started on Sun Apr 20 22:02:10 CST 2025, parent: org.springframework.context.annotation.AnnotationConfigApplicationContext@72ef8d15
2025-04-20 22:30:35,601 DEBUG [SpringContextShutdownHook][DefaultLifecycleProcessor.java:369] - Stopping beans in phase 2147483647
2025-04-20 22:30:35,601 DEBUG [SpringContextShutdownHook][DefaultLifecycleProcessor.java:369] - Stopping beans in phase 2147483647
2025-04-20 22:30:35,601 DEBUG [SpringContextShutdownHook][DefaultLifecycleProcessor.java:242] - Bean 'documentationPluginsBootstrapper' completed its stop procedure
2025-04-20 22:30:35,601 DEBUG [SpringContextShutdownHook][DefaultLifecycleProcessor.java:242] - Bean 'documentationPluginsBootstrapper' completed its stop procedure
2025-04-20 22:30:35,602 DEBUG [SpringContextShutdownHook][DefaultLifecycleProcessor.java:242] - Bean 'webServerGracefulShutdown' completed its stop procedure
2025-04-20 22:30:35,602 DEBUG [SpringContextShutdownHook][DefaultLifecycleProcessor.java:242] - Bean 'webServerGracefulShutdown' completed its stop procedure
2025-04-20 22:30:35,602 DEBUG [SpringContextShutdownHook][DefaultLifecycleProcessor.java:369] - Stopping beans in phase 2147483646
2025-04-20 22:30:35,602 DEBUG [SpringContextShutdownHook][DefaultLifecycleProcessor.java:369] - Stopping beans in phase 2147483646
2025-04-20 22:30:35,684 INFO [SpringContextShutdownHook][ExecutorConfigurationSupport.java:218] - Shutting down ExecutorService 'taskScheduler'
2025-04-20 22:30:35,684 INFO [SpringContextShutdownHook][ExecutorConfigurationSupport.java:218] - Shutting down ExecutorService 'taskScheduler'
2025-04-20 22:30:35,687 INFO [SpringContextShutdownHook][ExecutorConfigurationSupport.java:218] - Shutting down ExecutorService 'applicationTaskExecutor'
2025-04-20 22:30:35,687 INFO [SpringContextShutdownHook][ExecutorConfigurationSupport.java:218] - Shutting down ExecutorService 'applicationTaskExecutor'
2025-04-20 22:30:35,690 INFO [SpringContextShutdownHook][HikariDataSource.java:350] - HikariPool-1 - Shutdown initiated...
2025-04-20 22:30:35,690 INFO [SpringContextShutdownHook][HikariDataSource.java:350] - HikariPool-1 - Shutdown initiated...
2025-04-20 22:30:35,691 DEBUG [SpringContextShutdownHook][HikariPool.java:421] - HikariPool-1 - Before shutdown stats (total=10, active=0, idle=10, waiting=0)
2025-04-20 22:30:35,691 DEBUG [SpringContextShutdownHook][HikariPool.java:421] - HikariPool-1 - Before shutdown stats (total=10, active=0, idle=10, waiting=0)
2025-04-20 22:30:35,692 DEBUG [HikariPool-1 connection closer][PoolBase.java:134] - HikariPool-1 - Closing connection com.mysql.cj.jdbc.ConnectionImpl@5c18c6a3: (connection evicted)
2025-04-20 22:30:35,692 DEBUG [HikariPool-1 connection closer][PoolBase.java:134] - HikariPool-1 - Closing connection com.mysql.cj.jdbc.ConnectionImpl@5c18c6a3: (connection evicted)
2025-04-20 22:30:35,693 DEBUG [SpringContextShutdownHook][DefaultLifecycleProcessor.java:242] - Bean 'webServerStartStop' completed its stop procedure
2025-04-20 22:30:35,693 DEBUG [SpringContextShutdownHook][DefaultLifecycleProcessor.java:242] - Bean 'webServerStartStop' completed its stop procedure
2025-04-20 22:30:35,694 DEBUG [SpringContextShutdownHook][MBeanExporter.java:452] - Unregistering JMX-exposed beans on shutdown
2025-04-20 22:30:35,694 DEBUG [SpringContextShutdownHook][MBeanExporter.java:452] - Unregistering JMX-exposed beans on shutdown
2025-04-20 22:30:35,694 DEBUG [SpringContextShutdownHook][MBeanRegistrationSupport.java:186] - Unregistering JMX-exposed beans
2025-04-20 22:30:35,694 DEBUG [SpringContextShutdownHook][MBeanRegistrationSupport.java:186] - Unregistering JMX-exposed beans
2025-04-20 22:30:35,695 INFO [SpringContextShutdownHook][ExecutorConfigurationSupport.java:218] - Shutting down ExecutorService 'applicationTaskExecutor'
2025-04-20 22:30:35,695 INFO [SpringContextShutdownHook][ExecutorConfigurationSupport.java:218] - Shutting down ExecutorService 'applicationTaskExecutor'
2025-04-20 22:30:35,697 INFO [SpringContextShutdownHook][HikariDataSource.java:350] - HikariPool-1 - Shutdown initiated...
2025-04-20 22:30:35,697 INFO [SpringContextShutdownHook][HikariDataSource.java:350] - HikariPool-1 - Shutdown initiated...
2025-04-20 22:30:35,698 DEBUG [SpringContextShutdownHook][HikariPool.java:421] - HikariPool-1 - Before shutdown stats (total=10, active=0, idle=10, waiting=0)
2025-04-20 22:30:35,698 DEBUG [SpringContextShutdownHook][HikariPool.java:421] - HikariPool-1 - Before shutdown stats (total=10, active=0, idle=10, waiting=0)
2025-04-20 22:30:35,698 DEBUG [HikariPool-1 connection closer][PoolBase.java:134] - HikariPool-1 - Closing connection com.mysql.cj.jdbc.ConnectionImpl@67c69c25: (connection evicted)
2025-04-20 22:30:35,698 DEBUG [HikariPool-1 connection closer][PoolBase.java:134] - HikariPool-1 - Closing connection com.mysql.cj.jdbc.ConnectionImpl@67c69c25: (connection evicted)
2025-04-20 22:30:35,699 DEBUG [HikariPool-1 connection closer][PoolBase.java:134] - HikariPool-1 - Closing connection com.mysql.cj.jdbc.ConnectionImpl@26fb961e: (connection evicted)
2025-04-20 22:30:35,699 DEBUG [HikariPool-1 connection closer][PoolBase.java:134] - HikariPool-1 - Closing connection com.mysql.cj.jdbc.ConnectionImpl@26fb961e: (connection evicted)
2025-04-20 22:30:35,699 DEBUG [HikariPool-1 connection closer][PoolBase.java:134] - HikariPool-1 - Closing connection com.mysql.cj.jdbc.ConnectionImpl@4d90e9fd: (connection evicted)
2025-04-20 22:30:35,699 DEBUG [HikariPool-1 connection closer][PoolBase.java:134] - HikariPool-1 - Closing connection com.mysql.cj.jdbc.ConnectionImpl@4d90e9fd: (connection evicted)
2025-04-20 22:30:35,700 DEBUG [HikariPool-1 connection closer][PoolBase.java:134] - HikariPool-1 - Closing connection com.mysql.cj.jdbc.ConnectionImpl@1717b47e: (connection evicted)
2025-04-20 22:30:35,700 DEBUG [HikariPool-1 connection closer][PoolBase.java:134] - HikariPool-1 - Closing connection com.mysql.cj.jdbc.ConnectionImpl@1717b47e: (connection evicted)
2025-04-20 22:30:35,701 DEBUG [HikariPool-1 connection closer][PoolBase.java:134] - HikariPool-1 - Closing connection com.mysql.cj.jdbc.ConnectionImpl@46d46951: (connection evicted)
2025-04-20 22:30:35,701 DEBUG [HikariPool-1 connection closer][PoolBase.java:134] - HikariPool-1 - Closing connection com.mysql.cj.jdbc.ConnectionImpl@46d46951: (connection evicted)
2025-04-20 22:30:35,702 DEBUG [HikariPool-1 connection closer][PoolBase.java:134] - HikariPool-1 - Closing connection com.mysql.cj.jdbc.ConnectionImpl@310f3d07: (connection evicted)
2025-04-20 22:30:35,702 DEBUG [HikariPool-1 connection closer][PoolBase.java:134] - HikariPool-1 - Closing connection com.mysql.cj.jdbc.ConnectionImpl@310f3d07: (connection evicted)
2025-04-20 22:30:35,703 DEBUG [HikariPool-1 connection closer][PoolBase.java:134] - HikariPool-1 - Closing connection com.mysql.cj.jdbc.ConnectionImpl@429a5334: (connection evicted)
2025-04-20 22:30:35,703 DEBUG [HikariPool-1 connection closer][PoolBase.java:134] - HikariPool-1 - Closing connection com.mysql.cj.jdbc.ConnectionImpl@429a5334: (connection evicted)
2025-04-20 22:30:35,703 DEBUG [HikariPool-1 connection closer][PoolBase.java:134] - HikariPool-1 - Closing connection com.mysql.cj.jdbc.ConnectionImpl@314f2f99: (connection evicted)
2025-04-20 22:30:35,703 DEBUG [HikariPool-1 connection closer][PoolBase.java:134] - HikariPool-1 - Closing connection com.mysql.cj.jdbc.ConnectionImpl@3ae668ab: (connection evicted)
2025-04-20 22:30:35,703 DEBUG [HikariPool-1 connection closer][PoolBase.java:134] - HikariPool-1 - Closing connection com.mysql.cj.jdbc.ConnectionImpl@3ae668ab: (connection evicted)
2025-04-20 22:30:35,703 DEBUG [HikariPool-1 connection closer][PoolBase.java:134] - HikariPool-1 - Closing connection com.mysql.cj.jdbc.ConnectionImpl@314f2f99: (connection evicted)
2025-04-20 22:30:35,704 DEBUG [HikariPool-1 connection closer][PoolBase.java:134] - HikariPool-1 - Closing connection com.mysql.cj.jdbc.ConnectionImpl@529d104e: (connection evicted)
2025-04-20 22:30:35,704 DEBUG [HikariPool-1 connection closer][PoolBase.java:134] - HikariPool-1 - Closing connection com.mysql.cj.jdbc.ConnectionImpl@529d104e: (connection evicted)
2025-04-20 22:30:35,704 DEBUG [HikariPool-1 connection closer][PoolBase.java:134] - HikariPool-1 - Closing connection com.mysql.cj.jdbc.ConnectionImpl@12f3bf3c: (connection evicted)
2025-04-20 22:30:35,704 DEBUG [HikariPool-1 connection closer][PoolBase.java:134] - HikariPool-1 - Closing connection com.mysql.cj.jdbc.ConnectionImpl@12f3bf3c: (connection evicted)
2025-04-20 22:30:35,705 DEBUG [HikariPool-1 connection closer][PoolBase.java:134] - HikariPool-1 - Closing connection com.mysql.cj.jdbc.ConnectionImpl@5ef8f1d3: (connection evicted)
2025-04-20 22:30:35,705 DEBUG [HikariPool-1 connection closer][PoolBase.java:134] - HikariPool-1 - Closing connection com.mysql.cj.jdbc.ConnectionImpl@5ef8f1d3: (connection evicted)
2025-04-20 22:30:35,705 DEBUG [HikariPool-1 connection closer][PoolBase.java:134] - HikariPool-1 - Closing connection com.mysql.cj.jdbc.ConnectionImpl@64d0a13f: (connection evicted)
2025-04-20 22:30:35,705 DEBUG [HikariPool-1 connection closer][PoolBase.java:134] - HikariPool-1 - Closing connection com.mysql.cj.jdbc.ConnectionImpl@64d0a13f: (connection evicted)
2025-04-20 22:30:35,705 DEBUG [HikariPool-1 connection closer][PoolBase.java:134] - HikariPool-1 - Closing connection com.mysql.cj.jdbc.ConnectionImpl@1c67089f: (connection evicted)
2025-04-20 22:30:35,705 DEBUG [HikariPool-1 connection closer][PoolBase.java:134] - HikariPool-1 - Closing connection com.mysql.cj.jdbc.ConnectionImpl@1c67089f: (connection evicted)
2025-04-20 22:30:35,705 DEBUG [SpringContextShutdownHook][HikariPool.java:421] - HikariPool-1 - After shutdown stats (total=0, active=0, idle=0, waiting=0)
2025-04-20 22:30:35,705 DEBUG [SpringContextShutdownHook][HikariPool.java:421] - HikariPool-1 - After shutdown stats (total=0, active=0, idle=0, waiting=0)
2025-04-20 22:30:35,706 INFO [SpringContextShutdownHook][HikariDataSource.java:352] - HikariPool-1 - Shutdown completed.
2025-04-20 22:30:35,706 DEBUG [HikariPool-1 connection closer][PoolBase.java:134] - HikariPool-1 - Closing connection com.mysql.cj.jdbc.ConnectionImpl@1608f5a6: (connection evicted)
2025-04-20 22:30:35,706 DEBUG [HikariPool-1 connection closer][PoolBase.java:134] - HikariPool-1 - Closing connection com.mysql.cj.jdbc.ConnectionImpl@1608f5a6: (connection evicted)
2025-04-20 22:30:35,706 INFO [SpringContextShutdownHook][HikariDataSource.java:352] - HikariPool-1 - Shutdown completed.
2025-04-20 22:30:35,706 DEBUG [HikariPool-1 connection closer][PoolBase.java:134] - HikariPool-1 - Closing connection com.mysql.cj.jdbc.ConnectionImpl@763c226: (connection evicted)
2025-04-20 22:30:35,706 DEBUG [HikariPool-1 connection closer][PoolBase.java:134] - HikariPool-1 - Closing connection com.mysql.cj.jdbc.ConnectionImpl@763c226: (connection evicted)
2025-04-20 22:30:35,706 DEBUG [HikariPool-1 connection closer][PoolBase.java:134] - HikariPool-1 - Closing connection com.mysql.cj.jdbc.ConnectionImpl@21447a72: (connection evicted)
2025-04-20 22:30:35,706 DEBUG [HikariPool-1 connection closer][PoolBase.java:134] - HikariPool-1 - Closing connection com.mysql.cj.jdbc.ConnectionImpl@21447a72: (connection evicted)
2025-04-20 22:30:35,707 DEBUG [HikariPool-1 connection closer][PoolBase.java:134] - HikariPool-1 - Closing connection com.mysql.cj.jdbc.ConnectionImpl@3cd44e64: (connection evicted)
2025-04-20 22:30:35,707 DEBUG [HikariPool-1 connection closer][PoolBase.java:134] - HikariPool-1 - Closing connection com.mysql.cj.jdbc.ConnectionImpl@3cd44e64: (connection evicted)
2025-04-20 22:30:35,707 DEBUG [HikariPool-1 connection closer][PoolBase.java:134] - HikariPool-1 - Closing connection com.mysql.cj.jdbc.ConnectionImpl@484c1050: (connection evicted)
2025-04-20 22:30:35,707 DEBUG [HikariPool-1 connection closer][PoolBase.java:134] - HikariPool-1 - Closing connection com.mysql.cj.jdbc.ConnectionImpl@484c1050: (connection evicted)
2025-04-20 22:30:35,708 DEBUG [SpringContextShutdownHook][HikariPool.java:421] - HikariPool-1 - After shutdown stats (total=0, active=0, idle=0, waiting=0)
2025-04-20 22:30:35,708 DEBUG [SpringContextShutdownHook][HikariPool.java:421] - HikariPool-1 - After shutdown stats (total=0, active=0, idle=0, waiting=0)
2025-04-20 22:30:35,708 INFO [SpringContextShutdownHook][HikariDataSource.java:352] - HikariPool-1 - Shutdown completed.
2025-04-20 22:30:35,708 INFO [SpringContextShutdownHook][HikariDataSource.java:352] - HikariPool-1 - Shutdown completed.
