2025-04-20 14:00:04,767 DEBUG [HikariPool-1 housekeeper][HikariPool.java:421] - HikariPool-1 - Pool stats (total=10, active=0, idle=10, waiting=0)
2025-04-20 14:00:04,767 DEBUG [HikariPool-1 housekeeper][HikariPool.java:421] - HikariPool-1 - Pool stats (total=10, active=0, idle=10, waiting=0)
2025-04-20 14:00:04,769 DEBUG [HikariPool-1 housekeeper][HikariPool.java:517] - HikariPool-1 - Fill pool skipped, pool is at sufficient level.
2025-04-20 14:00:04,769 DEBUG [HikariPool-1 housekeeper][HikariPool.java:517] - HikariPool-1 - Fill pool skipped, pool is at sufficient level.
2025-04-20 14:00:34,780 DEBUG [HikariPool-1 housekeeper][HikariPool.java:421] - HikariPool-1 - Pool stats (total=10, active=0, idle=10, waiting=0)
2025-04-20 14:00:34,780 DEBUG [HikariPool-1 housekeeper][HikariPool.java:421] - HikariPool-1 - Pool stats (total=10, active=0, idle=10, waiting=0)
2025-04-20 14:00:34,781 DEBUG [HikariPool-1 housekeeper][HikariPool.java:517] - HikariPool-1 - Fill pool skipped, pool is at sufficient level.
2025-04-20 14:00:34,781 DEBUG [HikariPool-1 housekeeper][HikariPool.java:517] - HikariPool-1 - Fill pool skipped, pool is at sufficient level.
2025-04-20 14:01:04,784 DEBUG [HikariPool-1 housekeeper][HikariPool.java:421] - HikariPool-1 - Pool stats (total=10, active=0, idle=10, waiting=0)
2025-04-20 14:01:04,784 DEBUG [HikariPool-1 housekeeper][HikariPool.java:421] - HikariPool-1 - Pool stats (total=10, active=0, idle=10, waiting=0)
2025-04-20 14:01:04,784 DEBUG [HikariPool-1 housekeeper][HikariPool.java:517] - HikariPool-1 - Fill pool skipped, pool is at sufficient level.
2025-04-20 14:01:04,784 DEBUG [HikariPool-1 housekeeper][HikariPool.java:517] - HikariPool-1 - Fill pool skipped, pool is at sufficient level.
2025-04-20 14:01:34,789 DEBUG [HikariPool-1 housekeeper][HikariPool.java:421] - HikariPool-1 - Pool stats (total=10, active=0, idle=10, waiting=0)
2025-04-20 14:01:34,789 DEBUG [HikariPool-1 housekeeper][HikariPool.java:421] - HikariPool-1 - Pool stats (total=10, active=0, idle=10, waiting=0)
2025-04-20 14:01:34,789 DEBUG [HikariPool-1 housekeeper][HikariPool.java:517] - HikariPool-1 - Fill pool skipped, pool is at sufficient level.
2025-04-20 14:01:34,789 DEBUG [HikariPool-1 housekeeper][HikariPool.java:517] - HikariPool-1 - Fill pool skipped, pool is at sufficient level.
2025-04-20 14:02:04,793 DEBUG [HikariPool-1 housekeeper][HikariPool.java:421] - HikariPool-1 - Pool stats (total=10, active=0, idle=10, waiting=0)
2025-04-20 14:02:04,793 DEBUG [HikariPool-1 housekeeper][HikariPool.java:421] - HikariPool-1 - Pool stats (total=10, active=0, idle=10, waiting=0)
2025-04-20 14:02:04,793 DEBUG [HikariPool-1 housekeeper][HikariPool.java:517] - HikariPool-1 - Fill pool skipped, pool is at sufficient level.
2025-04-20 14:02:04,793 DEBUG [HikariPool-1 housekeeper][HikariPool.java:517] - HikariPool-1 - Fill pool skipped, pool is at sufficient level.
2025-04-20 14:02:34,804 DEBUG [HikariPool-1 housekeeper][HikariPool.java:421] - HikariPool-1 - Pool stats (total=10, active=0, idle=10, waiting=0)
2025-04-20 14:02:34,804 DEBUG [HikariPool-1 housekeeper][HikariPool.java:421] - HikariPool-1 - Pool stats (total=10, active=0, idle=10, waiting=0)
2025-04-20 14:02:34,804 DEBUG [HikariPool-1 housekeeper][HikariPool.java:517] - HikariPool-1 - Fill pool skipped, pool is at sufficient level.
2025-04-20 14:02:34,804 DEBUG [HikariPool-1 housekeeper][HikariPool.java:517] - HikariPool-1 - Fill pool skipped, pool is at sufficient level.
2025-04-20 14:03:04,807 DEBUG [HikariPool-1 housekeeper][HikariPool.java:421] - HikariPool-1 - Pool stats (total=10, active=0, idle=10, waiting=0)
2025-04-20 14:03:04,807 DEBUG [HikariPool-1 housekeeper][HikariPool.java:517] - HikariPool-1 - Fill pool skipped, pool is at sufficient level.
2025-04-20 14:03:04,807 DEBUG [HikariPool-1 housekeeper][HikariPool.java:421] - HikariPool-1 - Pool stats (total=10, active=0, idle=10, waiting=0)
2025-04-20 14:03:04,807 DEBUG [HikariPool-1 housekeeper][HikariPool.java:517] - HikariPool-1 - Fill pool skipped, pool is at sufficient level.
2025-04-20 14:03:34,814 DEBUG [HikariPool-1 housekeeper][HikariPool.java:421] - HikariPool-1 - Pool stats (total=10, active=0, idle=10, waiting=0)
2025-04-20 14:03:34,814 DEBUG [HikariPool-1 housekeeper][HikariPool.java:421] - HikariPool-1 - Pool stats (total=10, active=0, idle=10, waiting=0)
2025-04-20 14:03:34,814 DEBUG [HikariPool-1 housekeeper][HikariPool.java:517] - HikariPool-1 - Fill pool skipped, pool is at sufficient level.
2025-04-20 14:03:34,814 DEBUG [HikariPool-1 housekeeper][HikariPool.java:517] - HikariPool-1 - Fill pool skipped, pool is at sufficient level.
2025-04-20 14:04:04,826 DEBUG [HikariPool-1 housekeeper][HikariPool.java:421] - HikariPool-1 - Pool stats (total=10, active=0, idle=10, waiting=0)
2025-04-20 14:04:04,826 DEBUG [HikariPool-1 housekeeper][HikariPool.java:421] - HikariPool-1 - Pool stats (total=10, active=0, idle=10, waiting=0)
2025-04-20 14:04:04,826 DEBUG [HikariPool-1 housekeeper][HikariPool.java:517] - HikariPool-1 - Fill pool skipped, pool is at sufficient level.
2025-04-20 14:04:04,826 DEBUG [HikariPool-1 housekeeper][HikariPool.java:517] - HikariPool-1 - Fill pool skipped, pool is at sufficient level.
2025-04-20 14:04:34,829 DEBUG [HikariPool-1 housekeeper][HikariPool.java:421] - HikariPool-1 - Pool stats (total=10, active=0, idle=10, waiting=0)
2025-04-20 14:04:34,829 DEBUG [HikariPool-1 housekeeper][HikariPool.java:517] - HikariPool-1 - Fill pool skipped, pool is at sufficient level.
2025-04-20 14:04:34,829 DEBUG [HikariPool-1 housekeeper][HikariPool.java:421] - HikariPool-1 - Pool stats (total=10, active=0, idle=10, waiting=0)
2025-04-20 14:04:34,829 DEBUG [HikariPool-1 housekeeper][HikariPool.java:517] - HikariPool-1 - Fill pool skipped, pool is at sufficient level.
2025-04-20 14:05:04,838 DEBUG [HikariPool-1 housekeeper][HikariPool.java:421] - HikariPool-1 - Pool stats (total=10, active=0, idle=10, waiting=0)
2025-04-20 14:05:04,838 DEBUG [HikariPool-1 housekeeper][HikariPool.java:421] - HikariPool-1 - Pool stats (total=10, active=0, idle=10, waiting=0)
2025-04-20 14:05:04,838 DEBUG [HikariPool-1 housekeeper][HikariPool.java:517] - HikariPool-1 - Fill pool skipped, pool is at sufficient level.
2025-04-20 14:05:04,838 DEBUG [HikariPool-1 housekeeper][HikariPool.java:517] - HikariPool-1 - Fill pool skipped, pool is at sufficient level.
2025-04-20 14:05:34,841 DEBUG [HikariPool-1 housekeeper][HikariPool.java:421] - HikariPool-1 - Pool stats (total=10, active=0, idle=10, waiting=0)
2025-04-20 14:05:34,841 DEBUG [HikariPool-1 housekeeper][HikariPool.java:421] - HikariPool-1 - Pool stats (total=10, active=0, idle=10, waiting=0)
2025-04-20 14:05:34,841 DEBUG [HikariPool-1 housekeeper][HikariPool.java:517] - HikariPool-1 - Fill pool skipped, pool is at sufficient level.
2025-04-20 14:05:34,841 DEBUG [HikariPool-1 housekeeper][HikariPool.java:517] - HikariPool-1 - Fill pool skipped, pool is at sufficient level.
2025-04-20 14:06:04,849 DEBUG [HikariPool-1 housekeeper][HikariPool.java:421] - HikariPool-1 - Pool stats (total=10, active=0, idle=10, waiting=0)
2025-04-20 14:06:04,849 DEBUG [HikariPool-1 housekeeper][HikariPool.java:421] - HikariPool-1 - Pool stats (total=10, active=0, idle=10, waiting=0)
2025-04-20 14:06:04,850 DEBUG [HikariPool-1 housekeeper][HikariPool.java:517] - HikariPool-1 - Fill pool skipped, pool is at sufficient level.
2025-04-20 14:06:04,850 DEBUG [HikariPool-1 housekeeper][HikariPool.java:517] - HikariPool-1 - Fill pool skipped, pool is at sufficient level.
2025-04-20 14:06:34,864 DEBUG [HikariPool-1 housekeeper][HikariPool.java:421] - HikariPool-1 - Pool stats (total=10, active=0, idle=10, waiting=0)
2025-04-20 14:06:34,864 DEBUG [HikariPool-1 housekeeper][HikariPool.java:421] - HikariPool-1 - Pool stats (total=10, active=0, idle=10, waiting=0)
2025-04-20 14:06:34,864 DEBUG [HikariPool-1 housekeeper][HikariPool.java:517] - HikariPool-1 - Fill pool skipped, pool is at sufficient level.
2025-04-20 14:06:34,864 DEBUG [HikariPool-1 housekeeper][HikariPool.java:517] - HikariPool-1 - Fill pool skipped, pool is at sufficient level.
2025-04-20 14:07:04,865 DEBUG [HikariPool-1 housekeeper][HikariPool.java:421] - HikariPool-1 - Pool stats (total=10, active=0, idle=10, waiting=0)
2025-04-20 14:07:04,865 DEBUG [HikariPool-1 housekeeper][HikariPool.java:421] - HikariPool-1 - Pool stats (total=10, active=0, idle=10, waiting=0)
2025-04-20 14:07:04,865 DEBUG [HikariPool-1 housekeeper][HikariPool.java:517] - HikariPool-1 - Fill pool skipped, pool is at sufficient level.
2025-04-20 14:07:04,865 DEBUG [HikariPool-1 housekeeper][HikariPool.java:517] - HikariPool-1 - Fill pool skipped, pool is at sufficient level.
2025-04-20 14:07:34,873 DEBUG [HikariPool-1 housekeeper][HikariPool.java:421] - HikariPool-1 - Pool stats (total=10, active=0, idle=10, waiting=0)
2025-04-20 14:07:34,873 DEBUG [HikariPool-1 housekeeper][HikariPool.java:421] - HikariPool-1 - Pool stats (total=10, active=0, idle=10, waiting=0)
2025-04-20 14:07:34,873 DEBUG [HikariPool-1 housekeeper][HikariPool.java:517] - HikariPool-1 - Fill pool skipped, pool is at sufficient level.
2025-04-20 14:07:34,873 DEBUG [HikariPool-1 housekeeper][HikariPool.java:517] - HikariPool-1 - Fill pool skipped, pool is at sufficient level.
2025-04-20 14:08:04,878 DEBUG [HikariPool-1 housekeeper][HikariPool.java:421] - HikariPool-1 - Pool stats (total=10, active=0, idle=10, waiting=0)
2025-04-20 14:08:04,878 DEBUG [HikariPool-1 housekeeper][HikariPool.java:421] - HikariPool-1 - Pool stats (total=10, active=0, idle=10, waiting=0)
2025-04-20 14:08:04,878 DEBUG [HikariPool-1 housekeeper][HikariPool.java:517] - HikariPool-1 - Fill pool skipped, pool is at sufficient level.
2025-04-20 14:08:04,878 DEBUG [HikariPool-1 housekeeper][HikariPool.java:517] - HikariPool-1 - Fill pool skipped, pool is at sufficient level.
2025-04-20 14:08:34,888 DEBUG [HikariPool-1 housekeeper][HikariPool.java:421] - HikariPool-1 - Pool stats (total=10, active=0, idle=10, waiting=0)
2025-04-20 14:08:34,888 DEBUG [HikariPool-1 housekeeper][HikariPool.java:421] - HikariPool-1 - Pool stats (total=10, active=0, idle=10, waiting=0)
2025-04-20 14:08:34,888 DEBUG [HikariPool-1 housekeeper][HikariPool.java:517] - HikariPool-1 - Fill pool skipped, pool is at sufficient level.
2025-04-20 14:08:34,888 DEBUG [HikariPool-1 housekeeper][HikariPool.java:517] - HikariPool-1 - Fill pool skipped, pool is at sufficient level.
2025-04-20 14:09:04,896 DEBUG [HikariPool-1 housekeeper][HikariPool.java:421] - HikariPool-1 - Pool stats (total=10, active=0, idle=10, waiting=0)
2025-04-20 14:09:04,896 DEBUG [HikariPool-1 housekeeper][HikariPool.java:421] - HikariPool-1 - Pool stats (total=10, active=0, idle=10, waiting=0)
2025-04-20 14:09:04,896 DEBUG [HikariPool-1 housekeeper][HikariPool.java:517] - HikariPool-1 - Fill pool skipped, pool is at sufficient level.
2025-04-20 14:09:04,896 DEBUG [HikariPool-1 housekeeper][HikariPool.java:517] - HikariPool-1 - Fill pool skipped, pool is at sufficient level.
2025-04-20 14:09:31,617 DEBUG [HikariPool-1 connection closer][PoolBase.java:134] - HikariPool-1 - Closing connection com.mysql.cj.jdbc.ConnectionImpl@56db8898: (connection has passed maxLifetime)
2025-04-20 14:09:31,617 DEBUG [HikariPool-1 connection closer][PoolBase.java:134] - HikariPool-1 - Closing connection com.mysql.cj.jdbc.ConnectionImpl@56db8898: (connection has passed maxLifetime)
2025-04-20 14:09:31,624 DEBUG [HikariPool-1 connection adder][HikariPool.java:728] - HikariPool-1 - Added connection com.mysql.cj.jdbc.ConnectionImpl@4f6f7bdf
2025-04-20 14:09:31,624 DEBUG [HikariPool-1 connection adder][HikariPool.java:728] - HikariPool-1 - Added connection com.mysql.cj.jdbc.ConnectionImpl@4f6f7bdf
2025-04-20 14:09:34,572 DEBUG [HikariPool-1 connection closer][PoolBase.java:134] - HikariPool-1 - Closing connection com.mysql.cj.jdbc.ConnectionImpl@67c77ad8: (connection has passed maxLifetime)
2025-04-20 14:09:34,572 DEBUG [HikariPool-1 connection closer][PoolBase.java:134] - HikariPool-1 - Closing connection com.mysql.cj.jdbc.ConnectionImpl@67c77ad8: (connection has passed maxLifetime)
2025-04-20 14:09:34,581 DEBUG [HikariPool-1 connection adder][HikariPool.java:728] - HikariPool-1 - Added connection com.mysql.cj.jdbc.ConnectionImpl@e5271e4
2025-04-20 14:09:34,581 DEBUG [HikariPool-1 connection adder][HikariPool.java:728] - HikariPool-1 - Added connection com.mysql.cj.jdbc.ConnectionImpl@e5271e4
2025-04-20 14:09:34,905 DEBUG [HikariPool-1 housekeeper][HikariPool.java:421] - HikariPool-1 - Pool stats (total=10, active=0, idle=10, waiting=0)
2025-04-20 14:09:34,905 DEBUG [HikariPool-1 housekeeper][HikariPool.java:421] - HikariPool-1 - Pool stats (total=10, active=0, idle=10, waiting=0)
2025-04-20 14:09:34,905 DEBUG [HikariPool-1 housekeeper][HikariPool.java:517] - HikariPool-1 - Fill pool skipped, pool is at sufficient level.
2025-04-20 14:09:34,905 DEBUG [HikariPool-1 housekeeper][HikariPool.java:517] - HikariPool-1 - Fill pool skipped, pool is at sufficient level.
2025-04-20 14:09:46,080 DEBUG [HikariPool-1 connection closer][PoolBase.java:134] - HikariPool-1 - Closing connection com.mysql.cj.jdbc.ConnectionImpl@36f477d7: (connection has passed maxLifetime)
2025-04-20 14:09:46,080 DEBUG [HikariPool-1 connection closer][PoolBase.java:134] - HikariPool-1 - Closing connection com.mysql.cj.jdbc.ConnectionImpl@36f477d7: (connection has passed maxLifetime)
2025-04-20 14:09:46,087 DEBUG [HikariPool-1 connection adder][HikariPool.java:728] - HikariPool-1 - Added connection com.mysql.cj.jdbc.ConnectionImpl@5889a6bb
2025-04-20 14:09:46,087 DEBUG [HikariPool-1 connection adder][HikariPool.java:728] - HikariPool-1 - Added connection com.mysql.cj.jdbc.ConnectionImpl@5889a6bb
2025-04-20 14:10:01,597 DEBUG [HikariPool-1 connection closer][PoolBase.java:134] - HikariPool-1 - Closing connection com.mysql.cj.jdbc.ConnectionImpl@22d2a7ee: (connection has passed maxLifetime)
2025-04-20 14:10:01,597 DEBUG [HikariPool-1 connection closer][PoolBase.java:134] - HikariPool-1 - Closing connection com.mysql.cj.jdbc.ConnectionImpl@22d2a7ee: (connection has passed maxLifetime)
2025-04-20 14:10:01,610 DEBUG [HikariPool-1 connection adder][HikariPool.java:728] - HikariPool-1 - Added connection com.mysql.cj.jdbc.ConnectionImpl@411d5e18
2025-04-20 14:10:01,610 DEBUG [HikariPool-1 connection adder][HikariPool.java:728] - HikariPool-1 - Added connection com.mysql.cj.jdbc.ConnectionImpl@411d5e18
2025-04-20 14:10:04,918 DEBUG [HikariPool-1 housekeeper][HikariPool.java:421] - HikariPool-1 - Pool stats (total=10, active=0, idle=10, waiting=0)
2025-04-20 14:10:04,918 DEBUG [HikariPool-1 housekeeper][HikariPool.java:421] - HikariPool-1 - Pool stats (total=10, active=0, idle=10, waiting=0)
2025-04-20 14:10:04,918 DEBUG [HikariPool-1 housekeeper][HikariPool.java:517] - HikariPool-1 - Fill pool skipped, pool is at sufficient level.
2025-04-20 14:10:04,918 DEBUG [HikariPool-1 housekeeper][HikariPool.java:517] - HikariPool-1 - Fill pool skipped, pool is at sufficient level.
2025-04-20 14:10:09,547 DEBUG [HikariPool-1 connection closer][PoolBase.java:134] - HikariPool-1 - Closing connection com.mysql.cj.jdbc.ConnectionImpl@17e682a3: (connection has passed maxLifetime)
2025-04-20 14:10:09,547 DEBUG [HikariPool-1 connection closer][PoolBase.java:134] - HikariPool-1 - Closing connection com.mysql.cj.jdbc.ConnectionImpl@17e682a3: (connection has passed maxLifetime)
2025-04-20 14:10:09,553 DEBUG [HikariPool-1 connection adder][HikariPool.java:728] - HikariPool-1 - Added connection com.mysql.cj.jdbc.ConnectionImpl@1382e679
2025-04-20 14:10:09,553 DEBUG [HikariPool-1 connection adder][HikariPool.java:728] - HikariPool-1 - Added connection com.mysql.cj.jdbc.ConnectionImpl@1382e679
2025-04-20 14:10:12,997 DEBUG [HikariPool-1 connection closer][PoolBase.java:134] - HikariPool-1 - Closing connection com.mysql.cj.jdbc.ConnectionImpl@63efadd5: (connection has passed maxLifetime)
2025-04-20 14:10:12,997 DEBUG [HikariPool-1 connection closer][PoolBase.java:134] - HikariPool-1 - Closing connection com.mysql.cj.jdbc.ConnectionImpl@63efadd5: (connection has passed maxLifetime)
2025-04-20 14:10:13,004 DEBUG [HikariPool-1 connection adder][HikariPool.java:728] - HikariPool-1 - Added connection com.mysql.cj.jdbc.ConnectionImpl@52bfec42
2025-04-20 14:10:13,004 DEBUG [HikariPool-1 connection adder][HikariPool.java:728] - HikariPool-1 - Added connection com.mysql.cj.jdbc.ConnectionImpl@52bfec42
2025-04-20 14:10:31,975 DEBUG [HikariPool-1 connection closer][PoolBase.java:134] - HikariPool-1 - Closing connection com.mysql.cj.jdbc.ConnectionImpl@4f6c1af: (connection has passed maxLifetime)
2025-04-20 14:10:31,975 DEBUG [HikariPool-1 connection closer][PoolBase.java:134] - HikariPool-1 - Closing connection com.mysql.cj.jdbc.ConnectionImpl@4f6c1af: (connection has passed maxLifetime)
2025-04-20 14:10:31,981 DEBUG [HikariPool-1 connection adder][HikariPool.java:728] - HikariPool-1 - Added connection com.mysql.cj.jdbc.ConnectionImpl@b2ca19
2025-04-20 14:10:31,981 DEBUG [HikariPool-1 connection adder][HikariPool.java:728] - HikariPool-1 - Added connection com.mysql.cj.jdbc.ConnectionImpl@b2ca19
2025-04-20 14:10:34,932 DEBUG [HikariPool-1 housekeeper][HikariPool.java:421] - HikariPool-1 - Pool stats (total=10, active=0, idle=10, waiting=0)
2025-04-20 14:10:34,932 DEBUG [HikariPool-1 housekeeper][HikariPool.java:421] - HikariPool-1 - Pool stats (total=10, active=0, idle=10, waiting=0)
2025-04-20 14:10:34,932 DEBUG [HikariPool-1 housekeeper][HikariPool.java:517] - HikariPool-1 - Fill pool skipped, pool is at sufficient level.
2025-04-20 14:10:34,932 DEBUG [HikariPool-1 housekeeper][HikariPool.java:517] - HikariPool-1 - Fill pool skipped, pool is at sufficient level.
2025-04-20 14:10:38,731 DEBUG [HikariPool-1 connection closer][PoolBase.java:134] - HikariPool-1 - Closing connection com.mysql.cj.jdbc.ConnectionImpl@4f11e4d7: (connection has passed maxLifetime)
2025-04-20 14:10:38,731 DEBUG [HikariPool-1 connection closer][PoolBase.java:134] - HikariPool-1 - Closing connection com.mysql.cj.jdbc.ConnectionImpl@4f11e4d7: (connection has passed maxLifetime)
2025-04-20 14:10:38,736 DEBUG [HikariPool-1 connection adder][HikariPool.java:728] - HikariPool-1 - Added connection com.mysql.cj.jdbc.ConnectionImpl@77216c9f
2025-04-20 14:10:38,736 DEBUG [HikariPool-1 connection adder][HikariPool.java:728] - HikariPool-1 - Added connection com.mysql.cj.jdbc.ConnectionImpl@77216c9f
2025-04-20 14:10:40,932 DEBUG [HikariPool-1 connection closer][PoolBase.java:134] - HikariPool-1 - Closing connection com.mysql.cj.jdbc.ConnectionImpl@45cbcb94: (connection has passed maxLifetime)
2025-04-20 14:10:40,932 DEBUG [HikariPool-1 connection closer][PoolBase.java:134] - HikariPool-1 - Closing connection com.mysql.cj.jdbc.ConnectionImpl@45cbcb94: (connection has passed maxLifetime)
2025-04-20 14:10:40,938 DEBUG [HikariPool-1 connection adder][HikariPool.java:728] - HikariPool-1 - Added connection com.mysql.cj.jdbc.ConnectionImpl@361c66a4
2025-04-20 14:10:40,938 DEBUG [HikariPool-1 connection adder][HikariPool.java:728] - HikariPool-1 - Added connection com.mysql.cj.jdbc.ConnectionImpl@361c66a4
2025-04-20 14:11:00,507 DEBUG [HikariPool-1 connection closer][PoolBase.java:134] - HikariPool-1 - Closing connection com.mysql.cj.jdbc.ConnectionImpl@3fdf9d1e: (connection has passed maxLifetime)
2025-04-20 14:11:00,507 DEBUG [HikariPool-1 connection closer][PoolBase.java:134] - HikariPool-1 - Closing connection com.mysql.cj.jdbc.ConnectionImpl@3fdf9d1e: (connection has passed maxLifetime)
2025-04-20 14:11:00,514 DEBUG [HikariPool-1 connection adder][HikariPool.java:728] - HikariPool-1 - Added connection com.mysql.cj.jdbc.ConnectionImpl@96236b1
2025-04-20 14:11:00,514 DEBUG [HikariPool-1 connection adder][HikariPool.java:728] - HikariPool-1 - Added connection com.mysql.cj.jdbc.ConnectionImpl@96236b1
2025-04-20 14:11:04,947 DEBUG [HikariPool-1 housekeeper][HikariPool.java:421] - HikariPool-1 - Pool stats (total=10, active=0, idle=10, waiting=0)
2025-04-20 14:11:04,947 DEBUG [HikariPool-1 housekeeper][HikariPool.java:517] - HikariPool-1 - Fill pool skipped, pool is at sufficient level.
2025-04-20 14:11:04,947 DEBUG [HikariPool-1 housekeeper][HikariPool.java:421] - HikariPool-1 - Pool stats (total=10, active=0, idle=10, waiting=0)
2025-04-20 14:11:04,947 DEBUG [HikariPool-1 housekeeper][HikariPool.java:517] - HikariPool-1 - Fill pool skipped, pool is at sufficient level.
2025-04-20 14:11:34,952 DEBUG [HikariPool-1 housekeeper][HikariPool.java:421] - HikariPool-1 - Pool stats (total=10, active=0, idle=10, waiting=0)
2025-04-20 14:11:34,952 DEBUG [HikariPool-1 housekeeper][HikariPool.java:421] - HikariPool-1 - Pool stats (total=10, active=0, idle=10, waiting=0)
2025-04-20 14:11:34,952 DEBUG [HikariPool-1 housekeeper][HikariPool.java:517] - HikariPool-1 - Fill pool skipped, pool is at sufficient level.
2025-04-20 14:11:34,952 DEBUG [HikariPool-1 housekeeper][HikariPool.java:517] - HikariPool-1 - Fill pool skipped, pool is at sufficient level.
2025-04-20 14:12:04,960 DEBUG [HikariPool-1 housekeeper][HikariPool.java:421] - HikariPool-1 - Pool stats (total=10, active=0, idle=10, waiting=0)
2025-04-20 14:12:04,960 DEBUG [HikariPool-1 housekeeper][HikariPool.java:421] - HikariPool-1 - Pool stats (total=10, active=0, idle=10, waiting=0)
2025-04-20 14:12:04,960 DEBUG [HikariPool-1 housekeeper][HikariPool.java:517] - HikariPool-1 - Fill pool skipped, pool is at sufficient level.
2025-04-20 14:12:04,960 DEBUG [HikariPool-1 housekeeper][HikariPool.java:517] - HikariPool-1 - Fill pool skipped, pool is at sufficient level.
2025-04-20 14:12:34,962 DEBUG [HikariPool-1 housekeeper][HikariPool.java:421] - HikariPool-1 - Pool stats (total=10, active=0, idle=10, waiting=0)
2025-04-20 14:12:34,962 DEBUG [HikariPool-1 housekeeper][HikariPool.java:517] - HikariPool-1 - Fill pool skipped, pool is at sufficient level.
2025-04-20 14:12:34,962 DEBUG [HikariPool-1 housekeeper][HikariPool.java:421] - HikariPool-1 - Pool stats (total=10, active=0, idle=10, waiting=0)
2025-04-20 14:12:34,962 DEBUG [HikariPool-1 housekeeper][HikariPool.java:517] - HikariPool-1 - Fill pool skipped, pool is at sufficient level.
2025-04-20 14:13:04,978 DEBUG [HikariPool-1 housekeeper][HikariPool.java:421] - HikariPool-1 - Pool stats (total=10, active=0, idle=10, waiting=0)
2025-04-20 14:13:04,978 DEBUG [HikariPool-1 housekeeper][HikariPool.java:517] - HikariPool-1 - Fill pool skipped, pool is at sufficient level.
2025-04-20 14:13:04,978 DEBUG [HikariPool-1 housekeeper][HikariPool.java:421] - HikariPool-1 - Pool stats (total=10, active=0, idle=10, waiting=0)
2025-04-20 14:13:04,978 DEBUG [HikariPool-1 housekeeper][HikariPool.java:517] - HikariPool-1 - Fill pool skipped, pool is at sufficient level.
2025-04-20 14:13:34,992 DEBUG [HikariPool-1 housekeeper][HikariPool.java:421] - HikariPool-1 - Pool stats (total=10, active=0, idle=10, waiting=0)
2025-04-20 14:13:34,992 DEBUG [HikariPool-1 housekeeper][HikariPool.java:517] - HikariPool-1 - Fill pool skipped, pool is at sufficient level.
2025-04-20 14:13:34,992 DEBUG [HikariPool-1 housekeeper][HikariPool.java:421] - HikariPool-1 - Pool stats (total=10, active=0, idle=10, waiting=0)
2025-04-20 14:13:34,992 DEBUG [HikariPool-1 housekeeper][HikariPool.java:517] - HikariPool-1 - Fill pool skipped, pool is at sufficient level.
2025-04-20 14:14:05,001 DEBUG [HikariPool-1 housekeeper][HikariPool.java:421] - HikariPool-1 - Pool stats (total=10, active=0, idle=10, waiting=0)
2025-04-20 14:14:05,001 DEBUG [HikariPool-1 housekeeper][HikariPool.java:517] - HikariPool-1 - Fill pool skipped, pool is at sufficient level.
2025-04-20 14:14:05,001 DEBUG [HikariPool-1 housekeeper][HikariPool.java:421] - HikariPool-1 - Pool stats (total=10, active=0, idle=10, waiting=0)
2025-04-20 14:14:05,001 DEBUG [HikariPool-1 housekeeper][HikariPool.java:517] - HikariPool-1 - Fill pool skipped, pool is at sufficient level.
2025-04-20 14:14:35,012 DEBUG [HikariPool-1 housekeeper][HikariPool.java:421] - HikariPool-1 - Pool stats (total=10, active=0, idle=10, waiting=0)
2025-04-20 14:14:35,012 DEBUG [HikariPool-1 housekeeper][HikariPool.java:517] - HikariPool-1 - Fill pool skipped, pool is at sufficient level.
2025-04-20 14:14:35,012 DEBUG [HikariPool-1 housekeeper][HikariPool.java:421] - HikariPool-1 - Pool stats (total=10, active=0, idle=10, waiting=0)
2025-04-20 14:14:35,012 DEBUG [HikariPool-1 housekeeper][HikariPool.java:517] - HikariPool-1 - Fill pool skipped, pool is at sufficient level.
2025-04-20 14:15:05,015 DEBUG [HikariPool-1 housekeeper][HikariPool.java:421] - HikariPool-1 - Pool stats (total=10, active=0, idle=10, waiting=0)
2025-04-20 14:15:05,015 DEBUG [HikariPool-1 housekeeper][HikariPool.java:421] - HikariPool-1 - Pool stats (total=10, active=0, idle=10, waiting=0)
2025-04-20 14:15:05,015 DEBUG [HikariPool-1 housekeeper][HikariPool.java:517] - HikariPool-1 - Fill pool skipped, pool is at sufficient level.
2025-04-20 14:15:05,015 DEBUG [HikariPool-1 housekeeper][HikariPool.java:517] - HikariPool-1 - Fill pool skipped, pool is at sufficient level.
2025-04-20 14:15:35,023 DEBUG [HikariPool-1 housekeeper][HikariPool.java:421] - HikariPool-1 - Pool stats (total=10, active=0, idle=10, waiting=0)
2025-04-20 14:15:35,023 DEBUG [HikariPool-1 housekeeper][HikariPool.java:421] - HikariPool-1 - Pool stats (total=10, active=0, idle=10, waiting=0)
2025-04-20 14:15:35,023 DEBUG [HikariPool-1 housekeeper][HikariPool.java:517] - HikariPool-1 - Fill pool skipped, pool is at sufficient level.
2025-04-20 14:15:35,023 DEBUG [HikariPool-1 housekeeper][HikariPool.java:517] - HikariPool-1 - Fill pool skipped, pool is at sufficient level.
2025-04-20 14:16:05,027 DEBUG [HikariPool-1 housekeeper][HikariPool.java:421] - HikariPool-1 - Pool stats (total=10, active=0, idle=10, waiting=0)
2025-04-20 14:16:05,027 DEBUG [HikariPool-1 housekeeper][HikariPool.java:421] - HikariPool-1 - Pool stats (total=10, active=0, idle=10, waiting=0)
2025-04-20 14:16:05,027 DEBUG [HikariPool-1 housekeeper][HikariPool.java:517] - HikariPool-1 - Fill pool skipped, pool is at sufficient level.
2025-04-20 14:16:05,027 DEBUG [HikariPool-1 housekeeper][HikariPool.java:517] - HikariPool-1 - Fill pool skipped, pool is at sufficient level.
2025-04-20 14:16:35,041 DEBUG [HikariPool-1 housekeeper][HikariPool.java:421] - HikariPool-1 - Pool stats (total=10, active=0, idle=10, waiting=0)
2025-04-20 14:16:35,041 DEBUG [HikariPool-1 housekeeper][HikariPool.java:421] - HikariPool-1 - Pool stats (total=10, active=0, idle=10, waiting=0)
2025-04-20 14:16:35,041 DEBUG [HikariPool-1 housekeeper][HikariPool.java:517] - HikariPool-1 - Fill pool skipped, pool is at sufficient level.
2025-04-20 14:16:35,041 DEBUG [HikariPool-1 housekeeper][HikariPool.java:517] - HikariPool-1 - Fill pool skipped, pool is at sufficient level.
2025-04-20 14:17:05,050 DEBUG [HikariPool-1 housekeeper][HikariPool.java:421] - HikariPool-1 - Pool stats (total=10, active=0, idle=10, waiting=0)
2025-04-20 14:17:05,050 DEBUG [HikariPool-1 housekeeper][HikariPool.java:517] - HikariPool-1 - Fill pool skipped, pool is at sufficient level.
2025-04-20 14:17:05,050 DEBUG [HikariPool-1 housekeeper][HikariPool.java:421] - HikariPool-1 - Pool stats (total=10, active=0, idle=10, waiting=0)
2025-04-20 14:17:05,050 DEBUG [HikariPool-1 housekeeper][HikariPool.java:517] - HikariPool-1 - Fill pool skipped, pool is at sufficient level.
2025-04-20 14:17:35,055 DEBUG [HikariPool-1 housekeeper][HikariPool.java:421] - HikariPool-1 - Pool stats (total=10, active=0, idle=10, waiting=0)
2025-04-20 14:17:35,055 DEBUG [HikariPool-1 housekeeper][HikariPool.java:421] - HikariPool-1 - Pool stats (total=10, active=0, idle=10, waiting=0)
2025-04-20 14:17:35,055 DEBUG [HikariPool-1 housekeeper][HikariPool.java:517] - HikariPool-1 - Fill pool skipped, pool is at sufficient level.
2025-04-20 14:17:35,055 DEBUG [HikariPool-1 housekeeper][HikariPool.java:517] - HikariPool-1 - Fill pool skipped, pool is at sufficient level.
2025-04-20 14:18:05,066 DEBUG [HikariPool-1 housekeeper][HikariPool.java:421] - HikariPool-1 - Pool stats (total=10, active=0, idle=10, waiting=0)
2025-04-20 14:18:05,066 DEBUG [HikariPool-1 housekeeper][HikariPool.java:517] - HikariPool-1 - Fill pool skipped, pool is at sufficient level.
2025-04-20 14:18:05,066 DEBUG [HikariPool-1 housekeeper][HikariPool.java:421] - HikariPool-1 - Pool stats (total=10, active=0, idle=10, waiting=0)
2025-04-20 14:18:05,066 DEBUG [HikariPool-1 housekeeper][HikariPool.java:517] - HikariPool-1 - Fill pool skipped, pool is at sufficient level.
2025-04-20 14:18:35,082 DEBUG [HikariPool-1 housekeeper][HikariPool.java:421] - HikariPool-1 - Pool stats (total=10, active=0, idle=10, waiting=0)
2025-04-20 14:18:35,082 DEBUG [HikariPool-1 housekeeper][HikariPool.java:421] - HikariPool-1 - Pool stats (total=10, active=0, idle=10, waiting=0)
2025-04-20 14:18:35,082 DEBUG [HikariPool-1 housekeeper][HikariPool.java:517] - HikariPool-1 - Fill pool skipped, pool is at sufficient level.
2025-04-20 14:18:35,082 DEBUG [HikariPool-1 housekeeper][HikariPool.java:517] - HikariPool-1 - Fill pool skipped, pool is at sufficient level.
2025-04-20 14:19:05,095 DEBUG [HikariPool-1 housekeeper][HikariPool.java:421] - HikariPool-1 - Pool stats (total=10, active=0, idle=10, waiting=0)
2025-04-20 14:19:05,095 DEBUG [HikariPool-1 housekeeper][HikariPool.java:517] - HikariPool-1 - Fill pool skipped, pool is at sufficient level.
2025-04-20 14:19:05,095 DEBUG [HikariPool-1 housekeeper][HikariPool.java:421] - HikariPool-1 - Pool stats (total=10, active=0, idle=10, waiting=0)
2025-04-20 14:19:05,095 DEBUG [HikariPool-1 housekeeper][HikariPool.java:517] - HikariPool-1 - Fill pool skipped, pool is at sufficient level.
2025-04-20 14:19:35,103 DEBUG [HikariPool-1 housekeeper][HikariPool.java:421] - HikariPool-1 - Pool stats (total=10, active=0, idle=10, waiting=0)
2025-04-20 14:19:35,103 DEBUG [HikariPool-1 housekeeper][HikariPool.java:421] - HikariPool-1 - Pool stats (total=10, active=0, idle=10, waiting=0)
2025-04-20 14:19:35,103 DEBUG [HikariPool-1 housekeeper][HikariPool.java:517] - HikariPool-1 - Fill pool skipped, pool is at sufficient level.
2025-04-20 14:19:35,103 DEBUG [HikariPool-1 housekeeper][HikariPool.java:517] - HikariPool-1 - Fill pool skipped, pool is at sufficient level.
2025-04-20 14:20:05,109 DEBUG [HikariPool-1 housekeeper][HikariPool.java:421] - HikariPool-1 - Pool stats (total=10, active=0, idle=10, waiting=0)
2025-04-20 14:20:05,109 DEBUG [HikariPool-1 housekeeper][HikariPool.java:517] - HikariPool-1 - Fill pool skipped, pool is at sufficient level.
2025-04-20 14:20:05,109 DEBUG [HikariPool-1 housekeeper][HikariPool.java:421] - HikariPool-1 - Pool stats (total=10, active=0, idle=10, waiting=0)
2025-04-20 14:20:05,109 DEBUG [HikariPool-1 housekeeper][HikariPool.java:517] - HikariPool-1 - Fill pool skipped, pool is at sufficient level.
2025-04-20 14:20:35,115 DEBUG [HikariPool-1 housekeeper][HikariPool.java:421] - HikariPool-1 - Pool stats (total=10, active=0, idle=10, waiting=0)
2025-04-20 14:20:35,115 DEBUG [HikariPool-1 housekeeper][HikariPool.java:421] - HikariPool-1 - Pool stats (total=10, active=0, idle=10, waiting=0)
2025-04-20 14:20:35,115 DEBUG [HikariPool-1 housekeeper][HikariPool.java:517] - HikariPool-1 - Fill pool skipped, pool is at sufficient level.
2025-04-20 14:20:35,115 DEBUG [HikariPool-1 housekeeper][HikariPool.java:517] - HikariPool-1 - Fill pool skipped, pool is at sufficient level.
2025-04-20 14:21:05,130 DEBUG [HikariPool-1 housekeeper][HikariPool.java:421] - HikariPool-1 - Pool stats (total=10, active=0, idle=10, waiting=0)
2025-04-20 14:21:05,130 DEBUG [HikariPool-1 housekeeper][HikariPool.java:421] - HikariPool-1 - Pool stats (total=10, active=0, idle=10, waiting=0)
2025-04-20 14:21:05,130 DEBUG [HikariPool-1 housekeeper][HikariPool.java:517] - HikariPool-1 - Fill pool skipped, pool is at sufficient level.
2025-04-20 14:21:05,130 DEBUG [HikariPool-1 housekeeper][HikariPool.java:517] - HikariPool-1 - Fill pool skipped, pool is at sufficient level.
2025-04-20 14:21:35,144 DEBUG [HikariPool-1 housekeeper][HikariPool.java:421] - HikariPool-1 - Pool stats (total=10, active=0, idle=10, waiting=0)
2025-04-20 14:21:35,144 DEBUG [HikariPool-1 housekeeper][HikariPool.java:517] - HikariPool-1 - Fill pool skipped, pool is at sufficient level.
2025-04-20 14:21:35,144 DEBUG [HikariPool-1 housekeeper][HikariPool.java:421] - HikariPool-1 - Pool stats (total=10, active=0, idle=10, waiting=0)
2025-04-20 14:21:35,144 DEBUG [HikariPool-1 housekeeper][HikariPool.java:517] - HikariPool-1 - Fill pool skipped, pool is at sufficient level.
2025-04-20 14:22:05,158 DEBUG [HikariPool-1 housekeeper][HikariPool.java:421] - HikariPool-1 - Pool stats (total=10, active=0, idle=10, waiting=0)
2025-04-20 14:22:05,158 DEBUG [HikariPool-1 housekeeper][HikariPool.java:421] - HikariPool-1 - Pool stats (total=10, active=0, idle=10, waiting=0)
2025-04-20 14:22:05,158 DEBUG [HikariPool-1 housekeeper][HikariPool.java:517] - HikariPool-1 - Fill pool skipped, pool is at sufficient level.
2025-04-20 14:22:05,158 DEBUG [HikariPool-1 housekeeper][HikariPool.java:517] - HikariPool-1 - Fill pool skipped, pool is at sufficient level.
2025-04-20 14:22:35,160 DEBUG [HikariPool-1 housekeeper][HikariPool.java:421] - HikariPool-1 - Pool stats (total=10, active=0, idle=10, waiting=0)
2025-04-20 14:22:35,160 DEBUG [HikariPool-1 housekeeper][HikariPool.java:421] - HikariPool-1 - Pool stats (total=10, active=0, idle=10, waiting=0)
2025-04-20 14:22:35,160 DEBUG [HikariPool-1 housekeeper][HikariPool.java:517] - HikariPool-1 - Fill pool skipped, pool is at sufficient level.
2025-04-20 14:22:35,160 DEBUG [HikariPool-1 housekeeper][HikariPool.java:517] - HikariPool-1 - Fill pool skipped, pool is at sufficient level.
2025-04-20 14:23:05,161 DEBUG [HikariPool-1 housekeeper][HikariPool.java:421] - HikariPool-1 - Pool stats (total=10, active=0, idle=10, waiting=0)
2025-04-20 14:23:05,161 DEBUG [HikariPool-1 housekeeper][HikariPool.java:421] - HikariPool-1 - Pool stats (total=10, active=0, idle=10, waiting=0)
2025-04-20 14:23:05,161 DEBUG [HikariPool-1 housekeeper][HikariPool.java:517] - HikariPool-1 - Fill pool skipped, pool is at sufficient level.
2025-04-20 14:23:05,161 DEBUG [HikariPool-1 housekeeper][HikariPool.java:517] - HikariPool-1 - Fill pool skipped, pool is at sufficient level.
2025-04-20 14:23:35,170 DEBUG [HikariPool-1 housekeeper][HikariPool.java:421] - HikariPool-1 - Pool stats (total=10, active=0, idle=10, waiting=0)
2025-04-20 14:23:35,170 DEBUG [HikariPool-1 housekeeper][HikariPool.java:421] - HikariPool-1 - Pool stats (total=10, active=0, idle=10, waiting=0)
2025-04-20 14:23:35,170 DEBUG [HikariPool-1 housekeeper][HikariPool.java:517] - HikariPool-1 - Fill pool skipped, pool is at sufficient level.
2025-04-20 14:23:35,170 DEBUG [HikariPool-1 housekeeper][HikariPool.java:517] - HikariPool-1 - Fill pool skipped, pool is at sufficient level.
2025-04-20 14:24:05,174 DEBUG [HikariPool-1 housekeeper][HikariPool.java:421] - HikariPool-1 - Pool stats (total=10, active=0, idle=10, waiting=0)
2025-04-20 14:24:05,174 DEBUG [HikariPool-1 housekeeper][HikariPool.java:517] - HikariPool-1 - Fill pool skipped, pool is at sufficient level.
2025-04-20 14:24:05,174 DEBUG [HikariPool-1 housekeeper][HikariPool.java:421] - HikariPool-1 - Pool stats (total=10, active=0, idle=10, waiting=0)
2025-04-20 14:24:05,174 DEBUG [HikariPool-1 housekeeper][HikariPool.java:517] - HikariPool-1 - Fill pool skipped, pool is at sufficient level.
2025-04-20 14:24:35,182 DEBUG [HikariPool-1 housekeeper][HikariPool.java:421] - HikariPool-1 - Pool stats (total=10, active=0, idle=10, waiting=0)
2025-04-20 14:24:35,182 DEBUG [HikariPool-1 housekeeper][HikariPool.java:421] - HikariPool-1 - Pool stats (total=10, active=0, idle=10, waiting=0)
2025-04-20 14:24:35,182 DEBUG [HikariPool-1 housekeeper][HikariPool.java:517] - HikariPool-1 - Fill pool skipped, pool is at sufficient level.
2025-04-20 14:24:35,182 DEBUG [HikariPool-1 housekeeper][HikariPool.java:517] - HikariPool-1 - Fill pool skipped, pool is at sufficient level.
2025-04-20 14:25:05,189 DEBUG [HikariPool-1 housekeeper][HikariPool.java:421] - HikariPool-1 - Pool stats (total=10, active=0, idle=10, waiting=0)
2025-04-20 14:25:05,189 DEBUG [HikariPool-1 housekeeper][HikariPool.java:421] - HikariPool-1 - Pool stats (total=10, active=0, idle=10, waiting=0)
2025-04-20 14:25:05,189 DEBUG [HikariPool-1 housekeeper][HikariPool.java:517] - HikariPool-1 - Fill pool skipped, pool is at sufficient level.
2025-04-20 14:25:05,189 DEBUG [HikariPool-1 housekeeper][HikariPool.java:517] - HikariPool-1 - Fill pool skipped, pool is at sufficient level.
2025-04-20 14:25:35,196 DEBUG [HikariPool-1 housekeeper][HikariPool.java:421] - HikariPool-1 - Pool stats (total=10, active=0, idle=10, waiting=0)
2025-04-20 14:25:35,196 DEBUG [HikariPool-1 housekeeper][HikariPool.java:517] - HikariPool-1 - Fill pool skipped, pool is at sufficient level.
2025-04-20 14:25:35,196 DEBUG [HikariPool-1 housekeeper][HikariPool.java:421] - HikariPool-1 - Pool stats (total=10, active=0, idle=10, waiting=0)
2025-04-20 14:25:35,196 DEBUG [HikariPool-1 housekeeper][HikariPool.java:517] - HikariPool-1 - Fill pool skipped, pool is at sufficient level.
2025-04-20 14:26:05,211 DEBUG [HikariPool-1 housekeeper][HikariPool.java:421] - HikariPool-1 - Pool stats (total=10, active=0, idle=10, waiting=0)
2025-04-20 14:26:05,211 DEBUG [HikariPool-1 housekeeper][HikariPool.java:517] - HikariPool-1 - Fill pool skipped, pool is at sufficient level.
2025-04-20 14:26:05,211 DEBUG [HikariPool-1 housekeeper][HikariPool.java:421] - HikariPool-1 - Pool stats (total=10, active=0, idle=10, waiting=0)
2025-04-20 14:26:05,211 DEBUG [HikariPool-1 housekeeper][HikariPool.java:517] - HikariPool-1 - Fill pool skipped, pool is at sufficient level.
2025-04-20 14:26:35,218 DEBUG [HikariPool-1 housekeeper][HikariPool.java:421] - HikariPool-1 - Pool stats (total=10, active=0, idle=10, waiting=0)
2025-04-20 14:26:35,218 DEBUG [HikariPool-1 housekeeper][HikariPool.java:517] - HikariPool-1 - Fill pool skipped, pool is at sufficient level.
2025-04-20 14:26:35,218 DEBUG [HikariPool-1 housekeeper][HikariPool.java:421] - HikariPool-1 - Pool stats (total=10, active=0, idle=10, waiting=0)
2025-04-20 14:26:35,218 DEBUG [HikariPool-1 housekeeper][HikariPool.java:517] - HikariPool-1 - Fill pool skipped, pool is at sufficient level.
2025-04-20 14:27:05,229 DEBUG [HikariPool-1 housekeeper][HikariPool.java:421] - HikariPool-1 - Pool stats (total=10, active=0, idle=10, waiting=0)
2025-04-20 14:27:05,229 DEBUG [HikariPool-1 housekeeper][HikariPool.java:517] - HikariPool-1 - Fill pool skipped, pool is at sufficient level.
2025-04-20 14:27:05,229 DEBUG [HikariPool-1 housekeeper][HikariPool.java:421] - HikariPool-1 - Pool stats (total=10, active=0, idle=10, waiting=0)
2025-04-20 14:27:05,229 DEBUG [HikariPool-1 housekeeper][HikariPool.java:517] - HikariPool-1 - Fill pool skipped, pool is at sufficient level.
2025-04-20 14:27:35,231 DEBUG [HikariPool-1 housekeeper][HikariPool.java:421] - HikariPool-1 - Pool stats (total=10, active=0, idle=10, waiting=0)
2025-04-20 14:27:35,231 DEBUG [HikariPool-1 housekeeper][HikariPool.java:421] - HikariPool-1 - Pool stats (total=10, active=0, idle=10, waiting=0)
2025-04-20 14:27:35,231 DEBUG [HikariPool-1 housekeeper][HikariPool.java:517] - HikariPool-1 - Fill pool skipped, pool is at sufficient level.
2025-04-20 14:27:35,231 DEBUG [HikariPool-1 housekeeper][HikariPool.java:517] - HikariPool-1 - Fill pool skipped, pool is at sufficient level.
2025-04-20 14:28:05,237 DEBUG [HikariPool-1 housekeeper][HikariPool.java:421] - HikariPool-1 - Pool stats (total=10, active=0, idle=10, waiting=0)
2025-04-20 14:28:05,237 DEBUG [HikariPool-1 housekeeper][HikariPool.java:421] - HikariPool-1 - Pool stats (total=10, active=0, idle=10, waiting=0)
2025-04-20 14:28:05,237 DEBUG [HikariPool-1 housekeeper][HikariPool.java:517] - HikariPool-1 - Fill pool skipped, pool is at sufficient level.
2025-04-20 14:28:05,237 DEBUG [HikariPool-1 housekeeper][HikariPool.java:517] - HikariPool-1 - Fill pool skipped, pool is at sufficient level.
2025-04-20 14:28:35,246 DEBUG [HikariPool-1 housekeeper][HikariPool.java:421] - HikariPool-1 - Pool stats (total=10, active=0, idle=10, waiting=0)
2025-04-20 14:28:35,246 DEBUG [HikariPool-1 housekeeper][HikariPool.java:421] - HikariPool-1 - Pool stats (total=10, active=0, idle=10, waiting=0)
2025-04-20 14:28:35,246 DEBUG [HikariPool-1 housekeeper][HikariPool.java:517] - HikariPool-1 - Fill pool skipped, pool is at sufficient level.
2025-04-20 14:28:35,246 DEBUG [HikariPool-1 housekeeper][HikariPool.java:517] - HikariPool-1 - Fill pool skipped, pool is at sufficient level.
2025-04-20 14:29:05,252 DEBUG [HikariPool-1 housekeeper][HikariPool.java:421] - HikariPool-1 - Pool stats (total=10, active=0, idle=10, waiting=0)
2025-04-20 14:29:05,252 DEBUG [HikariPool-1 housekeeper][HikariPool.java:421] - HikariPool-1 - Pool stats (total=10, active=0, idle=10, waiting=0)
2025-04-20 14:29:05,252 DEBUG [HikariPool-1 housekeeper][HikariPool.java:517] - HikariPool-1 - Fill pool skipped, pool is at sufficient level.
2025-04-20 14:29:05,252 DEBUG [HikariPool-1 housekeeper][HikariPool.java:517] - HikariPool-1 - Fill pool skipped, pool is at sufficient level.
2025-04-20 14:29:35,267 DEBUG [HikariPool-1 housekeeper][HikariPool.java:421] - HikariPool-1 - Pool stats (total=10, active=0, idle=10, waiting=0)
2025-04-20 14:29:35,267 DEBUG [HikariPool-1 housekeeper][HikariPool.java:421] - HikariPool-1 - Pool stats (total=10, active=0, idle=10, waiting=0)
2025-04-20 14:29:35,267 DEBUG [HikariPool-1 housekeeper][HikariPool.java:517] - HikariPool-1 - Fill pool skipped, pool is at sufficient level.
2025-04-20 14:29:35,267 DEBUG [HikariPool-1 housekeeper][HikariPool.java:517] - HikariPool-1 - Fill pool skipped, pool is at sufficient level.
2025-04-20 14:30:05,278 DEBUG [HikariPool-1 housekeeper][HikariPool.java:421] - HikariPool-1 - Pool stats (total=10, active=0, idle=10, waiting=0)
2025-04-20 14:30:05,278 DEBUG [HikariPool-1 housekeeper][HikariPool.java:421] - HikariPool-1 - Pool stats (total=10, active=0, idle=10, waiting=0)
2025-04-20 14:30:05,278 DEBUG [HikariPool-1 housekeeper][HikariPool.java:517] - HikariPool-1 - Fill pool skipped, pool is at sufficient level.
2025-04-20 14:30:05,278 DEBUG [HikariPool-1 housekeeper][HikariPool.java:517] - HikariPool-1 - Fill pool skipped, pool is at sufficient level.
2025-04-20 14:30:35,284 DEBUG [HikariPool-1 housekeeper][HikariPool.java:421] - HikariPool-1 - Pool stats (total=10, active=0, idle=10, waiting=0)
2025-04-20 14:30:35,284 DEBUG [HikariPool-1 housekeeper][HikariPool.java:421] - HikariPool-1 - Pool stats (total=10, active=0, idle=10, waiting=0)
2025-04-20 14:30:35,284 DEBUG [HikariPool-1 housekeeper][HikariPool.java:517] - HikariPool-1 - Fill pool skipped, pool is at sufficient level.
2025-04-20 14:30:35,284 DEBUG [HikariPool-1 housekeeper][HikariPool.java:517] - HikariPool-1 - Fill pool skipped, pool is at sufficient level.
2025-04-20 14:31:05,287 DEBUG [HikariPool-1 housekeeper][HikariPool.java:421] - HikariPool-1 - Pool stats (total=10, active=0, idle=10, waiting=0)
2025-04-20 14:31:05,287 DEBUG [HikariPool-1 housekeeper][HikariPool.java:517] - HikariPool-1 - Fill pool skipped, pool is at sufficient level.
2025-04-20 14:31:05,287 DEBUG [HikariPool-1 housekeeper][HikariPool.java:421] - HikariPool-1 - Pool stats (total=10, active=0, idle=10, waiting=0)
2025-04-20 14:31:05,287 DEBUG [HikariPool-1 housekeeper][HikariPool.java:517] - HikariPool-1 - Fill pool skipped, pool is at sufficient level.
2025-04-20 14:31:35,303 DEBUG [HikariPool-1 housekeeper][HikariPool.java:421] - HikariPool-1 - Pool stats (total=10, active=0, idle=10, waiting=0)
2025-04-20 14:31:35,303 DEBUG [HikariPool-1 housekeeper][HikariPool.java:421] - HikariPool-1 - Pool stats (total=10, active=0, idle=10, waiting=0)
2025-04-20 14:31:35,303 DEBUG [HikariPool-1 housekeeper][HikariPool.java:517] - HikariPool-1 - Fill pool skipped, pool is at sufficient level.
2025-04-20 14:31:35,303 DEBUG [HikariPool-1 housekeeper][HikariPool.java:517] - HikariPool-1 - Fill pool skipped, pool is at sufficient level.
2025-04-20 14:32:05,318 DEBUG [HikariPool-1 housekeeper][HikariPool.java:421] - HikariPool-1 - Pool stats (total=10, active=0, idle=10, waiting=0)
2025-04-20 14:32:05,318 DEBUG [HikariPool-1 housekeeper][HikariPool.java:421] - HikariPool-1 - Pool stats (total=10, active=0, idle=10, waiting=0)
2025-04-20 14:32:05,318 DEBUG [HikariPool-1 housekeeper][HikariPool.java:517] - HikariPool-1 - Fill pool skipped, pool is at sufficient level.
2025-04-20 14:32:05,318 DEBUG [HikariPool-1 housekeeper][HikariPool.java:517] - HikariPool-1 - Fill pool skipped, pool is at sufficient level.
2025-04-20 14:32:35,327 DEBUG [HikariPool-1 housekeeper][HikariPool.java:421] - HikariPool-1 - Pool stats (total=10, active=0, idle=10, waiting=0)
2025-04-20 14:32:35,327 DEBUG [HikariPool-1 housekeeper][HikariPool.java:421] - HikariPool-1 - Pool stats (total=10, active=0, idle=10, waiting=0)
2025-04-20 14:32:35,327 DEBUG [HikariPool-1 housekeeper][HikariPool.java:517] - HikariPool-1 - Fill pool skipped, pool is at sufficient level.
2025-04-20 14:32:35,327 DEBUG [HikariPool-1 housekeeper][HikariPool.java:517] - HikariPool-1 - Fill pool skipped, pool is at sufficient level.
2025-04-20 14:33:05,333 DEBUG [HikariPool-1 housekeeper][HikariPool.java:421] - HikariPool-1 - Pool stats (total=10, active=0, idle=10, waiting=0)
2025-04-20 14:33:05,333 DEBUG [HikariPool-1 housekeeper][HikariPool.java:421] - HikariPool-1 - Pool stats (total=10, active=0, idle=10, waiting=0)
2025-04-20 14:33:05,333 DEBUG [HikariPool-1 housekeeper][HikariPool.java:517] - HikariPool-1 - Fill pool skipped, pool is at sufficient level.
2025-04-20 14:33:05,333 DEBUG [HikariPool-1 housekeeper][HikariPool.java:517] - HikariPool-1 - Fill pool skipped, pool is at sufficient level.
2025-04-20 14:33:35,334 DEBUG [HikariPool-1 housekeeper][HikariPool.java:421] - HikariPool-1 - Pool stats (total=10, active=0, idle=10, waiting=0)
2025-04-20 14:33:35,334 DEBUG [HikariPool-1 housekeeper][HikariPool.java:421] - HikariPool-1 - Pool stats (total=10, active=0, idle=10, waiting=0)
2025-04-20 14:33:35,334 DEBUG [HikariPool-1 housekeeper][HikariPool.java:517] - HikariPool-1 - Fill pool skipped, pool is at sufficient level.
2025-04-20 14:33:35,334 DEBUG [HikariPool-1 housekeeper][HikariPool.java:517] - HikariPool-1 - Fill pool skipped, pool is at sufficient level.
2025-04-20 14:34:05,335 DEBUG [HikariPool-1 housekeeper][HikariPool.java:421] - HikariPool-1 - Pool stats (total=10, active=0, idle=10, waiting=0)
2025-04-20 14:34:05,335 DEBUG [HikariPool-1 housekeeper][HikariPool.java:421] - HikariPool-1 - Pool stats (total=10, active=0, idle=10, waiting=0)
2025-04-20 14:34:05,335 DEBUG [HikariPool-1 housekeeper][HikariPool.java:517] - HikariPool-1 - Fill pool skipped, pool is at sufficient level.
2025-04-20 14:34:05,335 DEBUG [HikariPool-1 housekeeper][HikariPool.java:517] - HikariPool-1 - Fill pool skipped, pool is at sufficient level.
2025-04-20 14:34:35,348 DEBUG [HikariPool-1 housekeeper][HikariPool.java:421] - HikariPool-1 - Pool stats (total=10, active=0, idle=10, waiting=0)
2025-04-20 14:34:35,348 DEBUG [HikariPool-1 housekeeper][HikariPool.java:421] - HikariPool-1 - Pool stats (total=10, active=0, idle=10, waiting=0)
2025-04-20 14:34:35,348 DEBUG [HikariPool-1 housekeeper][HikariPool.java:517] - HikariPool-1 - Fill pool skipped, pool is at sufficient level.
2025-04-20 14:34:35,348 DEBUG [HikariPool-1 housekeeper][HikariPool.java:517] - HikariPool-1 - Fill pool skipped, pool is at sufficient level.
2025-04-20 14:35:05,356 DEBUG [HikariPool-1 housekeeper][HikariPool.java:421] - HikariPool-1 - Pool stats (total=10, active=0, idle=10, waiting=0)
2025-04-20 14:35:05,356 DEBUG [HikariPool-1 housekeeper][HikariPool.java:517] - HikariPool-1 - Fill pool skipped, pool is at sufficient level.
2025-04-20 14:35:05,356 DEBUG [HikariPool-1 housekeeper][HikariPool.java:421] - HikariPool-1 - Pool stats (total=10, active=0, idle=10, waiting=0)
2025-04-20 14:35:05,356 DEBUG [HikariPool-1 housekeeper][HikariPool.java:517] - HikariPool-1 - Fill pool skipped, pool is at sufficient level.
2025-04-20 14:35:35,358 DEBUG [HikariPool-1 housekeeper][HikariPool.java:421] - HikariPool-1 - Pool stats (total=10, active=0, idle=10, waiting=0)
2025-04-20 14:35:35,358 DEBUG [HikariPool-1 housekeeper][HikariPool.java:421] - HikariPool-1 - Pool stats (total=10, active=0, idle=10, waiting=0)
2025-04-20 14:35:35,358 DEBUG [HikariPool-1 housekeeper][HikariPool.java:517] - HikariPool-1 - Fill pool skipped, pool is at sufficient level.
2025-04-20 14:35:35,358 DEBUG [HikariPool-1 housekeeper][HikariPool.java:517] - HikariPool-1 - Fill pool skipped, pool is at sufficient level.
2025-04-20 14:36:05,372 DEBUG [HikariPool-1 housekeeper][HikariPool.java:421] - HikariPool-1 - Pool stats (total=10, active=0, idle=10, waiting=0)
2025-04-20 14:36:05,372 DEBUG [HikariPool-1 housekeeper][HikariPool.java:421] - HikariPool-1 - Pool stats (total=10, active=0, idle=10, waiting=0)
2025-04-20 14:36:05,372 DEBUG [HikariPool-1 housekeeper][HikariPool.java:517] - HikariPool-1 - Fill pool skipped, pool is at sufficient level.
2025-04-20 14:36:05,372 DEBUG [HikariPool-1 housekeeper][HikariPool.java:517] - HikariPool-1 - Fill pool skipped, pool is at sufficient level.
2025-04-20 14:36:35,385 DEBUG [HikariPool-1 housekeeper][HikariPool.java:421] - HikariPool-1 - Pool stats (total=10, active=0, idle=10, waiting=0)
2025-04-20 14:36:35,385 DEBUG [HikariPool-1 housekeeper][HikariPool.java:421] - HikariPool-1 - Pool stats (total=10, active=0, idle=10, waiting=0)
2025-04-20 14:36:35,385 DEBUG [HikariPool-1 housekeeper][HikariPool.java:517] - HikariPool-1 - Fill pool skipped, pool is at sufficient level.
2025-04-20 14:36:35,385 DEBUG [HikariPool-1 housekeeper][HikariPool.java:517] - HikariPool-1 - Fill pool skipped, pool is at sufficient level.
2025-04-20 14:37:05,386 DEBUG [HikariPool-1 housekeeper][HikariPool.java:421] - HikariPool-1 - Pool stats (total=10, active=0, idle=10, waiting=0)
2025-04-20 14:37:05,386 DEBUG [HikariPool-1 housekeeper][HikariPool.java:421] - HikariPool-1 - Pool stats (total=10, active=0, idle=10, waiting=0)
2025-04-20 14:37:05,386 DEBUG [HikariPool-1 housekeeper][HikariPool.java:517] - HikariPool-1 - Fill pool skipped, pool is at sufficient level.
2025-04-20 14:37:05,386 DEBUG [HikariPool-1 housekeeper][HikariPool.java:517] - HikariPool-1 - Fill pool skipped, pool is at sufficient level.
2025-04-20 14:37:35,388 DEBUG [HikariPool-1 housekeeper][HikariPool.java:421] - HikariPool-1 - Pool stats (total=10, active=0, idle=10, waiting=0)
2025-04-20 14:37:35,388 DEBUG [HikariPool-1 housekeeper][HikariPool.java:421] - HikariPool-1 - Pool stats (total=10, active=0, idle=10, waiting=0)
2025-04-20 14:37:35,388 DEBUG [HikariPool-1 housekeeper][HikariPool.java:517] - HikariPool-1 - Fill pool skipped, pool is at sufficient level.
2025-04-20 14:37:35,388 DEBUG [HikariPool-1 housekeeper][HikariPool.java:517] - HikariPool-1 - Fill pool skipped, pool is at sufficient level.
2025-04-20 14:38:05,397 DEBUG [HikariPool-1 housekeeper][HikariPool.java:421] - HikariPool-1 - Pool stats (total=10, active=0, idle=10, waiting=0)
2025-04-20 14:38:05,397 DEBUG [HikariPool-1 housekeeper][HikariPool.java:421] - HikariPool-1 - Pool stats (total=10, active=0, idle=10, waiting=0)
2025-04-20 14:38:05,397 DEBUG [HikariPool-1 housekeeper][HikariPool.java:517] - HikariPool-1 - Fill pool skipped, pool is at sufficient level.
2025-04-20 14:38:05,397 DEBUG [HikariPool-1 housekeeper][HikariPool.java:517] - HikariPool-1 - Fill pool skipped, pool is at sufficient level.
2025-04-20 14:38:35,403 DEBUG [HikariPool-1 housekeeper][HikariPool.java:421] - HikariPool-1 - Pool stats (total=10, active=0, idle=10, waiting=0)
2025-04-20 14:38:35,403 DEBUG [HikariPool-1 housekeeper][HikariPool.java:421] - HikariPool-1 - Pool stats (total=10, active=0, idle=10, waiting=0)
2025-04-20 14:38:35,403 DEBUG [HikariPool-1 housekeeper][HikariPool.java:517] - HikariPool-1 - Fill pool skipped, pool is at sufficient level.
2025-04-20 14:38:35,403 DEBUG [HikariPool-1 housekeeper][HikariPool.java:517] - HikariPool-1 - Fill pool skipped, pool is at sufficient level.
2025-04-20 14:39:04,642 DEBUG [HikariPool-1 connection closer][PoolBase.java:134] - HikariPool-1 - Closing connection com.mysql.cj.jdbc.ConnectionImpl@5889a6bb: (connection has passed maxLifetime)
2025-04-20 14:39:04,642 DEBUG [HikariPool-1 connection closer][PoolBase.java:134] - HikariPool-1 - Closing connection com.mysql.cj.jdbc.ConnectionImpl@5889a6bb: (connection has passed maxLifetime)
2025-04-20 14:39:04,650 DEBUG [HikariPool-1 connection adder][HikariPool.java:728] - HikariPool-1 - Added connection com.mysql.cj.jdbc.ConnectionImpl@2c11fc0e
2025-04-20 14:39:04,650 DEBUG [HikariPool-1 connection adder][HikariPool.java:728] - HikariPool-1 - Added connection com.mysql.cj.jdbc.ConnectionImpl@2c11fc0e
2025-04-20 14:39:05,014 DEBUG [HikariPool-1 connection closer][PoolBase.java:134] - HikariPool-1 - Closing connection com.mysql.cj.jdbc.ConnectionImpl@e5271e4: (connection has passed maxLifetime)
2025-04-20 14:39:05,014 DEBUG [HikariPool-1 connection closer][PoolBase.java:134] - HikariPool-1 - Closing connection com.mysql.cj.jdbc.ConnectionImpl@e5271e4: (connection has passed maxLifetime)
2025-04-20 14:39:05,020 DEBUG [HikariPool-1 connection adder][HikariPool.java:728] - HikariPool-1 - Added connection com.mysql.cj.jdbc.ConnectionImpl@6d2cf635
2025-04-20 14:39:05,020 DEBUG [HikariPool-1 connection adder][HikariPool.java:728] - HikariPool-1 - Added connection com.mysql.cj.jdbc.ConnectionImpl@6d2cf635
2025-04-20 14:39:05,419 DEBUG [HikariPool-1 housekeeper][HikariPool.java:421] - HikariPool-1 - Pool stats (total=10, active=0, idle=10, waiting=0)
2025-04-20 14:39:05,419 DEBUG [HikariPool-1 housekeeper][HikariPool.java:421] - HikariPool-1 - Pool stats (total=10, active=0, idle=10, waiting=0)
2025-04-20 14:39:05,419 DEBUG [HikariPool-1 housekeeper][HikariPool.java:517] - HikariPool-1 - Fill pool skipped, pool is at sufficient level.
2025-04-20 14:39:05,419 DEBUG [HikariPool-1 housekeeper][HikariPool.java:517] - HikariPool-1 - Fill pool skipped, pool is at sufficient level.
2025-04-20 14:39:05,914 DEBUG [HikariPool-1 connection closer][PoolBase.java:134] - HikariPool-1 - Closing connection com.mysql.cj.jdbc.ConnectionImpl@4f6f7bdf: (connection has passed maxLifetime)
2025-04-20 14:39:05,914 DEBUG [HikariPool-1 connection closer][PoolBase.java:134] - HikariPool-1 - Closing connection com.mysql.cj.jdbc.ConnectionImpl@4f6f7bdf: (connection has passed maxLifetime)
2025-04-20 14:39:05,920 DEBUG [HikariPool-1 connection adder][HikariPool.java:728] - HikariPool-1 - Added connection com.mysql.cj.jdbc.ConnectionImpl@5c0bd8eb
2025-04-20 14:39:05,920 DEBUG [HikariPool-1 connection adder][HikariPool.java:728] - HikariPool-1 - Added connection com.mysql.cj.jdbc.ConnectionImpl@5c0bd8eb
2025-04-20 14:39:18,375 DEBUG [HikariPool-1 connection closer][PoolBase.java:134] - HikariPool-1 - Closing connection com.mysql.cj.jdbc.ConnectionImpl@411d5e18: (connection has passed maxLifetime)
2025-04-20 14:39:18,375 DEBUG [HikariPool-1 connection closer][PoolBase.java:134] - HikariPool-1 - Closing connection com.mysql.cj.jdbc.ConnectionImpl@411d5e18: (connection has passed maxLifetime)
2025-04-20 14:39:18,383 DEBUG [HikariPool-1 connection adder][HikariPool.java:728] - HikariPool-1 - Added connection com.mysql.cj.jdbc.ConnectionImpl@617fdaa0
2025-04-20 14:39:18,383 DEBUG [HikariPool-1 connection adder][HikariPool.java:728] - HikariPool-1 - Added connection com.mysql.cj.jdbc.ConnectionImpl@617fdaa0
2025-04-20 14:39:30,700 DEBUG [HikariPool-1 connection closer][PoolBase.java:134] - HikariPool-1 - Closing connection com.mysql.cj.jdbc.ConnectionImpl@1382e679: (connection has passed maxLifetime)
2025-04-20 14:39:30,700 DEBUG [HikariPool-1 connection closer][PoolBase.java:134] - HikariPool-1 - Closing connection com.mysql.cj.jdbc.ConnectionImpl@1382e679: (connection has passed maxLifetime)
2025-04-20 14:39:30,706 DEBUG [HikariPool-1 connection adder][HikariPool.java:728] - HikariPool-1 - Added connection com.mysql.cj.jdbc.ConnectionImpl@77c8de0a
2025-04-20 14:39:30,706 DEBUG [HikariPool-1 connection adder][HikariPool.java:728] - HikariPool-1 - Added connection com.mysql.cj.jdbc.ConnectionImpl@77c8de0a
2025-04-20 14:39:35,424 DEBUG [HikariPool-1 housekeeper][HikariPool.java:421] - HikariPool-1 - Pool stats (total=10, active=0, idle=10, waiting=0)
2025-04-20 14:39:35,424 DEBUG [HikariPool-1 housekeeper][HikariPool.java:421] - HikariPool-1 - Pool stats (total=10, active=0, idle=10, waiting=0)
2025-04-20 14:39:35,424 DEBUG [HikariPool-1 housekeeper][HikariPool.java:517] - HikariPool-1 - Fill pool skipped, pool is at sufficient level.
2025-04-20 14:39:35,424 DEBUG [HikariPool-1 housekeeper][HikariPool.java:517] - HikariPool-1 - Fill pool skipped, pool is at sufficient level.
2025-04-20 14:39:58,854 DEBUG [HikariPool-1 connection closer][PoolBase.java:134] - HikariPool-1 - Closing connection com.mysql.cj.jdbc.ConnectionImpl@b2ca19: (connection has passed maxLifetime)
2025-04-20 14:39:58,854 DEBUG [HikariPool-1 connection closer][PoolBase.java:134] - HikariPool-1 - Closing connection com.mysql.cj.jdbc.ConnectionImpl@b2ca19: (connection has passed maxLifetime)
2025-04-20 14:39:58,861 DEBUG [HikariPool-1 connection adder][HikariPool.java:728] - HikariPool-1 - Added connection com.mysql.cj.jdbc.ConnectionImpl@71ac95c9
2025-04-20 14:39:58,861 DEBUG [HikariPool-1 connection adder][HikariPool.java:728] - HikariPool-1 - Added connection com.mysql.cj.jdbc.ConnectionImpl@71ac95c9
2025-04-20 14:40:01,502 DEBUG [HikariPool-1 connection closer][PoolBase.java:134] - HikariPool-1 - Closing connection com.mysql.cj.jdbc.ConnectionImpl@77216c9f: (connection has passed maxLifetime)
2025-04-20 14:40:01,502 DEBUG [HikariPool-1 connection closer][PoolBase.java:134] - HikariPool-1 - Closing connection com.mysql.cj.jdbc.ConnectionImpl@77216c9f: (connection has passed maxLifetime)
2025-04-20 14:40:01,508 DEBUG [HikariPool-1 connection adder][HikariPool.java:728] - HikariPool-1 - Added connection com.mysql.cj.jdbc.ConnectionImpl@30919ff2
2025-04-20 14:40:01,508 DEBUG [HikariPool-1 connection adder][HikariPool.java:728] - HikariPool-1 - Added connection com.mysql.cj.jdbc.ConnectionImpl@30919ff2
2025-04-20 14:40:02,535 DEBUG [HikariPool-1 connection closer][PoolBase.java:134] - HikariPool-1 - Closing connection com.mysql.cj.jdbc.ConnectionImpl@52bfec42: (connection has passed maxLifetime)
2025-04-20 14:40:02,535 DEBUG [HikariPool-1 connection closer][PoolBase.java:134] - HikariPool-1 - Closing connection com.mysql.cj.jdbc.ConnectionImpl@52bfec42: (connection has passed maxLifetime)
2025-04-20 14:40:02,542 DEBUG [HikariPool-1 connection adder][HikariPool.java:728] - HikariPool-1 - Added connection com.mysql.cj.jdbc.ConnectionImpl@16bc9fb
2025-04-20 14:40:02,542 DEBUG [HikariPool-1 connection adder][HikariPool.java:728] - HikariPool-1 - Added connection com.mysql.cj.jdbc.ConnectionImpl@16bc9fb
2025-04-20 14:40:05,436 DEBUG [HikariPool-1 housekeeper][HikariPool.java:421] - HikariPool-1 - Pool stats (total=10, active=0, idle=10, waiting=0)
2025-04-20 14:40:05,436 DEBUG [HikariPool-1 housekeeper][HikariPool.java:421] - HikariPool-1 - Pool stats (total=10, active=0, idle=10, waiting=0)
2025-04-20 14:40:05,436 DEBUG [HikariPool-1 housekeeper][HikariPool.java:517] - HikariPool-1 - Fill pool skipped, pool is at sufficient level.
2025-04-20 14:40:05,436 DEBUG [HikariPool-1 housekeeper][HikariPool.java:517] - HikariPool-1 - Fill pool skipped, pool is at sufficient level.
2025-04-20 14:40:25,516 DEBUG [HikariPool-1 connection closer][PoolBase.java:134] - HikariPool-1 - Closing connection com.mysql.cj.jdbc.ConnectionImpl@361c66a4: (connection has passed maxLifetime)
2025-04-20 14:40:25,516 DEBUG [HikariPool-1 connection closer][PoolBase.java:134] - HikariPool-1 - Closing connection com.mysql.cj.jdbc.ConnectionImpl@361c66a4: (connection has passed maxLifetime)
2025-04-20 14:40:25,522 DEBUG [HikariPool-1 connection adder][HikariPool.java:728] - HikariPool-1 - Added connection com.mysql.cj.jdbc.ConnectionImpl@5547ceb0
2025-04-20 14:40:25,522 DEBUG [HikariPool-1 connection adder][HikariPool.java:728] - HikariPool-1 - Added connection com.mysql.cj.jdbc.ConnectionImpl@5547ceb0
2025-04-20 14:40:27,729 DEBUG [HikariPool-1 connection closer][PoolBase.java:134] - HikariPool-1 - Closing connection com.mysql.cj.jdbc.ConnectionImpl@96236b1: (connection has passed maxLifetime)
2025-04-20 14:40:27,729 DEBUG [HikariPool-1 connection closer][PoolBase.java:134] - HikariPool-1 - Closing connection com.mysql.cj.jdbc.ConnectionImpl@96236b1: (connection has passed maxLifetime)
2025-04-20 14:40:27,736 DEBUG [HikariPool-1 connection adder][HikariPool.java:728] - HikariPool-1 - Added connection com.mysql.cj.jdbc.ConnectionImpl@147ac48b
2025-04-20 14:40:27,736 DEBUG [HikariPool-1 connection adder][HikariPool.java:728] - HikariPool-1 - Added connection com.mysql.cj.jdbc.ConnectionImpl@147ac48b
2025-04-20 14:40:35,438 DEBUG [HikariPool-1 housekeeper][HikariPool.java:421] - HikariPool-1 - Pool stats (total=10, active=0, idle=10, waiting=0)
2025-04-20 14:40:35,438 DEBUG [HikariPool-1 housekeeper][HikariPool.java:421] - HikariPool-1 - Pool stats (total=10, active=0, idle=10, waiting=0)
2025-04-20 14:40:35,438 DEBUG [HikariPool-1 housekeeper][HikariPool.java:517] - HikariPool-1 - Fill pool skipped, pool is at sufficient level.
2025-04-20 14:40:35,438 DEBUG [HikariPool-1 housekeeper][HikariPool.java:517] - HikariPool-1 - Fill pool skipped, pool is at sufficient level.
2025-04-20 14:41:05,444 DEBUG [HikariPool-1 housekeeper][HikariPool.java:421] - HikariPool-1 - Pool stats (total=10, active=0, idle=10, waiting=0)
2025-04-20 14:41:05,444 DEBUG [HikariPool-1 housekeeper][HikariPool.java:421] - HikariPool-1 - Pool stats (total=10, active=0, idle=10, waiting=0)
2025-04-20 14:41:05,444 DEBUG [HikariPool-1 housekeeper][HikariPool.java:517] - HikariPool-1 - Fill pool skipped, pool is at sufficient level.
2025-04-20 14:41:05,444 DEBUG [HikariPool-1 housekeeper][HikariPool.java:517] - HikariPool-1 - Fill pool skipped, pool is at sufficient level.
2025-04-20 14:41:35,453 DEBUG [HikariPool-1 housekeeper][HikariPool.java:421] - HikariPool-1 - Pool stats (total=10, active=0, idle=10, waiting=0)
2025-04-20 14:41:35,453 DEBUG [HikariPool-1 housekeeper][HikariPool.java:421] - HikariPool-1 - Pool stats (total=10, active=0, idle=10, waiting=0)
2025-04-20 14:41:35,453 DEBUG [HikariPool-1 housekeeper][HikariPool.java:517] - HikariPool-1 - Fill pool skipped, pool is at sufficient level.
2025-04-20 14:41:35,453 DEBUG [HikariPool-1 housekeeper][HikariPool.java:517] - HikariPool-1 - Fill pool skipped, pool is at sufficient level.
2025-04-20 14:42:05,465 DEBUG [HikariPool-1 housekeeper][HikariPool.java:421] - HikariPool-1 - Pool stats (total=10, active=0, idle=10, waiting=0)
2025-04-20 14:42:05,465 DEBUG [HikariPool-1 housekeeper][HikariPool.java:421] - HikariPool-1 - Pool stats (total=10, active=0, idle=10, waiting=0)
2025-04-20 14:42:05,465 DEBUG [HikariPool-1 housekeeper][HikariPool.java:517] - HikariPool-1 - Fill pool skipped, pool is at sufficient level.
2025-04-20 14:42:05,465 DEBUG [HikariPool-1 housekeeper][HikariPool.java:517] - HikariPool-1 - Fill pool skipped, pool is at sufficient level.
2025-04-20 14:42:35,479 DEBUG [HikariPool-1 housekeeper][HikariPool.java:421] - HikariPool-1 - Pool stats (total=10, active=0, idle=10, waiting=0)
2025-04-20 14:42:35,479 DEBUG [HikariPool-1 housekeeper][HikariPool.java:421] - HikariPool-1 - Pool stats (total=10, active=0, idle=10, waiting=0)
2025-04-20 14:42:35,479 DEBUG [HikariPool-1 housekeeper][HikariPool.java:517] - HikariPool-1 - Fill pool skipped, pool is at sufficient level.
2025-04-20 14:42:35,479 DEBUG [HikariPool-1 housekeeper][HikariPool.java:517] - HikariPool-1 - Fill pool skipped, pool is at sufficient level.
2025-04-20 14:43:05,489 DEBUG [HikariPool-1 housekeeper][HikariPool.java:421] - HikariPool-1 - Pool stats (total=10, active=0, idle=10, waiting=0)
2025-04-20 14:43:05,489 DEBUG [HikariPool-1 housekeeper][HikariPool.java:421] - HikariPool-1 - Pool stats (total=10, active=0, idle=10, waiting=0)
2025-04-20 14:43:05,489 DEBUG [HikariPool-1 housekeeper][HikariPool.java:517] - HikariPool-1 - Fill pool skipped, pool is at sufficient level.
2025-04-20 14:43:05,489 DEBUG [HikariPool-1 housekeeper][HikariPool.java:517] - HikariPool-1 - Fill pool skipped, pool is at sufficient level.
2025-04-20 14:43:35,504 DEBUG [HikariPool-1 housekeeper][HikariPool.java:421] - HikariPool-1 - Pool stats (total=10, active=0, idle=10, waiting=0)
2025-04-20 14:43:35,504 DEBUG [HikariPool-1 housekeeper][HikariPool.java:517] - HikariPool-1 - Fill pool skipped, pool is at sufficient level.
2025-04-20 14:43:35,504 DEBUG [HikariPool-1 housekeeper][HikariPool.java:421] - HikariPool-1 - Pool stats (total=10, active=0, idle=10, waiting=0)
2025-04-20 14:43:35,504 DEBUG [HikariPool-1 housekeeper][HikariPool.java:517] - HikariPool-1 - Fill pool skipped, pool is at sufficient level.
2025-04-20 14:44:05,519 DEBUG [HikariPool-1 housekeeper][HikariPool.java:421] - HikariPool-1 - Pool stats (total=10, active=0, idle=10, waiting=0)
2025-04-20 14:44:05,519 DEBUG [HikariPool-1 housekeeper][HikariPool.java:517] - HikariPool-1 - Fill pool skipped, pool is at sufficient level.
2025-04-20 14:44:05,519 DEBUG [HikariPool-1 housekeeper][HikariPool.java:421] - HikariPool-1 - Pool stats (total=10, active=0, idle=10, waiting=0)
2025-04-20 14:44:05,519 DEBUG [HikariPool-1 housekeeper][HikariPool.java:517] - HikariPool-1 - Fill pool skipped, pool is at sufficient level.
2025-04-20 14:44:35,534 DEBUG [HikariPool-1 housekeeper][HikariPool.java:421] - HikariPool-1 - Pool stats (total=10, active=0, idle=10, waiting=0)
2025-04-20 14:44:35,534 DEBUG [HikariPool-1 housekeeper][HikariPool.java:421] - HikariPool-1 - Pool stats (total=10, active=0, idle=10, waiting=0)
2025-04-20 14:44:35,534 DEBUG [HikariPool-1 housekeeper][HikariPool.java:517] - HikariPool-1 - Fill pool skipped, pool is at sufficient level.
2025-04-20 14:44:35,534 DEBUG [HikariPool-1 housekeeper][HikariPool.java:517] - HikariPool-1 - Fill pool skipped, pool is at sufficient level.
2025-04-20 14:44:56,202 DEBUG [main][ClasspathLoggingApplicationListener.java:51] - Application started with classpath: [file:/C:/Users/23624/.jdks/corretto-1.8.0_442/jre/lib/charsets.jar, file:/C:/Users/23624/.jdks/corretto-1.8.0_442/jre/lib/ext/access-bridge-64.jar, file:/C:/Users/23624/.jdks/corretto-1.8.0_442/jre/lib/ext/cldrdata.jar, file:/C:/Users/23624/.jdks/corretto-1.8.0_442/jre/lib/ext/dnsns.jar, file:/C:/Users/23624/.jdks/corretto-1.8.0_442/jre/lib/ext/jaccess.jar, file:/C:/Users/23624/.jdks/corretto-1.8.0_442/jre/lib/ext/jfxrt.jar, file:/C:/Users/23624/.jdks/corretto-1.8.0_442/jre/lib/ext/localedata.jar, file:/C:/Users/23624/.jdks/corretto-1.8.0_442/jre/lib/ext/nashorn.jar, file:/C:/Users/23624/.jdks/corretto-1.8.0_442/jre/lib/ext/sunec.jar, file:/C:/Users/23624/.jdks/corretto-1.8.0_442/jre/lib/ext/sunjce_provider.jar, file:/C:/Users/23624/.jdks/corretto-1.8.0_442/jre/lib/ext/sunmscapi.jar, file:/C:/Users/23624/.jdks/corretto-1.8.0_442/jre/lib/ext/sunpkcs11.jar, file:/C:/Users/23624/.jdks/corretto-1.8.0_442/jre/lib/ext/zipfs.jar, file:/C:/Users/23624/.jdks/corretto-1.8.0_442/jre/lib/jce.jar, file:/C:/Users/23624/.jdks/corretto-1.8.0_442/jre/lib/jfr.jar, file:/C:/Users/23624/.jdks/corretto-1.8.0_442/jre/lib/jfxswt.jar, file:/C:/Users/23624/.jdks/corretto-1.8.0_442/jre/lib/jsse.jar, file:/C:/Users/23624/.jdks/corretto-1.8.0_442/jre/lib/management-agent.jar, file:/C:/Users/23624/.jdks/corretto-1.8.0_442/jre/lib/resources.jar, file:/C:/Users/23624/.jdks/corretto-1.8.0_442/jre/lib/rt.jar, file:/D:/JavaProject/studyOnline/xuecheng-plus-project/xuecheng-plus-content/xuecheng-plus-content-api/target/classes/, file:/D:/JavaProject/studyOnline/xuecheng-plus-project/xuecheng-plus-content/xuecheng-plus-content-service/target/classes/, file:/D:/JavaProject/studyOnline/xuecheng-plus-project/xuecheng-plus-content/xuecheng-plus-content-model/target/classes/, file:/D:/JavaProject/studyOnline/xuecheng-plus-project/xuecheng-plus-base/target/classes/, file:/D:/apache-maven-3.8.8/mavenLib/org/apache/commons/commons-lang3/3.10/commons-lang3-3.10.jar, file:/D:/apache-maven-3.8.8/mavenLib/com/alibaba/fastjson/1.2.83/fastjson-1.2.83.jar, file:/D:/apache-maven-3.8.8/mavenLib/commons-lang/commons-lang/2.6/commons-lang-2.6.jar, file:/D:/apache-maven-3.8.8/mavenLib/commons-codec/commons-codec/1.14/commons-codec-1.14.jar, file:/D:/apache-maven-3.8.8/mavenLib/com/j256/simplemagic/simplemagic/1.17/simplemagic-1.17.jar, file:/D:/apache-maven-3.8.8/mavenLib/com/google/zxing/core/3.3.3/core-3.3.3.jar, file:/D:/apache-maven-3.8.8/mavenLib/com/google/zxing/javase/3.3.3/javase-3.3.3.jar, file:/D:/apache-maven-3.8.8/mavenLib/com/beust/jcommander/1.72/jcommander-1.72.jar, file:/D:/apache-maven-3.8.8/mavenLib/com/github/jai-imageio/jai-imageio-core/1.4.0/jai-imageio-core-1.4.0.jar, file:/D:/apache-maven-3.8.8/mavenLib/com/baomidou/mybatis-plus-annotation/3.4.1/mybatis-plus-annotation-3.4.1.jar, file:/D:/apache-maven-3.8.8/mavenLib/com/baomidou/mybatis-plus-core/3.4.1/mybatis-plus-core-3.4.1.jar, file:/D:/apache-maven-3.8.8/mavenLib/com/github/jsqlparser/jsqlparser/3.2/jsqlparser-3.2.jar, file:/D:/apache-maven-3.8.8/mavenLib/org/mybatis/mybatis/3.5.6/mybatis-3.5.6.jar, file:/D:/apache-maven-3.8.8/mavenLib/org/projectlombok/lombok/1.18.8/lombok-1.18.8.jar, file:/D:/apache-maven-3.8.8/mavenLib/mysql/mysql-connector-java/8.0.30/mysql-connector-java-8.0.30.jar, file:/D:/apache-maven-3.8.8/mavenLib/com/google/protobuf/protobuf-java/3.13.0/protobuf-java-3.13.0.jar, file:/D:/apache-maven-3.8.8/mavenLib/com/baomidou/mybatis-plus-boot-starter/3.4.1/mybatis-plus-boot-starter-3.4.1.jar, file:/D:/apache-maven-3.8.8/mavenLib/com/baomidou/mybatis-plus/3.4.1/mybatis-plus-3.4.1.jar, file:/D:/apache-maven-3.8.8/mavenLib/com/baomidou/mybatis-plus-extension/3.4.1/mybatis-plus-extension-3.4.1.jar, file:/D:/apache-maven-3.8.8/mavenLib/org/mybatis/mybatis-spring/2.0.5/mybatis-spring-2.0.5.jar, file:/D:/apache-maven-3.8.8/mavenLib/org/springframework/boot/spring-boot-starter-jdbc/2.3.7.RELEASE/spring-boot-starter-jdbc-2.3.7.RELEASE.jar, file:/D:/apache-maven-3.8.8/mavenLib/com/zaxxer/HikariCP/3.4.5/HikariCP-3.4.5.jar, file:/D:/apache-maven-3.8.8/mavenLib/org/springframework/spring-jdbc/5.2.12.RELEASE/spring-jdbc-5.2.12.RELEASE.jar, file:/D:/apache-maven-3.8.8/mavenLib/org/springframework/spring-tx/5.2.12.RELEASE/spring-tx-5.2.12.RELEASE.jar, file:/D:/apache-maven-3.8.8/mavenLib/org/springframework/cloud/spring-cloud-context/2.2.6.RELEASE/spring-cloud-context-2.2.6.RELEASE.jar, file:/D:/apache-maven-3.8.8/mavenLib/org/springframework/security/spring-security-crypto/5.3.6.RELEASE/spring-security-crypto-5.3.6.RELEASE.jar, file:/D:/apache-maven-3.8.8/mavenLib/org/springframework/boot/spring-boot-starter-web/2.3.7.RELEASE/spring-boot-starter-web-2.3.7.RELEASE.jar, file:/D:/apache-maven-3.8.8/mavenLib/org/springframework/boot/spring-boot-starter-json/2.3.7.RELEASE/spring-boot-starter-json-2.3.7.RELEASE.jar, file:/D:/apache-maven-3.8.8/mavenLib/com/fasterxml/jackson/core/jackson-databind/2.11.3/jackson-databind-2.11.3.jar, file:/D:/apache-maven-3.8.8/mavenLib/com/fasterxml/jackson/core/jackson-annotations/2.11.3/jackson-annotations-2.11.3.jar, file:/D:/apache-maven-3.8.8/mavenLib/com/fasterxml/jackson/core/jackson-core/2.11.3/jackson-core-2.11.3.jar, file:/D:/apache-maven-3.8.8/mavenLib/com/fasterxml/jackson/datatype/jackson-datatype-jdk8/2.11.3/jackson-datatype-jdk8-2.11.3.jar, file:/D:/apache-maven-3.8.8/mavenLib/com/fasterxml/jackson/datatype/jackson-datatype-jsr310/2.11.3/jackson-datatype-jsr310-2.11.3.jar, file:/D:/apache-maven-3.8.8/mavenLib/com/fasterxml/jackson/module/jackson-module-parameter-names/2.11.3/jackson-module-parameter-names-2.11.3.jar, file:/D:/apache-maven-3.8.8/mavenLib/org/springframework/boot/spring-boot-starter-tomcat/2.3.7.RELEASE/spring-boot-starter-tomcat-2.3.7.RELEASE.jar, file:/D:/apache-maven-3.8.8/mavenLib/org/apache/tomcat/embed/tomcat-embed-core/9.0.41/tomcat-embed-core-9.0.41.jar, file:/D:/apache-maven-3.8.8/mavenLib/org/apache/tomcat/embed/tomcat-embed-websocket/9.0.41/tomcat-embed-websocket-9.0.41.jar, file:/D:/apache-maven-3.8.8/mavenLib/org/springframework/spring-web/5.2.12.RELEASE/spring-web-5.2.12.RELEASE.jar, file:/D:/apache-maven-3.8.8/mavenLib/org/springframework/spring-beans/5.2.12.RELEASE/spring-beans-5.2.12.RELEASE.jar, file:/D:/apache-maven-3.8.8/mavenLib/org/springframework/spring-webmvc/5.2.12.RELEASE/spring-webmvc-5.2.12.RELEASE.jar, file:/D:/apache-maven-3.8.8/mavenLib/org/springframework/spring-aop/5.2.12.RELEASE/spring-aop-5.2.12.RELEASE.jar, file:/D:/apache-maven-3.8.8/mavenLib/org/springframework/spring-context/5.2.12.RELEASE/spring-context-5.2.12.RELEASE.jar, file:/D:/apache-maven-3.8.8/mavenLib/org/springframework/spring-expression/5.2.12.RELEASE/spring-expression-5.2.12.RELEASE.jar, file:/D:/apache-maven-3.8.8/mavenLib/org/springframework/boot/spring-boot-starter/2.3.7.RELEASE/spring-boot-starter-2.3.7.RELEASE.jar, file:/D:/apache-maven-3.8.8/mavenLib/org/springframework/boot/spring-boot/2.3.7.RELEASE/spring-boot-2.3.7.RELEASE.jar, file:/D:/apache-maven-3.8.8/mavenLib/org/springframework/boot/spring-boot-autoconfigure/2.3.7.RELEASE/spring-boot-autoconfigure-2.3.7.RELEASE.jar, file:/D:/apache-maven-3.8.8/mavenLib/jakarta/annotation/jakarta.annotation-api/1.3.5/jakarta.annotation-api-1.3.5.jar, file:/D:/apache-maven-3.8.8/mavenLib/org/springframework/spring-core/5.2.12.RELEASE/spring-core-5.2.12.RELEASE.jar, file:/D:/apache-maven-3.8.8/mavenLib/org/springframework/spring-jcl/5.2.12.RELEASE/spring-jcl-5.2.12.RELEASE.jar, file:/D:/apache-maven-3.8.8/mavenLib/org/yaml/snakeyaml/1.26/snakeyaml-1.26.jar, file:/D:/apache-maven-3.8.8/mavenLib/org/springframework/boot/spring-boot-starter-validation/2.3.7.RELEASE/spring-boot-starter-validation-2.3.7.RELEASE.jar, file:/D:/apache-maven-3.8.8/mavenLib/org/glassfish/jakarta.el/3.0.3/jakarta.el-3.0.3.jar, file:/D:/apache-maven-3.8.8/mavenLib/org/hibernate/validator/hibernate-validator/6.1.6.Final/hibernate-validator-6.1.6.Final.jar, file:/D:/apache-maven-3.8.8/mavenLib/jakarta/validation/jakarta.validation-api/2.0.2/jakarta.validation-api-2.0.2.jar, file:/D:/apache-maven-3.8.8/mavenLib/org/jboss/logging/jboss-logging/3.4.1.Final/jboss-logging-3.4.1.Final.jar, file:/D:/apache-maven-3.8.8/mavenLib/com/fasterxml/classmate/1.5.1/classmate-1.5.1.jar, file:/D:/apache-maven-3.8.8/mavenLib/org/springframework/boot/spring-boot-starter-log4j2/2.3.7.RELEASE/spring-boot-starter-log4j2-2.3.7.RELEASE.jar, file:/D:/apache-maven-3.8.8/mavenLib/org/apache/logging/log4j/log4j-slf4j-impl/2.13.3/log4j-slf4j-impl-2.13.3.jar, file:/D:/apache-maven-3.8.8/mavenLib/org/slf4j/slf4j-api/1.7.30/slf4j-api-1.7.30.jar, file:/D:/apache-maven-3.8.8/mavenLib/org/apache/logging/log4j/log4j-api/2.13.3/log4j-api-2.13.3.jar, file:/D:/apache-maven-3.8.8/mavenLib/org/apache/logging/log4j/log4j-core/2.13.3/log4j-core-2.13.3.jar, file:/D:/apache-maven-3.8.8/mavenLib/org/apache/logging/log4j/log4j-jul/2.13.3/log4j-jul-2.13.3.jar, file:/D:/apache-maven-3.8.8/mavenLib/org/slf4j/jul-to-slf4j/1.7.30/jul-to-slf4j-1.7.30.jar, file:/D:/apache-maven-3.8.8/mavenLib/com/spring4all/swagger-spring-boot-starter/1.9.0.RELEASE/swagger-spring-boot-starter-1.9.0.RELEASE.jar, file:/D:/apache-maven-3.8.8/mavenLib/io/springfox/springfox-swagger-ui/2.9.2/springfox-swagger-ui-2.9.2.jar, file:/D:/apache-maven-3.8.8/mavenLib/io/springfox/springfox-spring-web/2.9.2/springfox-spring-web-2.9.2.jar, file:/D:/apache-maven-3.8.8/mavenLib/io/springfox/springfox-swagger2/2.9.2/springfox-swagger2-2.9.2.jar, file:/D:/apache-maven-3.8.8/mavenLib/io/swagger/swagger-annotations/1.5.20/swagger-annotations-1.5.20.jar, file:/D:/apache-maven-3.8.8/mavenLib/io/swagger/swagger-models/1.5.20/swagger-models-1.5.20.jar, file:/D:/apache-maven-3.8.8/mavenLib/io/springfox/springfox-spi/2.9.2/springfox-spi-2.9.2.jar, file:/D:/apache-maven-3.8.8/mavenLib/io/springfox/springfox-core/2.9.2/springfox-core-2.9.2.jar, file:/D:/apache-maven-3.8.8/mavenLib/net/bytebuddy/byte-buddy/1.10.18/byte-buddy-1.10.18.jar, file:/D:/apache-maven-3.8.8/mavenLib/io/springfox/springfox-schema/2.9.2/springfox-schema-2.9.2.jar, file:/D:/apache-maven-3.8.8/mavenLib/io/springfox/springfox-swagger-common/2.9.2/springfox-swagger-common-2.9.2.jar, file:/D:/apache-maven-3.8.8/mavenLib/com/google/guava/guava/25.0-jre/guava-25.0-jre.jar, file:/D:/apache-maven-3.8.8/mavenLib/com/google/code/findbugs/jsr305/1.3.9/jsr305-1.3.9.jar, file:/D:/apache-maven-3.8.8/mavenLib/org/checkerframework/checker-compat-qual/2.0.0/checker-compat-qual-2.0.0.jar, file:/D:/apache-maven-3.8.8/mavenLib/com/google/errorprone/error_prone_annotations/2.1.3/error_prone_annotations-2.1.3.jar, file:/D:/apache-maven-3.8.8/mavenLib/com/google/j2objc/j2objc-annotations/1.1/j2objc-annotations-1.1.jar, file:/D:/apache-maven-3.8.8/mavenLib/org/codehaus/mojo/animal-sniffer-annotations/1.14/animal-sniffer-annotations-1.14.jar, file:/D:/apache-maven-3.8.8/mavenLib/org/springframework/plugin/spring-plugin-core/1.2.0.RELEASE/spring-plugin-core-1.2.0.RELEASE.jar, file:/D:/apache-maven-3.8.8/mavenLib/org/springframework/plugin/spring-plugin-metadata/1.2.0.RELEASE/spring-plugin-metadata-1.2.0.RELEASE.jar, file:/D:/apache-maven-3.8.8/mavenLib/org/mapstruct/mapstruct/1.2.0.Final/mapstruct-1.2.0.Final.jar, file:/D:/apache-maven-3.8.8/mavenLib/io/springfox/springfox-bean-validators/2.9.2/springfox-bean-validators-2.9.2.jar, file:/C:/Program%20Files/JetBrains/IntelliJ%20IDEA%202024.3.4.1/lib/idea_rt.jar, file:/C:/Users/23624/AppData/Local/JetBrains/IntelliJIdea2024.3/captureAgent/debugger-agent.jar]
2025-04-20 14:44:56,202 DEBUG [main][ClasspathLoggingApplicationListener.java:51] - Application started with classpath: [file:/C:/Users/23624/.jdks/corretto-1.8.0_442/jre/lib/charsets.jar, file:/C:/Users/23624/.jdks/corretto-1.8.0_442/jre/lib/ext/access-bridge-64.jar, file:/C:/Users/23624/.jdks/corretto-1.8.0_442/jre/lib/ext/cldrdata.jar, file:/C:/Users/23624/.jdks/corretto-1.8.0_442/jre/lib/ext/dnsns.jar, file:/C:/Users/23624/.jdks/corretto-1.8.0_442/jre/lib/ext/jaccess.jar, file:/C:/Users/23624/.jdks/corretto-1.8.0_442/jre/lib/ext/jfxrt.jar, file:/C:/Users/23624/.jdks/corretto-1.8.0_442/jre/lib/ext/localedata.jar, file:/C:/Users/23624/.jdks/corretto-1.8.0_442/jre/lib/ext/nashorn.jar, file:/C:/Users/23624/.jdks/corretto-1.8.0_442/jre/lib/ext/sunec.jar, file:/C:/Users/23624/.jdks/corretto-1.8.0_442/jre/lib/ext/sunjce_provider.jar, file:/C:/Users/23624/.jdks/corretto-1.8.0_442/jre/lib/ext/sunmscapi.jar, file:/C:/Users/23624/.jdks/corretto-1.8.0_442/jre/lib/ext/sunpkcs11.jar, file:/C:/Users/23624/.jdks/corretto-1.8.0_442/jre/lib/ext/zipfs.jar, file:/C:/Users/23624/.jdks/corretto-1.8.0_442/jre/lib/jce.jar, file:/C:/Users/23624/.jdks/corretto-1.8.0_442/jre/lib/jfr.jar, file:/C:/Users/23624/.jdks/corretto-1.8.0_442/jre/lib/jfxswt.jar, file:/C:/Users/23624/.jdks/corretto-1.8.0_442/jre/lib/jsse.jar, file:/C:/Users/23624/.jdks/corretto-1.8.0_442/jre/lib/management-agent.jar, file:/C:/Users/23624/.jdks/corretto-1.8.0_442/jre/lib/resources.jar, file:/C:/Users/23624/.jdks/corretto-1.8.0_442/jre/lib/rt.jar, file:/D:/JavaProject/studyOnline/xuecheng-plus-project/xuecheng-plus-content/xuecheng-plus-content-api/target/classes/, file:/D:/JavaProject/studyOnline/xuecheng-plus-project/xuecheng-plus-content/xuecheng-plus-content-service/target/classes/, file:/D:/JavaProject/studyOnline/xuecheng-plus-project/xuecheng-plus-content/xuecheng-plus-content-model/target/classes/, file:/D:/JavaProject/studyOnline/xuecheng-plus-project/xuecheng-plus-base/target/classes/, file:/D:/apache-maven-3.8.8/mavenLib/org/apache/commons/commons-lang3/3.10/commons-lang3-3.10.jar, file:/D:/apache-maven-3.8.8/mavenLib/com/alibaba/fastjson/1.2.83/fastjson-1.2.83.jar, file:/D:/apache-maven-3.8.8/mavenLib/commons-lang/commons-lang/2.6/commons-lang-2.6.jar, file:/D:/apache-maven-3.8.8/mavenLib/commons-codec/commons-codec/1.14/commons-codec-1.14.jar, file:/D:/apache-maven-3.8.8/mavenLib/com/j256/simplemagic/simplemagic/1.17/simplemagic-1.17.jar, file:/D:/apache-maven-3.8.8/mavenLib/com/google/zxing/core/3.3.3/core-3.3.3.jar, file:/D:/apache-maven-3.8.8/mavenLib/com/google/zxing/javase/3.3.3/javase-3.3.3.jar, file:/D:/apache-maven-3.8.8/mavenLib/com/beust/jcommander/1.72/jcommander-1.72.jar, file:/D:/apache-maven-3.8.8/mavenLib/com/github/jai-imageio/jai-imageio-core/1.4.0/jai-imageio-core-1.4.0.jar, file:/D:/apache-maven-3.8.8/mavenLib/com/baomidou/mybatis-plus-annotation/3.4.1/mybatis-plus-annotation-3.4.1.jar, file:/D:/apache-maven-3.8.8/mavenLib/com/baomidou/mybatis-plus-core/3.4.1/mybatis-plus-core-3.4.1.jar, file:/D:/apache-maven-3.8.8/mavenLib/com/github/jsqlparser/jsqlparser/3.2/jsqlparser-3.2.jar, file:/D:/apache-maven-3.8.8/mavenLib/org/mybatis/mybatis/3.5.6/mybatis-3.5.6.jar, file:/D:/apache-maven-3.8.8/mavenLib/org/projectlombok/lombok/1.18.8/lombok-1.18.8.jar, file:/D:/apache-maven-3.8.8/mavenLib/mysql/mysql-connector-java/8.0.30/mysql-connector-java-8.0.30.jar, file:/D:/apache-maven-3.8.8/mavenLib/com/google/protobuf/protobuf-java/3.13.0/protobuf-java-3.13.0.jar, file:/D:/apache-maven-3.8.8/mavenLib/com/baomidou/mybatis-plus-boot-starter/3.4.1/mybatis-plus-boot-starter-3.4.1.jar, file:/D:/apache-maven-3.8.8/mavenLib/com/baomidou/mybatis-plus/3.4.1/mybatis-plus-3.4.1.jar, file:/D:/apache-maven-3.8.8/mavenLib/com/baomidou/mybatis-plus-extension/3.4.1/mybatis-plus-extension-3.4.1.jar, file:/D:/apache-maven-3.8.8/mavenLib/org/mybatis/mybatis-spring/2.0.5/mybatis-spring-2.0.5.jar, file:/D:/apache-maven-3.8.8/mavenLib/org/springframework/boot/spring-boot-starter-jdbc/2.3.7.RELEASE/spring-boot-starter-jdbc-2.3.7.RELEASE.jar, file:/D:/apache-maven-3.8.8/mavenLib/com/zaxxer/HikariCP/3.4.5/HikariCP-3.4.5.jar, file:/D:/apache-maven-3.8.8/mavenLib/org/springframework/spring-jdbc/5.2.12.RELEASE/spring-jdbc-5.2.12.RELEASE.jar, file:/D:/apache-maven-3.8.8/mavenLib/org/springframework/spring-tx/5.2.12.RELEASE/spring-tx-5.2.12.RELEASE.jar, file:/D:/apache-maven-3.8.8/mavenLib/org/springframework/cloud/spring-cloud-context/2.2.6.RELEASE/spring-cloud-context-2.2.6.RELEASE.jar, file:/D:/apache-maven-3.8.8/mavenLib/org/springframework/security/spring-security-crypto/5.3.6.RELEASE/spring-security-crypto-5.3.6.RELEASE.jar, file:/D:/apache-maven-3.8.8/mavenLib/org/springframework/boot/spring-boot-starter-web/2.3.7.RELEASE/spring-boot-starter-web-2.3.7.RELEASE.jar, file:/D:/apache-maven-3.8.8/mavenLib/org/springframework/boot/spring-boot-starter-json/2.3.7.RELEASE/spring-boot-starter-json-2.3.7.RELEASE.jar, file:/D:/apache-maven-3.8.8/mavenLib/com/fasterxml/jackson/core/jackson-databind/2.11.3/jackson-databind-2.11.3.jar, file:/D:/apache-maven-3.8.8/mavenLib/com/fasterxml/jackson/core/jackson-annotations/2.11.3/jackson-annotations-2.11.3.jar, file:/D:/apache-maven-3.8.8/mavenLib/com/fasterxml/jackson/core/jackson-core/2.11.3/jackson-core-2.11.3.jar, file:/D:/apache-maven-3.8.8/mavenLib/com/fasterxml/jackson/datatype/jackson-datatype-jdk8/2.11.3/jackson-datatype-jdk8-2.11.3.jar, file:/D:/apache-maven-3.8.8/mavenLib/com/fasterxml/jackson/datatype/jackson-datatype-jsr310/2.11.3/jackson-datatype-jsr310-2.11.3.jar, file:/D:/apache-maven-3.8.8/mavenLib/com/fasterxml/jackson/module/jackson-module-parameter-names/2.11.3/jackson-module-parameter-names-2.11.3.jar, file:/D:/apache-maven-3.8.8/mavenLib/org/springframework/boot/spring-boot-starter-tomcat/2.3.7.RELEASE/spring-boot-starter-tomcat-2.3.7.RELEASE.jar, file:/D:/apache-maven-3.8.8/mavenLib/org/apache/tomcat/embed/tomcat-embed-core/9.0.41/tomcat-embed-core-9.0.41.jar, file:/D:/apache-maven-3.8.8/mavenLib/org/apache/tomcat/embed/tomcat-embed-websocket/9.0.41/tomcat-embed-websocket-9.0.41.jar, file:/D:/apache-maven-3.8.8/mavenLib/org/springframework/spring-web/5.2.12.RELEASE/spring-web-5.2.12.RELEASE.jar, file:/D:/apache-maven-3.8.8/mavenLib/org/springframework/spring-beans/5.2.12.RELEASE/spring-beans-5.2.12.RELEASE.jar, file:/D:/apache-maven-3.8.8/mavenLib/org/springframework/spring-webmvc/5.2.12.RELEASE/spring-webmvc-5.2.12.RELEASE.jar, file:/D:/apache-maven-3.8.8/mavenLib/org/springframework/spring-aop/5.2.12.RELEASE/spring-aop-5.2.12.RELEASE.jar, file:/D:/apache-maven-3.8.8/mavenLib/org/springframework/spring-context/5.2.12.RELEASE/spring-context-5.2.12.RELEASE.jar, file:/D:/apache-maven-3.8.8/mavenLib/org/springframework/spring-expression/5.2.12.RELEASE/spring-expression-5.2.12.RELEASE.jar, file:/D:/apache-maven-3.8.8/mavenLib/org/springframework/boot/spring-boot-starter/2.3.7.RELEASE/spring-boot-starter-2.3.7.RELEASE.jar, file:/D:/apache-maven-3.8.8/mavenLib/org/springframework/boot/spring-boot/2.3.7.RELEASE/spring-boot-2.3.7.RELEASE.jar, file:/D:/apache-maven-3.8.8/mavenLib/org/springframework/boot/spring-boot-autoconfigure/2.3.7.RELEASE/spring-boot-autoconfigure-2.3.7.RELEASE.jar, file:/D:/apache-maven-3.8.8/mavenLib/jakarta/annotation/jakarta.annotation-api/1.3.5/jakarta.annotation-api-1.3.5.jar, file:/D:/apache-maven-3.8.8/mavenLib/org/springframework/spring-core/5.2.12.RELEASE/spring-core-5.2.12.RELEASE.jar, file:/D:/apache-maven-3.8.8/mavenLib/org/springframework/spring-jcl/5.2.12.RELEASE/spring-jcl-5.2.12.RELEASE.jar, file:/D:/apache-maven-3.8.8/mavenLib/org/yaml/snakeyaml/1.26/snakeyaml-1.26.jar, file:/D:/apache-maven-3.8.8/mavenLib/org/springframework/boot/spring-boot-starter-validation/2.3.7.RELEASE/spring-boot-starter-validation-2.3.7.RELEASE.jar, file:/D:/apache-maven-3.8.8/mavenLib/org/glassfish/jakarta.el/3.0.3/jakarta.el-3.0.3.jar, file:/D:/apache-maven-3.8.8/mavenLib/org/hibernate/validator/hibernate-validator/6.1.6.Final/hibernate-validator-6.1.6.Final.jar, file:/D:/apache-maven-3.8.8/mavenLib/jakarta/validation/jakarta.validation-api/2.0.2/jakarta.validation-api-2.0.2.jar, file:/D:/apache-maven-3.8.8/mavenLib/org/jboss/logging/jboss-logging/3.4.1.Final/jboss-logging-3.4.1.Final.jar, file:/D:/apache-maven-3.8.8/mavenLib/com/fasterxml/classmate/1.5.1/classmate-1.5.1.jar, file:/D:/apache-maven-3.8.8/mavenLib/org/springframework/boot/spring-boot-starter-log4j2/2.3.7.RELEASE/spring-boot-starter-log4j2-2.3.7.RELEASE.jar, file:/D:/apache-maven-3.8.8/mavenLib/org/apache/logging/log4j/log4j-slf4j-impl/2.13.3/log4j-slf4j-impl-2.13.3.jar, file:/D:/apache-maven-3.8.8/mavenLib/org/slf4j/slf4j-api/1.7.30/slf4j-api-1.7.30.jar, file:/D:/apache-maven-3.8.8/mavenLib/org/apache/logging/log4j/log4j-api/2.13.3/log4j-api-2.13.3.jar, file:/D:/apache-maven-3.8.8/mavenLib/org/apache/logging/log4j/log4j-core/2.13.3/log4j-core-2.13.3.jar, file:/D:/apache-maven-3.8.8/mavenLib/org/apache/logging/log4j/log4j-jul/2.13.3/log4j-jul-2.13.3.jar, file:/D:/apache-maven-3.8.8/mavenLib/org/slf4j/jul-to-slf4j/1.7.30/jul-to-slf4j-1.7.30.jar, file:/D:/apache-maven-3.8.8/mavenLib/com/spring4all/swagger-spring-boot-starter/1.9.0.RELEASE/swagger-spring-boot-starter-1.9.0.RELEASE.jar, file:/D:/apache-maven-3.8.8/mavenLib/io/springfox/springfox-swagger-ui/2.9.2/springfox-swagger-ui-2.9.2.jar, file:/D:/apache-maven-3.8.8/mavenLib/io/springfox/springfox-spring-web/2.9.2/springfox-spring-web-2.9.2.jar, file:/D:/apache-maven-3.8.8/mavenLib/io/springfox/springfox-swagger2/2.9.2/springfox-swagger2-2.9.2.jar, file:/D:/apache-maven-3.8.8/mavenLib/io/swagger/swagger-annotations/1.5.20/swagger-annotations-1.5.20.jar, file:/D:/apache-maven-3.8.8/mavenLib/io/swagger/swagger-models/1.5.20/swagger-models-1.5.20.jar, file:/D:/apache-maven-3.8.8/mavenLib/io/springfox/springfox-spi/2.9.2/springfox-spi-2.9.2.jar, file:/D:/apache-maven-3.8.8/mavenLib/io/springfox/springfox-core/2.9.2/springfox-core-2.9.2.jar, file:/D:/apache-maven-3.8.8/mavenLib/net/bytebuddy/byte-buddy/1.10.18/byte-buddy-1.10.18.jar, file:/D:/apache-maven-3.8.8/mavenLib/io/springfox/springfox-schema/2.9.2/springfox-schema-2.9.2.jar, file:/D:/apache-maven-3.8.8/mavenLib/io/springfox/springfox-swagger-common/2.9.2/springfox-swagger-common-2.9.2.jar, file:/D:/apache-maven-3.8.8/mavenLib/com/google/guava/guava/25.0-jre/guava-25.0-jre.jar, file:/D:/apache-maven-3.8.8/mavenLib/com/google/code/findbugs/jsr305/1.3.9/jsr305-1.3.9.jar, file:/D:/apache-maven-3.8.8/mavenLib/org/checkerframework/checker-compat-qual/2.0.0/checker-compat-qual-2.0.0.jar, file:/D:/apache-maven-3.8.8/mavenLib/com/google/errorprone/error_prone_annotations/2.1.3/error_prone_annotations-2.1.3.jar, file:/D:/apache-maven-3.8.8/mavenLib/com/google/j2objc/j2objc-annotations/1.1/j2objc-annotations-1.1.jar, file:/D:/apache-maven-3.8.8/mavenLib/org/codehaus/mojo/animal-sniffer-annotations/1.14/animal-sniffer-annotations-1.14.jar, file:/D:/apache-maven-3.8.8/mavenLib/org/springframework/plugin/spring-plugin-core/1.2.0.RELEASE/spring-plugin-core-1.2.0.RELEASE.jar, file:/D:/apache-maven-3.8.8/mavenLib/org/springframework/plugin/spring-plugin-metadata/1.2.0.RELEASE/spring-plugin-metadata-1.2.0.RELEASE.jar, file:/D:/apache-maven-3.8.8/mavenLib/org/mapstruct/mapstruct/1.2.0.Final/mapstruct-1.2.0.Final.jar, file:/D:/apache-maven-3.8.8/mavenLib/io/springfox/springfox-bean-validators/2.9.2/springfox-bean-validators-2.9.2.jar, file:/C:/Program%20Files/JetBrains/IntelliJ%20IDEA%202024.3.4.1/lib/idea_rt.jar, file:/C:/Users/23624/AppData/Local/JetBrains/IntelliJIdea2024.3/captureAgent/debugger-agent.jar]
2025-04-20 14:44:56,262 DEBUG [background-preinit][LoggerProviders.java:152] - Logging Provider: org.jboss.logging.Log4j2LoggerProvider
2025-04-20 14:44:56,262 DEBUG [background-preinit][LoggerProviders.java:152] - Logging Provider: org.jboss.logging.Log4j2LoggerProvider
2025-04-20 14:44:56,263 INFO [background-preinit][Version.java:21] - HV000001: Hibernate Validator 6.1.6.Final
2025-04-20 14:44:56,263 INFO [background-preinit][Version.java:21] - HV000001: Hibernate Validator 6.1.6.Final
2025-04-20 14:44:56,274 DEBUG [background-preinit][ValidationXmlParser.java:120] - Trying to load META-INF/validation.xml for XML based Validator configuration.
2025-04-20 14:44:56,274 DEBUG [background-preinit][ValidationXmlParser.java:120] - Trying to load META-INF/validation.xml for XML based Validator configuration.
2025-04-20 14:44:56,279 DEBUG [background-preinit][ResourceLoaderHelper.java:60] - Trying to load META-INF/validation.xml via TCCL
2025-04-20 14:44:56,279 DEBUG [background-preinit][ResourceLoaderHelper.java:60] - Trying to load META-INF/validation.xml via TCCL
2025-04-20 14:44:56,280 DEBUG [background-preinit][ResourceLoaderHelper.java:66] - Trying to load META-INF/validation.xml via Hibernate Validator's class loader
2025-04-20 14:44:56,280 DEBUG [background-preinit][ResourceLoaderHelper.java:66] - Trying to load META-INF/validation.xml via Hibernate Validator's class loader
2025-04-20 14:44:56,280 DEBUG [background-preinit][ValidationXmlParser.java:127] - No META-INF/validation.xml found. Using annotation based configuration only.
2025-04-20 14:44:56,280 DEBUG [background-preinit][ValidationXmlParser.java:127] - No META-INF/validation.xml found. Using annotation based configuration only.
2025-04-20 14:44:56,286 DEBUG [background-preinit][TraversableResolvers.java:60] - Cannot find javax.persistence.Persistence on classpath. Assuming non JPA 2 environment. All properties will per default be traversable.
2025-04-20 14:44:56,286 DEBUG [background-preinit][TraversableResolvers.java:60] - Cannot find javax.persistence.Persistence on classpath. Assuming non JPA 2 environment. All properties will per default be traversable.
2025-04-20 14:44:56,323 DEBUG [background-preinit][ResourceBundleMessageInterpolator.java:172] - Loaded expression factory via original TCCL
2025-04-20 14:44:56,323 DEBUG [background-preinit][ResourceBundleMessageInterpolator.java:172] - Loaded expression factory via original TCCL
2025-04-20 14:44:56,391 DEBUG [main][PropertySourcesPropertyResolver.java:115] - Found key 'spring.application.name' in PropertySource 'configurationProperties' with value of type String
2025-04-20 14:44:56,391 DEBUG [main][PropertySourcesPropertyResolver.java:115] - Found key 'spring.application.name' in PropertySource 'configurationProperties' with value of type String
2025-04-20 14:44:56,396 DEBUG [main][SpringApplication.java:679] - Loading source class org.springframework.cloud.bootstrap.BootstrapImportSelectorConfiguration
2025-04-20 14:44:56,396 DEBUG [main][SpringApplication.java:679] - Loading source class org.springframework.cloud.bootstrap.BootstrapImportSelectorConfiguration
2025-04-20 14:44:56,433 DEBUG [main][DeferredLog.java:222] - Loaded config file 'file:/D:/JavaProject/studyOnline/xuecheng-plus-project/xuecheng-plus-content/xuecheng-plus-content-api/target/classes/bootstrap.yml' (classpath:/bootstrap.yml)
2025-04-20 14:44:56,433 DEBUG [main][DeferredLog.java:222] - Loaded config file 'file:/D:/JavaProject/studyOnline/xuecheng-plus-project/xuecheng-plus-content/xuecheng-plus-content-api/target/classes/bootstrap.yml' (classpath:/bootstrap.yml)
2025-04-20 14:44:56,434 DEBUG [main][AbstractApplicationContext.java:596] - Refreshing org.springframework.context.annotation.AnnotationConfigApplicationContext@23202fce
2025-04-20 14:44:56,434 DEBUG [main][AbstractApplicationContext.java:596] - Refreshing org.springframework.context.annotation.AnnotationConfigApplicationContext@23202fce
2025-04-20 14:44:56,453 DEBUG [main][DefaultSingletonBeanRegistry.java:225] - Creating shared instance of singleton bean 'org.springframework.context.annotation.internalConfigurationAnnotationProcessor'
2025-04-20 14:44:56,453 DEBUG [main][DefaultSingletonBeanRegistry.java:225] - Creating shared instance of singleton bean 'org.springframework.context.annotation.internalConfigurationAnnotationProcessor'
2025-04-20 14:44:56,477 DEBUG [main][DefaultSingletonBeanRegistry.java:225] - Creating shared instance of singleton bean 'org.springframework.boot.autoconfigure.internalCachingMetadataReaderFactory'
2025-04-20 14:44:56,477 DEBUG [main][DefaultSingletonBeanRegistry.java:225] - Creating shared instance of singleton bean 'org.springframework.boot.autoconfigure.internalCachingMetadataReaderFactory'
2025-04-20 14:44:56,543 DEBUG [background-preinit][ValidatorFactoryConfigurationHelper.java:300] - HV000252: Using org.hibernate.validator.internal.engine.DefaultPropertyNodeNameProvider as property node name provider.
2025-04-20 14:44:56,543 DEBUG [background-preinit][ValidatorFactoryConfigurationHelper.java:300] - HV000252: Using org.hibernate.validator.internal.engine.DefaultPropertyNodeNameProvider as property node name provider.
2025-04-20 14:44:56,552 DEBUG [background-preinit][ValidatorFactoryConfigurationHelper.java:375] - HV000234: Using org.hibernate.validator.messageinterpolation.ResourceBundleMessageInterpolator as ValidatorFactory-scoped message interpolator.
2025-04-20 14:44:56,552 DEBUG [background-preinit][ValidatorFactoryConfigurationHelper.java:375] - HV000234: Using org.hibernate.validator.messageinterpolation.ResourceBundleMessageInterpolator as ValidatorFactory-scoped message interpolator.
2025-04-20 14:44:56,552 DEBUG [background-preinit][ValidatorFactoryConfigurationHelper.java:376] - HV000234: Using org.hibernate.validator.internal.engine.resolver.TraverseAllTraversableResolver as ValidatorFactory-scoped traversable resolver.
2025-04-20 14:44:56,552 DEBUG [background-preinit][ValidatorFactoryConfigurationHelper.java:376] - HV000234: Using org.hibernate.validator.internal.engine.resolver.TraverseAllTraversableResolver as ValidatorFactory-scoped traversable resolver.
2025-04-20 14:44:56,552 DEBUG [background-preinit][ValidatorFactoryConfigurationHelper.java:377] - HV000234: Using org.hibernate.validator.internal.util.ExecutableParameterNameProvider as ValidatorFactory-scoped parameter name provider.
2025-04-20 14:44:56,552 DEBUG [background-preinit][ValidatorFactoryConfigurationHelper.java:377] - HV000234: Using org.hibernate.validator.internal.util.ExecutableParameterNameProvider as ValidatorFactory-scoped parameter name provider.
2025-04-20 14:44:56,553 DEBUG [background-preinit][ValidatorFactoryConfigurationHelper.java:378] - HV000234: Using org.hibernate.validator.internal.engine.DefaultClockProvider as ValidatorFactory-scoped clock provider.
2025-04-20 14:44:56,553 DEBUG [background-preinit][ValidatorFactoryConfigurationHelper.java:378] - HV000234: Using org.hibernate.validator.internal.engine.DefaultClockProvider as ValidatorFactory-scoped clock provider.
2025-04-20 14:44:56,553 DEBUG [background-preinit][ValidatorFactoryConfigurationHelper.java:379] - HV000234: Using org.hibernate.validator.internal.engine.scripting.DefaultScriptEvaluatorFactory as ValidatorFactory-scoped script evaluator factory.
2025-04-20 14:44:56,553 DEBUG [background-preinit][ValidatorFactoryConfigurationHelper.java:379] - HV000234: Using org.hibernate.validator.internal.engine.scripting.DefaultScriptEvaluatorFactory as ValidatorFactory-scoped script evaluator factory.
2025-04-20 14:44:56,663 DEBUG [main][DefaultSingletonBeanRegistry.java:225] - Creating shared instance of singleton bean 'propertySourcesPlaceholderConfigurer'
2025-04-20 14:44:56,663 DEBUG [main][DefaultSingletonBeanRegistry.java:225] - Creating shared instance of singleton bean 'propertySourcesPlaceholderConfigurer'
2025-04-20 14:44:56,672 DEBUG [main][DefaultSingletonBeanRegistry.java:225] - Creating shared instance of singleton bean 'org.springframework.context.event.internalEventListenerProcessor'
2025-04-20 14:44:56,672 DEBUG [main][DefaultSingletonBeanRegistry.java:225] - Creating shared instance of singleton bean 'org.springframework.context.event.internalEventListenerProcessor'
2025-04-20 14:44:56,676 DEBUG [main][DefaultSingletonBeanRegistry.java:225] - Creating shared instance of singleton bean 'org.springframework.context.event.internalEventListenerFactory'
2025-04-20 14:44:56,676 DEBUG [main][DefaultSingletonBeanRegistry.java:225] - Creating shared instance of singleton bean 'org.springframework.context.event.internalEventListenerFactory'
2025-04-20 14:44:56,680 DEBUG [main][DefaultSingletonBeanRegistry.java:225] - Creating shared instance of singleton bean 'org.springframework.context.annotation.internalAutowiredAnnotationProcessor'
2025-04-20 14:44:56,680 DEBUG [main][DefaultSingletonBeanRegistry.java:225] - Creating shared instance of singleton bean 'org.springframework.context.annotation.internalAutowiredAnnotationProcessor'
2025-04-20 14:44:56,682 DEBUG [main][DefaultSingletonBeanRegistry.java:225] - Creating shared instance of singleton bean 'org.springframework.context.annotation.internalCommonAnnotationProcessor'
2025-04-20 14:44:56,682 DEBUG [main][DefaultSingletonBeanRegistry.java:225] - Creating shared instance of singleton bean 'org.springframework.context.annotation.internalCommonAnnotationProcessor'
2025-04-20 14:44:56,688 DEBUG [main][DefaultSingletonBeanRegistry.java:225] - Creating shared instance of singleton bean 'org.springframework.boot.context.properties.ConfigurationPropertiesBindingPostProcessor'
2025-04-20 14:44:56,688 DEBUG [main][DefaultSingletonBeanRegistry.java:225] - Creating shared instance of singleton bean 'org.springframework.boot.context.properties.ConfigurationPropertiesBindingPostProcessor'
2025-04-20 14:44:56,688 DEBUG [main][DefaultSingletonBeanRegistry.java:225] - Creating shared instance of singleton bean 'org.springframework.boot.context.internalConfigurationPropertiesBinder'
2025-04-20 14:44:56,688 DEBUG [main][DefaultSingletonBeanRegistry.java:225] - Creating shared instance of singleton bean 'org.springframework.boot.context.internalConfigurationPropertiesBinder'
2025-04-20 14:44:56,688 DEBUG [main][DefaultSingletonBeanRegistry.java:225] - Creating shared instance of singleton bean 'org.springframework.boot.context.internalConfigurationPropertiesBinderFactory'
2025-04-20 14:44:56,688 DEBUG [main][DefaultSingletonBeanRegistry.java:225] - Creating shared instance of singleton bean 'org.springframework.boot.context.internalConfigurationPropertiesBinderFactory'
2025-04-20 14:44:56,692 DEBUG [main][DefaultSingletonBeanRegistry.java:225] - Creating shared instance of singleton bean 'configurationPropertiesBeans'
2025-04-20 14:44:56,692 DEBUG [main][DefaultSingletonBeanRegistry.java:225] - Creating shared instance of singleton bean 'configurationPropertiesBeans'
2025-04-20 14:44:56,709 DEBUG [main][DefaultSingletonBeanRegistry.java:225] - Creating shared instance of singleton bean 'bootstrapImportSelectorConfiguration'
2025-04-20 14:44:56,709 DEBUG [main][DefaultSingletonBeanRegistry.java:225] - Creating shared instance of singleton bean 'bootstrapImportSelectorConfiguration'
2025-04-20 14:44:56,712 DEBUG [main][DefaultSingletonBeanRegistry.java:225] - Creating shared instance of singleton bean 'org.springframework.cloud.bootstrap.config.PropertySourceBootstrapConfiguration'
2025-04-20 14:44:56,712 DEBUG [main][DefaultSingletonBeanRegistry.java:225] - Creating shared instance of singleton bean 'org.springframework.cloud.bootstrap.config.PropertySourceBootstrapConfiguration'
2025-04-20 14:44:56,729 DEBUG [main][DefaultSingletonBeanRegistry.java:225] - Creating shared instance of singleton bean 'org.springframework.boot.context.properties.BoundConfigurationProperties'
2025-04-20 14:44:56,729 DEBUG [main][DefaultSingletonBeanRegistry.java:225] - Creating shared instance of singleton bean 'org.springframework.boot.context.properties.BoundConfigurationProperties'
2025-04-20 14:44:56,730 DEBUG [main][DefaultSingletonBeanRegistry.java:225] - Creating shared instance of singleton bean 'org.springframework.boot.context.properties.ConfigurationBeanFactoryMetadata'
2025-04-20 14:44:56,730 DEBUG [main][DefaultSingletonBeanRegistry.java:225] - Creating shared instance of singleton bean 'org.springframework.boot.context.properties.ConfigurationBeanFactoryMetadata'
2025-04-20 14:44:56,731 DEBUG [main][DefaultSingletonBeanRegistry.java:225] - Creating shared instance of singleton bean 'spring.cloud.config-org.springframework.cloud.bootstrap.config.PropertySourceBootstrapProperties'
2025-04-20 14:44:56,731 DEBUG [main][DefaultSingletonBeanRegistry.java:225] - Creating shared instance of singleton bean 'spring.cloud.config-org.springframework.cloud.bootstrap.config.PropertySourceBootstrapProperties'
2025-04-20 14:44:56,757 DEBUG [main][DefaultSingletonBeanRegistry.java:225] - Creating shared instance of singleton bean 'org.springframework.cloud.bootstrap.encrypt.EncryptionBootstrapConfiguration'
2025-04-20 14:44:56,757 DEBUG [main][DefaultSingletonBeanRegistry.java:225] - Creating shared instance of singleton bean 'org.springframework.cloud.bootstrap.encrypt.EncryptionBootstrapConfiguration'
2025-04-20 14:44:56,759 DEBUG [main][DefaultSingletonBeanRegistry.java:225] - Creating shared instance of singleton bean 'encrypt-org.springframework.cloud.bootstrap.encrypt.KeyProperties'
2025-04-20 14:44:56,759 DEBUG [main][DefaultSingletonBeanRegistry.java:225] - Creating shared instance of singleton bean 'encrypt-org.springframework.cloud.bootstrap.encrypt.KeyProperties'
2025-04-20 14:44:56,766 DEBUG [main][DefaultSingletonBeanRegistry.java:225] - Creating shared instance of singleton bean 'environmentDecryptApplicationListener'
2025-04-20 14:44:56,766 DEBUG [main][DefaultSingletonBeanRegistry.java:225] - Creating shared instance of singleton bean 'environmentDecryptApplicationListener'
2025-04-20 14:44:56,769 DEBUG [main][DefaultSingletonBeanRegistry.java:225] - Creating shared instance of singleton bean 'org.springframework.cloud.autoconfigure.ConfigurationPropertiesRebinderAutoConfiguration'
2025-04-20 14:44:56,769 DEBUG [main][DefaultSingletonBeanRegistry.java:225] - Creating shared instance of singleton bean 'org.springframework.cloud.autoconfigure.ConfigurationPropertiesRebinderAutoConfiguration'
2025-04-20 14:44:56,773 DEBUG [main][DefaultSingletonBeanRegistry.java:225] - Creating shared instance of singleton bean 'configurationPropertiesRebinder'
2025-04-20 14:44:56,773 DEBUG [main][DefaultSingletonBeanRegistry.java:225] - Creating shared instance of singleton bean 'configurationPropertiesRebinder'
2025-04-20 14:44:56,774 DEBUG [main][ConstructorResolver.java:807] - Autowiring by type from bean name 'configurationPropertiesRebinder' via factory method to bean named 'configurationPropertiesBeans'
2025-04-20 14:44:56,774 DEBUG [main][ConstructorResolver.java:807] - Autowiring by type from bean name 'configurationPropertiesRebinder' via factory method to bean named 'configurationPropertiesBeans'
2025-04-20 14:44:56,787 DEBUG [main][DefaultSingletonBeanRegistry.java:225] - Creating shared instance of singleton bean 'org.springframework.boot.autoconfigure.context.PropertyPlaceholderAutoConfiguration'
2025-04-20 14:44:56,787 DEBUG [main][DefaultSingletonBeanRegistry.java:225] - Creating shared instance of singleton bean 'org.springframework.boot.autoconfigure.context.PropertyPlaceholderAutoConfiguration'
2025-04-20 14:44:56,789 DEBUG [main][DefaultSingletonBeanRegistry.java:225] - Creating shared instance of singleton bean 'org.springframework.cloud.util.random.CachedRandomPropertySourceAutoConfiguration'
2025-04-20 14:44:56,789 DEBUG [main][DefaultSingletonBeanRegistry.java:225] - Creating shared instance of singleton bean 'org.springframework.cloud.util.random.CachedRandomPropertySourceAutoConfiguration'
2025-04-20 14:44:56,812 DEBUG [main][ConditionEvaluationReportLoggingListener.java:126] - 


============================
CONDITIONS EVALUATION REPORT
============================


Positive matches:
-----------------

   ConfigurationPropertiesRebinderAutoConfiguration matched:
      - @ConditionalOnBean (types: org.springframework.boot.context.properties.ConfigurationPropertiesBindingPostProcessor; SearchStrategy: all) found bean 'org.springframework.boot.context.properties.ConfigurationPropertiesBindingPostProcessor' (OnBeanCondition)

   ConfigurationPropertiesRebinderAutoConfiguration#configurationPropertiesBeans matched:
      - @ConditionalOnMissingBean (types: org.springframework.cloud.context.properties.ConfigurationPropertiesBeans; SearchStrategy: current) did not find any beans (OnBeanCondition)

   ConfigurationPropertiesRebinderAutoConfiguration#configurationPropertiesRebinder matched:
      - @ConditionalOnMissingBean (types: org.springframework.cloud.context.properties.ConfigurationPropertiesRebinder; SearchStrategy: current) did not find any beans (OnBeanCondition)

   EncryptionBootstrapConfiguration matched:
      - @ConditionalOnClass found required class 'org.springframework.security.crypto.encrypt.TextEncryptor' (OnClassCondition)

   PropertyPlaceholderAutoConfiguration#propertySourcesPlaceholderConfigurer matched:
      - @ConditionalOnMissingBean (types: org.springframework.context.support.PropertySourcesPlaceholderConfigurer; SearchStrategy: current) did not find any beans (OnBeanCondition)


Negative matches:
-----------------

   EncryptionBootstrapConfiguration.RsaEncryptionConfiguration:
      Did not match:
         - @ConditionalOnClass did not find required class 'org.springframework.security.rsa.crypto.RsaSecretEncryptor' (OnClassCondition)

   EncryptionBootstrapConfiguration.VanillaEncryptionConfiguration:
      Did not match:
         - Keystore nor key found in Environment (EncryptionBootstrapConfiguration.KeyCondition)
      Matched:
         - @ConditionalOnMissingClass did not find unwanted class 'org.springframework.security.rsa.crypto.RsaSecretEncryptor' (OnClassCondition)


Exclusions:
-----------

    None


Unconditional classes:
----------------------

    None



2025-04-20 14:44:56,812 DEBUG [main][ConditionEvaluationReportLoggingListener.java:126] - 


============================
CONDITIONS EVALUATION REPORT
============================


Positive matches:
-----------------

   ConfigurationPropertiesRebinderAutoConfiguration matched:
      - @ConditionalOnBean (types: org.springframework.boot.context.properties.ConfigurationPropertiesBindingPostProcessor; SearchStrategy: all) found bean 'org.springframework.boot.context.properties.ConfigurationPropertiesBindingPostProcessor' (OnBeanCondition)

   ConfigurationPropertiesRebinderAutoConfiguration#configurationPropertiesBeans matched:
      - @ConditionalOnMissingBean (types: org.springframework.cloud.context.properties.ConfigurationPropertiesBeans; SearchStrategy: current) did not find any beans (OnBeanCondition)

   ConfigurationPropertiesRebinderAutoConfiguration#configurationPropertiesRebinder matched:
      - @ConditionalOnMissingBean (types: org.springframework.cloud.context.properties.ConfigurationPropertiesRebinder; SearchStrategy: current) did not find any beans (OnBeanCondition)

   EncryptionBootstrapConfiguration matched:
      - @ConditionalOnClass found required class 'org.springframework.security.crypto.encrypt.TextEncryptor' (OnClassCondition)

   PropertyPlaceholderAutoConfiguration#propertySourcesPlaceholderConfigurer matched:
      - @ConditionalOnMissingBean (types: org.springframework.context.support.PropertySourcesPlaceholderConfigurer; SearchStrategy: current) did not find any beans (OnBeanCondition)


Negative matches:
-----------------

   EncryptionBootstrapConfiguration.RsaEncryptionConfiguration:
      Did not match:
         - @ConditionalOnClass did not find required class 'org.springframework.security.rsa.crypto.RsaSecretEncryptor' (OnClassCondition)

   EncryptionBootstrapConfiguration.VanillaEncryptionConfiguration:
      Did not match:
         - Keystore nor key found in Environment (EncryptionBootstrapConfiguration.KeyCondition)
      Matched:
         - @ConditionalOnMissingClass did not find unwanted class 'org.springframework.security.rsa.crypto.RsaSecretEncryptor' (OnClassCondition)


Exclusions:
-----------

    None


Unconditional classes:
----------------------

    None



2025-04-20 14:44:56,814 DEBUG [main][PropertySourcesPropertyResolver.java:115] - Found key 'spring.liveBeansView.mbeanDomain' in PropertySource 'systemProperties' with value of type String
2025-04-20 14:44:56,814 DEBUG [main][PropertySourcesPropertyResolver.java:115] - Found key 'spring.liveBeansView.mbeanDomain' in PropertySource 'systemProperties' with value of type String
2025-04-20 14:44:56,951 DEBUG [main][ClasspathLoggingApplicationListener.java:51] - Application started with classpath: [file:/C:/Users/23624/.jdks/corretto-1.8.0_442/jre/lib/charsets.jar, file:/C:/Users/23624/.jdks/corretto-1.8.0_442/jre/lib/ext/access-bridge-64.jar, file:/C:/Users/23624/.jdks/corretto-1.8.0_442/jre/lib/ext/cldrdata.jar, file:/C:/Users/23624/.jdks/corretto-1.8.0_442/jre/lib/ext/dnsns.jar, file:/C:/Users/23624/.jdks/corretto-1.8.0_442/jre/lib/ext/jaccess.jar, file:/C:/Users/23624/.jdks/corretto-1.8.0_442/jre/lib/ext/jfxrt.jar, file:/C:/Users/23624/.jdks/corretto-1.8.0_442/jre/lib/ext/localedata.jar, file:/C:/Users/23624/.jdks/corretto-1.8.0_442/jre/lib/ext/nashorn.jar, file:/C:/Users/23624/.jdks/corretto-1.8.0_442/jre/lib/ext/sunec.jar, file:/C:/Users/23624/.jdks/corretto-1.8.0_442/jre/lib/ext/sunjce_provider.jar, file:/C:/Users/23624/.jdks/corretto-1.8.0_442/jre/lib/ext/sunmscapi.jar, file:/C:/Users/23624/.jdks/corretto-1.8.0_442/jre/lib/ext/sunpkcs11.jar, file:/C:/Users/23624/.jdks/corretto-1.8.0_442/jre/lib/ext/zipfs.jar, file:/C:/Users/23624/.jdks/corretto-1.8.0_442/jre/lib/jce.jar, file:/C:/Users/23624/.jdks/corretto-1.8.0_442/jre/lib/jfr.jar, file:/C:/Users/23624/.jdks/corretto-1.8.0_442/jre/lib/jfxswt.jar, file:/C:/Users/23624/.jdks/corretto-1.8.0_442/jre/lib/jsse.jar, file:/C:/Users/23624/.jdks/corretto-1.8.0_442/jre/lib/management-agent.jar, file:/C:/Users/23624/.jdks/corretto-1.8.0_442/jre/lib/resources.jar, file:/C:/Users/23624/.jdks/corretto-1.8.0_442/jre/lib/rt.jar, file:/D:/JavaProject/studyOnline/xuecheng-plus-project/xuecheng-plus-content/xuecheng-plus-content-api/target/classes/, file:/D:/JavaProject/studyOnline/xuecheng-plus-project/xuecheng-plus-content/xuecheng-plus-content-service/target/classes/, file:/D:/JavaProject/studyOnline/xuecheng-plus-project/xuecheng-plus-content/xuecheng-plus-content-model/target/classes/, file:/D:/JavaProject/studyOnline/xuecheng-plus-project/xuecheng-plus-base/target/classes/, file:/D:/apache-maven-3.8.8/mavenLib/org/apache/commons/commons-lang3/3.10/commons-lang3-3.10.jar, file:/D:/apache-maven-3.8.8/mavenLib/com/alibaba/fastjson/1.2.83/fastjson-1.2.83.jar, file:/D:/apache-maven-3.8.8/mavenLib/commons-lang/commons-lang/2.6/commons-lang-2.6.jar, file:/D:/apache-maven-3.8.8/mavenLib/commons-codec/commons-codec/1.14/commons-codec-1.14.jar, file:/D:/apache-maven-3.8.8/mavenLib/com/j256/simplemagic/simplemagic/1.17/simplemagic-1.17.jar, file:/D:/apache-maven-3.8.8/mavenLib/com/google/zxing/core/3.3.3/core-3.3.3.jar, file:/D:/apache-maven-3.8.8/mavenLib/com/google/zxing/javase/3.3.3/javase-3.3.3.jar, file:/D:/apache-maven-3.8.8/mavenLib/com/beust/jcommander/1.72/jcommander-1.72.jar, file:/D:/apache-maven-3.8.8/mavenLib/com/github/jai-imageio/jai-imageio-core/1.4.0/jai-imageio-core-1.4.0.jar, file:/D:/apache-maven-3.8.8/mavenLib/com/baomidou/mybatis-plus-annotation/3.4.1/mybatis-plus-annotation-3.4.1.jar, file:/D:/apache-maven-3.8.8/mavenLib/com/baomidou/mybatis-plus-core/3.4.1/mybatis-plus-core-3.4.1.jar, file:/D:/apache-maven-3.8.8/mavenLib/com/github/jsqlparser/jsqlparser/3.2/jsqlparser-3.2.jar, file:/D:/apache-maven-3.8.8/mavenLib/org/mybatis/mybatis/3.5.6/mybatis-3.5.6.jar, file:/D:/apache-maven-3.8.8/mavenLib/org/projectlombok/lombok/1.18.8/lombok-1.18.8.jar, file:/D:/apache-maven-3.8.8/mavenLib/mysql/mysql-connector-java/8.0.30/mysql-connector-java-8.0.30.jar, file:/D:/apache-maven-3.8.8/mavenLib/com/google/protobuf/protobuf-java/3.13.0/protobuf-java-3.13.0.jar, file:/D:/apache-maven-3.8.8/mavenLib/com/baomidou/mybatis-plus-boot-starter/3.4.1/mybatis-plus-boot-starter-3.4.1.jar, file:/D:/apache-maven-3.8.8/mavenLib/com/baomidou/mybatis-plus/3.4.1/mybatis-plus-3.4.1.jar, file:/D:/apache-maven-3.8.8/mavenLib/com/baomidou/mybatis-plus-extension/3.4.1/mybatis-plus-extension-3.4.1.jar, file:/D:/apache-maven-3.8.8/mavenLib/org/mybatis/mybatis-spring/2.0.5/mybatis-spring-2.0.5.jar, file:/D:/apache-maven-3.8.8/mavenLib/org/springframework/boot/spring-boot-starter-jdbc/2.3.7.RELEASE/spring-boot-starter-jdbc-2.3.7.RELEASE.jar, file:/D:/apache-maven-3.8.8/mavenLib/com/zaxxer/HikariCP/3.4.5/HikariCP-3.4.5.jar, file:/D:/apache-maven-3.8.8/mavenLib/org/springframework/spring-jdbc/5.2.12.RELEASE/spring-jdbc-5.2.12.RELEASE.jar, file:/D:/apache-maven-3.8.8/mavenLib/org/springframework/spring-tx/5.2.12.RELEASE/spring-tx-5.2.12.RELEASE.jar, file:/D:/apache-maven-3.8.8/mavenLib/org/springframework/cloud/spring-cloud-context/2.2.6.RELEASE/spring-cloud-context-2.2.6.RELEASE.jar, file:/D:/apache-maven-3.8.8/mavenLib/org/springframework/security/spring-security-crypto/5.3.6.RELEASE/spring-security-crypto-5.3.6.RELEASE.jar, file:/D:/apache-maven-3.8.8/mavenLib/org/springframework/boot/spring-boot-starter-web/2.3.7.RELEASE/spring-boot-starter-web-2.3.7.RELEASE.jar, file:/D:/apache-maven-3.8.8/mavenLib/org/springframework/boot/spring-boot-starter-json/2.3.7.RELEASE/spring-boot-starter-json-2.3.7.RELEASE.jar, file:/D:/apache-maven-3.8.8/mavenLib/com/fasterxml/jackson/core/jackson-databind/2.11.3/jackson-databind-2.11.3.jar, file:/D:/apache-maven-3.8.8/mavenLib/com/fasterxml/jackson/core/jackson-annotations/2.11.3/jackson-annotations-2.11.3.jar, file:/D:/apache-maven-3.8.8/mavenLib/com/fasterxml/jackson/core/jackson-core/2.11.3/jackson-core-2.11.3.jar, file:/D:/apache-maven-3.8.8/mavenLib/com/fasterxml/jackson/datatype/jackson-datatype-jdk8/2.11.3/jackson-datatype-jdk8-2.11.3.jar, file:/D:/apache-maven-3.8.8/mavenLib/com/fasterxml/jackson/datatype/jackson-datatype-jsr310/2.11.3/jackson-datatype-jsr310-2.11.3.jar, file:/D:/apache-maven-3.8.8/mavenLib/com/fasterxml/jackson/module/jackson-module-parameter-names/2.11.3/jackson-module-parameter-names-2.11.3.jar, file:/D:/apache-maven-3.8.8/mavenLib/org/springframework/boot/spring-boot-starter-tomcat/2.3.7.RELEASE/spring-boot-starter-tomcat-2.3.7.RELEASE.jar, file:/D:/apache-maven-3.8.8/mavenLib/org/apache/tomcat/embed/tomcat-embed-core/9.0.41/tomcat-embed-core-9.0.41.jar, file:/D:/apache-maven-3.8.8/mavenLib/org/apache/tomcat/embed/tomcat-embed-websocket/9.0.41/tomcat-embed-websocket-9.0.41.jar, file:/D:/apache-maven-3.8.8/mavenLib/org/springframework/spring-web/5.2.12.RELEASE/spring-web-5.2.12.RELEASE.jar, file:/D:/apache-maven-3.8.8/mavenLib/org/springframework/spring-beans/5.2.12.RELEASE/spring-beans-5.2.12.RELEASE.jar, file:/D:/apache-maven-3.8.8/mavenLib/org/springframework/spring-webmvc/5.2.12.RELEASE/spring-webmvc-5.2.12.RELEASE.jar, file:/D:/apache-maven-3.8.8/mavenLib/org/springframework/spring-aop/5.2.12.RELEASE/spring-aop-5.2.12.RELEASE.jar, file:/D:/apache-maven-3.8.8/mavenLib/org/springframework/spring-context/5.2.12.RELEASE/spring-context-5.2.12.RELEASE.jar, file:/D:/apache-maven-3.8.8/mavenLib/org/springframework/spring-expression/5.2.12.RELEASE/spring-expression-5.2.12.RELEASE.jar, file:/D:/apache-maven-3.8.8/mavenLib/org/springframework/boot/spring-boot-starter/2.3.7.RELEASE/spring-boot-starter-2.3.7.RELEASE.jar, file:/D:/apache-maven-3.8.8/mavenLib/org/springframework/boot/spring-boot/2.3.7.RELEASE/spring-boot-2.3.7.RELEASE.jar, file:/D:/apache-maven-3.8.8/mavenLib/org/springframework/boot/spring-boot-autoconfigure/2.3.7.RELEASE/spring-boot-autoconfigure-2.3.7.RELEASE.jar, file:/D:/apache-maven-3.8.8/mavenLib/jakarta/annotation/jakarta.annotation-api/1.3.5/jakarta.annotation-api-1.3.5.jar, file:/D:/apache-maven-3.8.8/mavenLib/org/springframework/spring-core/5.2.12.RELEASE/spring-core-5.2.12.RELEASE.jar, file:/D:/apache-maven-3.8.8/mavenLib/org/springframework/spring-jcl/5.2.12.RELEASE/spring-jcl-5.2.12.RELEASE.jar, file:/D:/apache-maven-3.8.8/mavenLib/org/yaml/snakeyaml/1.26/snakeyaml-1.26.jar, file:/D:/apache-maven-3.8.8/mavenLib/org/springframework/boot/spring-boot-starter-validation/2.3.7.RELEASE/spring-boot-starter-validation-2.3.7.RELEASE.jar, file:/D:/apache-maven-3.8.8/mavenLib/org/glassfish/jakarta.el/3.0.3/jakarta.el-3.0.3.jar, file:/D:/apache-maven-3.8.8/mavenLib/org/hibernate/validator/hibernate-validator/6.1.6.Final/hibernate-validator-6.1.6.Final.jar, file:/D:/apache-maven-3.8.8/mavenLib/jakarta/validation/jakarta.validation-api/2.0.2/jakarta.validation-api-2.0.2.jar, file:/D:/apache-maven-3.8.8/mavenLib/org/jboss/logging/jboss-logging/3.4.1.Final/jboss-logging-3.4.1.Final.jar, file:/D:/apache-maven-3.8.8/mavenLib/com/fasterxml/classmate/1.5.1/classmate-1.5.1.jar, file:/D:/apache-maven-3.8.8/mavenLib/org/springframework/boot/spring-boot-starter-log4j2/2.3.7.RELEASE/spring-boot-starter-log4j2-2.3.7.RELEASE.jar, file:/D:/apache-maven-3.8.8/mavenLib/org/apache/logging/log4j/log4j-slf4j-impl/2.13.3/log4j-slf4j-impl-2.13.3.jar, file:/D:/apache-maven-3.8.8/mavenLib/org/slf4j/slf4j-api/1.7.30/slf4j-api-1.7.30.jar, file:/D:/apache-maven-3.8.8/mavenLib/org/apache/logging/log4j/log4j-api/2.13.3/log4j-api-2.13.3.jar, file:/D:/apache-maven-3.8.8/mavenLib/org/apache/logging/log4j/log4j-core/2.13.3/log4j-core-2.13.3.jar, file:/D:/apache-maven-3.8.8/mavenLib/org/apache/logging/log4j/log4j-jul/2.13.3/log4j-jul-2.13.3.jar, file:/D:/apache-maven-3.8.8/mavenLib/org/slf4j/jul-to-slf4j/1.7.30/jul-to-slf4j-1.7.30.jar, file:/D:/apache-maven-3.8.8/mavenLib/com/spring4all/swagger-spring-boot-starter/1.9.0.RELEASE/swagger-spring-boot-starter-1.9.0.RELEASE.jar, file:/D:/apache-maven-3.8.8/mavenLib/io/springfox/springfox-swagger-ui/2.9.2/springfox-swagger-ui-2.9.2.jar, file:/D:/apache-maven-3.8.8/mavenLib/io/springfox/springfox-spring-web/2.9.2/springfox-spring-web-2.9.2.jar, file:/D:/apache-maven-3.8.8/mavenLib/io/springfox/springfox-swagger2/2.9.2/springfox-swagger2-2.9.2.jar, file:/D:/apache-maven-3.8.8/mavenLib/io/swagger/swagger-annotations/1.5.20/swagger-annotations-1.5.20.jar, file:/D:/apache-maven-3.8.8/mavenLib/io/swagger/swagger-models/1.5.20/swagger-models-1.5.20.jar, file:/D:/apache-maven-3.8.8/mavenLib/io/springfox/springfox-spi/2.9.2/springfox-spi-2.9.2.jar, file:/D:/apache-maven-3.8.8/mavenLib/io/springfox/springfox-core/2.9.2/springfox-core-2.9.2.jar, file:/D:/apache-maven-3.8.8/mavenLib/net/bytebuddy/byte-buddy/1.10.18/byte-buddy-1.10.18.jar, file:/D:/apache-maven-3.8.8/mavenLib/io/springfox/springfox-schema/2.9.2/springfox-schema-2.9.2.jar, file:/D:/apache-maven-3.8.8/mavenLib/io/springfox/springfox-swagger-common/2.9.2/springfox-swagger-common-2.9.2.jar, file:/D:/apache-maven-3.8.8/mavenLib/com/google/guava/guava/25.0-jre/guava-25.0-jre.jar, file:/D:/apache-maven-3.8.8/mavenLib/com/google/code/findbugs/jsr305/1.3.9/jsr305-1.3.9.jar, file:/D:/apache-maven-3.8.8/mavenLib/org/checkerframework/checker-compat-qual/2.0.0/checker-compat-qual-2.0.0.jar, file:/D:/apache-maven-3.8.8/mavenLib/com/google/errorprone/error_prone_annotations/2.1.3/error_prone_annotations-2.1.3.jar, file:/D:/apache-maven-3.8.8/mavenLib/com/google/j2objc/j2objc-annotations/1.1/j2objc-annotations-1.1.jar, file:/D:/apache-maven-3.8.8/mavenLib/org/codehaus/mojo/animal-sniffer-annotations/1.14/animal-sniffer-annotations-1.14.jar, file:/D:/apache-maven-3.8.8/mavenLib/org/springframework/plugin/spring-plugin-core/1.2.0.RELEASE/spring-plugin-core-1.2.0.RELEASE.jar, file:/D:/apache-maven-3.8.8/mavenLib/org/springframework/plugin/spring-plugin-metadata/1.2.0.RELEASE/spring-plugin-metadata-1.2.0.RELEASE.jar, file:/D:/apache-maven-3.8.8/mavenLib/org/mapstruct/mapstruct/1.2.0.Final/mapstruct-1.2.0.Final.jar, file:/D:/apache-maven-3.8.8/mavenLib/io/springfox/springfox-bean-validators/2.9.2/springfox-bean-validators-2.9.2.jar, file:/C:/Program%20Files/JetBrains/IntelliJ%20IDEA%202024.3.4.1/lib/idea_rt.jar, file:/C:/Users/23624/AppData/Local/JetBrains/IntelliJIdea2024.3/captureAgent/debugger-agent.jar]
2025-04-20 14:44:56,951 DEBUG [main][ClasspathLoggingApplicationListener.java:51] - Application started with classpath: [file:/C:/Users/23624/.jdks/corretto-1.8.0_442/jre/lib/charsets.jar, file:/C:/Users/23624/.jdks/corretto-1.8.0_442/jre/lib/ext/access-bridge-64.jar, file:/C:/Users/23624/.jdks/corretto-1.8.0_442/jre/lib/ext/cldrdata.jar, file:/C:/Users/23624/.jdks/corretto-1.8.0_442/jre/lib/ext/dnsns.jar, file:/C:/Users/23624/.jdks/corretto-1.8.0_442/jre/lib/ext/jaccess.jar, file:/C:/Users/23624/.jdks/corretto-1.8.0_442/jre/lib/ext/jfxrt.jar, file:/C:/Users/23624/.jdks/corretto-1.8.0_442/jre/lib/ext/localedata.jar, file:/C:/Users/23624/.jdks/corretto-1.8.0_442/jre/lib/ext/nashorn.jar, file:/C:/Users/23624/.jdks/corretto-1.8.0_442/jre/lib/ext/sunec.jar, file:/C:/Users/23624/.jdks/corretto-1.8.0_442/jre/lib/ext/sunjce_provider.jar, file:/C:/Users/23624/.jdks/corretto-1.8.0_442/jre/lib/ext/sunmscapi.jar, file:/C:/Users/23624/.jdks/corretto-1.8.0_442/jre/lib/ext/sunpkcs11.jar, file:/C:/Users/23624/.jdks/corretto-1.8.0_442/jre/lib/ext/zipfs.jar, file:/C:/Users/23624/.jdks/corretto-1.8.0_442/jre/lib/jce.jar, file:/C:/Users/23624/.jdks/corretto-1.8.0_442/jre/lib/jfr.jar, file:/C:/Users/23624/.jdks/corretto-1.8.0_442/jre/lib/jfxswt.jar, file:/C:/Users/23624/.jdks/corretto-1.8.0_442/jre/lib/jsse.jar, file:/C:/Users/23624/.jdks/corretto-1.8.0_442/jre/lib/management-agent.jar, file:/C:/Users/23624/.jdks/corretto-1.8.0_442/jre/lib/resources.jar, file:/C:/Users/23624/.jdks/corretto-1.8.0_442/jre/lib/rt.jar, file:/D:/JavaProject/studyOnline/xuecheng-plus-project/xuecheng-plus-content/xuecheng-plus-content-api/target/classes/, file:/D:/JavaProject/studyOnline/xuecheng-plus-project/xuecheng-plus-content/xuecheng-plus-content-service/target/classes/, file:/D:/JavaProject/studyOnline/xuecheng-plus-project/xuecheng-plus-content/xuecheng-plus-content-model/target/classes/, file:/D:/JavaProject/studyOnline/xuecheng-plus-project/xuecheng-plus-base/target/classes/, file:/D:/apache-maven-3.8.8/mavenLib/org/apache/commons/commons-lang3/3.10/commons-lang3-3.10.jar, file:/D:/apache-maven-3.8.8/mavenLib/com/alibaba/fastjson/1.2.83/fastjson-1.2.83.jar, file:/D:/apache-maven-3.8.8/mavenLib/commons-lang/commons-lang/2.6/commons-lang-2.6.jar, file:/D:/apache-maven-3.8.8/mavenLib/commons-codec/commons-codec/1.14/commons-codec-1.14.jar, file:/D:/apache-maven-3.8.8/mavenLib/com/j256/simplemagic/simplemagic/1.17/simplemagic-1.17.jar, file:/D:/apache-maven-3.8.8/mavenLib/com/google/zxing/core/3.3.3/core-3.3.3.jar, file:/D:/apache-maven-3.8.8/mavenLib/com/google/zxing/javase/3.3.3/javase-3.3.3.jar, file:/D:/apache-maven-3.8.8/mavenLib/com/beust/jcommander/1.72/jcommander-1.72.jar, file:/D:/apache-maven-3.8.8/mavenLib/com/github/jai-imageio/jai-imageio-core/1.4.0/jai-imageio-core-1.4.0.jar, file:/D:/apache-maven-3.8.8/mavenLib/com/baomidou/mybatis-plus-annotation/3.4.1/mybatis-plus-annotation-3.4.1.jar, file:/D:/apache-maven-3.8.8/mavenLib/com/baomidou/mybatis-plus-core/3.4.1/mybatis-plus-core-3.4.1.jar, file:/D:/apache-maven-3.8.8/mavenLib/com/github/jsqlparser/jsqlparser/3.2/jsqlparser-3.2.jar, file:/D:/apache-maven-3.8.8/mavenLib/org/mybatis/mybatis/3.5.6/mybatis-3.5.6.jar, file:/D:/apache-maven-3.8.8/mavenLib/org/projectlombok/lombok/1.18.8/lombok-1.18.8.jar, file:/D:/apache-maven-3.8.8/mavenLib/mysql/mysql-connector-java/8.0.30/mysql-connector-java-8.0.30.jar, file:/D:/apache-maven-3.8.8/mavenLib/com/google/protobuf/protobuf-java/3.13.0/protobuf-java-3.13.0.jar, file:/D:/apache-maven-3.8.8/mavenLib/com/baomidou/mybatis-plus-boot-starter/3.4.1/mybatis-plus-boot-starter-3.4.1.jar, file:/D:/apache-maven-3.8.8/mavenLib/com/baomidou/mybatis-plus/3.4.1/mybatis-plus-3.4.1.jar, file:/D:/apache-maven-3.8.8/mavenLib/com/baomidou/mybatis-plus-extension/3.4.1/mybatis-plus-extension-3.4.1.jar, file:/D:/apache-maven-3.8.8/mavenLib/org/mybatis/mybatis-spring/2.0.5/mybatis-spring-2.0.5.jar, file:/D:/apache-maven-3.8.8/mavenLib/org/springframework/boot/spring-boot-starter-jdbc/2.3.7.RELEASE/spring-boot-starter-jdbc-2.3.7.RELEASE.jar, file:/D:/apache-maven-3.8.8/mavenLib/com/zaxxer/HikariCP/3.4.5/HikariCP-3.4.5.jar, file:/D:/apache-maven-3.8.8/mavenLib/org/springframework/spring-jdbc/5.2.12.RELEASE/spring-jdbc-5.2.12.RELEASE.jar, file:/D:/apache-maven-3.8.8/mavenLib/org/springframework/spring-tx/5.2.12.RELEASE/spring-tx-5.2.12.RELEASE.jar, file:/D:/apache-maven-3.8.8/mavenLib/org/springframework/cloud/spring-cloud-context/2.2.6.RELEASE/spring-cloud-context-2.2.6.RELEASE.jar, file:/D:/apache-maven-3.8.8/mavenLib/org/springframework/security/spring-security-crypto/5.3.6.RELEASE/spring-security-crypto-5.3.6.RELEASE.jar, file:/D:/apache-maven-3.8.8/mavenLib/org/springframework/boot/spring-boot-starter-web/2.3.7.RELEASE/spring-boot-starter-web-2.3.7.RELEASE.jar, file:/D:/apache-maven-3.8.8/mavenLib/org/springframework/boot/spring-boot-starter-json/2.3.7.RELEASE/spring-boot-starter-json-2.3.7.RELEASE.jar, file:/D:/apache-maven-3.8.8/mavenLib/com/fasterxml/jackson/core/jackson-databind/2.11.3/jackson-databind-2.11.3.jar, file:/D:/apache-maven-3.8.8/mavenLib/com/fasterxml/jackson/core/jackson-annotations/2.11.3/jackson-annotations-2.11.3.jar, file:/D:/apache-maven-3.8.8/mavenLib/com/fasterxml/jackson/core/jackson-core/2.11.3/jackson-core-2.11.3.jar, file:/D:/apache-maven-3.8.8/mavenLib/com/fasterxml/jackson/datatype/jackson-datatype-jdk8/2.11.3/jackson-datatype-jdk8-2.11.3.jar, file:/D:/apache-maven-3.8.8/mavenLib/com/fasterxml/jackson/datatype/jackson-datatype-jsr310/2.11.3/jackson-datatype-jsr310-2.11.3.jar, file:/D:/apache-maven-3.8.8/mavenLib/com/fasterxml/jackson/module/jackson-module-parameter-names/2.11.3/jackson-module-parameter-names-2.11.3.jar, file:/D:/apache-maven-3.8.8/mavenLib/org/springframework/boot/spring-boot-starter-tomcat/2.3.7.RELEASE/spring-boot-starter-tomcat-2.3.7.RELEASE.jar, file:/D:/apache-maven-3.8.8/mavenLib/org/apache/tomcat/embed/tomcat-embed-core/9.0.41/tomcat-embed-core-9.0.41.jar, file:/D:/apache-maven-3.8.8/mavenLib/org/apache/tomcat/embed/tomcat-embed-websocket/9.0.41/tomcat-embed-websocket-9.0.41.jar, file:/D:/apache-maven-3.8.8/mavenLib/org/springframework/spring-web/5.2.12.RELEASE/spring-web-5.2.12.RELEASE.jar, file:/D:/apache-maven-3.8.8/mavenLib/org/springframework/spring-beans/5.2.12.RELEASE/spring-beans-5.2.12.RELEASE.jar, file:/D:/apache-maven-3.8.8/mavenLib/org/springframework/spring-webmvc/5.2.12.RELEASE/spring-webmvc-5.2.12.RELEASE.jar, file:/D:/apache-maven-3.8.8/mavenLib/org/springframework/spring-aop/5.2.12.RELEASE/spring-aop-5.2.12.RELEASE.jar, file:/D:/apache-maven-3.8.8/mavenLib/org/springframework/spring-context/5.2.12.RELEASE/spring-context-5.2.12.RELEASE.jar, file:/D:/apache-maven-3.8.8/mavenLib/org/springframework/spring-expression/5.2.12.RELEASE/spring-expression-5.2.12.RELEASE.jar, file:/D:/apache-maven-3.8.8/mavenLib/org/springframework/boot/spring-boot-starter/2.3.7.RELEASE/spring-boot-starter-2.3.7.RELEASE.jar, file:/D:/apache-maven-3.8.8/mavenLib/org/springframework/boot/spring-boot/2.3.7.RELEASE/spring-boot-2.3.7.RELEASE.jar, file:/D:/apache-maven-3.8.8/mavenLib/org/springframework/boot/spring-boot-autoconfigure/2.3.7.RELEASE/spring-boot-autoconfigure-2.3.7.RELEASE.jar, file:/D:/apache-maven-3.8.8/mavenLib/jakarta/annotation/jakarta.annotation-api/1.3.5/jakarta.annotation-api-1.3.5.jar, file:/D:/apache-maven-3.8.8/mavenLib/org/springframework/spring-core/5.2.12.RELEASE/spring-core-5.2.12.RELEASE.jar, file:/D:/apache-maven-3.8.8/mavenLib/org/springframework/spring-jcl/5.2.12.RELEASE/spring-jcl-5.2.12.RELEASE.jar, file:/D:/apache-maven-3.8.8/mavenLib/org/yaml/snakeyaml/1.26/snakeyaml-1.26.jar, file:/D:/apache-maven-3.8.8/mavenLib/org/springframework/boot/spring-boot-starter-validation/2.3.7.RELEASE/spring-boot-starter-validation-2.3.7.RELEASE.jar, file:/D:/apache-maven-3.8.8/mavenLib/org/glassfish/jakarta.el/3.0.3/jakarta.el-3.0.3.jar, file:/D:/apache-maven-3.8.8/mavenLib/org/hibernate/validator/hibernate-validator/6.1.6.Final/hibernate-validator-6.1.6.Final.jar, file:/D:/apache-maven-3.8.8/mavenLib/jakarta/validation/jakarta.validation-api/2.0.2/jakarta.validation-api-2.0.2.jar, file:/D:/apache-maven-3.8.8/mavenLib/org/jboss/logging/jboss-logging/3.4.1.Final/jboss-logging-3.4.1.Final.jar, file:/D:/apache-maven-3.8.8/mavenLib/com/fasterxml/classmate/1.5.1/classmate-1.5.1.jar, file:/D:/apache-maven-3.8.8/mavenLib/org/springframework/boot/spring-boot-starter-log4j2/2.3.7.RELEASE/spring-boot-starter-log4j2-2.3.7.RELEASE.jar, file:/D:/apache-maven-3.8.8/mavenLib/org/apache/logging/log4j/log4j-slf4j-impl/2.13.3/log4j-slf4j-impl-2.13.3.jar, file:/D:/apache-maven-3.8.8/mavenLib/org/slf4j/slf4j-api/1.7.30/slf4j-api-1.7.30.jar, file:/D:/apache-maven-3.8.8/mavenLib/org/apache/logging/log4j/log4j-api/2.13.3/log4j-api-2.13.3.jar, file:/D:/apache-maven-3.8.8/mavenLib/org/apache/logging/log4j/log4j-core/2.13.3/log4j-core-2.13.3.jar, file:/D:/apache-maven-3.8.8/mavenLib/org/apache/logging/log4j/log4j-jul/2.13.3/log4j-jul-2.13.3.jar, file:/D:/apache-maven-3.8.8/mavenLib/org/slf4j/jul-to-slf4j/1.7.30/jul-to-slf4j-1.7.30.jar, file:/D:/apache-maven-3.8.8/mavenLib/com/spring4all/swagger-spring-boot-starter/1.9.0.RELEASE/swagger-spring-boot-starter-1.9.0.RELEASE.jar, file:/D:/apache-maven-3.8.8/mavenLib/io/springfox/springfox-swagger-ui/2.9.2/springfox-swagger-ui-2.9.2.jar, file:/D:/apache-maven-3.8.8/mavenLib/io/springfox/springfox-spring-web/2.9.2/springfox-spring-web-2.9.2.jar, file:/D:/apache-maven-3.8.8/mavenLib/io/springfox/springfox-swagger2/2.9.2/springfox-swagger2-2.9.2.jar, file:/D:/apache-maven-3.8.8/mavenLib/io/swagger/swagger-annotations/1.5.20/swagger-annotations-1.5.20.jar, file:/D:/apache-maven-3.8.8/mavenLib/io/swagger/swagger-models/1.5.20/swagger-models-1.5.20.jar, file:/D:/apache-maven-3.8.8/mavenLib/io/springfox/springfox-spi/2.9.2/springfox-spi-2.9.2.jar, file:/D:/apache-maven-3.8.8/mavenLib/io/springfox/springfox-core/2.9.2/springfox-core-2.9.2.jar, file:/D:/apache-maven-3.8.8/mavenLib/net/bytebuddy/byte-buddy/1.10.18/byte-buddy-1.10.18.jar, file:/D:/apache-maven-3.8.8/mavenLib/io/springfox/springfox-schema/2.9.2/springfox-schema-2.9.2.jar, file:/D:/apache-maven-3.8.8/mavenLib/io/springfox/springfox-swagger-common/2.9.2/springfox-swagger-common-2.9.2.jar, file:/D:/apache-maven-3.8.8/mavenLib/com/google/guava/guava/25.0-jre/guava-25.0-jre.jar, file:/D:/apache-maven-3.8.8/mavenLib/com/google/code/findbugs/jsr305/1.3.9/jsr305-1.3.9.jar, file:/D:/apache-maven-3.8.8/mavenLib/org/checkerframework/checker-compat-qual/2.0.0/checker-compat-qual-2.0.0.jar, file:/D:/apache-maven-3.8.8/mavenLib/com/google/errorprone/error_prone_annotations/2.1.3/error_prone_annotations-2.1.3.jar, file:/D:/apache-maven-3.8.8/mavenLib/com/google/j2objc/j2objc-annotations/1.1/j2objc-annotations-1.1.jar, file:/D:/apache-maven-3.8.8/mavenLib/org/codehaus/mojo/animal-sniffer-annotations/1.14/animal-sniffer-annotations-1.14.jar, file:/D:/apache-maven-3.8.8/mavenLib/org/springframework/plugin/spring-plugin-core/1.2.0.RELEASE/spring-plugin-core-1.2.0.RELEASE.jar, file:/D:/apache-maven-3.8.8/mavenLib/org/springframework/plugin/spring-plugin-metadata/1.2.0.RELEASE/spring-plugin-metadata-1.2.0.RELEASE.jar, file:/D:/apache-maven-3.8.8/mavenLib/org/mapstruct/mapstruct/1.2.0.Final/mapstruct-1.2.0.Final.jar, file:/D:/apache-maven-3.8.8/mavenLib/io/springfox/springfox-bean-validators/2.9.2/springfox-bean-validators-2.9.2.jar, file:/C:/Program%20Files/JetBrains/IntelliJ%20IDEA%202024.3.4.1/lib/idea_rt.jar, file:/C:/Users/23624/AppData/Local/JetBrains/IntelliJIdea2024.3/captureAgent/debugger-agent.jar]
2025-04-20 14:44:56,977 INFO [main][SpringApplication.java:651] - No active profile set, falling back to default profiles: default
2025-04-20 14:44:56,977 INFO [main][SpringApplication.java:651] - No active profile set, falling back to default profiles: default
2025-04-20 14:44:56,978 DEBUG [main][SpringApplication.java:679] - Loading source class com.xuecheng.ContentApplication,class org.springframework.cloud.bootstrap.BootstrapApplicationListener$BootstrapMarkerConfiguration
2025-04-20 14:44:56,978 DEBUG [main][SpringApplication.java:679] - Loading source class com.xuecheng.ContentApplication,class org.springframework.cloud.bootstrap.BootstrapApplicationListener$BootstrapMarkerConfiguration
2025-04-20 14:44:56,999 DEBUG [main][AbstractApplicationContext.java:596] - Refreshing org.springframework.boot.web.servlet.context.AnnotationConfigServletWebServerApplicationContext@5c42d2b7
2025-04-20 14:44:56,999 DEBUG [main][AbstractApplicationContext.java:596] - Refreshing org.springframework.boot.web.servlet.context.AnnotationConfigServletWebServerApplicationContext@5c42d2b7
2025-04-20 14:44:57,008 DEBUG [main][DefaultSingletonBeanRegistry.java:225] - Creating shared instance of singleton bean 'org.springframework.context.annotation.internalConfigurationAnnotationProcessor'
2025-04-20 14:44:57,008 DEBUG [main][DefaultSingletonBeanRegistry.java:225] - Creating shared instance of singleton bean 'org.springframework.context.annotation.internalConfigurationAnnotationProcessor'
2025-04-20 14:44:57,008 DEBUG [main][DefaultSingletonBeanRegistry.java:225] - Creating shared instance of singleton bean 'org.springframework.boot.autoconfigure.internalCachingMetadataReaderFactory'
2025-04-20 14:44:57,008 DEBUG [main][DefaultSingletonBeanRegistry.java:225] - Creating shared instance of singleton bean 'org.springframework.boot.autoconfigure.internalCachingMetadataReaderFactory'
2025-04-20 14:44:57,053 DEBUG [main][ClassPathScanningCandidateComponentProvider.java:435] - Identified candidate component class: file [D:\JavaProject\studyOnline\xuecheng-plus-project\xuecheng-plus-content\xuecheng-plus-content-api\target\classes\com\xuecheng\content\api\CourseBaseInfoController.class]
2025-04-20 14:44:57,053 DEBUG [main][ClassPathScanningCandidateComponentProvider.java:435] - Identified candidate component class: file [D:\JavaProject\studyOnline\xuecheng-plus-project\xuecheng-plus-content\xuecheng-plus-content-api\target\classes\com\xuecheng\content\api\CourseBaseInfoController.class]
2025-04-20 14:44:57,062 DEBUG [main][ClassPathScanningCandidateComponentProvider.java:435] - Identified candidate component class: file [D:\JavaProject\studyOnline\xuecheng-plus-project\xuecheng-plus-content\xuecheng-plus-content-api\target\classes\com\xuecheng\content\api\CourseCategotyController.class]
2025-04-20 14:44:57,062 DEBUG [main][ClassPathScanningCandidateComponentProvider.java:435] - Identified candidate component class: file [D:\JavaProject\studyOnline\xuecheng-plus-project\xuecheng-plus-content\xuecheng-plus-content-api\target\classes\com\xuecheng\content\api\CourseCategotyController.class]
2025-04-20 14:44:57,076 DEBUG [main][ClassPathScanningCandidateComponentProvider.java:435] - Identified candidate component class: file [D:\JavaProject\studyOnline\xuecheng-plus-project\xuecheng-plus-content\xuecheng-plus-content-api\target\classes\com\xuecheng\content\api\TeachplanController.class]
2025-04-20 14:44:57,076 DEBUG [main][ClassPathScanningCandidateComponentProvider.java:435] - Identified candidate component class: file [D:\JavaProject\studyOnline\xuecheng-plus-project\xuecheng-plus-content\xuecheng-plus-content-api\target\classes\com\xuecheng\content\api\TeachplanController.class]
2025-04-20 14:44:57,092 DEBUG [main][ClassPathScanningCandidateComponentProvider.java:435] - Identified candidate component class: file [D:\JavaProject\studyOnline\xuecheng-plus-project\xuecheng-plus-content\xuecheng-plus-content-service\target\classes\com\xuecheng\content\config\MybatisPlusConfig.class]
2025-04-20 14:44:57,092 DEBUG [main][ClassPathScanningCandidateComponentProvider.java:435] - Identified candidate component class: file [D:\JavaProject\studyOnline\xuecheng-plus-project\xuecheng-plus-content\xuecheng-plus-content-service\target\classes\com\xuecheng\content\config\MybatisPlusConfig.class]
2025-04-20 14:44:57,147 DEBUG [main][ClassPathScanningCandidateComponentProvider.java:435] - Identified candidate component class: file [D:\JavaProject\studyOnline\xuecheng-plus-project\xuecheng-plus-content\xuecheng-plus-content-service\target\classes\com\xuecheng\content\service\impl\CourseBaseInfoServiceImpl.class]
2025-04-20 14:44:57,147 DEBUG [main][ClassPathScanningCandidateComponentProvider.java:435] - Identified candidate component class: file [D:\JavaProject\studyOnline\xuecheng-plus-project\xuecheng-plus-content\xuecheng-plus-content-service\target\classes\com\xuecheng\content\service\impl\CourseBaseInfoServiceImpl.class]
2025-04-20 14:44:57,150 DEBUG [main][ClassPathScanningCandidateComponentProvider.java:435] - Identified candidate component class: file [D:\JavaProject\studyOnline\xuecheng-plus-project\xuecheng-plus-content\xuecheng-plus-content-service\target\classes\com\xuecheng\content\service\impl\CourseCategoryServiceImpl.class]
2025-04-20 14:44:57,150 DEBUG [main][ClassPathScanningCandidateComponentProvider.java:435] - Identified candidate component class: file [D:\JavaProject\studyOnline\xuecheng-plus-project\xuecheng-plus-content\xuecheng-plus-content-service\target\classes\com\xuecheng\content\service\impl\CourseCategoryServiceImpl.class]
2025-04-20 14:44:57,161 DEBUG [main][ClassPathScanningCandidateComponentProvider.java:435] - Identified candidate component class: file [D:\JavaProject\studyOnline\xuecheng-plus-project\xuecheng-plus-content\xuecheng-plus-content-service\target\classes\com\xuecheng\content\service\impl\TeachplanServiceImpl.class]
2025-04-20 14:44:57,161 DEBUG [main][ClassPathScanningCandidateComponentProvider.java:435] - Identified candidate component class: file [D:\JavaProject\studyOnline\xuecheng-plus-project\xuecheng-plus-content\xuecheng-plus-content-service\target\classes\com\xuecheng\content\service\impl\TeachplanServiceImpl.class]
2025-04-20 14:44:57,247 DEBUG [main][ClassPathScanningCandidateComponentProvider.java:435] - Identified candidate component class: file [D:\JavaProject\studyOnline\xuecheng-plus-project\xuecheng-plus-base\target\classes\com\xuecheng\base\config\LocalDateTimeConfig.class]
2025-04-20 14:44:57,247 DEBUG [main][ClassPathScanningCandidateComponentProvider.java:435] - Identified candidate component class: file [D:\JavaProject\studyOnline\xuecheng-plus-project\xuecheng-plus-base\target\classes\com\xuecheng\base\config\LocalDateTimeConfig.class]
2025-04-20 14:44:57,265 DEBUG [main][ClassPathScanningCandidateComponentProvider.java:435] - Identified candidate component class: file [D:\JavaProject\studyOnline\xuecheng-plus-project\xuecheng-plus-base\target\classes\com\xuecheng\base\exception\GlobalExceptionHandler.class]
2025-04-20 14:44:57,265 DEBUG [main][ClassPathScanningCandidateComponentProvider.java:435] - Identified candidate component class: file [D:\JavaProject\studyOnline\xuecheng-plus-project\xuecheng-plus-base\target\classes\com\xuecheng\base\exception\GlobalExceptionHandler.class]
2025-04-20 14:44:57,299 DEBUG [main][PropertySourcesPropertyResolver.java:115] - Found key 'swagger.enabled' in PropertySource 'configurationProperties' with value of type Boolean
2025-04-20 14:44:57,299 DEBUG [main][PropertySourcesPropertyResolver.java:115] - Found key 'swagger.enabled' in PropertySource 'configurationProperties' with value of type Boolean
2025-04-20 14:44:57,311 DEBUG [main][ClassPathScanningCandidateComponentProvider.java:435] - Identified candidate component class: URL [jar:file:/D:/apache-maven-3.8.8/mavenLib/io/springfox/springfox-swagger2/2.9.2/springfox-swagger2-2.9.2.jar!/springfox/documentation/swagger2/mappers/ServiceModelToSwagger2MapperImpl.class]
2025-04-20 14:44:57,311 DEBUG [main][ClassPathScanningCandidateComponentProvider.java:435] - Identified candidate component class: URL [jar:file:/D:/apache-maven-3.8.8/mavenLib/io/springfox/springfox-swagger2/2.9.2/springfox-swagger2-2.9.2.jar!/springfox/documentation/swagger2/mappers/ServiceModelToSwagger2MapperImpl.class]
2025-04-20 14:44:57,312 DEBUG [main][ClassPathScanningCandidateComponentProvider.java:435] - Identified candidate component class: URL [jar:file:/D:/apache-maven-3.8.8/mavenLib/io/springfox/springfox-swagger2/2.9.2/springfox-swagger2-2.9.2.jar!/springfox/documentation/swagger2/mappers/VendorExtensionsMapperImpl.class]
2025-04-20 14:44:57,312 DEBUG [main][ClassPathScanningCandidateComponentProvider.java:435] - Identified candidate component class: URL [jar:file:/D:/apache-maven-3.8.8/mavenLib/io/springfox/springfox-swagger2/2.9.2/springfox-swagger2-2.9.2.jar!/springfox/documentation/swagger2/mappers/VendorExtensionsMapperImpl.class]
2025-04-20 14:44:57,315 DEBUG [main][ClassPathScanningCandidateComponentProvider.java:435] - Identified candidate component class: URL [jar:file:/D:/apache-maven-3.8.8/mavenLib/io/springfox/springfox-swagger2/2.9.2/springfox-swagger2-2.9.2.jar!/springfox/documentation/swagger2/mappers/ParameterMapperImpl.class]
2025-04-20 14:44:57,315 DEBUG [main][ClassPathScanningCandidateComponentProvider.java:435] - Identified candidate component class: URL [jar:file:/D:/apache-maven-3.8.8/mavenLib/io/springfox/springfox-swagger2/2.9.2/springfox-swagger2-2.9.2.jar!/springfox/documentation/swagger2/mappers/ParameterMapperImpl.class]
2025-04-20 14:44:57,316 DEBUG [main][ClassPathScanningCandidateComponentProvider.java:435] - Identified candidate component class: URL [jar:file:/D:/apache-maven-3.8.8/mavenLib/io/springfox/springfox-swagger2/2.9.2/springfox-swagger2-2.9.2.jar!/springfox/documentation/swagger2/mappers/ModelMapperImpl.class]
2025-04-20 14:44:57,316 DEBUG [main][ClassPathScanningCandidateComponentProvider.java:435] - Identified candidate component class: URL [jar:file:/D:/apache-maven-3.8.8/mavenLib/io/springfox/springfox-swagger2/2.9.2/springfox-swagger2-2.9.2.jar!/springfox/documentation/swagger2/mappers/ModelMapperImpl.class]
2025-04-20 14:44:57,317 DEBUG [main][ClassPathScanningCandidateComponentProvider.java:435] - Identified candidate component class: URL [jar:file:/D:/apache-maven-3.8.8/mavenLib/io/springfox/springfox-swagger2/2.9.2/springfox-swagger2-2.9.2.jar!/springfox/documentation/swagger2/mappers/LicenseMapperImpl.class]
2025-04-20 14:44:57,317 DEBUG [main][ClassPathScanningCandidateComponentProvider.java:435] - Identified candidate component class: URL [jar:file:/D:/apache-maven-3.8.8/mavenLib/io/springfox/springfox-swagger2/2.9.2/springfox-swagger2-2.9.2.jar!/springfox/documentation/swagger2/mappers/LicenseMapperImpl.class]
2025-04-20 14:44:57,319 DEBUG [main][ClassPathScanningCandidateComponentProvider.java:435] - Identified candidate component class: URL [jar:file:/D:/apache-maven-3.8.8/mavenLib/io/springfox/springfox-swagger2/2.9.2/springfox-swagger2-2.9.2.jar!/springfox/documentation/swagger2/mappers/SecurityMapperImpl.class]
2025-04-20 14:44:57,319 DEBUG [main][ClassPathScanningCandidateComponentProvider.java:435] - Identified candidate component class: URL [jar:file:/D:/apache-maven-3.8.8/mavenLib/io/springfox/springfox-swagger2/2.9.2/springfox-swagger2-2.9.2.jar!/springfox/documentation/swagger2/mappers/SecurityMapperImpl.class]
2025-04-20 14:44:57,334 DEBUG [main][ClassPathScanningCandidateComponentProvider.java:435] - Identified candidate component class: URL [jar:file:/D:/apache-maven-3.8.8/mavenLib/io/springfox/springfox-spring-web/2.9.2/springfox-spring-web-2.9.2.jar!/springfox/documentation/spring/web/scanners/ApiListingReferenceScanner.class]
2025-04-20 14:44:57,334 DEBUG [main][ClassPathScanningCandidateComponentProvider.java:435] - Identified candidate component class: URL [jar:file:/D:/apache-maven-3.8.8/mavenLib/io/springfox/springfox-spring-web/2.9.2/springfox-spring-web-2.9.2.jar!/springfox/documentation/spring/web/scanners/ApiListingReferenceScanner.class]
2025-04-20 14:44:57,334 DEBUG [main][ClassPathScanningCandidateComponentProvider.java:435] - Identified candidate component class: URL [jar:file:/D:/apache-maven-3.8.8/mavenLib/io/springfox/springfox-spring-web/2.9.2/springfox-spring-web-2.9.2.jar!/springfox/documentation/spring/web/scanners/ApiDocumentationScanner.class]
2025-04-20 14:44:57,334 DEBUG [main][ClassPathScanningCandidateComponentProvider.java:435] - Identified candidate component class: URL [jar:file:/D:/apache-maven-3.8.8/mavenLib/io/springfox/springfox-spring-web/2.9.2/springfox-spring-web-2.9.2.jar!/springfox/documentation/spring/web/scanners/ApiDocumentationScanner.class]
2025-04-20 14:44:57,335 DEBUG [main][ClassPathScanningCandidateComponentProvider.java:435] - Identified candidate component class: URL [jar:file:/D:/apache-maven-3.8.8/mavenLib/io/springfox/springfox-spring-web/2.9.2/springfox-spring-web-2.9.2.jar!/springfox/documentation/spring/web/scanners/ApiDescriptionReader.class]
2025-04-20 14:44:57,335 DEBUG [main][ClassPathScanningCandidateComponentProvider.java:435] - Identified candidate component class: URL [jar:file:/D:/apache-maven-3.8.8/mavenLib/io/springfox/springfox-spring-web/2.9.2/springfox-spring-web-2.9.2.jar!/springfox/documentation/spring/web/scanners/ApiDescriptionReader.class]
2025-04-20 14:44:57,335 DEBUG [main][ClassPathScanningCandidateComponentProvider.java:435] - Identified candidate component class: URL [jar:file:/D:/apache-maven-3.8.8/mavenLib/io/springfox/springfox-spring-web/2.9.2/springfox-spring-web-2.9.2.jar!/springfox/documentation/spring/web/scanners/ApiListingReader.class]
2025-04-20 14:44:57,335 DEBUG [main][ClassPathScanningCandidateComponentProvider.java:435] - Identified candidate component class: URL [jar:file:/D:/apache-maven-3.8.8/mavenLib/io/springfox/springfox-spring-web/2.9.2/springfox-spring-web-2.9.2.jar!/springfox/documentation/spring/web/scanners/ApiListingReader.class]
2025-04-20 14:44:57,336 DEBUG [main][ClassPathScanningCandidateComponentProvider.java:435] - Identified candidate component class: URL [jar:file:/D:/apache-maven-3.8.8/mavenLib/io/springfox/springfox-spring-web/2.9.2/springfox-spring-web-2.9.2.jar!/springfox/documentation/spring/web/scanners/CachingOperationReader.class]
2025-04-20 14:44:57,336 DEBUG [main][ClassPathScanningCandidateComponentProvider.java:435] - Identified candidate component class: URL [jar:file:/D:/apache-maven-3.8.8/mavenLib/io/springfox/springfox-spring-web/2.9.2/springfox-spring-web-2.9.2.jar!/springfox/documentation/spring/web/scanners/CachingOperationReader.class]
2025-04-20 14:44:57,337 DEBUG [main][ClassPathScanningCandidateComponentProvider.java:435] - Identified candidate component class: URL [jar:file:/D:/apache-maven-3.8.8/mavenLib/io/springfox/springfox-spring-web/2.9.2/springfox-spring-web-2.9.2.jar!/springfox/documentation/spring/web/scanners/MediaTypeReader.class]
2025-04-20 14:44:57,337 DEBUG [main][ClassPathScanningCandidateComponentProvider.java:435] - Identified candidate component class: URL [jar:file:/D:/apache-maven-3.8.8/mavenLib/io/springfox/springfox-spring-web/2.9.2/springfox-spring-web-2.9.2.jar!/springfox/documentation/spring/web/scanners/MediaTypeReader.class]
2025-04-20 14:44:57,337 DEBUG [main][ClassPathScanningCandidateComponentProvider.java:435] - Identified candidate component class: URL [jar:file:/D:/apache-maven-3.8.8/mavenLib/io/springfox/springfox-spring-web/2.9.2/springfox-spring-web-2.9.2.jar!/springfox/documentation/spring/web/scanners/ApiListingScanner.class]
2025-04-20 14:44:57,337 DEBUG [main][ClassPathScanningCandidateComponentProvider.java:435] - Identified candidate component class: URL [jar:file:/D:/apache-maven-3.8.8/mavenLib/io/springfox/springfox-spring-web/2.9.2/springfox-spring-web-2.9.2.jar!/springfox/documentation/spring/web/scanners/ApiListingScanner.class]
2025-04-20 14:44:57,338 DEBUG [main][ClassPathScanningCandidateComponentProvider.java:435] - Identified candidate component class: URL [jar:file:/D:/apache-maven-3.8.8/mavenLib/io/springfox/springfox-spring-web/2.9.2/springfox-spring-web-2.9.2.jar!/springfox/documentation/spring/web/scanners/ApiModelReader.class]
2025-04-20 14:44:57,338 DEBUG [main][ClassPathScanningCandidateComponentProvider.java:435] - Identified candidate component class: URL [jar:file:/D:/apache-maven-3.8.8/mavenLib/io/springfox/springfox-spring-web/2.9.2/springfox-spring-web-2.9.2.jar!/springfox/documentation/spring/web/scanners/ApiModelReader.class]
2025-04-20 14:44:57,339 DEBUG [main][ClassPathScanningCandidateComponentProvider.java:435] - Identified candidate component class: URL [jar:file:/D:/apache-maven-3.8.8/mavenLib/io/springfox/springfox-spring-web/2.9.2/springfox-spring-web-2.9.2.jar!/springfox/documentation/spring/web/scanners/ApiDescriptionLookup.class]
2025-04-20 14:44:57,339 DEBUG [main][ClassPathScanningCandidateComponentProvider.java:435] - Identified candidate component class: URL [jar:file:/D:/apache-maven-3.8.8/mavenLib/io/springfox/springfox-spring-web/2.9.2/springfox-spring-web-2.9.2.jar!/springfox/documentation/spring/web/scanners/ApiDescriptionLookup.class]
2025-04-20 14:44:57,341 DEBUG [main][ClassPathScanningCandidateComponentProvider.java:435] - Identified candidate component class: URL [jar:file:/D:/apache-maven-3.8.8/mavenLib/io/springfox/springfox-spring-web/2.9.2/springfox-spring-web-2.9.2.jar!/springfox/documentation/spring/web/readers/operation/OperationModelsProvider.class]
2025-04-20 14:44:57,341 DEBUG [main][ClassPathScanningCandidateComponentProvider.java:435] - Identified candidate component class: URL [jar:file:/D:/apache-maven-3.8.8/mavenLib/io/springfox/springfox-spring-web/2.9.2/springfox-spring-web-2.9.2.jar!/springfox/documentation/spring/web/readers/operation/OperationModelsProvider.class]
2025-04-20 14:44:57,342 DEBUG [main][ClassPathScanningCandidateComponentProvider.java:435] - Identified candidate component class: URL [jar:file:/D:/apache-maven-3.8.8/mavenLib/io/springfox/springfox-spring-web/2.9.2/springfox-spring-web-2.9.2.jar!/springfox/documentation/spring/web/readers/operation/OperationDeprecatedReader.class]
2025-04-20 14:44:57,342 DEBUG [main][ClassPathScanningCandidateComponentProvider.java:435] - Identified candidate component class: URL [jar:file:/D:/apache-maven-3.8.8/mavenLib/io/springfox/springfox-spring-web/2.9.2/springfox-spring-web-2.9.2.jar!/springfox/documentation/spring/web/readers/operation/OperationDeprecatedReader.class]
2025-04-20 14:44:57,342 DEBUG [main][ClassPathScanningCandidateComponentProvider.java:435] - Identified candidate component class: URL [jar:file:/D:/apache-maven-3.8.8/mavenLib/io/springfox/springfox-spring-web/2.9.2/springfox-spring-web-2.9.2.jar!/springfox/documentation/spring/web/readers/operation/ResponseMessagesReader.class]
2025-04-20 14:44:57,342 DEBUG [main][ClassPathScanningCandidateComponentProvider.java:435] - Identified candidate component class: URL [jar:file:/D:/apache-maven-3.8.8/mavenLib/io/springfox/springfox-spring-web/2.9.2/springfox-spring-web-2.9.2.jar!/springfox/documentation/spring/web/readers/operation/ResponseMessagesReader.class]
2025-04-20 14:44:57,343 DEBUG [main][ClassPathScanningCandidateComponentProvider.java:435] - Identified candidate component class: URL [jar:file:/D:/apache-maven-3.8.8/mavenLib/io/springfox/springfox-spring-web/2.9.2/springfox-spring-web-2.9.2.jar!/springfox/documentation/spring/web/readers/operation/OperationParameterReader.class]
2025-04-20 14:44:57,343 DEBUG [main][ClassPathScanningCandidateComponentProvider.java:435] - Identified candidate component class: URL [jar:file:/D:/apache-maven-3.8.8/mavenLib/io/springfox/springfox-spring-web/2.9.2/springfox-spring-web-2.9.2.jar!/springfox/documentation/spring/web/readers/operation/OperationParameterReader.class]
2025-04-20 14:44:57,344 DEBUG [main][ClassPathScanningCandidateComponentProvider.java:435] - Identified candidate component class: URL [jar:file:/D:/apache-maven-3.8.8/mavenLib/io/springfox/springfox-spring-web/2.9.2/springfox-spring-web-2.9.2.jar!/springfox/documentation/spring/web/readers/operation/DefaultTagsProvider.class]
2025-04-20 14:44:57,344 DEBUG [main][ClassPathScanningCandidateComponentProvider.java:435] - Identified candidate component class: URL [jar:file:/D:/apache-maven-3.8.8/mavenLib/io/springfox/springfox-spring-web/2.9.2/springfox-spring-web-2.9.2.jar!/springfox/documentation/spring/web/readers/operation/DefaultTagsProvider.class]
2025-04-20 14:44:57,344 DEBUG [main][ClassPathScanningCandidateComponentProvider.java:435] - Identified candidate component class: URL [jar:file:/D:/apache-maven-3.8.8/mavenLib/io/springfox/springfox-spring-web/2.9.2/springfox-spring-web-2.9.2.jar!/springfox/documentation/spring/web/readers/operation/OperationTagsReader.class]
2025-04-20 14:44:57,344 DEBUG [main][ClassPathScanningCandidateComponentProvider.java:435] - Identified candidate component class: URL [jar:file:/D:/apache-maven-3.8.8/mavenLib/io/springfox/springfox-spring-web/2.9.2/springfox-spring-web-2.9.2.jar!/springfox/documentation/spring/web/readers/operation/OperationTagsReader.class]
2025-04-20 14:44:57,345 DEBUG [main][ClassPathScanningCandidateComponentProvider.java:435] - Identified candidate component class: URL [jar:file:/D:/apache-maven-3.8.8/mavenLib/io/springfox/springfox-spring-web/2.9.2/springfox-spring-web-2.9.2.jar!/springfox/documentation/spring/web/readers/operation/ApiOperationReader.class]
2025-04-20 14:44:57,345 DEBUG [main][ClassPathScanningCandidateComponentProvider.java:435] - Identified candidate component class: URL [jar:file:/D:/apache-maven-3.8.8/mavenLib/io/springfox/springfox-spring-web/2.9.2/springfox-spring-web-2.9.2.jar!/springfox/documentation/spring/web/readers/operation/ApiOperationReader.class]
2025-04-20 14:44:57,346 DEBUG [main][ClassPathScanningCandidateComponentProvider.java:435] - Identified candidate component class: URL [jar:file:/D:/apache-maven-3.8.8/mavenLib/io/springfox/springfox-spring-web/2.9.2/springfox-spring-web-2.9.2.jar!/springfox/documentation/spring/web/readers/operation/DefaultOperationReader.class]
2025-04-20 14:44:57,346 DEBUG [main][ClassPathScanningCandidateComponentProvider.java:435] - Identified candidate component class: URL [jar:file:/D:/apache-maven-3.8.8/mavenLib/io/springfox/springfox-spring-web/2.9.2/springfox-spring-web-2.9.2.jar!/springfox/documentation/spring/web/readers/operation/DefaultOperationReader.class]
2025-04-20 14:44:57,346 DEBUG [main][ClassPathScanningCandidateComponentProvider.java:435] - Identified candidate component class: URL [jar:file:/D:/apache-maven-3.8.8/mavenLib/io/springfox/springfox-spring-web/2.9.2/springfox-spring-web-2.9.2.jar!/springfox/documentation/spring/web/readers/operation/OperationParameterRequestConditionReader.class]
2025-04-20 14:44:57,346 DEBUG [main][ClassPathScanningCandidateComponentProvider.java:435] - Identified candidate component class: URL [jar:file:/D:/apache-maven-3.8.8/mavenLib/io/springfox/springfox-spring-web/2.9.2/springfox-spring-web-2.9.2.jar!/springfox/documentation/spring/web/readers/operation/OperationParameterRequestConditionReader.class]
2025-04-20 14:44:57,347 DEBUG [main][ClassPathScanningCandidateComponentProvider.java:435] - Identified candidate component class: URL [jar:file:/D:/apache-maven-3.8.8/mavenLib/io/springfox/springfox-spring-web/2.9.2/springfox-spring-web-2.9.2.jar!/springfox/documentation/spring/web/readers/operation/OperationParameterHeadersConditionReader.class]
2025-04-20 14:44:57,347 DEBUG [main][ClassPathScanningCandidateComponentProvider.java:435] - Identified candidate component class: URL [jar:file:/D:/apache-maven-3.8.8/mavenLib/io/springfox/springfox-spring-web/2.9.2/springfox-spring-web-2.9.2.jar!/springfox/documentation/spring/web/readers/operation/OperationParameterHeadersConditionReader.class]
2025-04-20 14:44:57,348 DEBUG [main][ClassPathScanningCandidateComponentProvider.java:435] - Identified candidate component class: URL [jar:file:/D:/apache-maven-3.8.8/mavenLib/io/springfox/springfox-spring-web/2.9.2/springfox-spring-web-2.9.2.jar!/springfox/documentation/spring/web/readers/operation/OperationResponseClassReader.class]
2025-04-20 14:44:57,348 DEBUG [main][ClassPathScanningCandidateComponentProvider.java:435] - Identified candidate component class: URL [jar:file:/D:/apache-maven-3.8.8/mavenLib/io/springfox/springfox-spring-web/2.9.2/springfox-spring-web-2.9.2.jar!/springfox/documentation/spring/web/readers/operation/OperationResponseClassReader.class]
2025-04-20 14:44:57,348 DEBUG [main][ClassPathScanningCandidateComponentProvider.java:435] - Identified candidate component class: URL [jar:file:/D:/apache-maven-3.8.8/mavenLib/io/springfox/springfox-spring-web/2.9.2/springfox-spring-web-2.9.2.jar!/springfox/documentation/spring/web/readers/operation/CachingOperationNameGenerator.class]
2025-04-20 14:44:57,348 DEBUG [main][ClassPathScanningCandidateComponentProvider.java:435] - Identified candidate component class: URL [jar:file:/D:/apache-maven-3.8.8/mavenLib/io/springfox/springfox-spring-web/2.9.2/springfox-spring-web-2.9.2.jar!/springfox/documentation/spring/web/readers/operation/CachingOperationNameGenerator.class]
2025-04-20 14:44:57,350 DEBUG [main][ClassPathScanningCandidateComponentProvider.java:435] - Identified candidate component class: URL [jar:file:/D:/apache-maven-3.8.8/mavenLib/io/springfox/springfox-spring-web/2.9.2/springfox-spring-web-2.9.2.jar!/springfox/documentation/spring/web/readers/parameter/ParameterMultiplesReader.class]
2025-04-20 14:44:57,350 DEBUG [main][ClassPathScanningCandidateComponentProvider.java:435] - Identified candidate component class: URL [jar:file:/D:/apache-maven-3.8.8/mavenLib/io/springfox/springfox-spring-web/2.9.2/springfox-spring-web-2.9.2.jar!/springfox/documentation/spring/web/readers/parameter/ParameterMultiplesReader.class]
2025-04-20 14:44:57,353 DEBUG [main][ClassPathScanningCandidateComponentProvider.java:435] - Identified candidate component class: URL [jar:file:/D:/apache-maven-3.8.8/mavenLib/io/springfox/springfox-spring-web/2.9.2/springfox-spring-web-2.9.2.jar!/springfox/documentation/spring/web/readers/parameter/ModelAttributeParameterExpander.class]
2025-04-20 14:44:57,353 DEBUG [main][ClassPathScanningCandidateComponentProvider.java:435] - Identified candidate component class: URL [jar:file:/D:/apache-maven-3.8.8/mavenLib/io/springfox/springfox-spring-web/2.9.2/springfox-spring-web-2.9.2.jar!/springfox/documentation/spring/web/readers/parameter/ModelAttributeParameterExpander.class]
2025-04-20 14:44:57,355 DEBUG [main][ClassPathScanningCandidateComponentProvider.java:435] - Identified candidate component class: URL [jar:file:/D:/apache-maven-3.8.8/mavenLib/io/springfox/springfox-spring-web/2.9.2/springfox-spring-web-2.9.2.jar!/springfox/documentation/spring/web/readers/parameter/ParameterTypeReader.class]
2025-04-20 14:44:57,355 DEBUG [main][ClassPathScanningCandidateComponentProvider.java:435] - Identified candidate component class: URL [jar:file:/D:/apache-maven-3.8.8/mavenLib/io/springfox/springfox-spring-web/2.9.2/springfox-spring-web-2.9.2.jar!/springfox/documentation/spring/web/readers/parameter/ParameterTypeReader.class]
2025-04-20 14:44:57,355 DEBUG [main][ClassPathScanningCandidateComponentProvider.java:435] - Identified candidate component class: URL [jar:file:/D:/apache-maven-3.8.8/mavenLib/io/springfox/springfox-spring-web/2.9.2/springfox-spring-web-2.9.2.jar!/springfox/documentation/spring/web/readers/parameter/ParameterRequiredReader.class]
2025-04-20 14:44:57,355 DEBUG [main][ClassPathScanningCandidateComponentProvider.java:435] - Identified candidate component class: URL [jar:file:/D:/apache-maven-3.8.8/mavenLib/io/springfox/springfox-spring-web/2.9.2/springfox-spring-web-2.9.2.jar!/springfox/documentation/spring/web/readers/parameter/ParameterRequiredReader.class]
2025-04-20 14:44:57,356 DEBUG [main][ClassPathScanningCandidateComponentProvider.java:435] - Identified candidate component class: URL [jar:file:/D:/apache-maven-3.8.8/mavenLib/io/springfox/springfox-spring-web/2.9.2/springfox-spring-web-2.9.2.jar!/springfox/documentation/spring/web/readers/parameter/ParameterDataTypeReader.class]
2025-04-20 14:44:57,356 DEBUG [main][ClassPathScanningCandidateComponentProvider.java:435] - Identified candidate component class: URL [jar:file:/D:/apache-maven-3.8.8/mavenLib/io/springfox/springfox-spring-web/2.9.2/springfox-spring-web-2.9.2.jar!/springfox/documentation/spring/web/readers/parameter/ParameterDataTypeReader.class]
2025-04-20 14:44:57,357 DEBUG [main][ClassPathScanningCandidateComponentProvider.java:435] - Identified candidate component class: URL [jar:file:/D:/apache-maven-3.8.8/mavenLib/io/springfox/springfox-spring-web/2.9.2/springfox-spring-web-2.9.2.jar!/springfox/documentation/spring/web/readers/parameter/ParameterDefaultReader.class]
2025-04-20 14:44:57,357 DEBUG [main][ClassPathScanningCandidateComponentProvider.java:435] - Identified candidate component class: URL [jar:file:/D:/apache-maven-3.8.8/mavenLib/io/springfox/springfox-spring-web/2.9.2/springfox-spring-web-2.9.2.jar!/springfox/documentation/spring/web/readers/parameter/ParameterDefaultReader.class]
2025-04-20 14:44:57,359 DEBUG [main][ClassPathScanningCandidateComponentProvider.java:435] - Identified candidate component class: URL [jar:file:/D:/apache-maven-3.8.8/mavenLib/io/springfox/springfox-spring-web/2.9.2/springfox-spring-web-2.9.2.jar!/springfox/documentation/spring/web/readers/parameter/ParameterNameReader.class]
2025-04-20 14:44:57,359 DEBUG [main][ClassPathScanningCandidateComponentProvider.java:435] - Identified candidate component class: URL [jar:file:/D:/apache-maven-3.8.8/mavenLib/io/springfox/springfox-spring-web/2.9.2/springfox-spring-web-2.9.2.jar!/springfox/documentation/spring/web/readers/parameter/ParameterNameReader.class]
2025-04-20 14:44:57,360 DEBUG [main][ClassPathScanningCandidateComponentProvider.java:435] - Identified candidate component class: URL [jar:file:/D:/apache-maven-3.8.8/mavenLib/io/springfox/springfox-spring-web/2.9.2/springfox-spring-web-2.9.2.jar!/springfox/documentation/spring/web/readers/parameter/ExpandedParameterBuilder.class]
2025-04-20 14:44:57,360 DEBUG [main][ClassPathScanningCandidateComponentProvider.java:435] - Identified candidate component class: URL [jar:file:/D:/apache-maven-3.8.8/mavenLib/io/springfox/springfox-spring-web/2.9.2/springfox-spring-web-2.9.2.jar!/springfox/documentation/spring/web/readers/parameter/ExpandedParameterBuilder.class]
2025-04-20 14:44:57,371 DEBUG [main][ClassPathScanningCandidateComponentProvider.java:435] - Identified candidate component class: URL [jar:file:/D:/apache-maven-3.8.8/mavenLib/io/springfox/springfox-spring-web/2.9.2/springfox-spring-web-2.9.2.jar!/springfox/documentation/spring/web/plugins/DocumentationPluginsBootstrapper.class]
2025-04-20 14:44:57,371 DEBUG [main][ClassPathScanningCandidateComponentProvider.java:435] - Identified candidate component class: URL [jar:file:/D:/apache-maven-3.8.8/mavenLib/io/springfox/springfox-spring-web/2.9.2/springfox-spring-web-2.9.2.jar!/springfox/documentation/spring/web/plugins/DocumentationPluginsBootstrapper.class]
2025-04-20 14:44:57,373 DEBUG [main][ClassPathScanningCandidateComponentProvider.java:435] - Identified candidate component class: URL [jar:file:/D:/apache-maven-3.8.8/mavenLib/io/springfox/springfox-spring-web/2.9.2/springfox-spring-web-2.9.2.jar!/springfox/documentation/spring/web/plugins/WebMvcRequestHandlerProvider.class]
2025-04-20 14:44:57,373 DEBUG [main][ClassPathScanningCandidateComponentProvider.java:435] - Identified candidate component class: URL [jar:file:/D:/apache-maven-3.8.8/mavenLib/io/springfox/springfox-spring-web/2.9.2/springfox-spring-web-2.9.2.jar!/springfox/documentation/spring/web/plugins/WebMvcRequestHandlerProvider.class]
2025-04-20 14:44:57,374 DEBUG [main][ClassPathScanningCandidateComponentProvider.java:435] - Identified candidate component class: URL [jar:file:/D:/apache-maven-3.8.8/mavenLib/io/springfox/springfox-spring-web/2.9.2/springfox-spring-web-2.9.2.jar!/springfox/documentation/spring/web/plugins/DocumentationPluginsManager.class]
2025-04-20 14:44:57,374 DEBUG [main][ClassPathScanningCandidateComponentProvider.java:435] - Identified candidate component class: URL [jar:file:/D:/apache-maven-3.8.8/mavenLib/io/springfox/springfox-spring-web/2.9.2/springfox-spring-web-2.9.2.jar!/springfox/documentation/spring/web/plugins/DocumentationPluginsManager.class]
2025-04-20 14:44:57,376 DEBUG [main][ClassPathScanningCandidateComponentProvider.java:435] - Identified candidate component class: URL [jar:file:/D:/apache-maven-3.8.8/mavenLib/io/springfox/springfox-spring-web/2.9.2/springfox-spring-web-2.9.2.jar!/springfox/documentation/spring/web/paths/QueryStringUriTemplateDecorator.class]
2025-04-20 14:44:57,376 DEBUG [main][ClassPathScanningCandidateComponentProvider.java:435] - Identified candidate component class: URL [jar:file:/D:/apache-maven-3.8.8/mavenLib/io/springfox/springfox-spring-web/2.9.2/springfox-spring-web-2.9.2.jar!/springfox/documentation/spring/web/paths/QueryStringUriTemplateDecorator.class]
2025-04-20 14:44:57,376 DEBUG [main][ClassPathScanningCandidateComponentProvider.java:435] - Identified candidate component class: URL [jar:file:/D:/apache-maven-3.8.8/mavenLib/io/springfox/springfox-spring-web/2.9.2/springfox-spring-web-2.9.2.jar!/springfox/documentation/spring/web/paths/PathMappingDecorator.class]
2025-04-20 14:44:57,376 DEBUG [main][ClassPathScanningCandidateComponentProvider.java:435] - Identified candidate component class: URL [jar:file:/D:/apache-maven-3.8.8/mavenLib/io/springfox/springfox-spring-web/2.9.2/springfox-spring-web-2.9.2.jar!/springfox/documentation/spring/web/paths/PathMappingDecorator.class]
2025-04-20 14:44:57,377 DEBUG [main][ClassPathScanningCandidateComponentProvider.java:435] - Identified candidate component class: URL [jar:file:/D:/apache-maven-3.8.8/mavenLib/io/springfox/springfox-spring-web/2.9.2/springfox-spring-web-2.9.2.jar!/springfox/documentation/spring/web/paths/PathSanitizer.class]
2025-04-20 14:44:57,377 DEBUG [main][ClassPathScanningCandidateComponentProvider.java:435] - Identified candidate component class: URL [jar:file:/D:/apache-maven-3.8.8/mavenLib/io/springfox/springfox-spring-web/2.9.2/springfox-spring-web-2.9.2.jar!/springfox/documentation/spring/web/paths/PathSanitizer.class]
2025-04-20 14:44:57,378 DEBUG [main][ClassPathScanningCandidateComponentProvider.java:435] - Identified candidate component class: URL [jar:file:/D:/apache-maven-3.8.8/mavenLib/io/springfox/springfox-spring-web/2.9.2/springfox-spring-web-2.9.2.jar!/springfox/documentation/spring/web/paths/OperationPathDecorator.class]
2025-04-20 14:44:57,378 DEBUG [main][ClassPathScanningCandidateComponentProvider.java:435] - Identified candidate component class: URL [jar:file:/D:/apache-maven-3.8.8/mavenLib/io/springfox/springfox-spring-web/2.9.2/springfox-spring-web-2.9.2.jar!/springfox/documentation/spring/web/paths/OperationPathDecorator.class]
2025-04-20 14:44:57,410 DEBUG [main][ClassPathScanningCandidateComponentProvider.java:435] - Identified candidate component class: URL [jar:file:/D:/apache-maven-3.8.8/mavenLib/io/springfox/springfox-schema/2.9.2/springfox-schema-2.9.2.jar!/springfox/documentation/schema/CachingModelDependencyProvider.class]
2025-04-20 14:44:57,410 DEBUG [main][ClassPathScanningCandidateComponentProvider.java:435] - Identified candidate component class: URL [jar:file:/D:/apache-maven-3.8.8/mavenLib/io/springfox/springfox-schema/2.9.2/springfox-schema-2.9.2.jar!/springfox/documentation/schema/CachingModelDependencyProvider.class]
2025-04-20 14:44:57,413 DEBUG [main][ClassPathScanningCandidateComponentProvider.java:435] - Identified candidate component class: URL [jar:file:/D:/apache-maven-3.8.8/mavenLib/io/springfox/springfox-schema/2.9.2/springfox-schema-2.9.2.jar!/springfox/documentation/schema/TypeNameExtractor.class]
2025-04-20 14:44:57,413 DEBUG [main][ClassPathScanningCandidateComponentProvider.java:435] - Identified candidate component class: URL [jar:file:/D:/apache-maven-3.8.8/mavenLib/io/springfox/springfox-schema/2.9.2/springfox-schema-2.9.2.jar!/springfox/documentation/schema/TypeNameExtractor.class]
2025-04-20 14:44:57,414 DEBUG [main][ClassPathScanningCandidateComponentProvider.java:435] - Identified candidate component class: URL [jar:file:/D:/apache-maven-3.8.8/mavenLib/io/springfox/springfox-schema/2.9.2/springfox-schema-2.9.2.jar!/springfox/documentation/schema/plugins/PropertyDiscriminatorBasedInheritancePlugin.class]
2025-04-20 14:44:57,414 DEBUG [main][ClassPathScanningCandidateComponentProvider.java:435] - Identified candidate component class: URL [jar:file:/D:/apache-maven-3.8.8/mavenLib/io/springfox/springfox-schema/2.9.2/springfox-schema-2.9.2.jar!/springfox/documentation/schema/plugins/PropertyDiscriminatorBasedInheritancePlugin.class]
2025-04-20 14:44:57,416 DEBUG [main][ClassPathScanningCandidateComponentProvider.java:435] - Identified candidate component class: URL [jar:file:/D:/apache-maven-3.8.8/mavenLib/io/springfox/springfox-schema/2.9.2/springfox-schema-2.9.2.jar!/springfox/documentation/schema/plugins/XmlModelPlugin.class]
2025-04-20 14:44:57,416 DEBUG [main][ClassPathScanningCandidateComponentProvider.java:435] - Identified candidate component class: URL [jar:file:/D:/apache-maven-3.8.8/mavenLib/io/springfox/springfox-schema/2.9.2/springfox-schema-2.9.2.jar!/springfox/documentation/schema/plugins/XmlModelPlugin.class]
2025-04-20 14:44:57,416 DEBUG [main][ClassPathScanningCandidateComponentProvider.java:435] - Identified candidate component class: URL [jar:file:/D:/apache-maven-3.8.8/mavenLib/io/springfox/springfox-schema/2.9.2/springfox-schema-2.9.2.jar!/springfox/documentation/schema/plugins/SchemaPluginsManager.class]
2025-04-20 14:44:57,416 DEBUG [main][ClassPathScanningCandidateComponentProvider.java:435] - Identified candidate component class: URL [jar:file:/D:/apache-maven-3.8.8/mavenLib/io/springfox/springfox-schema/2.9.2/springfox-schema-2.9.2.jar!/springfox/documentation/schema/plugins/SchemaPluginsManager.class]
2025-04-20 14:44:57,417 DEBUG [main][ClassPathScanningCandidateComponentProvider.java:435] - Identified candidate component class: URL [jar:file:/D:/apache-maven-3.8.8/mavenLib/io/springfox/springfox-schema/2.9.2/springfox-schema-2.9.2.jar!/springfox/documentation/schema/property/CachingModelPropertiesProvider.class]
2025-04-20 14:44:57,417 DEBUG [main][ClassPathScanningCandidateComponentProvider.java:435] - Identified candidate component class: URL [jar:file:/D:/apache-maven-3.8.8/mavenLib/io/springfox/springfox-schema/2.9.2/springfox-schema-2.9.2.jar!/springfox/documentation/schema/property/CachingModelPropertiesProvider.class]
2025-04-20 14:44:57,417 DEBUG [main][ClassPathScanningCandidateComponentProvider.java:435] - Identified candidate component class: URL [jar:file:/D:/apache-maven-3.8.8/mavenLib/io/springfox/springfox-schema/2.9.2/springfox-schema-2.9.2.jar!/springfox/documentation/schema/property/ObjectMapperBeanPropertyNamingStrategy.class]
2025-04-20 14:44:57,417 DEBUG [main][ClassPathScanningCandidateComponentProvider.java:435] - Identified candidate component class: URL [jar:file:/D:/apache-maven-3.8.8/mavenLib/io/springfox/springfox-schema/2.9.2/springfox-schema-2.9.2.jar!/springfox/documentation/schema/property/ObjectMapperBeanPropertyNamingStrategy.class]
2025-04-20 14:44:57,417 DEBUG [main][ClassPathScanningCandidateComponentProvider.java:435] - Identified candidate component class: URL [jar:file:/D:/apache-maven-3.8.8/mavenLib/io/springfox/springfox-schema/2.9.2/springfox-schema-2.9.2.jar!/springfox/documentation/schema/property/bean/AccessorsProvider.class]
2025-04-20 14:44:57,417 DEBUG [main][ClassPathScanningCandidateComponentProvider.java:435] - Identified candidate component class: URL [jar:file:/D:/apache-maven-3.8.8/mavenLib/io/springfox/springfox-schema/2.9.2/springfox-schema-2.9.2.jar!/springfox/documentation/schema/property/bean/AccessorsProvider.class]
2025-04-20 14:44:57,419 DEBUG [main][ClassPathScanningCandidateComponentProvider.java:435] - Identified candidate component class: URL [jar:file:/D:/apache-maven-3.8.8/mavenLib/io/springfox/springfox-schema/2.9.2/springfox-schema-2.9.2.jar!/springfox/documentation/schema/property/field/FieldProvider.class]
2025-04-20 14:44:57,419 DEBUG [main][ClassPathScanningCandidateComponentProvider.java:435] - Identified candidate component class: URL [jar:file:/D:/apache-maven-3.8.8/mavenLib/io/springfox/springfox-schema/2.9.2/springfox-schema-2.9.2.jar!/springfox/documentation/schema/property/field/FieldProvider.class]
2025-04-20 14:44:57,421 DEBUG [main][ClassPathScanningCandidateComponentProvider.java:435] - Identified candidate component class: URL [jar:file:/D:/apache-maven-3.8.8/mavenLib/io/springfox/springfox-schema/2.9.2/springfox-schema-2.9.2.jar!/springfox/documentation/schema/property/XmlPropertyPlugin.class]
2025-04-20 14:44:57,421 DEBUG [main][ClassPathScanningCandidateComponentProvider.java:435] - Identified candidate component class: URL [jar:file:/D:/apache-maven-3.8.8/mavenLib/io/springfox/springfox-schema/2.9.2/springfox-schema-2.9.2.jar!/springfox/documentation/schema/property/XmlPropertyPlugin.class]
2025-04-20 14:44:57,422 DEBUG [main][ClassPathScanningCandidateComponentProvider.java:435] - Identified candidate component class: URL [jar:file:/D:/apache-maven-3.8.8/mavenLib/io/springfox/springfox-schema/2.9.2/springfox-schema-2.9.2.jar!/springfox/documentation/schema/property/OptimizedModelPropertiesProvider.class]
2025-04-20 14:44:57,422 DEBUG [main][ClassPathScanningCandidateComponentProvider.java:435] - Identified candidate component class: URL [jar:file:/D:/apache-maven-3.8.8/mavenLib/io/springfox/springfox-schema/2.9.2/springfox-schema-2.9.2.jar!/springfox/documentation/schema/property/OptimizedModelPropertiesProvider.class]
2025-04-20 14:44:57,423 DEBUG [main][ClassPathScanningCandidateComponentProvider.java:435] - Identified candidate component class: URL [jar:file:/D:/apache-maven-3.8.8/mavenLib/io/springfox/springfox-schema/2.9.2/springfox-schema-2.9.2.jar!/springfox/documentation/schema/property/FactoryMethodProvider.class]
2025-04-20 14:44:57,423 DEBUG [main][ClassPathScanningCandidateComponentProvider.java:435] - Identified candidate component class: URL [jar:file:/D:/apache-maven-3.8.8/mavenLib/io/springfox/springfox-schema/2.9.2/springfox-schema-2.9.2.jar!/springfox/documentation/schema/property/FactoryMethodProvider.class]
2025-04-20 14:44:57,428 DEBUG [main][ClassPathScanningCandidateComponentProvider.java:435] - Identified candidate component class: URL [jar:file:/D:/apache-maven-3.8.8/mavenLib/io/springfox/springfox-schema/2.9.2/springfox-schema-2.9.2.jar!/springfox/documentation/schema/CachingModelProvider.class]
2025-04-20 14:44:57,428 DEBUG [main][ClassPathScanningCandidateComponentProvider.java:435] - Identified candidate component class: URL [jar:file:/D:/apache-maven-3.8.8/mavenLib/io/springfox/springfox-schema/2.9.2/springfox-schema-2.9.2.jar!/springfox/documentation/schema/CachingModelProvider.class]
2025-04-20 14:44:57,428 DEBUG [main][ClassPathScanningCandidateComponentProvider.java:435] - Identified candidate component class: URL [jar:file:/D:/apache-maven-3.8.8/mavenLib/io/springfox/springfox-schema/2.9.2/springfox-schema-2.9.2.jar!/springfox/documentation/schema/DefaultModelDependencyProvider.class]
2025-04-20 14:44:57,428 DEBUG [main][ClassPathScanningCandidateComponentProvider.java:435] - Identified candidate component class: URL [jar:file:/D:/apache-maven-3.8.8/mavenLib/io/springfox/springfox-schema/2.9.2/springfox-schema-2.9.2.jar!/springfox/documentation/schema/DefaultModelDependencyProvider.class]
2025-04-20 14:44:57,429 DEBUG [main][ClassPathScanningCandidateComponentProvider.java:435] - Identified candidate component class: URL [jar:file:/D:/apache-maven-3.8.8/mavenLib/io/springfox/springfox-schema/2.9.2/springfox-schema-2.9.2.jar!/springfox/documentation/schema/JacksonEnumTypeDeterminer.class]
2025-04-20 14:44:57,429 DEBUG [main][ClassPathScanningCandidateComponentProvider.java:435] - Identified candidate component class: URL [jar:file:/D:/apache-maven-3.8.8/mavenLib/io/springfox/springfox-schema/2.9.2/springfox-schema-2.9.2.jar!/springfox/documentation/schema/JacksonEnumTypeDeterminer.class]
2025-04-20 14:44:57,430 DEBUG [main][ClassPathScanningCandidateComponentProvider.java:435] - Identified candidate component class: URL [jar:file:/D:/apache-maven-3.8.8/mavenLib/io/springfox/springfox-schema/2.9.2/springfox-schema-2.9.2.jar!/springfox/documentation/schema/DefaultModelProvider.class]
2025-04-20 14:44:57,430 DEBUG [main][ClassPathScanningCandidateComponentProvider.java:435] - Identified candidate component class: URL [jar:file:/D:/apache-maven-3.8.8/mavenLib/io/springfox/springfox-schema/2.9.2/springfox-schema-2.9.2.jar!/springfox/documentation/schema/DefaultModelProvider.class]
2025-04-20 14:44:57,447 DEBUG [main][ClassPathScanningCandidateComponentProvider.java:435] - Identified candidate component class: URL [jar:file:/D:/apache-maven-3.8.8/mavenLib/io/springfox/springfox-swagger-common/2.9.2/springfox-swagger-common-2.9.2.jar!/springfox/documentation/swagger/schema/ApiModelPropertyPropertyBuilder.class]
2025-04-20 14:44:57,447 DEBUG [main][ClassPathScanningCandidateComponentProvider.java:435] - Identified candidate component class: URL [jar:file:/D:/apache-maven-3.8.8/mavenLib/io/springfox/springfox-swagger-common/2.9.2/springfox-swagger-common-2.9.2.jar!/springfox/documentation/swagger/schema/ApiModelPropertyPropertyBuilder.class]
2025-04-20 14:44:57,449 DEBUG [main][ClassPathScanningCandidateComponentProvider.java:435] - Identified candidate component class: URL [jar:file:/D:/apache-maven-3.8.8/mavenLib/io/springfox/springfox-swagger-common/2.9.2/springfox-swagger-common-2.9.2.jar!/springfox/documentation/swagger/schema/ApiModelTypeNameProvider.class]
2025-04-20 14:44:57,449 DEBUG [main][ClassPathScanningCandidateComponentProvider.java:435] - Identified candidate component class: URL [jar:file:/D:/apache-maven-3.8.8/mavenLib/io/springfox/springfox-swagger-common/2.9.2/springfox-swagger-common-2.9.2.jar!/springfox/documentation/swagger/schema/ApiModelTypeNameProvider.class]
2025-04-20 14:44:57,450 DEBUG [main][ClassPathScanningCandidateComponentProvider.java:435] - Identified candidate component class: URL [jar:file:/D:/apache-maven-3.8.8/mavenLib/io/springfox/springfox-swagger-common/2.9.2/springfox-swagger-common-2.9.2.jar!/springfox/documentation/swagger/schema/ApiModelBuilder.class]
2025-04-20 14:44:57,450 DEBUG [main][ClassPathScanningCandidateComponentProvider.java:435] - Identified candidate component class: URL [jar:file:/D:/apache-maven-3.8.8/mavenLib/io/springfox/springfox-swagger-common/2.9.2/springfox-swagger-common-2.9.2.jar!/springfox/documentation/swagger/schema/ApiModelBuilder.class]
2025-04-20 14:44:57,453 DEBUG [main][ClassPathScanningCandidateComponentProvider.java:435] - Identified candidate component class: URL [jar:file:/D:/apache-maven-3.8.8/mavenLib/io/springfox/springfox-swagger-common/2.9.2/springfox-swagger-common-2.9.2.jar!/springfox/documentation/swagger/readers/operation/OperationImplicitParameterReader.class]
2025-04-20 14:44:57,453 DEBUG [main][ClassPathScanningCandidateComponentProvider.java:435] - Identified candidate component class: URL [jar:file:/D:/apache-maven-3.8.8/mavenLib/io/springfox/springfox-swagger-common/2.9.2/springfox-swagger-common-2.9.2.jar!/springfox/documentation/swagger/readers/operation/OperationImplicitParameterReader.class]
2025-04-20 14:44:57,454 DEBUG [main][ClassPathScanningCandidateComponentProvider.java:435] - Identified candidate component class: URL [jar:file:/D:/apache-maven-3.8.8/mavenLib/io/springfox/springfox-swagger-common/2.9.2/springfox-swagger-common-2.9.2.jar!/springfox/documentation/swagger/readers/operation/VendorExtensionsReader.class]
2025-04-20 14:44:57,454 DEBUG [main][ClassPathScanningCandidateComponentProvider.java:435] - Identified candidate component class: URL [jar:file:/D:/apache-maven-3.8.8/mavenLib/io/springfox/springfox-swagger-common/2.9.2/springfox-swagger-common-2.9.2.jar!/springfox/documentation/swagger/readers/operation/VendorExtensionsReader.class]
2025-04-20 14:44:57,455 DEBUG [main][ClassPathScanningCandidateComponentProvider.java:435] - Identified candidate component class: URL [jar:file:/D:/apache-maven-3.8.8/mavenLib/io/springfox/springfox-swagger-common/2.9.2/springfox-swagger-common-2.9.2.jar!/springfox/documentation/swagger/readers/operation/SwaggerOperationResponseClassReader.class]
2025-04-20 14:44:57,455 DEBUG [main][ClassPathScanningCandidateComponentProvider.java:435] - Identified candidate component class: URL [jar:file:/D:/apache-maven-3.8.8/mavenLib/io/springfox/springfox-swagger-common/2.9.2/springfox-swagger-common-2.9.2.jar!/springfox/documentation/swagger/readers/operation/SwaggerOperationResponseClassReader.class]
2025-04-20 14:44:57,456 DEBUG [main][ClassPathScanningCandidateComponentProvider.java:435] - Identified candidate component class: URL [jar:file:/D:/apache-maven-3.8.8/mavenLib/io/springfox/springfox-swagger-common/2.9.2/springfox-swagger-common-2.9.2.jar!/springfox/documentation/swagger/readers/operation/SwaggerOperationModelsProvider.class]
2025-04-20 14:44:57,456 DEBUG [main][ClassPathScanningCandidateComponentProvider.java:435] - Identified candidate component class: URL [jar:file:/D:/apache-maven-3.8.8/mavenLib/io/springfox/springfox-swagger-common/2.9.2/springfox-swagger-common-2.9.2.jar!/springfox/documentation/swagger/readers/operation/SwaggerOperationModelsProvider.class]
2025-04-20 14:44:57,457 DEBUG [main][ClassPathScanningCandidateComponentProvider.java:435] - Identified candidate component class: URL [jar:file:/D:/apache-maven-3.8.8/mavenLib/io/springfox/springfox-swagger-common/2.9.2/springfox-swagger-common-2.9.2.jar!/springfox/documentation/swagger/readers/operation/SwaggerMediaTypeReader.class]
2025-04-20 14:44:57,457 DEBUG [main][ClassPathScanningCandidateComponentProvider.java:435] - Identified candidate component class: URL [jar:file:/D:/apache-maven-3.8.8/mavenLib/io/springfox/springfox-swagger-common/2.9.2/springfox-swagger-common-2.9.2.jar!/springfox/documentation/swagger/readers/operation/SwaggerMediaTypeReader.class]
2025-04-20 14:44:57,458 DEBUG [main][ClassPathScanningCandidateComponentProvider.java:435] - Identified candidate component class: URL [jar:file:/D:/apache-maven-3.8.8/mavenLib/io/springfox/springfox-swagger-common/2.9.2/springfox-swagger-common-2.9.2.jar!/springfox/documentation/swagger/readers/operation/OperationHttpMethodReader.class]
2025-04-20 14:44:57,458 DEBUG [main][ClassPathScanningCandidateComponentProvider.java:435] - Identified candidate component class: URL [jar:file:/D:/apache-maven-3.8.8/mavenLib/io/springfox/springfox-swagger-common/2.9.2/springfox-swagger-common-2.9.2.jar!/springfox/documentation/swagger/readers/operation/OperationHttpMethodReader.class]
2025-04-20 14:44:57,459 DEBUG [main][ClassPathScanningCandidateComponentProvider.java:435] - Identified candidate component class: URL [jar:file:/D:/apache-maven-3.8.8/mavenLib/io/springfox/springfox-swagger-common/2.9.2/springfox-swagger-common-2.9.2.jar!/springfox/documentation/swagger/readers/operation/OperationImplicitParametersReader.class]
2025-04-20 14:44:57,459 DEBUG [main][ClassPathScanningCandidateComponentProvider.java:435] - Identified candidate component class: URL [jar:file:/D:/apache-maven-3.8.8/mavenLib/io/springfox/springfox-swagger-common/2.9.2/springfox-swagger-common-2.9.2.jar!/springfox/documentation/swagger/readers/operation/OperationImplicitParametersReader.class]
2025-04-20 14:44:57,459 DEBUG [main][ClassPathScanningCandidateComponentProvider.java:435] - Identified candidate component class: URL [jar:file:/D:/apache-maven-3.8.8/mavenLib/io/springfox/springfox-swagger-common/2.9.2/springfox-swagger-common-2.9.2.jar!/springfox/documentation/swagger/readers/operation/OperationAuthReader.class]
2025-04-20 14:44:57,459 DEBUG [main][ClassPathScanningCandidateComponentProvider.java:435] - Identified candidate component class: URL [jar:file:/D:/apache-maven-3.8.8/mavenLib/io/springfox/springfox-swagger-common/2.9.2/springfox-swagger-common-2.9.2.jar!/springfox/documentation/swagger/readers/operation/OperationAuthReader.class]
2025-04-20 14:44:57,459 DEBUG [main][ClassPathScanningCandidateComponentProvider.java:435] - Identified candidate component class: URL [jar:file:/D:/apache-maven-3.8.8/mavenLib/io/springfox/springfox-swagger-common/2.9.2/springfox-swagger-common-2.9.2.jar!/springfox/documentation/swagger/readers/operation/OperationHiddenReader.class]
2025-04-20 14:44:57,459 DEBUG [main][ClassPathScanningCandidateComponentProvider.java:435] - Identified candidate component class: URL [jar:file:/D:/apache-maven-3.8.8/mavenLib/io/springfox/springfox-swagger-common/2.9.2/springfox-swagger-common-2.9.2.jar!/springfox/documentation/swagger/readers/operation/OperationHiddenReader.class]
2025-04-20 14:44:57,460 DEBUG [main][ClassPathScanningCandidateComponentProvider.java:435] - Identified candidate component class: URL [jar:file:/D:/apache-maven-3.8.8/mavenLib/io/springfox/springfox-swagger-common/2.9.2/springfox-swagger-common-2.9.2.jar!/springfox/documentation/swagger/readers/operation/OperationSummaryReader.class]
2025-04-20 14:44:57,460 DEBUG [main][ClassPathScanningCandidateComponentProvider.java:435] - Identified candidate component class: URL [jar:file:/D:/apache-maven-3.8.8/mavenLib/io/springfox/springfox-swagger-common/2.9.2/springfox-swagger-common-2.9.2.jar!/springfox/documentation/swagger/readers/operation/OperationSummaryReader.class]
2025-04-20 14:44:57,461 DEBUG [main][ClassPathScanningCandidateComponentProvider.java:435] - Identified candidate component class: URL [jar:file:/D:/apache-maven-3.8.8/mavenLib/io/springfox/springfox-swagger-common/2.9.2/springfox-swagger-common-2.9.2.jar!/springfox/documentation/swagger/readers/operation/SwaggerResponseMessageReader.class]
2025-04-20 14:44:57,461 DEBUG [main][ClassPathScanningCandidateComponentProvider.java:435] - Identified candidate component class: URL [jar:file:/D:/apache-maven-3.8.8/mavenLib/io/springfox/springfox-swagger-common/2.9.2/springfox-swagger-common-2.9.2.jar!/springfox/documentation/swagger/readers/operation/SwaggerResponseMessageReader.class]
2025-04-20 14:44:57,461 DEBUG [main][ClassPathScanningCandidateComponentProvider.java:435] - Identified candidate component class: URL [jar:file:/D:/apache-maven-3.8.8/mavenLib/io/springfox/springfox-swagger-common/2.9.2/springfox-swagger-common-2.9.2.jar!/springfox/documentation/swagger/readers/operation/OperationNicknameIntoUniqueIdReader.class]
2025-04-20 14:44:57,461 DEBUG [main][ClassPathScanningCandidateComponentProvider.java:435] - Identified candidate component class: URL [jar:file:/D:/apache-maven-3.8.8/mavenLib/io/springfox/springfox-swagger-common/2.9.2/springfox-swagger-common-2.9.2.jar!/springfox/documentation/swagger/readers/operation/OperationNicknameIntoUniqueIdReader.class]
2025-04-20 14:44:57,462 DEBUG [main][ClassPathScanningCandidateComponentProvider.java:435] - Identified candidate component class: URL [jar:file:/D:/apache-maven-3.8.8/mavenLib/io/springfox/springfox-swagger-common/2.9.2/springfox-swagger-common-2.9.2.jar!/springfox/documentation/swagger/readers/operation/OperationPositionReader.class]
2025-04-20 14:44:57,462 DEBUG [main][ClassPathScanningCandidateComponentProvider.java:435] - Identified candidate component class: URL [jar:file:/D:/apache-maven-3.8.8/mavenLib/io/springfox/springfox-swagger-common/2.9.2/springfox-swagger-common-2.9.2.jar!/springfox/documentation/swagger/readers/operation/OperationPositionReader.class]
2025-04-20 14:44:57,462 DEBUG [main][ClassPathScanningCandidateComponentProvider.java:435] - Identified candidate component class: URL [jar:file:/D:/apache-maven-3.8.8/mavenLib/io/springfox/springfox-swagger-common/2.9.2/springfox-swagger-common-2.9.2.jar!/springfox/documentation/swagger/readers/operation/OperationNotesReader.class]
2025-04-20 14:44:57,462 DEBUG [main][ClassPathScanningCandidateComponentProvider.java:435] - Identified candidate component class: URL [jar:file:/D:/apache-maven-3.8.8/mavenLib/io/springfox/springfox-swagger-common/2.9.2/springfox-swagger-common-2.9.2.jar!/springfox/documentation/swagger/readers/operation/OperationNotesReader.class]
2025-04-20 14:44:57,463 DEBUG [main][ClassPathScanningCandidateComponentProvider.java:435] - Identified candidate component class: URL [jar:file:/D:/apache-maven-3.8.8/mavenLib/io/springfox/springfox-swagger-common/2.9.2/springfox-swagger-common-2.9.2.jar!/springfox/documentation/swagger/readers/operation/SwaggerOperationTagsReader.class]
2025-04-20 14:44:57,463 DEBUG [main][ClassPathScanningCandidateComponentProvider.java:435] - Identified candidate component class: URL [jar:file:/D:/apache-maven-3.8.8/mavenLib/io/springfox/springfox-swagger-common/2.9.2/springfox-swagger-common-2.9.2.jar!/springfox/documentation/swagger/readers/operation/SwaggerOperationTagsReader.class]
2025-04-20 14:44:57,464 DEBUG [main][ClassPathScanningCandidateComponentProvider.java:435] - Identified candidate component class: URL [jar:file:/D:/apache-maven-3.8.8/mavenLib/io/springfox/springfox-swagger-common/2.9.2/springfox-swagger-common-2.9.2.jar!/springfox/documentation/swagger/readers/parameter/ApiParamParameterBuilder.class]
2025-04-20 14:44:57,464 DEBUG [main][ClassPathScanningCandidateComponentProvider.java:435] - Identified candidate component class: URL [jar:file:/D:/apache-maven-3.8.8/mavenLib/io/springfox/springfox-swagger-common/2.9.2/springfox-swagger-common-2.9.2.jar!/springfox/documentation/swagger/readers/parameter/ApiParamParameterBuilder.class]
2025-04-20 14:44:57,464 DEBUG [main][ClassPathScanningCandidateComponentProvider.java:435] - Identified candidate component class: URL [jar:file:/D:/apache-maven-3.8.8/mavenLib/io/springfox/springfox-swagger-common/2.9.2/springfox-swagger-common-2.9.2.jar!/springfox/documentation/swagger/readers/parameter/SwaggerExpandedParameterBuilder.class]
2025-04-20 14:44:57,464 DEBUG [main][ClassPathScanningCandidateComponentProvider.java:435] - Identified candidate component class: URL [jar:file:/D:/apache-maven-3.8.8/mavenLib/io/springfox/springfox-swagger-common/2.9.2/springfox-swagger-common-2.9.2.jar!/springfox/documentation/swagger/readers/parameter/SwaggerExpandedParameterBuilder.class]
2025-04-20 14:44:57,472 DEBUG [main][ClassPathScanningCandidateComponentProvider.java:435] - Identified candidate component class: URL [jar:file:/D:/apache-maven-3.8.8/mavenLib/io/springfox/springfox-swagger-common/2.9.2/springfox-swagger-common-2.9.2.jar!/springfox/documentation/swagger/web/SwaggerApiListingReader.class]
2025-04-20 14:44:57,472 DEBUG [main][ClassPathScanningCandidateComponentProvider.java:435] - Identified candidate component class: URL [jar:file:/D:/apache-maven-3.8.8/mavenLib/io/springfox/springfox-swagger-common/2.9.2/springfox-swagger-common-2.9.2.jar!/springfox/documentation/swagger/web/SwaggerApiListingReader.class]
2025-04-20 14:44:57,474 DEBUG [main][ClassPathScanningCandidateComponentProvider.java:435] - Identified candidate component class: URL [jar:file:/D:/apache-maven-3.8.8/mavenLib/io/springfox/springfox-swagger-common/2.9.2/springfox-swagger-common-2.9.2.jar!/springfox/documentation/swagger/web/ClassOrApiAnnotationResourceGrouping.class]
2025-04-20 14:44:57,474 DEBUG [main][ClassPathScanningCandidateComponentProvider.java:435] - Identified candidate component class: URL [jar:file:/D:/apache-maven-3.8.8/mavenLib/io/springfox/springfox-swagger-common/2.9.2/springfox-swagger-common-2.9.2.jar!/springfox/documentation/swagger/web/ClassOrApiAnnotationResourceGrouping.class]
2025-04-20 14:44:57,474 DEBUG [main][ClassPathScanningCandidateComponentProvider.java:435] - Identified candidate component class: URL [jar:file:/D:/apache-maven-3.8.8/mavenLib/io/springfox/springfox-swagger-common/2.9.2/springfox-swagger-common-2.9.2.jar!/springfox/documentation/swagger/web/InMemorySwaggerResourcesProvider.class]
2025-04-20 14:44:57,474 DEBUG [main][ClassPathScanningCandidateComponentProvider.java:435] - Identified candidate component class: URL [jar:file:/D:/apache-maven-3.8.8/mavenLib/io/springfox/springfox-swagger-common/2.9.2/springfox-swagger-common-2.9.2.jar!/springfox/documentation/swagger/web/InMemorySwaggerResourcesProvider.class]
2025-04-20 14:44:57,476 DEBUG [main][ClassPathScanningCandidateComponentProvider.java:435] - Identified candidate component class: URL [jar:file:/D:/apache-maven-3.8.8/mavenLib/io/springfox/springfox-swagger-common/2.9.2/springfox-swagger-common-2.9.2.jar!/springfox/documentation/swagger/web/ApiResourceController.class]
2025-04-20 14:44:57,476 DEBUG [main][ClassPathScanningCandidateComponentProvider.java:435] - Identified candidate component class: URL [jar:file:/D:/apache-maven-3.8.8/mavenLib/io/springfox/springfox-swagger-common/2.9.2/springfox-swagger-common-2.9.2.jar!/springfox/documentation/swagger/web/ApiResourceController.class]
2025-04-20 14:44:57,677 DEBUG [main][PropertySourcesPropertyResolver.java:115] - Found key 'spring.jmx.enabled' in PropertySource 'configurationProperties' with value of type String
2025-04-20 14:44:57,677 DEBUG [main][PropertySourcesPropertyResolver.java:115] - Found key 'spring.jmx.enabled' in PropertySource 'configurationProperties' with value of type String
2025-04-20 14:44:57,682 DEBUG [main][PropertySourcesPropertyResolver.java:115] - Found key 'spring.datasource.url' in PropertySource 'configurationProperties' with value of type String
2025-04-20 14:44:57,682 DEBUG [main][PropertySourcesPropertyResolver.java:115] - Found key 'spring.datasource.url' in PropertySource 'configurationProperties' with value of type String
2025-04-20 14:44:57,692 DEBUG [main][PropertySourcesPropertyResolver.java:115] - Found key 'spring.jmx.enabled' in PropertySource 'configurationProperties' with value of type String
2025-04-20 14:44:57,692 DEBUG [main][PropertySourcesPropertyResolver.java:115] - Found key 'spring.jmx.enabled' in PropertySource 'configurationProperties' with value of type String
2025-04-20 14:44:57,693 DEBUG [main][PropertySourcesPropertyResolver.java:115] - Found key 'spring.application.admin.enabled' in PropertySource 'configurationProperties' with value of type String
2025-04-20 14:44:57,693 DEBUG [main][PropertySourcesPropertyResolver.java:115] - Found key 'spring.application.admin.enabled' in PropertySource 'configurationProperties' with value of type String
2025-04-20 14:44:57,732 DEBUG [main][PropertySourcesPropertyResolver.java:115] - Found key 'swagger.enabled' in PropertySource 'configurationProperties' with value of type Boolean
2025-04-20 14:44:57,732 DEBUG [main][PropertySourcesPropertyResolver.java:115] - Found key 'swagger.enabled' in PropertySource 'configurationProperties' with value of type Boolean
2025-04-20 14:44:57,740 DEBUG [main][PropertySourcesPropertyResolver.java:115] - Found key 'swagger.enabled' in PropertySource 'configurationProperties' with value of type Boolean
2025-04-20 14:44:57,740 DEBUG [main][PropertySourcesPropertyResolver.java:115] - Found key 'swagger.enabled' in PropertySource 'configurationProperties' with value of type Boolean
2025-04-20 14:44:57,826 DEBUG [main][PropertySourcesPropertyResolver.java:115] - Found key 'spring.jmx.enabled' in PropertySource 'configurationProperties' with value of type String
2025-04-20 14:44:57,826 DEBUG [main][PropertySourcesPropertyResolver.java:115] - Found key 'spring.jmx.enabled' in PropertySource 'configurationProperties' with value of type String
2025-04-20 14:44:57,847 DEBUG [main][PropertySourcesPropertyResolver.java:115] - Found key 'spring.jmx.enabled' in PropertySource 'configurationProperties' with value of type String
2025-04-20 14:44:57,847 DEBUG [main][PropertySourcesPropertyResolver.java:115] - Found key 'spring.jmx.enabled' in PropertySource 'configurationProperties' with value of type String
2025-04-20 14:44:57,853 DEBUG [main][PropertySourcesPropertyResolver.java:115] - Found key 'spring.application.admin.enabled' in PropertySource 'configurationProperties' with value of type String
2025-04-20 14:44:57,853 DEBUG [main][PropertySourcesPropertyResolver.java:115] - Found key 'spring.application.admin.enabled' in PropertySource 'configurationProperties' with value of type String
2025-04-20 14:44:57,960 DEBUG [main][DefaultSingletonBeanRegistry.java:225] - Creating shared instance of singleton bean 'refreshScope'
2025-04-20 14:44:57,960 DEBUG [main][DefaultSingletonBeanRegistry.java:225] - Creating shared instance of singleton bean 'refreshScope'
2025-04-20 14:44:57,965 DEBUG [main][DefaultSingletonBeanRegistry.java:225] - Creating shared instance of singleton bean 'com.xuecheng.content.config.MybatisPlusConfig#MapperScannerRegistrar#0'
2025-04-20 14:44:57,965 DEBUG [main][DefaultSingletonBeanRegistry.java:225] - Creating shared instance of singleton bean 'com.xuecheng.content.config.MybatisPlusConfig#MapperScannerRegistrar#0'
2025-04-20 14:44:57,973 DEBUG [main][DefaultSingletonBeanRegistry.java:225] - Creating shared instance of singleton bean 'org.springframework.cloud.autoconfigure.RefreshAutoConfiguration$RefreshScopeBeanDefinitionEnhancer'
2025-04-20 14:44:57,973 DEBUG [main][DefaultSingletonBeanRegistry.java:225] - Creating shared instance of singleton bean 'org.springframework.cloud.autoconfigure.RefreshAutoConfiguration$RefreshScopeBeanDefinitionEnhancer'
2025-04-20 14:44:57,974 DEBUG [main][DefaultSingletonBeanRegistry.java:225] - Creating shared instance of singleton bean 'propertySourcesPlaceholderConfigurer'
2025-04-20 14:44:57,974 DEBUG [main][DefaultSingletonBeanRegistry.java:225] - Creating shared instance of singleton bean 'propertySourcesPlaceholderConfigurer'
2025-04-20 14:44:57,992 DEBUG [main][LogFactory.java:105] - Logging initialized using 'class org.apache.ibatis.logging.slf4j.Slf4jImpl' adapter.
2025-04-20 14:44:57,992 DEBUG [main][LogFactory.java:105] - Logging initialized using 'class org.apache.ibatis.logging.slf4j.Slf4jImpl' adapter.
2025-04-20 14:44:57,994 DEBUG [main][ClassPathScanningCandidateComponentProvider.java:435] - Identified candidate component class: file [D:\JavaProject\studyOnline\xuecheng-plus-project\xuecheng-plus-content\xuecheng-plus-content-service\target\classes\com\xuecheng\content\mapper\CourseBaseMapper.class]
2025-04-20 14:44:57,994 DEBUG [main][ClassPathScanningCandidateComponentProvider.java:435] - Identified candidate component class: file [D:\JavaProject\studyOnline\xuecheng-plus-project\xuecheng-plus-content\xuecheng-plus-content-service\target\classes\com\xuecheng\content\mapper\CourseBaseMapper.class]
2025-04-20 14:44:57,994 DEBUG [main][ClassPathScanningCandidateComponentProvider.java:435] - Identified candidate component class: file [D:\JavaProject\studyOnline\xuecheng-plus-project\xuecheng-plus-content\xuecheng-plus-content-service\target\classes\com\xuecheng\content\mapper\CourseCategoryMapper.class]
2025-04-20 14:44:57,994 DEBUG [main][ClassPathScanningCandidateComponentProvider.java:435] - Identified candidate component class: file [D:\JavaProject\studyOnline\xuecheng-plus-project\xuecheng-plus-content\xuecheng-plus-content-service\target\classes\com\xuecheng\content\mapper\CourseCategoryMapper.class]
2025-04-20 14:44:57,994 DEBUG [main][ClassPathScanningCandidateComponentProvider.java:435] - Identified candidate component class: file [D:\JavaProject\studyOnline\xuecheng-plus-project\xuecheng-plus-content\xuecheng-plus-content-service\target\classes\com\xuecheng\content\mapper\CourseMarketMapper.class]
2025-04-20 14:44:57,994 DEBUG [main][ClassPathScanningCandidateComponentProvider.java:435] - Identified candidate component class: file [D:\JavaProject\studyOnline\xuecheng-plus-project\xuecheng-plus-content\xuecheng-plus-content-service\target\classes\com\xuecheng\content\mapper\CourseMarketMapper.class]
2025-04-20 14:44:57,995 DEBUG [main][ClassPathScanningCandidateComponentProvider.java:435] - Identified candidate component class: file [D:\JavaProject\studyOnline\xuecheng-plus-project\xuecheng-plus-content\xuecheng-plus-content-service\target\classes\com\xuecheng\content\mapper\CoursePublishMapper.class]
2025-04-20 14:44:57,995 DEBUG [main][ClassPathScanningCandidateComponentProvider.java:435] - Identified candidate component class: file [D:\JavaProject\studyOnline\xuecheng-plus-project\xuecheng-plus-content\xuecheng-plus-content-service\target\classes\com\xuecheng\content\mapper\CoursePublishMapper.class]
2025-04-20 14:44:57,995 DEBUG [main][ClassPathScanningCandidateComponentProvider.java:435] - Identified candidate component class: file [D:\JavaProject\studyOnline\xuecheng-plus-project\xuecheng-plus-content\xuecheng-plus-content-service\target\classes\com\xuecheng\content\mapper\CoursePublishPreMapper.class]
2025-04-20 14:44:57,995 DEBUG [main][ClassPathScanningCandidateComponentProvider.java:435] - Identified candidate component class: file [D:\JavaProject\studyOnline\xuecheng-plus-project\xuecheng-plus-content\xuecheng-plus-content-service\target\classes\com\xuecheng\content\mapper\CoursePublishPreMapper.class]
2025-04-20 14:44:57,995 DEBUG [main][ClassPathScanningCandidateComponentProvider.java:435] - Identified candidate component class: file [D:\JavaProject\studyOnline\xuecheng-plus-project\xuecheng-plus-content\xuecheng-plus-content-service\target\classes\com\xuecheng\content\mapper\CourseTeacherMapper.class]
2025-04-20 14:44:57,995 DEBUG [main][ClassPathScanningCandidateComponentProvider.java:435] - Identified candidate component class: file [D:\JavaProject\studyOnline\xuecheng-plus-project\xuecheng-plus-content\xuecheng-plus-content-service\target\classes\com\xuecheng\content\mapper\CourseTeacherMapper.class]
2025-04-20 14:44:57,995 DEBUG [main][ClassPathScanningCandidateComponentProvider.java:435] - Identified candidate component class: file [D:\JavaProject\studyOnline\xuecheng-plus-project\xuecheng-plus-content\xuecheng-plus-content-service\target\classes\com\xuecheng\content\mapper\TeachplanMapper.class]
2025-04-20 14:44:57,995 DEBUG [main][ClassPathScanningCandidateComponentProvider.java:435] - Identified candidate component class: file [D:\JavaProject\studyOnline\xuecheng-plus-project\xuecheng-plus-content\xuecheng-plus-content-service\target\classes\com\xuecheng\content\mapper\TeachplanMapper.class]
2025-04-20 14:44:57,995 DEBUG [main][ClassPathScanningCandidateComponentProvider.java:435] - Identified candidate component class: file [D:\JavaProject\studyOnline\xuecheng-plus-project\xuecheng-plus-content\xuecheng-plus-content-service\target\classes\com\xuecheng\content\mapper\TeachplanMediaMapper.class]
2025-04-20 14:44:57,995 DEBUG [main][ClassPathScanningCandidateComponentProvider.java:435] - Identified candidate component class: file [D:\JavaProject\studyOnline\xuecheng-plus-project\xuecheng-plus-content\xuecheng-plus-content-service\target\classes\com\xuecheng\content\mapper\TeachplanMediaMapper.class]
2025-04-20 14:44:57,996 DEBUG [main][Logger.java:49] - Creating MapperFactoryBean with name 'courseBaseMapper' and 'com.xuecheng.content.mapper.CourseBaseMapper' mapperInterface
2025-04-20 14:44:57,996 DEBUG [main][Logger.java:49] - Creating MapperFactoryBean with name 'courseBaseMapper' and 'com.xuecheng.content.mapper.CourseBaseMapper' mapperInterface
2025-04-20 14:44:57,996 DEBUG [main][Logger.java:49] - Enabling autowire by type for MapperFactoryBean with name 'courseBaseMapper'.
2025-04-20 14:44:57,996 DEBUG [main][Logger.java:49] - Enabling autowire by type for MapperFactoryBean with name 'courseBaseMapper'.
2025-04-20 14:44:57,996 DEBUG [main][Logger.java:49] - Creating MapperFactoryBean with name 'courseCategoryMapper' and 'com.xuecheng.content.mapper.CourseCategoryMapper' mapperInterface
2025-04-20 14:44:57,996 DEBUG [main][Logger.java:49] - Creating MapperFactoryBean with name 'courseCategoryMapper' and 'com.xuecheng.content.mapper.CourseCategoryMapper' mapperInterface
2025-04-20 14:44:57,996 DEBUG [main][Logger.java:49] - Enabling autowire by type for MapperFactoryBean with name 'courseCategoryMapper'.
2025-04-20 14:44:57,996 DEBUG [main][Logger.java:49] - Enabling autowire by type for MapperFactoryBean with name 'courseCategoryMapper'.
2025-04-20 14:44:57,996 DEBUG [main][Logger.java:49] - Creating MapperFactoryBean with name 'courseMarketMapper' and 'com.xuecheng.content.mapper.CourseMarketMapper' mapperInterface
2025-04-20 14:44:57,996 DEBUG [main][Logger.java:49] - Creating MapperFactoryBean with name 'courseMarketMapper' and 'com.xuecheng.content.mapper.CourseMarketMapper' mapperInterface
2025-04-20 14:44:57,996 DEBUG [main][Logger.java:49] - Enabling autowire by type for MapperFactoryBean with name 'courseMarketMapper'.
2025-04-20 14:44:57,996 DEBUG [main][Logger.java:49] - Enabling autowire by type for MapperFactoryBean with name 'courseMarketMapper'.
2025-04-20 14:44:57,997 DEBUG [main][Logger.java:49] - Creating MapperFactoryBean with name 'coursePublishMapper' and 'com.xuecheng.content.mapper.CoursePublishMapper' mapperInterface
2025-04-20 14:44:57,997 DEBUG [main][Logger.java:49] - Creating MapperFactoryBean with name 'coursePublishMapper' and 'com.xuecheng.content.mapper.CoursePublishMapper' mapperInterface
2025-04-20 14:44:57,997 DEBUG [main][Logger.java:49] - Enabling autowire by type for MapperFactoryBean with name 'coursePublishMapper'.
2025-04-20 14:44:57,997 DEBUG [main][Logger.java:49] - Enabling autowire by type for MapperFactoryBean with name 'coursePublishMapper'.
2025-04-20 14:44:57,997 DEBUG [main][Logger.java:49] - Creating MapperFactoryBean with name 'coursePublishPreMapper' and 'com.xuecheng.content.mapper.CoursePublishPreMapper' mapperInterface
2025-04-20 14:44:57,997 DEBUG [main][Logger.java:49] - Creating MapperFactoryBean with name 'coursePublishPreMapper' and 'com.xuecheng.content.mapper.CoursePublishPreMapper' mapperInterface
2025-04-20 14:44:57,997 DEBUG [main][Logger.java:49] - Enabling autowire by type for MapperFactoryBean with name 'coursePublishPreMapper'.
2025-04-20 14:44:57,997 DEBUG [main][Logger.java:49] - Enabling autowire by type for MapperFactoryBean with name 'coursePublishPreMapper'.
2025-04-20 14:44:57,997 DEBUG [main][Logger.java:49] - Creating MapperFactoryBean with name 'courseTeacherMapper' and 'com.xuecheng.content.mapper.CourseTeacherMapper' mapperInterface
2025-04-20 14:44:57,997 DEBUG [main][Logger.java:49] - Creating MapperFactoryBean with name 'courseTeacherMapper' and 'com.xuecheng.content.mapper.CourseTeacherMapper' mapperInterface
2025-04-20 14:44:57,997 DEBUG [main][Logger.java:49] - Enabling autowire by type for MapperFactoryBean with name 'courseTeacherMapper'.
2025-04-20 14:44:57,997 DEBUG [main][Logger.java:49] - Enabling autowire by type for MapperFactoryBean with name 'courseTeacherMapper'.
2025-04-20 14:44:57,997 DEBUG [main][Logger.java:49] - Creating MapperFactoryBean with name 'teachplanMapper' and 'com.xuecheng.content.mapper.TeachplanMapper' mapperInterface
2025-04-20 14:44:57,997 DEBUG [main][Logger.java:49] - Creating MapperFactoryBean with name 'teachplanMapper' and 'com.xuecheng.content.mapper.TeachplanMapper' mapperInterface
2025-04-20 14:44:57,997 DEBUG [main][Logger.java:49] - Enabling autowire by type for MapperFactoryBean with name 'teachplanMapper'.
2025-04-20 14:44:57,997 DEBUG [main][Logger.java:49] - Enabling autowire by type for MapperFactoryBean with name 'teachplanMapper'.
2025-04-20 14:44:57,998 DEBUG [main][Logger.java:49] - Creating MapperFactoryBean with name 'teachplanMediaMapper' and 'com.xuecheng.content.mapper.TeachplanMediaMapper' mapperInterface
2025-04-20 14:44:57,998 DEBUG [main][Logger.java:49] - Creating MapperFactoryBean with name 'teachplanMediaMapper' and 'com.xuecheng.content.mapper.TeachplanMediaMapper' mapperInterface
2025-04-20 14:44:57,998 DEBUG [main][Logger.java:49] - Enabling autowire by type for MapperFactoryBean with name 'teachplanMediaMapper'.
2025-04-20 14:44:57,998 DEBUG [main][Logger.java:49] - Enabling autowire by type for MapperFactoryBean with name 'teachplanMediaMapper'.
2025-04-20 14:44:58,093 DEBUG [main][GenericScope.java:291] - Generating bean factory id from names: [accessorsProvider, apiDescriptionLookup, apiDescriptionReader, apiDocumentationScanner, apiListingBuilderPluginRegistry, apiListingReader, apiListingReferenceScanner, apiListingScanner, apiListingScannerPluginRegistry, apiModelBuilder, apiModelPropertyPropertyBuilder, apiModelReader, apiModelTypeNameProvider, apiOperationReader, apiResourceController, applicationAvailability, applicationTaskExecutor, basicErrorController, beanNameHandlerMapping, beanNameViewResolver, bootstrapApplicationListener.BootstrapMarkerConfiguration, cachingModelDependencyProvider, cachingModelPropertiesProvider, cachingModelProvider, cachingOperationNameGenerator, cachingOperationReader, characterEncodingFilter, classOrApiAnnotationResourceGrouping, com.baomidou.mybatisplus.autoconfigure.MybatisPlusAutoConfiguration, com.baomidou.mybatisplus.autoconfigure.MybatisPlusLanguageDriverAutoConfiguration, com.spring4all.swagger.Swagger2Configuration, com.spring4all.swagger.SwaggerAutoConfiguration, com.xuecheng.content.config.MybatisPlusConfig#MapperScannerRegistrar#0, configurationPropertiesBeans, configurationPropertiesRebinder, contentApplication, contextRefresher, conventionErrorViewResolver, courseBaseInfoController, courseBaseInfoServiceImpl, courseBaseMapper, courseCategoryMapper, courseCategoryServiceImpl, courseCategotyController, courseMarketMapper, coursePublishMapper, coursePublishPreMapper, courseTeacherMapper, createRestApi, dataSource, dataSourceInitializerPostProcessor, decimalMinMaxPlugin, defaultModelDependencyProvider, defaultModelProvider, defaultOperationReader, defaultServletHandlerMapping, defaultTagsProvider, defaultValidator, defaultViewResolver, defaults, defaultsProviderPluginRegistry, descriptionResolver, dispatcherServlet, dispatcherServletRegistration, documentationPluginRegistry, documentationPluginsBootstrapper, documentationPluginsManager, environmentManager, error, errorAttributes, errorPageCustomizer, errorPageRegistrarBeanPostProcessor, expandedParameterBuilder, expandedParameterBuilderPluginRegistry, expanderMinMax, expanderNotNull, expanderPattern, expanderSize, factoryMethodProvider, fieldProvider, formContentFilter, globalExceptionHandler, handlerExceptionResolver, handlerFunctionAdapter, hikariPoolDataSourceMetadataProvider, httpRequestHandlerAdapter, inMemorySwaggerResourcesProvider, jackson2ObjectMapperBuilderCustomizer, jacksonEnumTypeDeterminer, jacksonObjectMapper, jacksonObjectMapperBuilder, jdbcTemplate, jsonComponentModule, jsonSerializer, licenseMapperImpl, lifecycleProcessor, localDateTimeConfig, localDateTimeDeserializer, localDateTimeSerializer, localeCharsetMappingsCustomizer, loggingRebinder, mappingJackson2HttpMessageConverter, mbeanExporter, mbeanServer, mediaTypeReader, messageConverters, methodResolver, methodValidationPostProcessor, minMaxPlugin, modelAttributeParameterExpander, modelBuilderPluginRegistry, modelMapperImpl, modelPropertyBuilderPluginRegistry, multipartConfigElement, multipartResolver, mvcContentNegotiationManager, mvcConversionService, mvcHandlerMappingIntrospector, mvcPathMatcher, mvcResourceUrlProvider, mvcUriComponentsContributor, mvcUrlPathHelper, mvcValidator, mvcViewResolver, mybatis-plus-com.baomidou.mybatisplus.autoconfigure.MybatisPlusProperties, mybatisPlusConfig, mybatisPlusInterceptor, namedParameterJdbcTemplate, notNullPlugin, objectMapperBeanPropertyNamingStrategy, objectMapperConfigurer, objectNamingStrategy, operationAuthReader, operationBuilderPluginRegistry, operationDeprecatedReader, operationHiddenReader, operationHttpMethodReader, operationImplicitParameterReader, operationImplicitParametersReader, operationModelsProvider, operationModelsProviderPluginRegistry, operationNicknameIntoUniqueIdReader, operationNotesReader, operationParameterHeadersConditionReader, operationParameterReader, operationParameterRequestConditionReader, operationPathDecorator, operationPositionReader, operationResponseClassReader, operationSummaryReader, operationTagsReader, optimized, org.springframework.aop.config.internalAutoProxyCreator, org.springframework.boot.autoconfigure.AutoConfigurationPackages, org.springframework.boot.autoconfigure.admin.SpringApplicationAdminJmxAutoConfiguration, org.springframework.boot.autoconfigure.aop.AopAutoConfiguration, org.springframework.boot.autoconfigure.aop.AopAutoConfiguration$ClassProxyingConfiguration, org.springframework.boot.autoconfigure.availability.ApplicationAvailabilityAutoConfiguration, org.springframework.boot.autoconfigure.context.ConfigurationPropertiesAutoConfiguration, org.springframework.boot.autoconfigure.context.LifecycleAutoConfiguration, org.springframework.boot.autoconfigure.context.PropertyPlaceholderAutoConfiguration, org.springframework.boot.autoconfigure.dao.PersistenceExceptionTranslationAutoConfiguration, org.springframework.boot.autoconfigure.http.HttpMessageConvertersAutoConfiguration, org.springframework.boot.autoconfigure.http.HttpMessageConvertersAutoConfiguration$StringHttpMessageConverterConfiguration, org.springframework.boot.autoconfigure.http.JacksonHttpMessageConvertersConfiguration, org.springframework.boot.autoconfigure.http.JacksonHttpMessageConvertersConfiguration$MappingJackson2HttpMessageConverterConfiguration, org.springframework.boot.autoconfigure.info.ProjectInfoAutoConfiguration, org.springframework.boot.autoconfigure.internalCachingMetadataReaderFactory, org.springframework.boot.autoconfigure.jackson.JacksonAutoConfiguration, org.springframework.boot.autoconfigure.jackson.JacksonAutoConfiguration$Jackson2ObjectMapperBuilderCustomizerConfiguration, org.springframework.boot.autoconfigure.jackson.JacksonAutoConfiguration$JacksonObjectMapperBuilderConfiguration, org.springframework.boot.autoconfigure.jackson.JacksonAutoConfiguration$JacksonObjectMapperConfiguration, org.springframework.boot.autoconfigure.jackson.JacksonAutoConfiguration$ParameterNamesModuleConfiguration, org.springframework.boot.autoconfigure.jdbc.DataSourceAutoConfiguration, org.springframework.boot.autoconfigure.jdbc.DataSourceAutoConfiguration$PooledDataSourceConfiguration, org.springframework.boot.autoconfigure.jdbc.DataSourceConfiguration$Hikari, org.springframework.boot.autoconfigure.jdbc.DataSourceInitializationConfiguration, org.springframework.boot.autoconfigure.jdbc.DataSourceInitializerInvoker, org.springframework.boot.autoconfigure.jdbc.DataSourceJmxConfiguration, org.springframework.boot.autoconfigure.jdbc.DataSourceJmxConfiguration$Hikari, org.springframework.boot.autoconfigure.jdbc.DataSourceTransactionManagerAutoConfiguration, org.springframework.boot.autoconfigure.jdbc.DataSourceTransactionManagerAutoConfiguration$DataSourceTransactionManagerConfiguration, org.springframework.boot.autoconfigure.jdbc.JdbcTemplateAutoConfiguration, org.springframework.boot.autoconfigure.jdbc.JdbcTemplateConfiguration, org.springframework.boot.autoconfigure.jdbc.NamedParameterJdbcTemplateConfiguration, org.springframework.boot.autoconfigure.jdbc.metadata.DataSourcePoolMetadataProvidersConfiguration, org.springframework.boot.autoconfigure.jdbc.metadata.DataSourcePoolMetadataProvidersConfiguration$HikariPoolDataSourceMetadataProviderConfiguration, org.springframework.boot.autoconfigure.jmx.JmxAutoConfiguration, org.springframework.boot.autoconfigure.task.TaskExecutionAutoConfiguration, org.springframework.boot.autoconfigure.task.TaskSchedulingAutoConfiguration, org.springframework.boot.autoconfigure.transaction.TransactionAutoConfiguration, org.springframework.boot.autoconfigure.transaction.TransactionAutoConfiguration$EnableTransactionManagementConfiguration, org.springframework.boot.autoconfigure.transaction.TransactionAutoConfiguration$EnableTransactionManagementConfiguration$CglibAutoProxyConfiguration, org.springframework.boot.autoconfigure.transaction.TransactionAutoConfiguration$TransactionTemplateConfiguration, org.springframework.boot.autoconfigure.validation.ValidationAutoConfiguration, org.springframework.boot.autoconfigure.web.client.RestTemplateAutoConfiguration, org.springframework.boot.autoconfigure.web.embedded.EmbeddedWebServerFactoryCustomizerAutoConfiguration, org.springframework.boot.autoconfigure.web.embedded.EmbeddedWebServerFactoryCustomizerAutoConfiguration$TomcatWebServerFactoryCustomizerConfiguration, org.springframework.boot.autoconfigure.web.servlet.DispatcherServletAutoConfiguration, org.springframework.boot.autoconfigure.web.servlet.DispatcherServletAutoConfiguration$DispatcherServletConfiguration, org.springframework.boot.autoconfigure.web.servlet.DispatcherServletAutoConfiguration$DispatcherServletRegistrationConfiguration, org.springframework.boot.autoconfigure.web.servlet.HttpEncodingAutoConfiguration, org.springframework.boot.autoconfigure.web.servlet.MultipartAutoConfiguration, org.springframework.boot.autoconfigure.web.servlet.ServletWebServerFactoryAutoConfiguration, org.springframework.boot.autoconfigure.web.servlet.ServletWebServerFactoryConfiguration$EmbeddedTomcat, org.springframework.boot.autoconfigure.web.servlet.WebMvcAutoConfiguration, org.springframework.boot.autoconfigure.web.servlet.WebMvcAutoConfiguration$EnableWebMvcConfiguration, org.springframework.boot.autoconfigure.web.servlet.WebMvcAutoConfiguration$WebMvcAutoConfigurationAdapter, org.springframework.boot.autoconfigure.web.servlet.error.ErrorMvcAutoConfiguration, org.springframework.boot.autoconfigure.web.servlet.error.ErrorMvcAutoConfiguration$DefaultErrorViewResolverConfiguration, org.springframework.boot.autoconfigure.web.servlet.error.ErrorMvcAutoConfiguration$WhitelabelErrorViewConfiguration, org.springframework.boot.autoconfigure.websocket.servlet.WebSocketServletAutoConfiguration, org.springframework.boot.autoconfigure.websocket.servlet.WebSocketServletAutoConfiguration$TomcatWebSocketConfiguration, org.springframework.boot.context.internalConfigurationPropertiesBinder, org.springframework.boot.context.internalConfigurationPropertiesBinderFactory, org.springframework.boot.context.properties.BoundConfigurationProperties, org.springframework.boot.context.properties.ConfigurationBeanFactoryMetadata, org.springframework.boot.context.properties.ConfigurationPropertiesBindingPostProcessor, org.springframework.cloud.autoconfigure.ConfigurationPropertiesRebinderAutoConfiguration, org.springframework.cloud.autoconfigure.LifecycleMvcEndpointAutoConfiguration, org.springframework.cloud.autoconfigure.RefreshAutoConfiguration, org.springframework.cloud.autoconfigure.RefreshAutoConfiguration$RefreshScopeBeanDefinitionEnhancer, org.springframework.context.annotation.internalAutowiredAnnotationProcessor, org.springframework.context.annotation.internalCommonAnnotationProcessor, org.springframework.context.annotation.internalConfigurationAnnotationProcessor, org.springframework.context.event.internalEventListenerFactory, org.springframework.context.event.internalEventListenerProcessor, org.springframework.transaction.annotation.ProxyTransactionManagementConfiguration, org.springframework.transaction.config.internalTransactionAdvisor, org.springframework.transaction.config.internalTransactionalEventListenerFactory, parameterBuilderPluginRegistry, parameterDataTypeReader, parameterDefaultReader, parameterMapperImpl, parameterMinMax, parameterMultiplesReader, parameterNameReader, parameterNamesModule, parameterNotNull, parameterPattern, parameterRequiredReader, parameterSize, parameterTypeReader, pathDecoratorRegistry, pathMappingDecorator, pathSanitizer, patternPlugin, persistenceExceptionTranslationPostProcessor, platformTransactionManagerCustomizers, preserveErrorControllerTargetClassPostProcessor, propertyDiscriminatorBasedInheritancePlugin, propertySourcesPlaceholderConfigurer, queryStringUriTemplateDecorator, refreshEventListener, refreshScope, requestContextFilter, requestMappingHandlerAdapter, requestMappingHandlerMapping, resourceGroupCache, resourceGroupingStrategyRegistry, resourceHandlerMapping, responseMessagesReader, restTemplateBuilder, routerFunctionMapping, schemaPluginsManager, securityMapperImpl, server-org.springframework.boot.autoconfigure.web.ServerProperties, serviceModelToSwagger2MapperImpl, servletWebServerFactoryCustomizer, simpleControllerHandlerAdapter, sizePlugin, spring.datasource-org.springframework.boot.autoconfigure.jdbc.DataSourceProperties, spring.info-org.springframework.boot.autoconfigure.info.ProjectInfoProperties, spring.jackson-org.springframework.boot.autoconfigure.jackson.JacksonProperties, spring.jdbc-org.springframework.boot.autoconfigure.jdbc.JdbcProperties, spring.lifecycle-org.springframework.boot.autoconfigure.context.LifecycleProperties, spring.mvc-org.springframework.boot.autoconfigure.web.servlet.WebMvcProperties, spring.resources-org.springframework.boot.autoconfigure.web.ResourceProperties, spring.servlet.multipart-org.springframework.boot.autoconfigure.web.servlet.MultipartProperties, spring.task.execution-org.springframework.boot.autoconfigure.task.TaskExecutionProperties, spring.task.scheduling-org.springframework.boot.autoconfigure.task.TaskSchedulingProperties, spring.transaction-org.springframework.boot.autoconfigure.transaction.TransactionProperties, springApplicationAdminRegistrar, springfox.bean.validators.configuration.BeanValidatorPluginsConfiguration, springfox.documentation.schema.configuration.ModelsConfiguration, springfox.documentation.spring.web.SpringfoxWebMvcConfiguration, springfox.documentation.swagger.configuration.SwaggerCommonConfiguration, springfox.documentation.swagger2.configuration.Swagger2DocumentationConfiguration, sqlSessionFactory, sqlSessionTemplate, standardJacksonObjectMapperBuilderCustomizer, stringHttpMessageConverter, swagger2ControllerMapping, swagger2Module, swaggerApiListingReader, swaggerExpandedParameterBuilder, swaggerMediaTypeReader, swaggerOperationModelsProvider, swaggerOperationResponseClassReader, swaggerOperationTagsReader, swaggerParameterDescriptionReader, swaggerProperties, swaggerResponseMessageReader, syntheticModelProviderPluginRegistry, taskExecutorBuilder, taskSchedulerBuilder, teachplanController, teachplanMapper, teachplanMediaMapper, teachplanServiceImpl, tomcatServletWebServerFactory, tomcatServletWebServerFactoryCustomizer, tomcatWebServerFactoryCustomizer, transactionAttributeSource, transactionInterceptor, transactionManager, transactionTemplate, typeNameExtractor, typeNameProviderPluginRegistry, typeResolver, uiConfiguration, vendorExtensionsMapperImpl, vendorExtensionsReader, viewControllerHandlerMapping, viewResolver, webMvcRequestHandlerProvider, webServerFactoryCustomizerBeanPostProcessor, websocketServletWebServerCustomizer, welcomePageHandlerMapping, xmlModelPlugin, xmlPropertyPlugin]
2025-04-20 14:44:58,093 DEBUG [main][GenericScope.java:291] - Generating bean factory id from names: [accessorsProvider, apiDescriptionLookup, apiDescriptionReader, apiDocumentationScanner, apiListingBuilderPluginRegistry, apiListingReader, apiListingReferenceScanner, apiListingScanner, apiListingScannerPluginRegistry, apiModelBuilder, apiModelPropertyPropertyBuilder, apiModelReader, apiModelTypeNameProvider, apiOperationReader, apiResourceController, applicationAvailability, applicationTaskExecutor, basicErrorController, beanNameHandlerMapping, beanNameViewResolver, bootstrapApplicationListener.BootstrapMarkerConfiguration, cachingModelDependencyProvider, cachingModelPropertiesProvider, cachingModelProvider, cachingOperationNameGenerator, cachingOperationReader, characterEncodingFilter, classOrApiAnnotationResourceGrouping, com.baomidou.mybatisplus.autoconfigure.MybatisPlusAutoConfiguration, com.baomidou.mybatisplus.autoconfigure.MybatisPlusLanguageDriverAutoConfiguration, com.spring4all.swagger.Swagger2Configuration, com.spring4all.swagger.SwaggerAutoConfiguration, com.xuecheng.content.config.MybatisPlusConfig#MapperScannerRegistrar#0, configurationPropertiesBeans, configurationPropertiesRebinder, contentApplication, contextRefresher, conventionErrorViewResolver, courseBaseInfoController, courseBaseInfoServiceImpl, courseBaseMapper, courseCategoryMapper, courseCategoryServiceImpl, courseCategotyController, courseMarketMapper, coursePublishMapper, coursePublishPreMapper, courseTeacherMapper, createRestApi, dataSource, dataSourceInitializerPostProcessor, decimalMinMaxPlugin, defaultModelDependencyProvider, defaultModelProvider, defaultOperationReader, defaultServletHandlerMapping, defaultTagsProvider, defaultValidator, defaultViewResolver, defaults, defaultsProviderPluginRegistry, descriptionResolver, dispatcherServlet, dispatcherServletRegistration, documentationPluginRegistry, documentationPluginsBootstrapper, documentationPluginsManager, environmentManager, error, errorAttributes, errorPageCustomizer, errorPageRegistrarBeanPostProcessor, expandedParameterBuilder, expandedParameterBuilderPluginRegistry, expanderMinMax, expanderNotNull, expanderPattern, expanderSize, factoryMethodProvider, fieldProvider, formContentFilter, globalExceptionHandler, handlerExceptionResolver, handlerFunctionAdapter, hikariPoolDataSourceMetadataProvider, httpRequestHandlerAdapter, inMemorySwaggerResourcesProvider, jackson2ObjectMapperBuilderCustomizer, jacksonEnumTypeDeterminer, jacksonObjectMapper, jacksonObjectMapperBuilder, jdbcTemplate, jsonComponentModule, jsonSerializer, licenseMapperImpl, lifecycleProcessor, localDateTimeConfig, localDateTimeDeserializer, localDateTimeSerializer, localeCharsetMappingsCustomizer, loggingRebinder, mappingJackson2HttpMessageConverter, mbeanExporter, mbeanServer, mediaTypeReader, messageConverters, methodResolver, methodValidationPostProcessor, minMaxPlugin, modelAttributeParameterExpander, modelBuilderPluginRegistry, modelMapperImpl, modelPropertyBuilderPluginRegistry, multipartConfigElement, multipartResolver, mvcContentNegotiationManager, mvcConversionService, mvcHandlerMappingIntrospector, mvcPathMatcher, mvcResourceUrlProvider, mvcUriComponentsContributor, mvcUrlPathHelper, mvcValidator, mvcViewResolver, mybatis-plus-com.baomidou.mybatisplus.autoconfigure.MybatisPlusProperties, mybatisPlusConfig, mybatisPlusInterceptor, namedParameterJdbcTemplate, notNullPlugin, objectMapperBeanPropertyNamingStrategy, objectMapperConfigurer, objectNamingStrategy, operationAuthReader, operationBuilderPluginRegistry, operationDeprecatedReader, operationHiddenReader, operationHttpMethodReader, operationImplicitParameterReader, operationImplicitParametersReader, operationModelsProvider, operationModelsProviderPluginRegistry, operationNicknameIntoUniqueIdReader, operationNotesReader, operationParameterHeadersConditionReader, operationParameterReader, operationParameterRequestConditionReader, operationPathDecorator, operationPositionReader, operationResponseClassReader, operationSummaryReader, operationTagsReader, optimized, org.springframework.aop.config.internalAutoProxyCreator, org.springframework.boot.autoconfigure.AutoConfigurationPackages, org.springframework.boot.autoconfigure.admin.SpringApplicationAdminJmxAutoConfiguration, org.springframework.boot.autoconfigure.aop.AopAutoConfiguration, org.springframework.boot.autoconfigure.aop.AopAutoConfiguration$ClassProxyingConfiguration, org.springframework.boot.autoconfigure.availability.ApplicationAvailabilityAutoConfiguration, org.springframework.boot.autoconfigure.context.ConfigurationPropertiesAutoConfiguration, org.springframework.boot.autoconfigure.context.LifecycleAutoConfiguration, org.springframework.boot.autoconfigure.context.PropertyPlaceholderAutoConfiguration, org.springframework.boot.autoconfigure.dao.PersistenceExceptionTranslationAutoConfiguration, org.springframework.boot.autoconfigure.http.HttpMessageConvertersAutoConfiguration, org.springframework.boot.autoconfigure.http.HttpMessageConvertersAutoConfiguration$StringHttpMessageConverterConfiguration, org.springframework.boot.autoconfigure.http.JacksonHttpMessageConvertersConfiguration, org.springframework.boot.autoconfigure.http.JacksonHttpMessageConvertersConfiguration$MappingJackson2HttpMessageConverterConfiguration, org.springframework.boot.autoconfigure.info.ProjectInfoAutoConfiguration, org.springframework.boot.autoconfigure.internalCachingMetadataReaderFactory, org.springframework.boot.autoconfigure.jackson.JacksonAutoConfiguration, org.springframework.boot.autoconfigure.jackson.JacksonAutoConfiguration$Jackson2ObjectMapperBuilderCustomizerConfiguration, org.springframework.boot.autoconfigure.jackson.JacksonAutoConfiguration$JacksonObjectMapperBuilderConfiguration, org.springframework.boot.autoconfigure.jackson.JacksonAutoConfiguration$JacksonObjectMapperConfiguration, org.springframework.boot.autoconfigure.jackson.JacksonAutoConfiguration$ParameterNamesModuleConfiguration, org.springframework.boot.autoconfigure.jdbc.DataSourceAutoConfiguration, org.springframework.boot.autoconfigure.jdbc.DataSourceAutoConfiguration$PooledDataSourceConfiguration, org.springframework.boot.autoconfigure.jdbc.DataSourceConfiguration$Hikari, org.springframework.boot.autoconfigure.jdbc.DataSourceInitializationConfiguration, org.springframework.boot.autoconfigure.jdbc.DataSourceInitializerInvoker, org.springframework.boot.autoconfigure.jdbc.DataSourceJmxConfiguration, org.springframework.boot.autoconfigure.jdbc.DataSourceJmxConfiguration$Hikari, org.springframework.boot.autoconfigure.jdbc.DataSourceTransactionManagerAutoConfiguration, org.springframework.boot.autoconfigure.jdbc.DataSourceTransactionManagerAutoConfiguration$DataSourceTransactionManagerConfiguration, org.springframework.boot.autoconfigure.jdbc.JdbcTemplateAutoConfiguration, org.springframework.boot.autoconfigure.jdbc.JdbcTemplateConfiguration, org.springframework.boot.autoconfigure.jdbc.NamedParameterJdbcTemplateConfiguration, org.springframework.boot.autoconfigure.jdbc.metadata.DataSourcePoolMetadataProvidersConfiguration, org.springframework.boot.autoconfigure.jdbc.metadata.DataSourcePoolMetadataProvidersConfiguration$HikariPoolDataSourceMetadataProviderConfiguration, org.springframework.boot.autoconfigure.jmx.JmxAutoConfiguration, org.springframework.boot.autoconfigure.task.TaskExecutionAutoConfiguration, org.springframework.boot.autoconfigure.task.TaskSchedulingAutoConfiguration, org.springframework.boot.autoconfigure.transaction.TransactionAutoConfiguration, org.springframework.boot.autoconfigure.transaction.TransactionAutoConfiguration$EnableTransactionManagementConfiguration, org.springframework.boot.autoconfigure.transaction.TransactionAutoConfiguration$EnableTransactionManagementConfiguration$CglibAutoProxyConfiguration, org.springframework.boot.autoconfigure.transaction.TransactionAutoConfiguration$TransactionTemplateConfiguration, org.springframework.boot.autoconfigure.validation.ValidationAutoConfiguration, org.springframework.boot.autoconfigure.web.client.RestTemplateAutoConfiguration, org.springframework.boot.autoconfigure.web.embedded.EmbeddedWebServerFactoryCustomizerAutoConfiguration, org.springframework.boot.autoconfigure.web.embedded.EmbeddedWebServerFactoryCustomizerAutoConfiguration$TomcatWebServerFactoryCustomizerConfiguration, org.springframework.boot.autoconfigure.web.servlet.DispatcherServletAutoConfiguration, org.springframework.boot.autoconfigure.web.servlet.DispatcherServletAutoConfiguration$DispatcherServletConfiguration, org.springframework.boot.autoconfigure.web.servlet.DispatcherServletAutoConfiguration$DispatcherServletRegistrationConfiguration, org.springframework.boot.autoconfigure.web.servlet.HttpEncodingAutoConfiguration, org.springframework.boot.autoconfigure.web.servlet.MultipartAutoConfiguration, org.springframework.boot.autoconfigure.web.servlet.ServletWebServerFactoryAutoConfiguration, org.springframework.boot.autoconfigure.web.servlet.ServletWebServerFactoryConfiguration$EmbeddedTomcat, org.springframework.boot.autoconfigure.web.servlet.WebMvcAutoConfiguration, org.springframework.boot.autoconfigure.web.servlet.WebMvcAutoConfiguration$EnableWebMvcConfiguration, org.springframework.boot.autoconfigure.web.servlet.WebMvcAutoConfiguration$WebMvcAutoConfigurationAdapter, org.springframework.boot.autoconfigure.web.servlet.error.ErrorMvcAutoConfiguration, org.springframework.boot.autoconfigure.web.servlet.error.ErrorMvcAutoConfiguration$DefaultErrorViewResolverConfiguration, org.springframework.boot.autoconfigure.web.servlet.error.ErrorMvcAutoConfiguration$WhitelabelErrorViewConfiguration, org.springframework.boot.autoconfigure.websocket.servlet.WebSocketServletAutoConfiguration, org.springframework.boot.autoconfigure.websocket.servlet.WebSocketServletAutoConfiguration$TomcatWebSocketConfiguration, org.springframework.boot.context.internalConfigurationPropertiesBinder, org.springframework.boot.context.internalConfigurationPropertiesBinderFactory, org.springframework.boot.context.properties.BoundConfigurationProperties, org.springframework.boot.context.properties.ConfigurationBeanFactoryMetadata, org.springframework.boot.context.properties.ConfigurationPropertiesBindingPostProcessor, org.springframework.cloud.autoconfigure.ConfigurationPropertiesRebinderAutoConfiguration, org.springframework.cloud.autoconfigure.LifecycleMvcEndpointAutoConfiguration, org.springframework.cloud.autoconfigure.RefreshAutoConfiguration, org.springframework.cloud.autoconfigure.RefreshAutoConfiguration$RefreshScopeBeanDefinitionEnhancer, org.springframework.context.annotation.internalAutowiredAnnotationProcessor, org.springframework.context.annotation.internalCommonAnnotationProcessor, org.springframework.context.annotation.internalConfigurationAnnotationProcessor, org.springframework.context.event.internalEventListenerFactory, org.springframework.context.event.internalEventListenerProcessor, org.springframework.transaction.annotation.ProxyTransactionManagementConfiguration, org.springframework.transaction.config.internalTransactionAdvisor, org.springframework.transaction.config.internalTransactionalEventListenerFactory, parameterBuilderPluginRegistry, parameterDataTypeReader, parameterDefaultReader, parameterMapperImpl, parameterMinMax, parameterMultiplesReader, parameterNameReader, parameterNamesModule, parameterNotNull, parameterPattern, parameterRequiredReader, parameterSize, parameterTypeReader, pathDecoratorRegistry, pathMappingDecorator, pathSanitizer, patternPlugin, persistenceExceptionTranslationPostProcessor, platformTransactionManagerCustomizers, preserveErrorControllerTargetClassPostProcessor, propertyDiscriminatorBasedInheritancePlugin, propertySourcesPlaceholderConfigurer, queryStringUriTemplateDecorator, refreshEventListener, refreshScope, requestContextFilter, requestMappingHandlerAdapter, requestMappingHandlerMapping, resourceGroupCache, resourceGroupingStrategyRegistry, resourceHandlerMapping, responseMessagesReader, restTemplateBuilder, routerFunctionMapping, schemaPluginsManager, securityMapperImpl, server-org.springframework.boot.autoconfigure.web.ServerProperties, serviceModelToSwagger2MapperImpl, servletWebServerFactoryCustomizer, simpleControllerHandlerAdapter, sizePlugin, spring.datasource-org.springframework.boot.autoconfigure.jdbc.DataSourceProperties, spring.info-org.springframework.boot.autoconfigure.info.ProjectInfoProperties, spring.jackson-org.springframework.boot.autoconfigure.jackson.JacksonProperties, spring.jdbc-org.springframework.boot.autoconfigure.jdbc.JdbcProperties, spring.lifecycle-org.springframework.boot.autoconfigure.context.LifecycleProperties, spring.mvc-org.springframework.boot.autoconfigure.web.servlet.WebMvcProperties, spring.resources-org.springframework.boot.autoconfigure.web.ResourceProperties, spring.servlet.multipart-org.springframework.boot.autoconfigure.web.servlet.MultipartProperties, spring.task.execution-org.springframework.boot.autoconfigure.task.TaskExecutionProperties, spring.task.scheduling-org.springframework.boot.autoconfigure.task.TaskSchedulingProperties, spring.transaction-org.springframework.boot.autoconfigure.transaction.TransactionProperties, springApplicationAdminRegistrar, springfox.bean.validators.configuration.BeanValidatorPluginsConfiguration, springfox.documentation.schema.configuration.ModelsConfiguration, springfox.documentation.spring.web.SpringfoxWebMvcConfiguration, springfox.documentation.swagger.configuration.SwaggerCommonConfiguration, springfox.documentation.swagger2.configuration.Swagger2DocumentationConfiguration, sqlSessionFactory, sqlSessionTemplate, standardJacksonObjectMapperBuilderCustomizer, stringHttpMessageConverter, swagger2ControllerMapping, swagger2Module, swaggerApiListingReader, swaggerExpandedParameterBuilder, swaggerMediaTypeReader, swaggerOperationModelsProvider, swaggerOperationResponseClassReader, swaggerOperationTagsReader, swaggerParameterDescriptionReader, swaggerProperties, swaggerResponseMessageReader, syntheticModelProviderPluginRegistry, taskExecutorBuilder, taskSchedulerBuilder, teachplanController, teachplanMapper, teachplanMediaMapper, teachplanServiceImpl, tomcatServletWebServerFactory, tomcatServletWebServerFactoryCustomizer, tomcatWebServerFactoryCustomizer, transactionAttributeSource, transactionInterceptor, transactionManager, transactionTemplate, typeNameExtractor, typeNameProviderPluginRegistry, typeResolver, uiConfiguration, vendorExtensionsMapperImpl, vendorExtensionsReader, viewControllerHandlerMapping, viewResolver, webMvcRequestHandlerProvider, webServerFactoryCustomizerBeanPostProcessor, websocketServletWebServerCustomizer, welcomePageHandlerMapping, xmlModelPlugin, xmlPropertyPlugin]
2025-04-20 14:44:58,094 INFO [main][GenericScope.java:295] - BeanFactory id=fb77af44-a859-3903-ac64-4f8eed6631c5
2025-04-20 14:44:58,094 INFO [main][GenericScope.java:295] - BeanFactory id=fb77af44-a859-3903-ac64-4f8eed6631c5
2025-04-20 14:44:58,097 DEBUG [main][DefaultSingletonBeanRegistry.java:225] - Creating shared instance of singleton bean 'org.springframework.context.event.internalEventListenerProcessor'
2025-04-20 14:44:58,097 DEBUG [main][DefaultSingletonBeanRegistry.java:225] - Creating shared instance of singleton bean 'org.springframework.context.event.internalEventListenerProcessor'
2025-04-20 14:44:58,097 DEBUG [main][DefaultSingletonBeanRegistry.java:225] - Creating shared instance of singleton bean 'preserveErrorControllerTargetClassPostProcessor'
2025-04-20 14:44:58,097 DEBUG [main][DefaultSingletonBeanRegistry.java:225] - Creating shared instance of singleton bean 'preserveErrorControllerTargetClassPostProcessor'
2025-04-20 14:44:58,098 DEBUG [main][DefaultSingletonBeanRegistry.java:225] - Creating shared instance of singleton bean 'org.springframework.context.event.internalEventListenerFactory'
2025-04-20 14:44:58,098 DEBUG [main][DefaultSingletonBeanRegistry.java:225] - Creating shared instance of singleton bean 'org.springframework.context.event.internalEventListenerFactory'
2025-04-20 14:44:58,099 DEBUG [main][DefaultSingletonBeanRegistry.java:225] - Creating shared instance of singleton bean 'org.springframework.transaction.config.internalTransactionalEventListenerFactory'
2025-04-20 14:44:58,099 DEBUG [main][DefaultSingletonBeanRegistry.java:225] - Creating shared instance of singleton bean 'org.springframework.transaction.config.internalTransactionalEventListenerFactory'
2025-04-20 14:44:58,100 DEBUG [main][DefaultSingletonBeanRegistry.java:225] - Creating shared instance of singleton bean 'org.springframework.context.annotation.internalAutowiredAnnotationProcessor'
2025-04-20 14:44:58,100 DEBUG [main][DefaultSingletonBeanRegistry.java:225] - Creating shared instance of singleton bean 'org.springframework.context.annotation.internalAutowiredAnnotationProcessor'
2025-04-20 14:44:58,101 DEBUG [main][DefaultSingletonBeanRegistry.java:225] - Creating shared instance of singleton bean 'org.springframework.context.annotation.internalCommonAnnotationProcessor'
2025-04-20 14:44:58,101 DEBUG [main][DefaultSingletonBeanRegistry.java:225] - Creating shared instance of singleton bean 'org.springframework.context.annotation.internalCommonAnnotationProcessor'
2025-04-20 14:44:58,101 DEBUG [main][DefaultSingletonBeanRegistry.java:225] - Creating shared instance of singleton bean 'org.springframework.boot.context.properties.ConfigurationPropertiesBindingPostProcessor'
2025-04-20 14:44:58,101 DEBUG [main][DefaultSingletonBeanRegistry.java:225] - Creating shared instance of singleton bean 'org.springframework.boot.context.properties.ConfigurationPropertiesBindingPostProcessor'
2025-04-20 14:44:58,102 DEBUG [main][DefaultSingletonBeanRegistry.java:225] - Creating shared instance of singleton bean 'org.springframework.boot.context.internalConfigurationPropertiesBinder'
2025-04-20 14:44:58,102 DEBUG [main][DefaultSingletonBeanRegistry.java:225] - Creating shared instance of singleton bean 'org.springframework.boot.context.internalConfigurationPropertiesBinder'
2025-04-20 14:44:58,102 DEBUG [main][DefaultSingletonBeanRegistry.java:225] - Creating shared instance of singleton bean 'org.springframework.boot.context.internalConfigurationPropertiesBinderFactory'
2025-04-20 14:44:58,102 DEBUG [main][DefaultSingletonBeanRegistry.java:225] - Creating shared instance of singleton bean 'org.springframework.boot.context.internalConfigurationPropertiesBinderFactory'
2025-04-20 14:44:58,102 DEBUG [main][DefaultSingletonBeanRegistry.java:225] - Creating shared instance of singleton bean 'methodValidationPostProcessor'
2025-04-20 14:44:58,102 DEBUG [main][DefaultSingletonBeanRegistry.java:225] - Creating shared instance of singleton bean 'methodValidationPostProcessor'
2025-04-20 14:44:58,124 DEBUG [main][ConstructorResolver.java:807] - Autowiring by type from bean name 'methodValidationPostProcessor' via factory method to bean named 'environment'
2025-04-20 14:44:58,124 DEBUG [main][ConstructorResolver.java:807] - Autowiring by type from bean name 'methodValidationPostProcessor' via factory method to bean named 'environment'
2025-04-20 14:44:58,130 DEBUG [main][DefaultSingletonBeanRegistry.java:225] - Creating shared instance of singleton bean 'dataSourceInitializerPostProcessor'
2025-04-20 14:44:58,130 DEBUG [main][DefaultSingletonBeanRegistry.java:225] - Creating shared instance of singleton bean 'dataSourceInitializerPostProcessor'
2025-04-20 14:44:58,131 DEBUG [main][DefaultSingletonBeanRegistry.java:225] - Creating shared instance of singleton bean 'persistenceExceptionTranslationPostProcessor'
2025-04-20 14:44:58,131 DEBUG [main][DefaultSingletonBeanRegistry.java:225] - Creating shared instance of singleton bean 'persistenceExceptionTranslationPostProcessor'
2025-04-20 14:44:58,132 DEBUG [main][ConstructorResolver.java:807] - Autowiring by type from bean name 'persistenceExceptionTranslationPostProcessor' via factory method to bean named 'environment'
2025-04-20 14:44:58,132 DEBUG [main][ConstructorResolver.java:807] - Autowiring by type from bean name 'persistenceExceptionTranslationPostProcessor' via factory method to bean named 'environment'
2025-04-20 14:44:58,134 DEBUG [main][DefaultSingletonBeanRegistry.java:225] - Creating shared instance of singleton bean 'org.springframework.aop.config.internalAutoProxyCreator'
2025-04-20 14:44:58,134 DEBUG [main][DefaultSingletonBeanRegistry.java:225] - Creating shared instance of singleton bean 'org.springframework.aop.config.internalAutoProxyCreator'
2025-04-20 14:44:58,148 DEBUG [main][DefaultSingletonBeanRegistry.java:225] - Creating shared instance of singleton bean 'objectMapperConfigurer'
2025-04-20 14:44:58,148 DEBUG [main][DefaultSingletonBeanRegistry.java:225] - Creating shared instance of singleton bean 'objectMapperConfigurer'
2025-04-20 14:44:58,149 DEBUG [main][DefaultSingletonBeanRegistry.java:225] - Creating shared instance of singleton bean 'org.springframework.transaction.config.internalTransactionAdvisor'
2025-04-20 14:44:58,149 DEBUG [main][DefaultSingletonBeanRegistry.java:225] - Creating shared instance of singleton bean 'org.springframework.transaction.config.internalTransactionAdvisor'
2025-04-20 14:44:58,150 DEBUG [main][DefaultSingletonBeanRegistry.java:225] - Creating shared instance of singleton bean 'org.springframework.transaction.annotation.ProxyTransactionManagementConfiguration'
2025-04-20 14:44:58,150 DEBUG [main][DefaultSingletonBeanRegistry.java:225] - Creating shared instance of singleton bean 'org.springframework.transaction.annotation.ProxyTransactionManagementConfiguration'
2025-04-20 14:44:58,157 DEBUG [main][DefaultSingletonBeanRegistry.java:225] - Creating shared instance of singleton bean 'transactionAttributeSource'
2025-04-20 14:44:58,157 DEBUG [main][DefaultSingletonBeanRegistry.java:225] - Creating shared instance of singleton bean 'transactionAttributeSource'
2025-04-20 14:44:58,163 DEBUG [main][DefaultSingletonBeanRegistry.java:225] - Creating shared instance of singleton bean 'transactionInterceptor'
2025-04-20 14:44:58,163 DEBUG [main][DefaultSingletonBeanRegistry.java:225] - Creating shared instance of singleton bean 'transactionInterceptor'
2025-04-20 14:44:58,164 DEBUG [main][ConstructorResolver.java:807] - Autowiring by type from bean name 'transactionInterceptor' via factory method to bean named 'transactionAttributeSource'
2025-04-20 14:44:58,164 DEBUG [main][ConstructorResolver.java:807] - Autowiring by type from bean name 'transactionInterceptor' via factory method to bean named 'transactionAttributeSource'
2025-04-20 14:44:58,172 DEBUG [main][ConstructorResolver.java:807] - Autowiring by type from bean name 'org.springframework.transaction.config.internalTransactionAdvisor' via factory method to bean named 'transactionAttributeSource'
2025-04-20 14:44:58,172 DEBUG [main][ConstructorResolver.java:807] - Autowiring by type from bean name 'org.springframework.transaction.config.internalTransactionAdvisor' via factory method to bean named 'transactionAttributeSource'
2025-04-20 14:44:58,172 DEBUG [main][ConstructorResolver.java:807] - Autowiring by type from bean name 'org.springframework.transaction.config.internalTransactionAdvisor' via factory method to bean named 'transactionInterceptor'
2025-04-20 14:44:58,172 DEBUG [main][ConstructorResolver.java:807] - Autowiring by type from bean name 'org.springframework.transaction.config.internalTransactionAdvisor' via factory method to bean named 'transactionInterceptor'
2025-04-20 14:44:58,178 DEBUG [main][DefaultSingletonBeanRegistry.java:225] - Creating shared instance of singleton bean 'webServerFactoryCustomizerBeanPostProcessor'
2025-04-20 14:44:58,178 DEBUG [main][DefaultSingletonBeanRegistry.java:225] - Creating shared instance of singleton bean 'webServerFactoryCustomizerBeanPostProcessor'
2025-04-20 14:44:58,179 DEBUG [main][DefaultSingletonBeanRegistry.java:225] - Creating shared instance of singleton bean 'errorPageRegistrarBeanPostProcessor'
2025-04-20 14:44:58,179 DEBUG [main][DefaultSingletonBeanRegistry.java:225] - Creating shared instance of singleton bean 'errorPageRegistrarBeanPostProcessor'
2025-04-20 14:44:58,180 DEBUG [main][DefaultSingletonBeanRegistry.java:225] - Creating shared instance of singleton bean 'configurationPropertiesBeans'
2025-04-20 14:44:58,180 DEBUG [main][DefaultSingletonBeanRegistry.java:225] - Creating shared instance of singleton bean 'configurationPropertiesBeans'
2025-04-20 14:44:58,183 DEBUG [main][UiApplicationContextUtils.java:85] - Unable to locate ThemeSource with name 'themeSource': using default [org.springframework.ui.context.support.ResourceBundleThemeSource@33a3c44a]
2025-04-20 14:44:58,183 DEBUG [main][UiApplicationContextUtils.java:85] - Unable to locate ThemeSource with name 'themeSource': using default [org.springframework.ui.context.support.ResourceBundleThemeSource@33a3c44a]
2025-04-20 14:44:58,184 DEBUG [main][DefaultSingletonBeanRegistry.java:225] - Creating shared instance of singleton bean 'tomcatServletWebServerFactory'
2025-04-20 14:44:58,184 DEBUG [main][DefaultSingletonBeanRegistry.java:225] - Creating shared instance of singleton bean 'tomcatServletWebServerFactory'
2025-04-20 14:44:58,184 DEBUG [main][DefaultSingletonBeanRegistry.java:225] - Creating shared instance of singleton bean 'org.springframework.boot.autoconfigure.web.servlet.ServletWebServerFactoryConfiguration$EmbeddedTomcat'
2025-04-20 14:44:58,184 DEBUG [main][DefaultSingletonBeanRegistry.java:225] - Creating shared instance of singleton bean 'org.springframework.boot.autoconfigure.web.servlet.ServletWebServerFactoryConfiguration$EmbeddedTomcat'
2025-04-20 14:44:58,244 DEBUG [main][DefaultSingletonBeanRegistry.java:225] - Creating shared instance of singleton bean 'websocketServletWebServerCustomizer'
2025-04-20 14:44:58,244 DEBUG [main][DefaultSingletonBeanRegistry.java:225] - Creating shared instance of singleton bean 'websocketServletWebServerCustomizer'
2025-04-20 14:44:58,245 DEBUG [main][DefaultSingletonBeanRegistry.java:225] - Creating shared instance of singleton bean 'org.springframework.boot.autoconfigure.websocket.servlet.WebSocketServletAutoConfiguration$TomcatWebSocketConfiguration'
2025-04-20 14:44:58,245 DEBUG [main][DefaultSingletonBeanRegistry.java:225] - Creating shared instance of singleton bean 'org.springframework.boot.autoconfigure.websocket.servlet.WebSocketServletAutoConfiguration$TomcatWebSocketConfiguration'
2025-04-20 14:44:58,247 DEBUG [main][DefaultSingletonBeanRegistry.java:225] - Creating shared instance of singleton bean 'servletWebServerFactoryCustomizer'
2025-04-20 14:44:58,247 DEBUG [main][DefaultSingletonBeanRegistry.java:225] - Creating shared instance of singleton bean 'servletWebServerFactoryCustomizer'
2025-04-20 14:44:58,248 DEBUG [main][DefaultSingletonBeanRegistry.java:225] - Creating shared instance of singleton bean 'org.springframework.boot.autoconfigure.web.servlet.ServletWebServerFactoryAutoConfiguration'
2025-04-20 14:44:58,248 DEBUG [main][DefaultSingletonBeanRegistry.java:225] - Creating shared instance of singleton bean 'org.springframework.boot.autoconfigure.web.servlet.ServletWebServerFactoryAutoConfiguration'
2025-04-20 14:44:58,251 DEBUG [main][DefaultSingletonBeanRegistry.java:225] - Creating shared instance of singleton bean 'server-org.springframework.boot.autoconfigure.web.ServerProperties'
2025-04-20 14:44:58,251 DEBUG [main][DefaultSingletonBeanRegistry.java:225] - Creating shared instance of singleton bean 'server-org.springframework.boot.autoconfigure.web.ServerProperties'
2025-04-20 14:44:58,275 DEBUG [main][DefaultSingletonBeanRegistry.java:225] - Creating shared instance of singleton bean 'org.springframework.boot.context.properties.BoundConfigurationProperties'
2025-04-20 14:44:58,275 DEBUG [main][DefaultSingletonBeanRegistry.java:225] - Creating shared instance of singleton bean 'org.springframework.boot.context.properties.BoundConfigurationProperties'
2025-04-20 14:44:58,283 DEBUG [main][ConstructorResolver.java:807] - Autowiring by type from bean name 'servletWebServerFactoryCustomizer' via factory method to bean named 'server-org.springframework.boot.autoconfigure.web.ServerProperties'
2025-04-20 14:44:58,283 DEBUG [main][ConstructorResolver.java:807] - Autowiring by type from bean name 'servletWebServerFactoryCustomizer' via factory method to bean named 'server-org.springframework.boot.autoconfigure.web.ServerProperties'
2025-04-20 14:44:58,284 DEBUG [main][DefaultSingletonBeanRegistry.java:225] - Creating shared instance of singleton bean 'tomcatServletWebServerFactoryCustomizer'
2025-04-20 14:44:58,284 DEBUG [main][DefaultSingletonBeanRegistry.java:225] - Creating shared instance of singleton bean 'tomcatServletWebServerFactoryCustomizer'
2025-04-20 14:44:58,285 DEBUG [main][ConstructorResolver.java:807] - Autowiring by type from bean name 'tomcatServletWebServerFactoryCustomizer' via factory method to bean named 'server-org.springframework.boot.autoconfigure.web.ServerProperties'
2025-04-20 14:44:58,285 DEBUG [main][ConstructorResolver.java:807] - Autowiring by type from bean name 'tomcatServletWebServerFactoryCustomizer' via factory method to bean named 'server-org.springframework.boot.autoconfigure.web.ServerProperties'
2025-04-20 14:44:58,286 DEBUG [main][DefaultSingletonBeanRegistry.java:225] - Creating shared instance of singleton bean 'tomcatWebServerFactoryCustomizer'
2025-04-20 14:44:58,286 DEBUG [main][DefaultSingletonBeanRegistry.java:225] - Creating shared instance of singleton bean 'tomcatWebServerFactoryCustomizer'
2025-04-20 14:44:58,286 DEBUG [main][DefaultSingletonBeanRegistry.java:225] - Creating shared instance of singleton bean 'org.springframework.boot.autoconfigure.web.embedded.EmbeddedWebServerFactoryCustomizerAutoConfiguration$TomcatWebServerFactoryCustomizerConfiguration'
2025-04-20 14:44:58,286 DEBUG [main][DefaultSingletonBeanRegistry.java:225] - Creating shared instance of singleton bean 'org.springframework.boot.autoconfigure.web.embedded.EmbeddedWebServerFactoryCustomizerAutoConfiguration$TomcatWebServerFactoryCustomizerConfiguration'
2025-04-20 14:44:58,288 DEBUG [main][ConstructorResolver.java:807] - Autowiring by type from bean name 'tomcatWebServerFactoryCustomizer' via factory method to bean named 'environment'
2025-04-20 14:44:58,288 DEBUG [main][ConstructorResolver.java:807] - Autowiring by type from bean name 'tomcatWebServerFactoryCustomizer' via factory method to bean named 'environment'
2025-04-20 14:44:58,288 DEBUG [main][ConstructorResolver.java:807] - Autowiring by type from bean name 'tomcatWebServerFactoryCustomizer' via factory method to bean named 'server-org.springframework.boot.autoconfigure.web.ServerProperties'
2025-04-20 14:44:58,288 DEBUG [main][ConstructorResolver.java:807] - Autowiring by type from bean name 'tomcatWebServerFactoryCustomizer' via factory method to bean named 'server-org.springframework.boot.autoconfigure.web.ServerProperties'
2025-04-20 14:44:58,291 DEBUG [main][DefaultSingletonBeanRegistry.java:225] - Creating shared instance of singleton bean 'localeCharsetMappingsCustomizer'
2025-04-20 14:44:58,291 DEBUG [main][DefaultSingletonBeanRegistry.java:225] - Creating shared instance of singleton bean 'localeCharsetMappingsCustomizer'
2025-04-20 14:44:58,292 DEBUG [main][DefaultSingletonBeanRegistry.java:225] - Creating shared instance of singleton bean 'org.springframework.boot.autoconfigure.web.servlet.HttpEncodingAutoConfiguration'
2025-04-20 14:44:58,292 DEBUG [main][DefaultSingletonBeanRegistry.java:225] - Creating shared instance of singleton bean 'org.springframework.boot.autoconfigure.web.servlet.HttpEncodingAutoConfiguration'
2025-04-20 14:44:58,293 DEBUG [main][ConstructorResolver.java:807] - Autowiring by type from bean name 'org.springframework.boot.autoconfigure.web.servlet.HttpEncodingAutoConfiguration' via constructor to bean named 'server-org.springframework.boot.autoconfigure.web.ServerProperties'
2025-04-20 14:44:58,293 DEBUG [main][ConstructorResolver.java:807] - Autowiring by type from bean name 'org.springframework.boot.autoconfigure.web.servlet.HttpEncodingAutoConfiguration' via constructor to bean named 'server-org.springframework.boot.autoconfigure.web.ServerProperties'
2025-04-20 14:44:58,332 DEBUG [main][DefaultSingletonBeanRegistry.java:225] - Creating shared instance of singleton bean 'errorPageCustomizer'
2025-04-20 14:44:58,332 DEBUG [main][DefaultSingletonBeanRegistry.java:225] - Creating shared instance of singleton bean 'errorPageCustomizer'
2025-04-20 14:44:58,332 DEBUG [main][DefaultSingletonBeanRegistry.java:225] - Creating shared instance of singleton bean 'org.springframework.boot.autoconfigure.web.servlet.error.ErrorMvcAutoConfiguration'
2025-04-20 14:44:58,332 DEBUG [main][DefaultSingletonBeanRegistry.java:225] - Creating shared instance of singleton bean 'org.springframework.boot.autoconfigure.web.servlet.error.ErrorMvcAutoConfiguration'
2025-04-20 14:44:58,333 DEBUG [main][ConstructorResolver.java:807] - Autowiring by type from bean name 'org.springframework.boot.autoconfigure.web.servlet.error.ErrorMvcAutoConfiguration' via constructor to bean named 'server-org.springframework.boot.autoconfigure.web.ServerProperties'
2025-04-20 14:44:58,333 DEBUG [main][ConstructorResolver.java:807] - Autowiring by type from bean name 'org.springframework.boot.autoconfigure.web.servlet.error.ErrorMvcAutoConfiguration' via constructor to bean named 'server-org.springframework.boot.autoconfigure.web.ServerProperties'
2025-04-20 14:44:58,335 DEBUG [main][DefaultSingletonBeanRegistry.java:225] - Creating shared instance of singleton bean 'dispatcherServletRegistration'
2025-04-20 14:44:58,335 DEBUG [main][DefaultSingletonBeanRegistry.java:225] - Creating shared instance of singleton bean 'dispatcherServletRegistration'
2025-04-20 14:44:58,335 DEBUG [main][DefaultSingletonBeanRegistry.java:225] - Creating shared instance of singleton bean 'org.springframework.boot.autoconfigure.web.servlet.DispatcherServletAutoConfiguration$DispatcherServletRegistrationConfiguration'
2025-04-20 14:44:58,335 DEBUG [main][DefaultSingletonBeanRegistry.java:225] - Creating shared instance of singleton bean 'org.springframework.boot.autoconfigure.web.servlet.DispatcherServletAutoConfiguration$DispatcherServletRegistrationConfiguration'
2025-04-20 14:44:58,336 DEBUG [main][DefaultSingletonBeanRegistry.java:225] - Creating shared instance of singleton bean 'dispatcherServlet'
2025-04-20 14:44:58,336 DEBUG [main][DefaultSingletonBeanRegistry.java:225] - Creating shared instance of singleton bean 'dispatcherServlet'
2025-04-20 14:44:58,336 DEBUG [main][DefaultSingletonBeanRegistry.java:225] - Creating shared instance of singleton bean 'org.springframework.boot.autoconfigure.web.servlet.DispatcherServletAutoConfiguration$DispatcherServletConfiguration'
2025-04-20 14:44:58,336 DEBUG [main][DefaultSingletonBeanRegistry.java:225] - Creating shared instance of singleton bean 'org.springframework.boot.autoconfigure.web.servlet.DispatcherServletAutoConfiguration$DispatcherServletConfiguration'
2025-04-20 14:44:58,337 DEBUG [main][DefaultSingletonBeanRegistry.java:225] - Creating shared instance of singleton bean 'spring.mvc-org.springframework.boot.autoconfigure.web.servlet.WebMvcProperties'
2025-04-20 14:44:58,337 DEBUG [main][DefaultSingletonBeanRegistry.java:225] - Creating shared instance of singleton bean 'spring.mvc-org.springframework.boot.autoconfigure.web.servlet.WebMvcProperties'
2025-04-20 14:44:58,341 DEBUG [main][ConstructorResolver.java:807] - Autowiring by type from bean name 'dispatcherServlet' via factory method to bean named 'spring.mvc-org.springframework.boot.autoconfigure.web.servlet.WebMvcProperties'
2025-04-20 14:44:58,341 DEBUG [main][ConstructorResolver.java:807] - Autowiring by type from bean name 'dispatcherServlet' via factory method to bean named 'spring.mvc-org.springframework.boot.autoconfigure.web.servlet.WebMvcProperties'
2025-04-20 14:44:58,357 DEBUG [main][ConstructorResolver.java:807] - Autowiring by type from bean name 'dispatcherServletRegistration' via factory method to bean named 'dispatcherServlet'
2025-04-20 14:44:58,357 DEBUG [main][ConstructorResolver.java:807] - Autowiring by type from bean name 'dispatcherServletRegistration' via factory method to bean named 'dispatcherServlet'
2025-04-20 14:44:58,357 DEBUG [main][ConstructorResolver.java:807] - Autowiring by type from bean name 'dispatcherServletRegistration' via factory method to bean named 'spring.mvc-org.springframework.boot.autoconfigure.web.servlet.WebMvcProperties'
2025-04-20 14:44:58,357 DEBUG [main][ConstructorResolver.java:807] - Autowiring by type from bean name 'dispatcherServletRegistration' via factory method to bean named 'spring.mvc-org.springframework.boot.autoconfigure.web.servlet.WebMvcProperties'
2025-04-20 14:44:58,360 DEBUG [main][DefaultSingletonBeanRegistry.java:225] - Creating shared instance of singleton bean 'multipartConfigElement'
2025-04-20 14:44:58,360 DEBUG [main][DefaultSingletonBeanRegistry.java:225] - Creating shared instance of singleton bean 'multipartConfigElement'
2025-04-20 14:44:58,361 DEBUG [main][DefaultSingletonBeanRegistry.java:225] - Creating shared instance of singleton bean 'org.springframework.boot.autoconfigure.web.servlet.MultipartAutoConfiguration'
2025-04-20 14:44:58,361 DEBUG [main][DefaultSingletonBeanRegistry.java:225] - Creating shared instance of singleton bean 'org.springframework.boot.autoconfigure.web.servlet.MultipartAutoConfiguration'
2025-04-20 14:44:58,362 DEBUG [main][DefaultSingletonBeanRegistry.java:225] - Creating shared instance of singleton bean 'spring.servlet.multipart-org.springframework.boot.autoconfigure.web.servlet.MultipartProperties'
2025-04-20 14:44:58,362 DEBUG [main][DefaultSingletonBeanRegistry.java:225] - Creating shared instance of singleton bean 'spring.servlet.multipart-org.springframework.boot.autoconfigure.web.servlet.MultipartProperties'
2025-04-20 14:44:58,366 DEBUG [main][ConstructorResolver.java:807] - Autowiring by type from bean name 'org.springframework.boot.autoconfigure.web.servlet.MultipartAutoConfiguration' via constructor to bean named 'spring.servlet.multipart-org.springframework.boot.autoconfigure.web.servlet.MultipartProperties'
2025-04-20 14:44:58,366 DEBUG [main][ConstructorResolver.java:807] - Autowiring by type from bean name 'org.springframework.boot.autoconfigure.web.servlet.MultipartAutoConfiguration' via constructor to bean named 'spring.servlet.multipart-org.springframework.boot.autoconfigure.web.servlet.MultipartProperties'
2025-04-20 14:44:58,373 DEBUG [main][ConstructorResolver.java:807] - Autowiring by type from bean name 'errorPageCustomizer' via factory method to bean named 'dispatcherServletRegistration'
2025-04-20 14:44:58,373 DEBUG [main][ConstructorResolver.java:807] - Autowiring by type from bean name 'errorPageCustomizer' via factory method to bean named 'dispatcherServletRegistration'
2025-04-20 14:44:58,507 DEBUG [main][DocumentRoot.java:81] - Code archive: D:\apache-maven-3.8.8\mavenLib\org\springframework\boot\spring-boot\2.3.7.RELEASE\spring-boot-2.3.7.RELEASE.jar
2025-04-20 14:44:58,507 DEBUG [main][DocumentRoot.java:81] - Code archive: D:\apache-maven-3.8.8\mavenLib\org\springframework\boot\spring-boot\2.3.7.RELEASE\spring-boot-2.3.7.RELEASE.jar
2025-04-20 14:44:58,507 DEBUG [main][DocumentRoot.java:125] - Code archive: D:\apache-maven-3.8.8\mavenLib\org\springframework\boot\spring-boot\2.3.7.RELEASE\spring-boot-2.3.7.RELEASE.jar
2025-04-20 14:44:58,507 DEBUG [main][DocumentRoot.java:125] - Code archive: D:\apache-maven-3.8.8\mavenLib\org\springframework\boot\spring-boot\2.3.7.RELEASE\spring-boot-2.3.7.RELEASE.jar
2025-04-20 14:44:58,507 DEBUG [main][DocumentRoot.java:149] - None of the document roots [src/main/webapp, public, static] point to a directory and will be ignored.
2025-04-20 14:44:58,507 DEBUG [main][DocumentRoot.java:149] - None of the document roots [src/main/webapp, public, static] point to a directory and will be ignored.
2025-04-20 14:44:58,556 INFO [main][TomcatWebServer.java:108] - Tomcat initialized with port(s): 63040 (http)
2025-04-20 14:44:58,556 INFO [main][TomcatWebServer.java:108] - Tomcat initialized with port(s): 63040 (http)
2025-04-20 14:44:58,570 INFO [main][DirectJDKLog.java:173] - Initializing ProtocolHandler ["http-nio-63040"]
2025-04-20 14:44:58,570 INFO [main][DirectJDKLog.java:173] - Initializing ProtocolHandler ["http-nio-63040"]
2025-04-20 14:44:58,571 INFO [main][DirectJDKLog.java:173] - Starting service [Tomcat]
2025-04-20 14:44:58,571 INFO [main][DirectJDKLog.java:173] - Starting service [Tomcat]
2025-04-20 14:44:58,571 INFO [main][DirectJDKLog.java:173] - Starting Servlet engine: [Apache Tomcat/9.0.41]
2025-04-20 14:44:58,571 INFO [main][DirectJDKLog.java:173] - Starting Servlet engine: [Apache Tomcat/9.0.41]
2025-04-20 14:44:58,759 INFO [main][DirectJDKLog.java:173] - Initializing Spring embedded WebApplicationContext
2025-04-20 14:44:58,759 INFO [main][DirectJDKLog.java:173] - Initializing Spring embedded WebApplicationContext
2025-04-20 14:44:58,759 DEBUG [main][ServletWebServerApplicationContext.java:279] - Published root WebApplicationContext as ServletContext attribute with name [org.springframework.web.context.WebApplicationContext.ROOT]
2025-04-20 14:44:58,759 DEBUG [main][ServletWebServerApplicationContext.java:279] - Published root WebApplicationContext as ServletContext attribute with name [org.springframework.web.context.WebApplicationContext.ROOT]
2025-04-20 14:44:58,760 INFO [main][ServletWebServerApplicationContext.java:285] - Root WebApplicationContext: initialization completed in 1760 ms
2025-04-20 14:44:58,760 INFO [main][ServletWebServerApplicationContext.java:285] - Root WebApplicationContext: initialization completed in 1760 ms
2025-04-20 14:44:58,765 DEBUG [main][DefaultSingletonBeanRegistry.java:225] - Creating shared instance of singleton bean 'requestContextFilter'
2025-04-20 14:44:58,765 DEBUG [main][DefaultSingletonBeanRegistry.java:225] - Creating shared instance of singleton bean 'requestContextFilter'
2025-04-20 14:44:58,769 DEBUG [main][DefaultSingletonBeanRegistry.java:225] - Creating shared instance of singleton bean 'formContentFilter'
2025-04-20 14:44:58,769 DEBUG [main][DefaultSingletonBeanRegistry.java:225] - Creating shared instance of singleton bean 'formContentFilter'
2025-04-20 14:44:58,769 DEBUG [main][DefaultSingletonBeanRegistry.java:225] - Creating shared instance of singleton bean 'org.springframework.boot.autoconfigure.web.servlet.WebMvcAutoConfiguration'
2025-04-20 14:44:58,769 DEBUG [main][DefaultSingletonBeanRegistry.java:225] - Creating shared instance of singleton bean 'org.springframework.boot.autoconfigure.web.servlet.WebMvcAutoConfiguration'
2025-04-20 14:44:58,773 DEBUG [main][DefaultSingletonBeanRegistry.java:225] - Creating shared instance of singleton bean 'characterEncodingFilter'
2025-04-20 14:44:58,773 DEBUG [main][DefaultSingletonBeanRegistry.java:225] - Creating shared instance of singleton bean 'characterEncodingFilter'
2025-04-20 14:44:58,787 DEBUG [main][ServletContextInitializerBeans.java:235] - Mapping filters: characterEncodingFilter urls=[/*] order=-2147483648, formContentFilter urls=[/*] order=-9900, requestContextFilter urls=[/*] order=-105
2025-04-20 14:44:58,787 DEBUG [main][ServletContextInitializerBeans.java:235] - Mapping filters: characterEncodingFilter urls=[/*] order=-2147483648, formContentFilter urls=[/*] order=-9900, requestContextFilter urls=[/*] order=-105
2025-04-20 14:44:58,787 DEBUG [main][ServletContextInitializerBeans.java:235] - Mapping servlets: dispatcherServlet urls=[/]
2025-04-20 14:44:58,787 DEBUG [main][ServletContextInitializerBeans.java:235] - Mapping servlets: dispatcherServlet urls=[/]
2025-04-20 14:44:58,820 DEBUG [main][GenericFilterBean.java:242] - Filter 'requestContextFilter' configured for use
2025-04-20 14:44:58,820 DEBUG [main][GenericFilterBean.java:242] - Filter 'requestContextFilter' configured for use
2025-04-20 14:44:58,821 DEBUG [main][GenericFilterBean.java:242] - Filter 'characterEncodingFilter' configured for use
2025-04-20 14:44:58,821 DEBUG [main][GenericFilterBean.java:242] - Filter 'characterEncodingFilter' configured for use
2025-04-20 14:44:58,821 DEBUG [main][GenericFilterBean.java:242] - Filter 'formContentFilter' configured for use
2025-04-20 14:44:58,821 DEBUG [main][GenericFilterBean.java:242] - Filter 'formContentFilter' configured for use
2025-04-20 14:44:58,836 DEBUG [main][DefaultSingletonBeanRegistry.java:225] - Creating shared instance of singleton bean 'contentApplication'
2025-04-20 14:44:58,836 DEBUG [main][DefaultSingletonBeanRegistry.java:225] - Creating shared instance of singleton bean 'contentApplication'
2025-04-20 14:44:58,836 DEBUG [main][DefaultSingletonBeanRegistry.java:225] - Creating shared instance of singleton bean 'bootstrapApplicationListener.BootstrapMarkerConfiguration'
2025-04-20 14:44:58,836 DEBUG [main][DefaultSingletonBeanRegistry.java:225] - Creating shared instance of singleton bean 'bootstrapApplicationListener.BootstrapMarkerConfiguration'
2025-04-20 14:44:58,837 DEBUG [main][DefaultSingletonBeanRegistry.java:225] - Creating shared instance of singleton bean 'courseBaseInfoController'
2025-04-20 14:44:58,837 DEBUG [main][DefaultSingletonBeanRegistry.java:225] - Creating shared instance of singleton bean 'courseBaseInfoController'
2025-04-20 14:44:58,844 DEBUG [main][DefaultSingletonBeanRegistry.java:225] - Creating shared instance of singleton bean 'courseBaseInfoServiceImpl'
2025-04-20 14:44:58,844 DEBUG [main][DefaultSingletonBeanRegistry.java:225] - Creating shared instance of singleton bean 'courseBaseInfoServiceImpl'
2025-04-20 14:44:58,849 DEBUG [main][DefaultSingletonBeanRegistry.java:225] - Creating shared instance of singleton bean 'courseBaseMapper'
2025-04-20 14:44:58,849 DEBUG [main][DefaultSingletonBeanRegistry.java:225] - Creating shared instance of singleton bean 'courseBaseMapper'
2025-04-20 14:44:58,855 DEBUG [main][DefaultSingletonBeanRegistry.java:225] - Creating shared instance of singleton bean 'sqlSessionFactory'
2025-04-20 14:44:58,855 DEBUG [main][DefaultSingletonBeanRegistry.java:225] - Creating shared instance of singleton bean 'sqlSessionFactory'
2025-04-20 14:44:58,855 DEBUG [main][DefaultSingletonBeanRegistry.java:225] - Creating shared instance of singleton bean 'com.baomidou.mybatisplus.autoconfigure.MybatisPlusAutoConfiguration'
2025-04-20 14:44:58,855 DEBUG [main][DefaultSingletonBeanRegistry.java:225] - Creating shared instance of singleton bean 'com.baomidou.mybatisplus.autoconfigure.MybatisPlusAutoConfiguration'
2025-04-20 14:44:58,856 DEBUG [main][LocalVariableTableParameterNameDiscoverer.java:99] - Cannot find '.class' file for class [class com.baomidou.mybatisplus.autoconfigure.MybatisPlusAutoConfiguration$$EnhancerBySpringCGLIB$$c1cf0451] - unable to determine constructor/method parameter names
2025-04-20 14:44:58,856 DEBUG [main][LocalVariableTableParameterNameDiscoverer.java:99] - Cannot find '.class' file for class [class com.baomidou.mybatisplus.autoconfigure.MybatisPlusAutoConfiguration$$EnhancerBySpringCGLIB$$c1cf0451] - unable to determine constructor/method parameter names
2025-04-20 14:44:58,857 DEBUG [main][DefaultSingletonBeanRegistry.java:225] - Creating shared instance of singleton bean 'mybatis-plus-com.baomidou.mybatisplus.autoconfigure.MybatisPlusProperties'
2025-04-20 14:44:58,857 DEBUG [main][DefaultSingletonBeanRegistry.java:225] - Creating shared instance of singleton bean 'mybatis-plus-com.baomidou.mybatisplus.autoconfigure.MybatisPlusProperties'
2025-04-20 14:44:58,867 DEBUG [main][ConstructorResolver.java:807] - Autowiring by type from bean name 'com.baomidou.mybatisplus.autoconfigure.MybatisPlusAutoConfiguration' via constructor to bean named 'mybatis-plus-com.baomidou.mybatisplus.autoconfigure.MybatisPlusProperties'
2025-04-20 14:44:58,867 DEBUG [main][ConstructorResolver.java:807] - Autowiring by type from bean name 'com.baomidou.mybatisplus.autoconfigure.MybatisPlusAutoConfiguration' via constructor to bean named 'mybatis-plus-com.baomidou.mybatisplus.autoconfigure.MybatisPlusProperties'
2025-04-20 14:44:58,868 DEBUG [main][ConstructorResolver.java:807] - Autowiring by type from bean name 'com.baomidou.mybatisplus.autoconfigure.MybatisPlusAutoConfiguration' via constructor to bean named 'org.springframework.boot.web.servlet.context.AnnotationConfigServletWebServerApplicationContext@5c42d2b7'
2025-04-20 14:44:58,868 DEBUG [main][ConstructorResolver.java:807] - Autowiring by type from bean name 'com.baomidou.mybatisplus.autoconfigure.MybatisPlusAutoConfiguration' via constructor to bean named 'org.springframework.boot.web.servlet.context.AnnotationConfigServletWebServerApplicationContext@5c42d2b7'
2025-04-20 14:44:58,868 DEBUG [main][DefaultSingletonBeanRegistry.java:225] - Creating shared instance of singleton bean 'mybatisPlusInterceptor'
2025-04-20 14:44:58,868 DEBUG [main][DefaultSingletonBeanRegistry.java:225] - Creating shared instance of singleton bean 'mybatisPlusInterceptor'
2025-04-20 14:44:58,868 DEBUG [main][DefaultSingletonBeanRegistry.java:225] - Creating shared instance of singleton bean 'mybatisPlusConfig'
2025-04-20 14:44:58,868 DEBUG [main][DefaultSingletonBeanRegistry.java:225] - Creating shared instance of singleton bean 'mybatisPlusConfig'
2025-04-20 14:44:58,905 DEBUG [main][DefaultSingletonBeanRegistry.java:225] - Creating shared instance of singleton bean 'dataSource'
2025-04-20 14:44:58,905 DEBUG [main][DefaultSingletonBeanRegistry.java:225] - Creating shared instance of singleton bean 'dataSource'
2025-04-20 14:44:58,905 DEBUG [main][DefaultSingletonBeanRegistry.java:225] - Creating shared instance of singleton bean 'org.springframework.boot.autoconfigure.jdbc.DataSourceConfiguration$Hikari'
2025-04-20 14:44:58,905 DEBUG [main][DefaultSingletonBeanRegistry.java:225] - Creating shared instance of singleton bean 'org.springframework.boot.autoconfigure.jdbc.DataSourceConfiguration$Hikari'
2025-04-20 14:44:58,906 DEBUG [main][DefaultSingletonBeanRegistry.java:225] - Creating shared instance of singleton bean 'spring.datasource-org.springframework.boot.autoconfigure.jdbc.DataSourceProperties'
2025-04-20 14:44:58,906 DEBUG [main][DefaultSingletonBeanRegistry.java:225] - Creating shared instance of singleton bean 'spring.datasource-org.springframework.boot.autoconfigure.jdbc.DataSourceProperties'
2025-04-20 14:44:58,921 DEBUG [main][ConstructorResolver.java:807] - Autowiring by type from bean name 'dataSource' via factory method to bean named 'spring.datasource-org.springframework.boot.autoconfigure.jdbc.DataSourceProperties'
2025-04-20 14:44:58,921 DEBUG [main][ConstructorResolver.java:807] - Autowiring by type from bean name 'dataSource' via factory method to bean named 'spring.datasource-org.springframework.boot.autoconfigure.jdbc.DataSourceProperties'
2025-04-20 14:44:58,964 DEBUG [main][HikariConfig.java:946] - Driver class com.mysql.cj.jdbc.Driver found in Thread context class loader sun.misc.Launcher$AppClassLoader@18b4aac2
2025-04-20 14:44:58,964 DEBUG [main][HikariConfig.java:946] - Driver class com.mysql.cj.jdbc.Driver found in Thread context class loader sun.misc.Launcher$AppClassLoader@18b4aac2
2025-04-20 14:44:58,992 DEBUG [main][DefaultSingletonBeanRegistry.java:225] - Creating shared instance of singleton bean 'org.springframework.boot.autoconfigure.jdbc.DataSourceInitializerInvoker'
2025-04-20 14:44:58,992 DEBUG [main][DefaultSingletonBeanRegistry.java:225] - Creating shared instance of singleton bean 'org.springframework.boot.autoconfigure.jdbc.DataSourceInitializerInvoker'
2025-04-20 14:44:59,000 DEBUG [main][ConstructorResolver.java:807] - Autowiring by type from bean name 'org.springframework.boot.autoconfigure.jdbc.DataSourceInitializerInvoker' via constructor to bean named 'spring.datasource-org.springframework.boot.autoconfigure.jdbc.DataSourceProperties'
2025-04-20 14:44:59,000 DEBUG [main][ConstructorResolver.java:807] - Autowiring by type from bean name 'org.springframework.boot.autoconfigure.jdbc.DataSourceInitializerInvoker' via constructor to bean named 'spring.datasource-org.springframework.boot.autoconfigure.jdbc.DataSourceProperties'
2025-04-20 14:44:59,000 DEBUG [main][ConstructorResolver.java:807] - Autowiring by type from bean name 'org.springframework.boot.autoconfigure.jdbc.DataSourceInitializerInvoker' via constructor to bean named 'org.springframework.boot.web.servlet.context.AnnotationConfigServletWebServerApplicationContext@5c42d2b7'
2025-04-20 14:44:59,000 DEBUG [main][ConstructorResolver.java:807] - Autowiring by type from bean name 'org.springframework.boot.autoconfigure.jdbc.DataSourceInitializerInvoker' via constructor to bean named 'org.springframework.boot.web.servlet.context.AnnotationConfigServletWebServerApplicationContext@5c42d2b7'
2025-04-20 14:44:59,035 DEBUG [main][ConstructorResolver.java:807] - Autowiring by type from bean name 'sqlSessionFactory' via factory method to bean named 'dataSource'
2025-04-20 14:44:59,035 DEBUG [main][ConstructorResolver.java:807] - Autowiring by type from bean name 'sqlSessionFactory' via factory method to bean named 'dataSource'
2025-04-20 14:44:59,163 DEBUG [main][Logger.java:49] - Registered plugin: 'com.baomidou.mybatisplus.extension.plugins.MybatisPlusInterceptor@737d100a'
2025-04-20 14:44:59,163 DEBUG [main][Logger.java:49] - Registered plugin: 'com.baomidou.mybatisplus.extension.plugins.MybatisPlusInterceptor@737d100a'
2025-04-20 14:44:59,166 DEBUG [main][Logger.java:49] - Property 'mapperLocations' was not specified.
2025-04-20 14:44:59,166 DEBUG [main][Logger.java:49] - Property 'mapperLocations' was not specified.
2025-04-20 14:44:59,336 DEBUG [main][DefaultSingletonBeanRegistry.java:225] - Creating shared instance of singleton bean 'sqlSessionTemplate'
2025-04-20 14:44:59,336 DEBUG [main][DefaultSingletonBeanRegistry.java:225] - Creating shared instance of singleton bean 'sqlSessionTemplate'
2025-04-20 14:44:59,336 DEBUG [main][ConstructorResolver.java:807] - Autowiring by type from bean name 'sqlSessionTemplate' via factory method to bean named 'sqlSessionFactory'
2025-04-20 14:44:59,336 DEBUG [main][ConstructorResolver.java:807] - Autowiring by type from bean name 'sqlSessionTemplate' via factory method to bean named 'sqlSessionFactory'
2025-04-20 14:44:59,624 DEBUG [main][MybatisConfiguration.java:128] - addMappedStatement: com.xuecheng.content.mapper.CourseBaseMapper.insert
2025-04-20 14:44:59,624 DEBUG [main][MybatisConfiguration.java:128] - addMappedStatement: com.xuecheng.content.mapper.CourseBaseMapper.insert
2025-04-20 14:44:59,630 DEBUG [main][MybatisConfiguration.java:128] - addMappedStatement: com.xuecheng.content.mapper.CourseBaseMapper.delete
2025-04-20 14:44:59,630 DEBUG [main][MybatisConfiguration.java:128] - addMappedStatement: com.xuecheng.content.mapper.CourseBaseMapper.delete
2025-04-20 14:44:59,633 DEBUG [main][MybatisConfiguration.java:128] - addMappedStatement: com.xuecheng.content.mapper.CourseBaseMapper.deleteByMap
2025-04-20 14:44:59,633 DEBUG [main][MybatisConfiguration.java:128] - addMappedStatement: com.xuecheng.content.mapper.CourseBaseMapper.deleteByMap
2025-04-20 14:44:59,686 DEBUG [main][MybatisConfiguration.java:128] - addMappedStatement: com.xuecheng.content.mapper.CourseBaseMapper.deleteById
2025-04-20 14:44:59,686 DEBUG [main][MybatisConfiguration.java:128] - addMappedStatement: com.xuecheng.content.mapper.CourseBaseMapper.deleteById
2025-04-20 14:44:59,687 DEBUG [main][MybatisConfiguration.java:128] - addMappedStatement: com.xuecheng.content.mapper.CourseBaseMapper.deleteBatchIds
2025-04-20 14:44:59,687 DEBUG [main][MybatisConfiguration.java:128] - addMappedStatement: com.xuecheng.content.mapper.CourseBaseMapper.deleteBatchIds
2025-04-20 14:44:59,692 DEBUG [main][MybatisConfiguration.java:128] - addMappedStatement: com.xuecheng.content.mapper.CourseBaseMapper.update
2025-04-20 14:44:59,692 DEBUG [main][MybatisConfiguration.java:128] - addMappedStatement: com.xuecheng.content.mapper.CourseBaseMapper.update
2025-04-20 14:44:59,694 DEBUG [main][MybatisConfiguration.java:128] - addMappedStatement: com.xuecheng.content.mapper.CourseBaseMapper.updateById
2025-04-20 14:44:59,694 DEBUG [main][MybatisConfiguration.java:128] - addMappedStatement: com.xuecheng.content.mapper.CourseBaseMapper.updateById
2025-04-20 14:44:59,695 DEBUG [main][MybatisConfiguration.java:128] - addMappedStatement: com.xuecheng.content.mapper.CourseBaseMapper.selectById
2025-04-20 14:44:59,695 DEBUG [main][MybatisConfiguration.java:128] - addMappedStatement: com.xuecheng.content.mapper.CourseBaseMapper.selectById
2025-04-20 14:44:59,697 DEBUG [main][MybatisConfiguration.java:128] - addMappedStatement: com.xuecheng.content.mapper.CourseBaseMapper.selectBatchIds
2025-04-20 14:44:59,697 DEBUG [main][MybatisConfiguration.java:128] - addMappedStatement: com.xuecheng.content.mapper.CourseBaseMapper.selectBatchIds
2025-04-20 14:44:59,699 DEBUG [main][MybatisConfiguration.java:128] - addMappedStatement: com.xuecheng.content.mapper.CourseBaseMapper.selectByMap
2025-04-20 14:44:59,699 DEBUG [main][MybatisConfiguration.java:128] - addMappedStatement: com.xuecheng.content.mapper.CourseBaseMapper.selectByMap
2025-04-20 14:44:59,701 DEBUG [main][MybatisConfiguration.java:128] - addMappedStatement: com.xuecheng.content.mapper.CourseBaseMapper.selectOne
2025-04-20 14:44:59,701 DEBUG [main][MybatisConfiguration.java:128] - addMappedStatement: com.xuecheng.content.mapper.CourseBaseMapper.selectOne
2025-04-20 14:44:59,704 DEBUG [main][MybatisConfiguration.java:128] - addMappedStatement: com.xuecheng.content.mapper.CourseBaseMapper.selectCount
2025-04-20 14:44:59,704 DEBUG [main][MybatisConfiguration.java:128] - addMappedStatement: com.xuecheng.content.mapper.CourseBaseMapper.selectCount
2025-04-20 14:44:59,706 DEBUG [main][MybatisConfiguration.java:128] - addMappedStatement: com.xuecheng.content.mapper.CourseBaseMapper.selectMaps
2025-04-20 14:44:59,706 DEBUG [main][MybatisConfiguration.java:128] - addMappedStatement: com.xuecheng.content.mapper.CourseBaseMapper.selectMaps
2025-04-20 14:44:59,708 DEBUG [main][MybatisConfiguration.java:128] - addMappedStatement: com.xuecheng.content.mapper.CourseBaseMapper.selectMapsPage
2025-04-20 14:44:59,708 DEBUG [main][MybatisConfiguration.java:128] - addMappedStatement: com.xuecheng.content.mapper.CourseBaseMapper.selectMapsPage
2025-04-20 14:44:59,710 DEBUG [main][MybatisConfiguration.java:128] - addMappedStatement: com.xuecheng.content.mapper.CourseBaseMapper.selectObjs
2025-04-20 14:44:59,710 DEBUG [main][MybatisConfiguration.java:128] - addMappedStatement: com.xuecheng.content.mapper.CourseBaseMapper.selectObjs
2025-04-20 14:44:59,712 DEBUG [main][MybatisConfiguration.java:128] - addMappedStatement: com.xuecheng.content.mapper.CourseBaseMapper.selectList
2025-04-20 14:44:59,712 DEBUG [main][MybatisConfiguration.java:128] - addMappedStatement: com.xuecheng.content.mapper.CourseBaseMapper.selectList
2025-04-20 14:44:59,715 DEBUG [main][MybatisConfiguration.java:128] - addMappedStatement: com.xuecheng.content.mapper.CourseBaseMapper.selectPage
2025-04-20 14:44:59,715 DEBUG [main][MybatisConfiguration.java:128] - addMappedStatement: com.xuecheng.content.mapper.CourseBaseMapper.selectPage
2025-04-20 14:44:59,722 DEBUG [main][DefaultSingletonBeanRegistry.java:225] - Creating shared instance of singleton bean 'courseMarketMapper'
2025-04-20 14:44:59,722 DEBUG [main][DefaultSingletonBeanRegistry.java:225] - Creating shared instance of singleton bean 'courseMarketMapper'
2025-04-20 14:44:59,733 DEBUG [main][MybatisConfiguration.java:128] - addMappedStatement: com.xuecheng.content.mapper.CourseMarketMapper.insert
2025-04-20 14:44:59,733 DEBUG [main][MybatisConfiguration.java:128] - addMappedStatement: com.xuecheng.content.mapper.CourseMarketMapper.insert
2025-04-20 14:44:59,735 DEBUG [main][MybatisConfiguration.java:128] - addMappedStatement: com.xuecheng.content.mapper.CourseMarketMapper.delete
2025-04-20 14:44:59,735 DEBUG [main][MybatisConfiguration.java:128] - addMappedStatement: com.xuecheng.content.mapper.CourseMarketMapper.delete
2025-04-20 14:44:59,736 DEBUG [main][MybatisConfiguration.java:128] - addMappedStatement: com.xuecheng.content.mapper.CourseMarketMapper.deleteByMap
2025-04-20 14:44:59,736 DEBUG [main][MybatisConfiguration.java:128] - addMappedStatement: com.xuecheng.content.mapper.CourseMarketMapper.deleteByMap
2025-04-20 14:44:59,738 DEBUG [main][MybatisConfiguration.java:128] - addMappedStatement: com.xuecheng.content.mapper.CourseMarketMapper.deleteById
2025-04-20 14:44:59,738 DEBUG [main][MybatisConfiguration.java:128] - addMappedStatement: com.xuecheng.content.mapper.CourseMarketMapper.deleteById
2025-04-20 14:44:59,739 DEBUG [main][MybatisConfiguration.java:128] - addMappedStatement: com.xuecheng.content.mapper.CourseMarketMapper.deleteBatchIds
2025-04-20 14:44:59,739 DEBUG [main][MybatisConfiguration.java:128] - addMappedStatement: com.xuecheng.content.mapper.CourseMarketMapper.deleteBatchIds
2025-04-20 14:44:59,741 DEBUG [main][MybatisConfiguration.java:128] - addMappedStatement: com.xuecheng.content.mapper.CourseMarketMapper.update
2025-04-20 14:44:59,741 DEBUG [main][MybatisConfiguration.java:128] - addMappedStatement: com.xuecheng.content.mapper.CourseMarketMapper.update
2025-04-20 14:44:59,742 DEBUG [main][MybatisConfiguration.java:128] - addMappedStatement: com.xuecheng.content.mapper.CourseMarketMapper.updateById
2025-04-20 14:44:59,742 DEBUG [main][MybatisConfiguration.java:128] - addMappedStatement: com.xuecheng.content.mapper.CourseMarketMapper.updateById
2025-04-20 14:44:59,743 DEBUG [main][MybatisConfiguration.java:128] - addMappedStatement: com.xuecheng.content.mapper.CourseMarketMapper.selectById
2025-04-20 14:44:59,743 DEBUG [main][MybatisConfiguration.java:128] - addMappedStatement: com.xuecheng.content.mapper.CourseMarketMapper.selectById
2025-04-20 14:44:59,744 DEBUG [main][MybatisConfiguration.java:128] - addMappedStatement: com.xuecheng.content.mapper.CourseMarketMapper.selectBatchIds
2025-04-20 14:44:59,744 DEBUG [main][MybatisConfiguration.java:128] - addMappedStatement: com.xuecheng.content.mapper.CourseMarketMapper.selectBatchIds
2025-04-20 14:44:59,746 DEBUG [main][MybatisConfiguration.java:128] - addMappedStatement: com.xuecheng.content.mapper.CourseMarketMapper.selectByMap
2025-04-20 14:44:59,746 DEBUG [main][MybatisConfiguration.java:128] - addMappedStatement: com.xuecheng.content.mapper.CourseMarketMapper.selectByMap
2025-04-20 14:44:59,748 DEBUG [main][MybatisConfiguration.java:128] - addMappedStatement: com.xuecheng.content.mapper.CourseMarketMapper.selectOne
2025-04-20 14:44:59,748 DEBUG [main][MybatisConfiguration.java:128] - addMappedStatement: com.xuecheng.content.mapper.CourseMarketMapper.selectOne
2025-04-20 14:44:59,750 DEBUG [main][MybatisConfiguration.java:128] - addMappedStatement: com.xuecheng.content.mapper.CourseMarketMapper.selectCount
2025-04-20 14:44:59,750 DEBUG [main][MybatisConfiguration.java:128] - addMappedStatement: com.xuecheng.content.mapper.CourseMarketMapper.selectCount
2025-04-20 14:44:59,751 DEBUG [main][MybatisConfiguration.java:128] - addMappedStatement: com.xuecheng.content.mapper.CourseMarketMapper.selectMaps
2025-04-20 14:44:59,751 DEBUG [main][MybatisConfiguration.java:128] - addMappedStatement: com.xuecheng.content.mapper.CourseMarketMapper.selectMaps
2025-04-20 14:44:59,753 DEBUG [main][MybatisConfiguration.java:128] - addMappedStatement: com.xuecheng.content.mapper.CourseMarketMapper.selectMapsPage
2025-04-20 14:44:59,753 DEBUG [main][MybatisConfiguration.java:128] - addMappedStatement: com.xuecheng.content.mapper.CourseMarketMapper.selectMapsPage
2025-04-20 14:44:59,755 DEBUG [main][MybatisConfiguration.java:128] - addMappedStatement: com.xuecheng.content.mapper.CourseMarketMapper.selectObjs
2025-04-20 14:44:59,755 DEBUG [main][MybatisConfiguration.java:128] - addMappedStatement: com.xuecheng.content.mapper.CourseMarketMapper.selectObjs
2025-04-20 14:44:59,757 DEBUG [main][MybatisConfiguration.java:128] - addMappedStatement: com.xuecheng.content.mapper.CourseMarketMapper.selectList
2025-04-20 14:44:59,757 DEBUG [main][MybatisConfiguration.java:128] - addMappedStatement: com.xuecheng.content.mapper.CourseMarketMapper.selectList
2025-04-20 14:44:59,760 DEBUG [main][MybatisConfiguration.java:128] - addMappedStatement: com.xuecheng.content.mapper.CourseMarketMapper.selectPage
2025-04-20 14:44:59,760 DEBUG [main][MybatisConfiguration.java:128] - addMappedStatement: com.xuecheng.content.mapper.CourseMarketMapper.selectPage
2025-04-20 14:44:59,763 DEBUG [main][DefaultSingletonBeanRegistry.java:225] - Creating shared instance of singleton bean 'courseCategoryMapper'
2025-04-20 14:44:59,763 DEBUG [main][DefaultSingletonBeanRegistry.java:225] - Creating shared instance of singleton bean 'courseCategoryMapper'
2025-04-20 14:44:59,786 DEBUG [main][MybatisConfiguration.java:128] - addMappedStatement: com.xuecheng.content.mapper.CourseCategoryMapper.selectTreeNodes
2025-04-20 14:44:59,786 DEBUG [main][MybatisConfiguration.java:128] - addMappedStatement: com.xuecheng.content.mapper.CourseCategoryMapper.selectTreeNodes
2025-04-20 14:44:59,788 DEBUG [main][MybatisConfiguration.java:128] - addMappedStatement: com.xuecheng.content.mapper.CourseCategoryMapper.insert
2025-04-20 14:44:59,788 DEBUG [main][MybatisConfiguration.java:128] - addMappedStatement: com.xuecheng.content.mapper.CourseCategoryMapper.insert
2025-04-20 14:44:59,790 DEBUG [main][MybatisConfiguration.java:128] - addMappedStatement: com.xuecheng.content.mapper.CourseCategoryMapper.delete
2025-04-20 14:44:59,790 DEBUG [main][MybatisConfiguration.java:128] - addMappedStatement: com.xuecheng.content.mapper.CourseCategoryMapper.delete
2025-04-20 14:44:59,791 DEBUG [main][MybatisConfiguration.java:128] - addMappedStatement: com.xuecheng.content.mapper.CourseCategoryMapper.deleteByMap
2025-04-20 14:44:59,791 DEBUG [main][MybatisConfiguration.java:128] - addMappedStatement: com.xuecheng.content.mapper.CourseCategoryMapper.deleteByMap
2025-04-20 14:44:59,792 DEBUG [main][MybatisConfiguration.java:128] - addMappedStatement: com.xuecheng.content.mapper.CourseCategoryMapper.deleteById
2025-04-20 14:44:59,792 DEBUG [main][MybatisConfiguration.java:128] - addMappedStatement: com.xuecheng.content.mapper.CourseCategoryMapper.deleteById
2025-04-20 14:44:59,794 DEBUG [main][MybatisConfiguration.java:128] - addMappedStatement: com.xuecheng.content.mapper.CourseCategoryMapper.deleteBatchIds
2025-04-20 14:44:59,794 DEBUG [main][MybatisConfiguration.java:128] - addMappedStatement: com.xuecheng.content.mapper.CourseCategoryMapper.deleteBatchIds
2025-04-20 14:44:59,796 DEBUG [main][MybatisConfiguration.java:128] - addMappedStatement: com.xuecheng.content.mapper.CourseCategoryMapper.update
2025-04-20 14:44:59,796 DEBUG [main][MybatisConfiguration.java:128] - addMappedStatement: com.xuecheng.content.mapper.CourseCategoryMapper.update
2025-04-20 14:44:59,797 DEBUG [main][MybatisConfiguration.java:128] - addMappedStatement: com.xuecheng.content.mapper.CourseCategoryMapper.updateById
2025-04-20 14:44:59,797 DEBUG [main][MybatisConfiguration.java:128] - addMappedStatement: com.xuecheng.content.mapper.CourseCategoryMapper.updateById
2025-04-20 14:44:59,799 DEBUG [main][MybatisConfiguration.java:128] - addMappedStatement: com.xuecheng.content.mapper.CourseCategoryMapper.selectById
2025-04-20 14:44:59,799 DEBUG [main][MybatisConfiguration.java:128] - addMappedStatement: com.xuecheng.content.mapper.CourseCategoryMapper.selectById
2025-04-20 14:44:59,800 DEBUG [main][MybatisConfiguration.java:128] - addMappedStatement: com.xuecheng.content.mapper.CourseCategoryMapper.selectBatchIds
2025-04-20 14:44:59,800 DEBUG [main][MybatisConfiguration.java:128] - addMappedStatement: com.xuecheng.content.mapper.CourseCategoryMapper.selectBatchIds
2025-04-20 14:44:59,801 DEBUG [main][MybatisConfiguration.java:128] - addMappedStatement: com.xuecheng.content.mapper.CourseCategoryMapper.selectByMap
2025-04-20 14:44:59,801 DEBUG [main][MybatisConfiguration.java:128] - addMappedStatement: com.xuecheng.content.mapper.CourseCategoryMapper.selectByMap
2025-04-20 14:44:59,803 DEBUG [main][MybatisConfiguration.java:128] - addMappedStatement: com.xuecheng.content.mapper.CourseCategoryMapper.selectOne
2025-04-20 14:44:59,803 DEBUG [main][MybatisConfiguration.java:128] - addMappedStatement: com.xuecheng.content.mapper.CourseCategoryMapper.selectOne
2025-04-20 14:44:59,804 DEBUG [main][MybatisConfiguration.java:128] - addMappedStatement: com.xuecheng.content.mapper.CourseCategoryMapper.selectCount
2025-04-20 14:44:59,804 DEBUG [main][MybatisConfiguration.java:128] - addMappedStatement: com.xuecheng.content.mapper.CourseCategoryMapper.selectCount
2025-04-20 14:44:59,806 DEBUG [main][MybatisConfiguration.java:128] - addMappedStatement: com.xuecheng.content.mapper.CourseCategoryMapper.selectMaps
2025-04-20 14:44:59,806 DEBUG [main][MybatisConfiguration.java:128] - addMappedStatement: com.xuecheng.content.mapper.CourseCategoryMapper.selectMaps
2025-04-20 14:44:59,807 DEBUG [main][MybatisConfiguration.java:128] - addMappedStatement: com.xuecheng.content.mapper.CourseCategoryMapper.selectMapsPage
2025-04-20 14:44:59,807 DEBUG [main][MybatisConfiguration.java:128] - addMappedStatement: com.xuecheng.content.mapper.CourseCategoryMapper.selectMapsPage
2025-04-20 14:44:59,809 DEBUG [main][MybatisConfiguration.java:128] - addMappedStatement: com.xuecheng.content.mapper.CourseCategoryMapper.selectObjs
2025-04-20 14:44:59,809 DEBUG [main][MybatisConfiguration.java:128] - addMappedStatement: com.xuecheng.content.mapper.CourseCategoryMapper.selectObjs
2025-04-20 14:44:59,811 DEBUG [main][MybatisConfiguration.java:128] - addMappedStatement: com.xuecheng.content.mapper.CourseCategoryMapper.selectList
2025-04-20 14:44:59,811 DEBUG [main][MybatisConfiguration.java:128] - addMappedStatement: com.xuecheng.content.mapper.CourseCategoryMapper.selectList
2025-04-20 14:44:59,813 DEBUG [main][MybatisConfiguration.java:128] - addMappedStatement: com.xuecheng.content.mapper.CourseCategoryMapper.selectPage
2025-04-20 14:44:59,813 DEBUG [main][MybatisConfiguration.java:128] - addMappedStatement: com.xuecheng.content.mapper.CourseCategoryMapper.selectPage
2025-04-20 14:44:59,852 DEBUG [main][DefaultSingletonBeanRegistry.java:225] - Creating shared instance of singleton bean 'courseCategotyController'
2025-04-20 14:44:59,852 DEBUG [main][DefaultSingletonBeanRegistry.java:225] - Creating shared instance of singleton bean 'courseCategotyController'
2025-04-20 14:44:59,854 DEBUG [main][DefaultSingletonBeanRegistry.java:225] - Creating shared instance of singleton bean 'courseCategoryServiceImpl'
2025-04-20 14:44:59,854 DEBUG [main][DefaultSingletonBeanRegistry.java:225] - Creating shared instance of singleton bean 'courseCategoryServiceImpl'
2025-04-20 14:44:59,856 DEBUG [main][DefaultSingletonBeanRegistry.java:225] - Creating shared instance of singleton bean 'teachplanController'
2025-04-20 14:44:59,856 DEBUG [main][DefaultSingletonBeanRegistry.java:225] - Creating shared instance of singleton bean 'teachplanController'
2025-04-20 14:44:59,863 DEBUG [main][DefaultSingletonBeanRegistry.java:225] - Creating shared instance of singleton bean 'teachplanServiceImpl'
2025-04-20 14:44:59,863 DEBUG [main][DefaultSingletonBeanRegistry.java:225] - Creating shared instance of singleton bean 'teachplanServiceImpl'
2025-04-20 14:44:59,872 DEBUG [main][DefaultSingletonBeanRegistry.java:225] - Creating shared instance of singleton bean 'teachplanMapper'
2025-04-20 14:44:59,872 DEBUG [main][DefaultSingletonBeanRegistry.java:225] - Creating shared instance of singleton bean 'teachplanMapper'
2025-04-20 14:44:59,897 DEBUG [main][MybatisConfiguration.java:128] - addMappedStatement: com.xuecheng.content.mapper.TeachplanMapper.selectTreeNodes
2025-04-20 14:44:59,897 DEBUG [main][MybatisConfiguration.java:128] - addMappedStatement: com.xuecheng.content.mapper.TeachplanMapper.selectTreeNodes
2025-04-20 14:44:59,900 DEBUG [main][MybatisConfiguration.java:128] - addMappedStatement: com.xuecheng.content.mapper.TeachplanMapper.insert
2025-04-20 14:44:59,900 DEBUG [main][MybatisConfiguration.java:128] - addMappedStatement: com.xuecheng.content.mapper.TeachplanMapper.insert
2025-04-20 14:44:59,901 DEBUG [main][MybatisConfiguration.java:128] - addMappedStatement: com.xuecheng.content.mapper.TeachplanMapper.delete
2025-04-20 14:44:59,901 DEBUG [main][MybatisConfiguration.java:128] - addMappedStatement: com.xuecheng.content.mapper.TeachplanMapper.delete
2025-04-20 14:44:59,902 DEBUG [main][MybatisConfiguration.java:128] - addMappedStatement: com.xuecheng.content.mapper.TeachplanMapper.deleteByMap
2025-04-20 14:44:59,902 DEBUG [main][MybatisConfiguration.java:128] - addMappedStatement: com.xuecheng.content.mapper.TeachplanMapper.deleteByMap
2025-04-20 14:44:59,904 DEBUG [main][MybatisConfiguration.java:128] - addMappedStatement: com.xuecheng.content.mapper.TeachplanMapper.deleteById
2025-04-20 14:44:59,904 DEBUG [main][MybatisConfiguration.java:128] - addMappedStatement: com.xuecheng.content.mapper.TeachplanMapper.deleteById
2025-04-20 14:44:59,904 DEBUG [main][MybatisConfiguration.java:128] - addMappedStatement: com.xuecheng.content.mapper.TeachplanMapper.deleteBatchIds
2025-04-20 14:44:59,904 DEBUG [main][MybatisConfiguration.java:128] - addMappedStatement: com.xuecheng.content.mapper.TeachplanMapper.deleteBatchIds
2025-04-20 14:44:59,906 DEBUG [main][MybatisConfiguration.java:128] - addMappedStatement: com.xuecheng.content.mapper.TeachplanMapper.update
2025-04-20 14:44:59,906 DEBUG [main][MybatisConfiguration.java:128] - addMappedStatement: com.xuecheng.content.mapper.TeachplanMapper.update
2025-04-20 14:44:59,907 DEBUG [main][MybatisConfiguration.java:128] - addMappedStatement: com.xuecheng.content.mapper.TeachplanMapper.updateById
2025-04-20 14:44:59,907 DEBUG [main][MybatisConfiguration.java:128] - addMappedStatement: com.xuecheng.content.mapper.TeachplanMapper.updateById
2025-04-20 14:44:59,908 DEBUG [main][MybatisConfiguration.java:128] - addMappedStatement: com.xuecheng.content.mapper.TeachplanMapper.selectById
2025-04-20 14:44:59,908 DEBUG [main][MybatisConfiguration.java:128] - addMappedStatement: com.xuecheng.content.mapper.TeachplanMapper.selectById
2025-04-20 14:44:59,909 DEBUG [main][MybatisConfiguration.java:128] - addMappedStatement: com.xuecheng.content.mapper.TeachplanMapper.selectBatchIds
2025-04-20 14:44:59,909 DEBUG [main][MybatisConfiguration.java:128] - addMappedStatement: com.xuecheng.content.mapper.TeachplanMapper.selectBatchIds
2025-04-20 14:44:59,910 DEBUG [main][MybatisConfiguration.java:128] - addMappedStatement: com.xuecheng.content.mapper.TeachplanMapper.selectByMap
2025-04-20 14:44:59,910 DEBUG [main][MybatisConfiguration.java:128] - addMappedStatement: com.xuecheng.content.mapper.TeachplanMapper.selectByMap
2025-04-20 14:44:59,912 DEBUG [main][MybatisConfiguration.java:128] - addMappedStatement: com.xuecheng.content.mapper.TeachplanMapper.selectOne
2025-04-20 14:44:59,912 DEBUG [main][MybatisConfiguration.java:128] - addMappedStatement: com.xuecheng.content.mapper.TeachplanMapper.selectOne
2025-04-20 14:44:59,914 DEBUG [main][MybatisConfiguration.java:128] - addMappedStatement: com.xuecheng.content.mapper.TeachplanMapper.selectCount
2025-04-20 14:44:59,914 DEBUG [main][MybatisConfiguration.java:128] - addMappedStatement: com.xuecheng.content.mapper.TeachplanMapper.selectCount
2025-04-20 14:44:59,916 DEBUG [main][MybatisConfiguration.java:128] - addMappedStatement: com.xuecheng.content.mapper.TeachplanMapper.selectMaps
2025-04-20 14:44:59,916 DEBUG [main][MybatisConfiguration.java:128] - addMappedStatement: com.xuecheng.content.mapper.TeachplanMapper.selectMaps
2025-04-20 14:44:59,918 DEBUG [main][MybatisConfiguration.java:128] - addMappedStatement: com.xuecheng.content.mapper.TeachplanMapper.selectMapsPage
2025-04-20 14:44:59,918 DEBUG [main][MybatisConfiguration.java:128] - addMappedStatement: com.xuecheng.content.mapper.TeachplanMapper.selectMapsPage
2025-04-20 14:44:59,919 DEBUG [main][MybatisConfiguration.java:128] - addMappedStatement: com.xuecheng.content.mapper.TeachplanMapper.selectObjs
2025-04-20 14:44:59,919 DEBUG [main][MybatisConfiguration.java:128] - addMappedStatement: com.xuecheng.content.mapper.TeachplanMapper.selectObjs
2025-04-20 14:44:59,920 DEBUG [main][MybatisConfiguration.java:128] - addMappedStatement: com.xuecheng.content.mapper.TeachplanMapper.selectList
2025-04-20 14:44:59,920 DEBUG [main][MybatisConfiguration.java:128] - addMappedStatement: com.xuecheng.content.mapper.TeachplanMapper.selectList
2025-04-20 14:44:59,922 DEBUG [main][MybatisConfiguration.java:128] - addMappedStatement: com.xuecheng.content.mapper.TeachplanMapper.selectPage
2025-04-20 14:44:59,922 DEBUG [main][MybatisConfiguration.java:128] - addMappedStatement: com.xuecheng.content.mapper.TeachplanMapper.selectPage
2025-04-20 14:44:59,927 DEBUG [main][DefaultSingletonBeanRegistry.java:225] - Creating shared instance of singleton bean 'teachplanMediaMapper'
2025-04-20 14:44:59,927 DEBUG [main][DefaultSingletonBeanRegistry.java:225] - Creating shared instance of singleton bean 'teachplanMediaMapper'
2025-04-20 14:44:59,937 DEBUG [main][MybatisConfiguration.java:128] - addMappedStatement: com.xuecheng.content.mapper.TeachplanMediaMapper.insert
2025-04-20 14:44:59,937 DEBUG [main][MybatisConfiguration.java:128] - addMappedStatement: com.xuecheng.content.mapper.TeachplanMediaMapper.insert
2025-04-20 14:44:59,938 DEBUG [main][MybatisConfiguration.java:128] - addMappedStatement: com.xuecheng.content.mapper.TeachplanMediaMapper.delete
2025-04-20 14:44:59,938 DEBUG [main][MybatisConfiguration.java:128] - addMappedStatement: com.xuecheng.content.mapper.TeachplanMediaMapper.delete
2025-04-20 14:44:59,939 DEBUG [main][MybatisConfiguration.java:128] - addMappedStatement: com.xuecheng.content.mapper.TeachplanMediaMapper.deleteByMap
2025-04-20 14:44:59,939 DEBUG [main][MybatisConfiguration.java:128] - addMappedStatement: com.xuecheng.content.mapper.TeachplanMediaMapper.deleteByMap
2025-04-20 14:44:59,940 DEBUG [main][MybatisConfiguration.java:128] - addMappedStatement: com.xuecheng.content.mapper.TeachplanMediaMapper.deleteById
2025-04-20 14:44:59,940 DEBUG [main][MybatisConfiguration.java:128] - addMappedStatement: com.xuecheng.content.mapper.TeachplanMediaMapper.deleteById
2025-04-20 14:44:59,942 DEBUG [main][MybatisConfiguration.java:128] - addMappedStatement: com.xuecheng.content.mapper.TeachplanMediaMapper.deleteBatchIds
2025-04-20 14:44:59,942 DEBUG [main][MybatisConfiguration.java:128] - addMappedStatement: com.xuecheng.content.mapper.TeachplanMediaMapper.deleteBatchIds
2025-04-20 14:44:59,943 DEBUG [main][MybatisConfiguration.java:128] - addMappedStatement: com.xuecheng.content.mapper.TeachplanMediaMapper.update
2025-04-20 14:44:59,943 DEBUG [main][MybatisConfiguration.java:128] - addMappedStatement: com.xuecheng.content.mapper.TeachplanMediaMapper.update
2025-04-20 14:44:59,944 DEBUG [main][MybatisConfiguration.java:128] - addMappedStatement: com.xuecheng.content.mapper.TeachplanMediaMapper.updateById
2025-04-20 14:44:59,944 DEBUG [main][MybatisConfiguration.java:128] - addMappedStatement: com.xuecheng.content.mapper.TeachplanMediaMapper.updateById
2025-04-20 14:44:59,945 DEBUG [main][MybatisConfiguration.java:128] - addMappedStatement: com.xuecheng.content.mapper.TeachplanMediaMapper.selectById
2025-04-20 14:44:59,945 DEBUG [main][MybatisConfiguration.java:128] - addMappedStatement: com.xuecheng.content.mapper.TeachplanMediaMapper.selectById
2025-04-20 14:44:59,946 DEBUG [main][MybatisConfiguration.java:128] - addMappedStatement: com.xuecheng.content.mapper.TeachplanMediaMapper.selectBatchIds
2025-04-20 14:44:59,946 DEBUG [main][MybatisConfiguration.java:128] - addMappedStatement: com.xuecheng.content.mapper.TeachplanMediaMapper.selectBatchIds
2025-04-20 14:44:59,949 DEBUG [main][MybatisConfiguration.java:128] - addMappedStatement: com.xuecheng.content.mapper.TeachplanMediaMapper.selectByMap
2025-04-20 14:44:59,949 DEBUG [main][MybatisConfiguration.java:128] - addMappedStatement: com.xuecheng.content.mapper.TeachplanMediaMapper.selectByMap
2025-04-20 14:44:59,950 DEBUG [main][MybatisConfiguration.java:128] - addMappedStatement: com.xuecheng.content.mapper.TeachplanMediaMapper.selectOne
2025-04-20 14:44:59,950 DEBUG [main][MybatisConfiguration.java:128] - addMappedStatement: com.xuecheng.content.mapper.TeachplanMediaMapper.selectOne
2025-04-20 14:44:59,951 DEBUG [main][MybatisConfiguration.java:128] - addMappedStatement: com.xuecheng.content.mapper.TeachplanMediaMapper.selectCount
2025-04-20 14:44:59,951 DEBUG [main][MybatisConfiguration.java:128] - addMappedStatement: com.xuecheng.content.mapper.TeachplanMediaMapper.selectCount
2025-04-20 14:44:59,953 DEBUG [main][MybatisConfiguration.java:128] - addMappedStatement: com.xuecheng.content.mapper.TeachplanMediaMapper.selectMaps
2025-04-20 14:44:59,953 DEBUG [main][MybatisConfiguration.java:128] - addMappedStatement: com.xuecheng.content.mapper.TeachplanMediaMapper.selectMaps
2025-04-20 14:44:59,954 DEBUG [main][MybatisConfiguration.java:128] - addMappedStatement: com.xuecheng.content.mapper.TeachplanMediaMapper.selectMapsPage
2025-04-20 14:44:59,954 DEBUG [main][MybatisConfiguration.java:128] - addMappedStatement: com.xuecheng.content.mapper.TeachplanMediaMapper.selectMapsPage
2025-04-20 14:44:59,955 DEBUG [main][MybatisConfiguration.java:128] - addMappedStatement: com.xuecheng.content.mapper.TeachplanMediaMapper.selectObjs
2025-04-20 14:44:59,955 DEBUG [main][MybatisConfiguration.java:128] - addMappedStatement: com.xuecheng.content.mapper.TeachplanMediaMapper.selectObjs
2025-04-20 14:44:59,956 DEBUG [main][MybatisConfiguration.java:128] - addMappedStatement: com.xuecheng.content.mapper.TeachplanMediaMapper.selectList
2025-04-20 14:44:59,956 DEBUG [main][MybatisConfiguration.java:128] - addMappedStatement: com.xuecheng.content.mapper.TeachplanMediaMapper.selectList
2025-04-20 14:44:59,957 DEBUG [main][MybatisConfiguration.java:128] - addMappedStatement: com.xuecheng.content.mapper.TeachplanMediaMapper.selectPage
2025-04-20 14:44:59,957 DEBUG [main][MybatisConfiguration.java:128] - addMappedStatement: com.xuecheng.content.mapper.TeachplanMediaMapper.selectPage
2025-04-20 14:44:59,960 DEBUG [main][DefaultSingletonBeanRegistry.java:225] - Creating shared instance of singleton bean 'localDateTimeConfig'
2025-04-20 14:44:59,960 DEBUG [main][DefaultSingletonBeanRegistry.java:225] - Creating shared instance of singleton bean 'localDateTimeConfig'
2025-04-20 14:44:59,961 DEBUG [main][DefaultSingletonBeanRegistry.java:225] - Creating shared instance of singleton bean 'globalExceptionHandler'
2025-04-20 14:44:59,961 DEBUG [main][DefaultSingletonBeanRegistry.java:225] - Creating shared instance of singleton bean 'globalExceptionHandler'
2025-04-20 14:44:59,976 DEBUG [main][DefaultSingletonBeanRegistry.java:225] - Creating shared instance of singleton bean 'serviceModelToSwagger2MapperImpl'
2025-04-20 14:44:59,976 DEBUG [main][DefaultSingletonBeanRegistry.java:225] - Creating shared instance of singleton bean 'serviceModelToSwagger2MapperImpl'
2025-04-20 14:44:59,984 DEBUG [main][DefaultSingletonBeanRegistry.java:225] - Creating shared instance of singleton bean 'modelMapperImpl'
2025-04-20 14:44:59,984 DEBUG [main][DefaultSingletonBeanRegistry.java:225] - Creating shared instance of singleton bean 'modelMapperImpl'
2025-04-20 14:44:59,988 DEBUG [main][DefaultSingletonBeanRegistry.java:225] - Creating shared instance of singleton bean 'parameterMapperImpl'
2025-04-20 14:44:59,988 DEBUG [main][DefaultSingletonBeanRegistry.java:225] - Creating shared instance of singleton bean 'parameterMapperImpl'
2025-04-20 14:44:59,991 DEBUG [main][DefaultSingletonBeanRegistry.java:225] - Creating shared instance of singleton bean 'securityMapperImpl'
2025-04-20 14:44:59,991 DEBUG [main][DefaultSingletonBeanRegistry.java:225] - Creating shared instance of singleton bean 'securityMapperImpl'
2025-04-20 14:45:00,010 DEBUG [main][DefaultSingletonBeanRegistry.java:225] - Creating shared instance of singleton bean 'licenseMapperImpl'
2025-04-20 14:45:00,010 DEBUG [main][DefaultSingletonBeanRegistry.java:225] - Creating shared instance of singleton bean 'licenseMapperImpl'
2025-04-20 14:45:00,013 DEBUG [main][DefaultSingletonBeanRegistry.java:225] - Creating shared instance of singleton bean 'vendorExtensionsMapperImpl'
2025-04-20 14:45:00,013 DEBUG [main][DefaultSingletonBeanRegistry.java:225] - Creating shared instance of singleton bean 'vendorExtensionsMapperImpl'
2025-04-20 14:45:00,014 DEBUG [main][DefaultSingletonBeanRegistry.java:225] - Creating shared instance of singleton bean 'apiListingReferenceScanner'
2025-04-20 14:45:00,014 DEBUG [main][DefaultSingletonBeanRegistry.java:225] - Creating shared instance of singleton bean 'apiListingReferenceScanner'
2025-04-20 14:45:00,016 DEBUG [main][DefaultSingletonBeanRegistry.java:225] - Creating shared instance of singleton bean 'apiDocumentationScanner'
2025-04-20 14:45:00,016 DEBUG [main][DefaultSingletonBeanRegistry.java:225] - Creating shared instance of singleton bean 'apiDocumentationScanner'
2025-04-20 14:45:00,019 DEBUG [main][DefaultSingletonBeanRegistry.java:225] - Creating shared instance of singleton bean 'apiListingScanner'
2025-04-20 14:45:00,019 DEBUG [main][DefaultSingletonBeanRegistry.java:225] - Creating shared instance of singleton bean 'apiListingScanner'
2025-04-20 14:45:00,020 DEBUG [main][DefaultSingletonBeanRegistry.java:225] - Creating shared instance of singleton bean 'apiDescriptionReader'
2025-04-20 14:45:00,020 DEBUG [main][DefaultSingletonBeanRegistry.java:225] - Creating shared instance of singleton bean 'apiDescriptionReader'
2025-04-20 14:45:00,025 DEBUG [main][DefaultSingletonBeanRegistry.java:225] - Creating shared instance of singleton bean 'cachingOperationReader'
2025-04-20 14:45:00,025 DEBUG [main][DefaultSingletonBeanRegistry.java:225] - Creating shared instance of singleton bean 'cachingOperationReader'
2025-04-20 14:45:00,026 DEBUG [main][DefaultSingletonBeanRegistry.java:225] - Creating shared instance of singleton bean 'apiOperationReader'
2025-04-20 14:45:00,026 DEBUG [main][DefaultSingletonBeanRegistry.java:225] - Creating shared instance of singleton bean 'apiOperationReader'
2025-04-20 14:45:00,027 DEBUG [main][DefaultSingletonBeanRegistry.java:225] - Creating shared instance of singleton bean 'documentationPluginsManager'
2025-04-20 14:45:00,027 DEBUG [main][DefaultSingletonBeanRegistry.java:225] - Creating shared instance of singleton bean 'documentationPluginsManager'
2025-04-20 14:45:00,036 DEBUG [main][DefaultSingletonBeanRegistry.java:225] - Creating shared instance of singleton bean 'documentationPluginRegistry'
2025-04-20 14:45:00,036 DEBUG [main][DefaultSingletonBeanRegistry.java:225] - Creating shared instance of singleton bean 'documentationPluginRegistry'
2025-04-20 14:45:00,053 DEBUG [main][DefaultSingletonBeanRegistry.java:225] - Creating shared instance of singleton bean 'apiListingBuilderPluginRegistry'
2025-04-20 14:45:00,053 DEBUG [main][DefaultSingletonBeanRegistry.java:225] - Creating shared instance of singleton bean 'apiListingBuilderPluginRegistry'
2025-04-20 14:45:00,055 DEBUG [main][DefaultSingletonBeanRegistry.java:225] - Creating shared instance of singleton bean 'parameterBuilderPluginRegistry'
2025-04-20 14:45:00,055 DEBUG [main][DefaultSingletonBeanRegistry.java:225] - Creating shared instance of singleton bean 'parameterBuilderPluginRegistry'
2025-04-20 14:45:00,056 DEBUG [main][DefaultSingletonBeanRegistry.java:225] - Creating shared instance of singleton bean 'expandedParameterBuilderPluginRegistry'
2025-04-20 14:45:00,056 DEBUG [main][DefaultSingletonBeanRegistry.java:225] - Creating shared instance of singleton bean 'expandedParameterBuilderPluginRegistry'
2025-04-20 14:45:00,057 DEBUG [main][DefaultSingletonBeanRegistry.java:225] - Creating shared instance of singleton bean 'operationBuilderPluginRegistry'
2025-04-20 14:45:00,057 DEBUG [main][DefaultSingletonBeanRegistry.java:225] - Creating shared instance of singleton bean 'operationBuilderPluginRegistry'
2025-04-20 14:45:00,059 DEBUG [main][DefaultSingletonBeanRegistry.java:225] - Creating shared instance of singleton bean 'resourceGroupingStrategyRegistry'
2025-04-20 14:45:00,059 DEBUG [main][DefaultSingletonBeanRegistry.java:225] - Creating shared instance of singleton bean 'resourceGroupingStrategyRegistry'
2025-04-20 14:45:00,060 DEBUG [main][DefaultSingletonBeanRegistry.java:225] - Creating shared instance of singleton bean 'operationModelsProviderPluginRegistry'
2025-04-20 14:45:00,060 DEBUG [main][DefaultSingletonBeanRegistry.java:225] - Creating shared instance of singleton bean 'operationModelsProviderPluginRegistry'
2025-04-20 14:45:00,061 DEBUG [main][DefaultSingletonBeanRegistry.java:225] - Creating shared instance of singleton bean 'defaultsProviderPluginRegistry'
2025-04-20 14:45:00,061 DEBUG [main][DefaultSingletonBeanRegistry.java:225] - Creating shared instance of singleton bean 'defaultsProviderPluginRegistry'
2025-04-20 14:45:00,062 DEBUG [main][DefaultSingletonBeanRegistry.java:225] - Creating shared instance of singleton bean 'pathDecoratorRegistry'
2025-04-20 14:45:00,062 DEBUG [main][DefaultSingletonBeanRegistry.java:225] - Creating shared instance of singleton bean 'pathDecoratorRegistry'
2025-04-20 14:45:00,063 DEBUG [main][DefaultSingletonBeanRegistry.java:225] - Creating shared instance of singleton bean 'apiListingScannerPluginRegistry'
2025-04-20 14:45:00,063 DEBUG [main][DefaultSingletonBeanRegistry.java:225] - Creating shared instance of singleton bean 'apiListingScannerPluginRegistry'
2025-04-20 14:45:00,065 DEBUG [main][DefaultSingletonBeanRegistry.java:225] - Creating shared instance of singleton bean 'cachingOperationNameGenerator'
2025-04-20 14:45:00,065 DEBUG [main][DefaultSingletonBeanRegistry.java:225] - Creating shared instance of singleton bean 'cachingOperationNameGenerator'
2025-04-20 14:45:00,073 DEBUG [main][ConstructorResolver.java:807] - Autowiring by type from bean name 'apiOperationReader' via constructor to bean named 'documentationPluginsManager'
2025-04-20 14:45:00,073 DEBUG [main][ConstructorResolver.java:807] - Autowiring by type from bean name 'apiOperationReader' via constructor to bean named 'documentationPluginsManager'
2025-04-20 14:45:00,073 DEBUG [main][ConstructorResolver.java:807] - Autowiring by type from bean name 'apiOperationReader' via constructor to bean named 'cachingOperationNameGenerator'
2025-04-20 14:45:00,073 DEBUG [main][ConstructorResolver.java:807] - Autowiring by type from bean name 'apiOperationReader' via constructor to bean named 'cachingOperationNameGenerator'
2025-04-20 14:45:00,074 DEBUG [main][ConstructorResolver.java:807] - Autowiring by type from bean name 'cachingOperationReader' via constructor to bean named 'apiOperationReader'
2025-04-20 14:45:00,074 DEBUG [main][ConstructorResolver.java:807] - Autowiring by type from bean name 'cachingOperationReader' via constructor to bean named 'apiOperationReader'
2025-04-20 14:45:00,123 DEBUG [main][DefaultSingletonBeanRegistry.java:225] - Creating shared instance of singleton bean 'apiDescriptionLookup'
2025-04-20 14:45:00,123 DEBUG [main][DefaultSingletonBeanRegistry.java:225] - Creating shared instance of singleton bean 'apiDescriptionLookup'
2025-04-20 14:45:00,125 DEBUG [main][ConstructorResolver.java:807] - Autowiring by type from bean name 'apiDescriptionReader' via constructor to bean named 'cachingOperationReader'
2025-04-20 14:45:00,125 DEBUG [main][ConstructorResolver.java:807] - Autowiring by type from bean name 'apiDescriptionReader' via constructor to bean named 'cachingOperationReader'
2025-04-20 14:45:00,125 DEBUG [main][ConstructorResolver.java:807] - Autowiring by type from bean name 'apiDescriptionReader' via constructor to bean named 'documentationPluginsManager'
2025-04-20 14:45:00,125 DEBUG [main][ConstructorResolver.java:807] - Autowiring by type from bean name 'apiDescriptionReader' via constructor to bean named 'documentationPluginsManager'
2025-04-20 14:45:00,125 DEBUG [main][ConstructorResolver.java:807] - Autowiring by type from bean name 'apiDescriptionReader' via constructor to bean named 'apiDescriptionLookup'
2025-04-20 14:45:00,125 DEBUG [main][ConstructorResolver.java:807] - Autowiring by type from bean name 'apiDescriptionReader' via constructor to bean named 'apiDescriptionLookup'
2025-04-20 14:45:00,126 DEBUG [main][DefaultSingletonBeanRegistry.java:225] - Creating shared instance of singleton bean 'apiModelReader'
2025-04-20 14:45:00,126 DEBUG [main][DefaultSingletonBeanRegistry.java:225] - Creating shared instance of singleton bean 'apiModelReader'
2025-04-20 14:45:00,129 DEBUG [main][DefaultSingletonBeanRegistry.java:225] - Creating shared instance of singleton bean 'cachingModelProvider'
2025-04-20 14:45:00,129 DEBUG [main][DefaultSingletonBeanRegistry.java:225] - Creating shared instance of singleton bean 'cachingModelProvider'
2025-04-20 14:45:00,130 DEBUG [main][DefaultSingletonBeanRegistry.java:225] - Creating shared instance of singleton bean 'defaultModelProvider'
2025-04-20 14:45:00,130 DEBUG [main][DefaultSingletonBeanRegistry.java:225] - Creating shared instance of singleton bean 'defaultModelProvider'
2025-04-20 14:45:00,134 DEBUG [main][DefaultSingletonBeanRegistry.java:225] - Creating shared instance of singleton bean 'typeResolver'
2025-04-20 14:45:00,134 DEBUG [main][DefaultSingletonBeanRegistry.java:225] - Creating shared instance of singleton bean 'typeResolver'
2025-04-20 14:45:00,134 DEBUG [main][DefaultSingletonBeanRegistry.java:225] - Creating shared instance of singleton bean 'springfox.documentation.schema.configuration.ModelsConfiguration'
2025-04-20 14:45:00,134 DEBUG [main][DefaultSingletonBeanRegistry.java:225] - Creating shared instance of singleton bean 'springfox.documentation.schema.configuration.ModelsConfiguration'
2025-04-20 14:45:00,139 DEBUG [main][DefaultSingletonBeanRegistry.java:225] - Creating shared instance of singleton bean 'cachingModelPropertiesProvider'
2025-04-20 14:45:00,139 DEBUG [main][DefaultSingletonBeanRegistry.java:225] - Creating shared instance of singleton bean 'cachingModelPropertiesProvider'
2025-04-20 14:45:00,142 DEBUG [main][DefaultSingletonBeanRegistry.java:225] - Creating shared instance of singleton bean 'optimized'
2025-04-20 14:45:00,142 DEBUG [main][DefaultSingletonBeanRegistry.java:225] - Creating shared instance of singleton bean 'optimized'
2025-04-20 14:45:00,150 DEBUG [main][DefaultSingletonBeanRegistry.java:225] - Creating shared instance of singleton bean 'accessorsProvider'
2025-04-20 14:45:00,150 DEBUG [main][DefaultSingletonBeanRegistry.java:225] - Creating shared instance of singleton bean 'accessorsProvider'
2025-04-20 14:45:00,153 DEBUG [main][ConstructorResolver.java:807] - Autowiring by type from bean name 'accessorsProvider' via constructor to bean named 'typeResolver'
2025-04-20 14:45:00,153 DEBUG [main][ConstructorResolver.java:807] - Autowiring by type from bean name 'accessorsProvider' via constructor to bean named 'typeResolver'
2025-04-20 14:45:00,154 DEBUG [main][DefaultSingletonBeanRegistry.java:225] - Creating shared instance of singleton bean 'fieldProvider'
2025-04-20 14:45:00,154 DEBUG [main][DefaultSingletonBeanRegistry.java:225] - Creating shared instance of singleton bean 'fieldProvider'
2025-04-20 14:45:00,155 DEBUG [main][ConstructorResolver.java:807] - Autowiring by type from bean name 'fieldProvider' via constructor to bean named 'typeResolver'
2025-04-20 14:45:00,155 DEBUG [main][ConstructorResolver.java:807] - Autowiring by type from bean name 'fieldProvider' via constructor to bean named 'typeResolver'
2025-04-20 14:45:00,156 DEBUG [main][DefaultSingletonBeanRegistry.java:225] - Creating shared instance of singleton bean 'factoryMethodProvider'
2025-04-20 14:45:00,156 DEBUG [main][DefaultSingletonBeanRegistry.java:225] - Creating shared instance of singleton bean 'factoryMethodProvider'
2025-04-20 14:45:00,157 DEBUG [main][ConstructorResolver.java:807] - Autowiring by type from bean name 'factoryMethodProvider' via constructor to bean named 'typeResolver'
2025-04-20 14:45:00,157 DEBUG [main][ConstructorResolver.java:807] - Autowiring by type from bean name 'factoryMethodProvider' via constructor to bean named 'typeResolver'
2025-04-20 14:45:00,161 DEBUG [main][DefaultSingletonBeanRegistry.java:225] - Creating shared instance of singleton bean 'objectMapperBeanPropertyNamingStrategy'
2025-04-20 14:45:00,161 DEBUG [main][DefaultSingletonBeanRegistry.java:225] - Creating shared instance of singleton bean 'objectMapperBeanPropertyNamingStrategy'
2025-04-20 14:45:00,163 DEBUG [main][DefaultSingletonBeanRegistry.java:225] - Creating shared instance of singleton bean 'schemaPluginsManager'
2025-04-20 14:45:00,163 DEBUG [main][DefaultSingletonBeanRegistry.java:225] - Creating shared instance of singleton bean 'schemaPluginsManager'
2025-04-20 14:45:00,167 DEBUG [main][DefaultSingletonBeanRegistry.java:225] - Creating shared instance of singleton bean 'modelPropertyBuilderPluginRegistry'
2025-04-20 14:45:00,167 DEBUG [main][DefaultSingletonBeanRegistry.java:225] - Creating shared instance of singleton bean 'modelPropertyBuilderPluginRegistry'
2025-04-20 14:45:00,168 DEBUG [main][DefaultSingletonBeanRegistry.java:225] - Creating shared instance of singleton bean 'modelBuilderPluginRegistry'
2025-04-20 14:45:00,168 DEBUG [main][DefaultSingletonBeanRegistry.java:225] - Creating shared instance of singleton bean 'modelBuilderPluginRegistry'
2025-04-20 14:45:00,169 DEBUG [main][DefaultSingletonBeanRegistry.java:225] - Creating shared instance of singleton bean 'syntheticModelProviderPluginRegistry'
2025-04-20 14:45:00,169 DEBUG [main][DefaultSingletonBeanRegistry.java:225] - Creating shared instance of singleton bean 'syntheticModelProviderPluginRegistry'
2025-04-20 14:45:00,169 DEBUG [main][ConstructorResolver.java:807] - Autowiring by type from bean name 'schemaPluginsManager' via constructor to bean named 'modelPropertyBuilderPluginRegistry'
2025-04-20 14:45:00,169 DEBUG [main][ConstructorResolver.java:807] - Autowiring by type from bean name 'schemaPluginsManager' via constructor to bean named 'modelPropertyBuilderPluginRegistry'
2025-04-20 14:45:00,169 DEBUG [main][ConstructorResolver.java:807] - Autowiring by type from bean name 'schemaPluginsManager' via constructor to bean named 'modelBuilderPluginRegistry'
2025-04-20 14:45:00,169 DEBUG [main][ConstructorResolver.java:807] - Autowiring by type from bean name 'schemaPluginsManager' via constructor to bean named 'modelBuilderPluginRegistry'
2025-04-20 14:45:00,169 DEBUG [main][ConstructorResolver.java:807] - Autowiring by type from bean name 'schemaPluginsManager' via constructor to bean named 'syntheticModelProviderPluginRegistry'
2025-04-20 14:45:00,169 DEBUG [main][ConstructorResolver.java:807] - Autowiring by type from bean name 'schemaPluginsManager' via constructor to bean named 'syntheticModelProviderPluginRegistry'
2025-04-20 14:45:00,170 DEBUG [main][DefaultSingletonBeanRegistry.java:225] - Creating shared instance of singleton bean 'typeNameExtractor'
2025-04-20 14:45:00,170 DEBUG [main][DefaultSingletonBeanRegistry.java:225] - Creating shared instance of singleton bean 'typeNameExtractor'
2025-04-20 14:45:00,172 DEBUG [main][DefaultSingletonBeanRegistry.java:225] - Creating shared instance of singleton bean 'typeNameProviderPluginRegistry'
2025-04-20 14:45:00,172 DEBUG [main][DefaultSingletonBeanRegistry.java:225] - Creating shared instance of singleton bean 'typeNameProviderPluginRegistry'
2025-04-20 14:45:00,173 DEBUG [main][DefaultSingletonBeanRegistry.java:225] - Creating shared instance of singleton bean 'jacksonEnumTypeDeterminer'
2025-04-20 14:45:00,173 DEBUG [main][DefaultSingletonBeanRegistry.java:225] - Creating shared instance of singleton bean 'jacksonEnumTypeDeterminer'
2025-04-20 14:45:00,175 DEBUG [main][ConstructorResolver.java:807] - Autowiring by type from bean name 'typeNameExtractor' via constructor to bean named 'typeResolver'
2025-04-20 14:45:00,175 DEBUG [main][ConstructorResolver.java:807] - Autowiring by type from bean name 'typeNameExtractor' via constructor to bean named 'typeResolver'
2025-04-20 14:45:00,175 DEBUG [main][ConstructorResolver.java:807] - Autowiring by type from bean name 'typeNameExtractor' via constructor to bean named 'typeNameProviderPluginRegistry'
2025-04-20 14:45:00,175 DEBUG [main][ConstructorResolver.java:807] - Autowiring by type from bean name 'typeNameExtractor' via constructor to bean named 'typeNameProviderPluginRegistry'
2025-04-20 14:45:00,175 DEBUG [main][ConstructorResolver.java:807] - Autowiring by type from bean name 'typeNameExtractor' via constructor to bean named 'jacksonEnumTypeDeterminer'
2025-04-20 14:45:00,175 DEBUG [main][ConstructorResolver.java:807] - Autowiring by type from bean name 'typeNameExtractor' via constructor to bean named 'jacksonEnumTypeDeterminer'
2025-04-20 14:45:00,175 DEBUG [main][ConstructorResolver.java:807] - Autowiring by type from bean name 'optimized' via constructor to bean named 'accessorsProvider'
2025-04-20 14:45:00,175 DEBUG [main][ConstructorResolver.java:807] - Autowiring by type from bean name 'optimized' via constructor to bean named 'accessorsProvider'
2025-04-20 14:45:00,175 DEBUG [main][ConstructorResolver.java:807] - Autowiring by type from bean name 'optimized' via constructor to bean named 'fieldProvider'
2025-04-20 14:45:00,175 DEBUG [main][ConstructorResolver.java:807] - Autowiring by type from bean name 'optimized' via constructor to bean named 'fieldProvider'
2025-04-20 14:45:00,175 DEBUG [main][ConstructorResolver.java:807] - Autowiring by type from bean name 'optimized' via constructor to bean named 'factoryMethodProvider'
2025-04-20 14:45:00,175 DEBUG [main][ConstructorResolver.java:807] - Autowiring by type from bean name 'optimized' via constructor to bean named 'factoryMethodProvider'
2025-04-20 14:45:00,175 DEBUG [main][ConstructorResolver.java:807] - Autowiring by type from bean name 'optimized' via constructor to bean named 'typeResolver'
2025-04-20 14:45:00,175 DEBUG [main][ConstructorResolver.java:807] - Autowiring by type from bean name 'optimized' via constructor to bean named 'typeResolver'
2025-04-20 14:45:00,175 DEBUG [main][ConstructorResolver.java:807] - Autowiring by type from bean name 'optimized' via constructor to bean named 'objectMapperBeanPropertyNamingStrategy'
2025-04-20 14:45:00,175 DEBUG [main][ConstructorResolver.java:807] - Autowiring by type from bean name 'optimized' via constructor to bean named 'objectMapperBeanPropertyNamingStrategy'
2025-04-20 14:45:00,175 DEBUG [main][ConstructorResolver.java:807] - Autowiring by type from bean name 'optimized' via constructor to bean named 'schemaPluginsManager'
2025-04-20 14:45:00,175 DEBUG [main][ConstructorResolver.java:807] - Autowiring by type from bean name 'optimized' via constructor to bean named 'schemaPluginsManager'
2025-04-20 14:45:00,176 DEBUG [main][ConstructorResolver.java:807] - Autowiring by type from bean name 'optimized' via constructor to bean named 'typeNameExtractor'
2025-04-20 14:45:00,176 DEBUG [main][ConstructorResolver.java:807] - Autowiring by type from bean name 'optimized' via constructor to bean named 'typeNameExtractor'
2025-04-20 14:45:00,176 DEBUG [main][ConstructorResolver.java:807] - Autowiring by type from bean name 'cachingModelPropertiesProvider' via constructor to bean named 'typeResolver'
2025-04-20 14:45:00,176 DEBUG [main][ConstructorResolver.java:807] - Autowiring by type from bean name 'cachingModelPropertiesProvider' via constructor to bean named 'typeResolver'
2025-04-20 14:45:00,176 DEBUG [main][ConstructorResolver.java:807] - Autowiring by type from bean name 'cachingModelPropertiesProvider' via constructor to bean named 'optimized'
2025-04-20 14:45:00,176 DEBUG [main][ConstructorResolver.java:807] - Autowiring by type from bean name 'cachingModelPropertiesProvider' via constructor to bean named 'optimized'
2025-04-20 14:45:00,177 DEBUG [main][DefaultSingletonBeanRegistry.java:225] - Creating shared instance of singleton bean 'cachingModelDependencyProvider'
2025-04-20 14:45:00,177 DEBUG [main][DefaultSingletonBeanRegistry.java:225] - Creating shared instance of singleton bean 'cachingModelDependencyProvider'
2025-04-20 14:45:00,179 DEBUG [main][DefaultSingletonBeanRegistry.java:225] - Creating shared instance of singleton bean 'defaultModelDependencyProvider'
2025-04-20 14:45:00,179 DEBUG [main][DefaultSingletonBeanRegistry.java:225] - Creating shared instance of singleton bean 'defaultModelDependencyProvider'
2025-04-20 14:45:00,183 DEBUG [main][ConstructorResolver.java:807] - Autowiring by type from bean name 'defaultModelDependencyProvider' via constructor to bean named 'typeResolver'
2025-04-20 14:45:00,183 DEBUG [main][ConstructorResolver.java:807] - Autowiring by type from bean name 'defaultModelDependencyProvider' via constructor to bean named 'typeResolver'
2025-04-20 14:45:00,183 DEBUG [main][ConstructorResolver.java:807] - Autowiring by type from bean name 'defaultModelDependencyProvider' via constructor to bean named 'cachingModelPropertiesProvider'
2025-04-20 14:45:00,183 DEBUG [main][ConstructorResolver.java:807] - Autowiring by type from bean name 'defaultModelDependencyProvider' via constructor to bean named 'cachingModelPropertiesProvider'
2025-04-20 14:45:00,183 DEBUG [main][ConstructorResolver.java:807] - Autowiring by type from bean name 'defaultModelDependencyProvider' via constructor to bean named 'typeNameExtractor'
2025-04-20 14:45:00,183 DEBUG [main][ConstructorResolver.java:807] - Autowiring by type from bean name 'defaultModelDependencyProvider' via constructor to bean named 'typeNameExtractor'
2025-04-20 14:45:00,183 DEBUG [main][ConstructorResolver.java:807] - Autowiring by type from bean name 'defaultModelDependencyProvider' via constructor to bean named 'jacksonEnumTypeDeterminer'
2025-04-20 14:45:00,183 DEBUG [main][ConstructorResolver.java:807] - Autowiring by type from bean name 'defaultModelDependencyProvider' via constructor to bean named 'jacksonEnumTypeDeterminer'
2025-04-20 14:45:00,183 DEBUG [main][ConstructorResolver.java:807] - Autowiring by type from bean name 'defaultModelDependencyProvider' via constructor to bean named 'schemaPluginsManager'
2025-04-20 14:45:00,183 DEBUG [main][ConstructorResolver.java:807] - Autowiring by type from bean name 'defaultModelDependencyProvider' via constructor to bean named 'schemaPluginsManager'
2025-04-20 14:45:00,184 DEBUG [main][ConstructorResolver.java:807] - Autowiring by type from bean name 'cachingModelDependencyProvider' via constructor to bean named 'defaultModelDependencyProvider'
2025-04-20 14:45:00,184 DEBUG [main][ConstructorResolver.java:807] - Autowiring by type from bean name 'cachingModelDependencyProvider' via constructor to bean named 'defaultModelDependencyProvider'
2025-04-20 14:45:00,185 DEBUG [main][ConstructorResolver.java:807] - Autowiring by type from bean name 'defaultModelProvider' via constructor to bean named 'typeResolver'
2025-04-20 14:45:00,185 DEBUG [main][ConstructorResolver.java:807] - Autowiring by type from bean name 'defaultModelProvider' via constructor to bean named 'typeResolver'
2025-04-20 14:45:00,185 DEBUG [main][ConstructorResolver.java:807] - Autowiring by type from bean name 'defaultModelProvider' via constructor to bean named 'cachingModelPropertiesProvider'
2025-04-20 14:45:00,185 DEBUG [main][ConstructorResolver.java:807] - Autowiring by type from bean name 'defaultModelProvider' via constructor to bean named 'cachingModelPropertiesProvider'
2025-04-20 14:45:00,185 DEBUG [main][ConstructorResolver.java:807] - Autowiring by type from bean name 'defaultModelProvider' via constructor to bean named 'cachingModelDependencyProvider'
2025-04-20 14:45:00,185 DEBUG [main][ConstructorResolver.java:807] - Autowiring by type from bean name 'defaultModelProvider' via constructor to bean named 'cachingModelDependencyProvider'
2025-04-20 14:45:00,186 DEBUG [main][ConstructorResolver.java:807] - Autowiring by type from bean name 'defaultModelProvider' via constructor to bean named 'schemaPluginsManager'
2025-04-20 14:45:00,186 DEBUG [main][ConstructorResolver.java:807] - Autowiring by type from bean name 'defaultModelProvider' via constructor to bean named 'schemaPluginsManager'
2025-04-20 14:45:00,186 DEBUG [main][ConstructorResolver.java:807] - Autowiring by type from bean name 'defaultModelProvider' via constructor to bean named 'typeNameExtractor'
2025-04-20 14:45:00,186 DEBUG [main][ConstructorResolver.java:807] - Autowiring by type from bean name 'defaultModelProvider' via constructor to bean named 'typeNameExtractor'
2025-04-20 14:45:00,186 DEBUG [main][ConstructorResolver.java:807] - Autowiring by type from bean name 'defaultModelProvider' via constructor to bean named 'jacksonEnumTypeDeterminer'
2025-04-20 14:45:00,186 DEBUG [main][ConstructorResolver.java:807] - Autowiring by type from bean name 'defaultModelProvider' via constructor to bean named 'jacksonEnumTypeDeterminer'
2025-04-20 14:45:00,186 DEBUG [main][ConstructorResolver.java:807] - Autowiring by type from bean name 'cachingModelProvider' via constructor to bean named 'defaultModelProvider'
2025-04-20 14:45:00,186 DEBUG [main][ConstructorResolver.java:807] - Autowiring by type from bean name 'cachingModelProvider' via constructor to bean named 'defaultModelProvider'
2025-04-20 14:45:00,187 DEBUG [main][ConstructorResolver.java:807] - Autowiring by type from bean name 'apiModelReader' via constructor to bean named 'cachingModelProvider'
2025-04-20 14:45:00,187 DEBUG [main][ConstructorResolver.java:807] - Autowiring by type from bean name 'apiModelReader' via constructor to bean named 'cachingModelProvider'
2025-04-20 14:45:00,187 DEBUG [main][ConstructorResolver.java:807] - Autowiring by type from bean name 'apiModelReader' via constructor to bean named 'typeResolver'
2025-04-20 14:45:00,187 DEBUG [main][ConstructorResolver.java:807] - Autowiring by type from bean name 'apiModelReader' via constructor to bean named 'typeResolver'
2025-04-20 14:45:00,188 DEBUG [main][ConstructorResolver.java:807] - Autowiring by type from bean name 'apiModelReader' via constructor to bean named 'documentationPluginsManager'
2025-04-20 14:45:00,188 DEBUG [main][ConstructorResolver.java:807] - Autowiring by type from bean name 'apiModelReader' via constructor to bean named 'documentationPluginsManager'
2025-04-20 14:45:00,188 DEBUG [main][ConstructorResolver.java:807] - Autowiring by type from bean name 'apiListingScanner' via constructor to bean named 'apiDescriptionReader'
2025-04-20 14:45:00,188 DEBUG [main][ConstructorResolver.java:807] - Autowiring by type from bean name 'apiListingScanner' via constructor to bean named 'apiDescriptionReader'
2025-04-20 14:45:00,188 DEBUG [main][ConstructorResolver.java:807] - Autowiring by type from bean name 'apiListingScanner' via constructor to bean named 'apiModelReader'
2025-04-20 14:45:00,188 DEBUG [main][ConstructorResolver.java:807] - Autowiring by type from bean name 'apiListingScanner' via constructor to bean named 'apiModelReader'
2025-04-20 14:45:00,188 DEBUG [main][ConstructorResolver.java:807] - Autowiring by type from bean name 'apiListingScanner' via constructor to bean named 'documentationPluginsManager'
2025-04-20 14:45:00,188 DEBUG [main][ConstructorResolver.java:807] - Autowiring by type from bean name 'apiListingScanner' via constructor to bean named 'documentationPluginsManager'
2025-04-20 14:45:00,188 DEBUG [main][ConstructorResolver.java:807] - Autowiring by type from bean name 'apiDocumentationScanner' via constructor to bean named 'apiListingReferenceScanner'
2025-04-20 14:45:00,188 DEBUG [main][ConstructorResolver.java:807] - Autowiring by type from bean name 'apiDocumentationScanner' via constructor to bean named 'apiListingReferenceScanner'
2025-04-20 14:45:00,189 DEBUG [main][ConstructorResolver.java:807] - Autowiring by type from bean name 'apiDocumentationScanner' via constructor to bean named 'apiListingScanner'
2025-04-20 14:45:00,189 DEBUG [main][ConstructorResolver.java:807] - Autowiring by type from bean name 'apiDocumentationScanner' via constructor to bean named 'apiListingScanner'
2025-04-20 14:45:00,189 DEBUG [main][DefaultSingletonBeanRegistry.java:225] - Creating shared instance of singleton bean 'apiListingReader'
2025-04-20 14:45:00,189 DEBUG [main][DefaultSingletonBeanRegistry.java:225] - Creating shared instance of singleton bean 'apiListingReader'
2025-04-20 14:45:00,189 DEBUG [main][DefaultSingletonBeanRegistry.java:225] - Creating shared instance of singleton bean 'mediaTypeReader'
2025-04-20 14:45:00,189 DEBUG [main][DefaultSingletonBeanRegistry.java:225] - Creating shared instance of singleton bean 'mediaTypeReader'
2025-04-20 14:45:00,190 DEBUG [main][DefaultSingletonBeanRegistry.java:225] - Creating shared instance of singleton bean 'operationModelsProvider'
2025-04-20 14:45:00,190 DEBUG [main][DefaultSingletonBeanRegistry.java:225] - Creating shared instance of singleton bean 'operationModelsProvider'
2025-04-20 14:45:00,192 DEBUG [main][ConstructorResolver.java:807] - Autowiring by type from bean name 'operationModelsProvider' via constructor to bean named 'typeResolver'
2025-04-20 14:45:00,192 DEBUG [main][ConstructorResolver.java:807] - Autowiring by type from bean name 'operationModelsProvider' via constructor to bean named 'typeResolver'
2025-04-20 14:45:00,192 DEBUG [main][DefaultSingletonBeanRegistry.java:225] - Creating shared instance of singleton bean 'operationDeprecatedReader'
2025-04-20 14:45:00,192 DEBUG [main][DefaultSingletonBeanRegistry.java:225] - Creating shared instance of singleton bean 'operationDeprecatedReader'
2025-04-20 14:45:00,193 DEBUG [main][DefaultSingletonBeanRegistry.java:225] - Creating shared instance of singleton bean 'responseMessagesReader'
2025-04-20 14:45:00,193 DEBUG [main][DefaultSingletonBeanRegistry.java:225] - Creating shared instance of singleton bean 'responseMessagesReader'
2025-04-20 14:45:00,194 DEBUG [main][ConstructorResolver.java:807] - Autowiring by type from bean name 'responseMessagesReader' via constructor to bean named 'typeNameExtractor'
2025-04-20 14:45:00,194 DEBUG [main][ConstructorResolver.java:807] - Autowiring by type from bean name 'responseMessagesReader' via constructor to bean named 'typeNameExtractor'
2025-04-20 14:45:00,194 DEBUG [main][DefaultSingletonBeanRegistry.java:225] - Creating shared instance of singleton bean 'operationParameterReader'
2025-04-20 14:45:00,194 DEBUG [main][DefaultSingletonBeanRegistry.java:225] - Creating shared instance of singleton bean 'operationParameterReader'
2025-04-20 14:45:00,197 DEBUG [main][DefaultSingletonBeanRegistry.java:225] - Creating shared instance of singleton bean 'modelAttributeParameterExpander'
2025-04-20 14:45:00,197 DEBUG [main][DefaultSingletonBeanRegistry.java:225] - Creating shared instance of singleton bean 'modelAttributeParameterExpander'
2025-04-20 14:45:00,202 DEBUG [main][ConstructorResolver.java:807] - Autowiring by type from bean name 'modelAttributeParameterExpander' via constructor to bean named 'fieldProvider'
2025-04-20 14:45:00,202 DEBUG [main][ConstructorResolver.java:807] - Autowiring by type from bean name 'modelAttributeParameterExpander' via constructor to bean named 'fieldProvider'
2025-04-20 14:45:00,202 DEBUG [main][ConstructorResolver.java:807] - Autowiring by type from bean name 'modelAttributeParameterExpander' via constructor to bean named 'accessorsProvider'
2025-04-20 14:45:00,202 DEBUG [main][ConstructorResolver.java:807] - Autowiring by type from bean name 'modelAttributeParameterExpander' via constructor to bean named 'accessorsProvider'
2025-04-20 14:45:00,202 DEBUG [main][ConstructorResolver.java:807] - Autowiring by type from bean name 'modelAttributeParameterExpander' via constructor to bean named 'jacksonEnumTypeDeterminer'
2025-04-20 14:45:00,202 DEBUG [main][ConstructorResolver.java:807] - Autowiring by type from bean name 'modelAttributeParameterExpander' via constructor to bean named 'jacksonEnumTypeDeterminer'
2025-04-20 14:45:00,202 DEBUG [main][ConstructorResolver.java:807] - Autowiring by type from bean name 'operationParameterReader' via constructor to bean named 'modelAttributeParameterExpander'
2025-04-20 14:45:00,202 DEBUG [main][ConstructorResolver.java:807] - Autowiring by type from bean name 'operationParameterReader' via constructor to bean named 'modelAttributeParameterExpander'
2025-04-20 14:45:00,202 DEBUG [main][ConstructorResolver.java:807] - Autowiring by type from bean name 'operationParameterReader' via constructor to bean named 'jacksonEnumTypeDeterminer'
2025-04-20 14:45:00,202 DEBUG [main][ConstructorResolver.java:807] - Autowiring by type from bean name 'operationParameterReader' via constructor to bean named 'jacksonEnumTypeDeterminer'
2025-04-20 14:45:00,203 DEBUG [main][DefaultSingletonBeanRegistry.java:225] - Creating shared instance of singleton bean 'defaultTagsProvider'
2025-04-20 14:45:00,203 DEBUG [main][DefaultSingletonBeanRegistry.java:225] - Creating shared instance of singleton bean 'defaultTagsProvider'
2025-04-20 14:45:00,205 DEBUG [main][DefaultSingletonBeanRegistry.java:225] - Creating shared instance of singleton bean 'operationTagsReader'
2025-04-20 14:45:00,205 DEBUG [main][DefaultSingletonBeanRegistry.java:225] - Creating shared instance of singleton bean 'operationTagsReader'
2025-04-20 14:45:00,206 DEBUG [main][ConstructorResolver.java:807] - Autowiring by type from bean name 'operationTagsReader' via constructor to bean named 'defaultTagsProvider'
2025-04-20 14:45:00,206 DEBUG [main][ConstructorResolver.java:807] - Autowiring by type from bean name 'operationTagsReader' via constructor to bean named 'defaultTagsProvider'
2025-04-20 14:45:00,206 DEBUG [main][DefaultSingletonBeanRegistry.java:225] - Creating shared instance of singleton bean 'defaultOperationReader'
2025-04-20 14:45:00,206 DEBUG [main][DefaultSingletonBeanRegistry.java:225] - Creating shared instance of singleton bean 'defaultOperationReader'
2025-04-20 14:45:00,207 DEBUG [main][DefaultSingletonBeanRegistry.java:225] - Creating shared instance of singleton bean 'operationParameterRequestConditionReader'
2025-04-20 14:45:00,207 DEBUG [main][DefaultSingletonBeanRegistry.java:225] - Creating shared instance of singleton bean 'operationParameterRequestConditionReader'
2025-04-20 14:45:00,209 DEBUG [main][ConstructorResolver.java:807] - Autowiring by type from bean name 'operationParameterRequestConditionReader' via constructor to bean named 'typeResolver'
2025-04-20 14:45:00,209 DEBUG [main][ConstructorResolver.java:807] - Autowiring by type from bean name 'operationParameterRequestConditionReader' via constructor to bean named 'typeResolver'
2025-04-20 14:45:00,209 DEBUG [main][DefaultSingletonBeanRegistry.java:225] - Creating shared instance of singleton bean 'operationParameterHeadersConditionReader'
2025-04-20 14:45:00,209 DEBUG [main][DefaultSingletonBeanRegistry.java:225] - Creating shared instance of singleton bean 'operationParameterHeadersConditionReader'
2025-04-20 14:45:00,210 DEBUG [main][ConstructorResolver.java:807] - Autowiring by type from bean name 'operationParameterHeadersConditionReader' via constructor to bean named 'typeResolver'
2025-04-20 14:45:00,210 DEBUG [main][ConstructorResolver.java:807] - Autowiring by type from bean name 'operationParameterHeadersConditionReader' via constructor to bean named 'typeResolver'
2025-04-20 14:45:00,210 DEBUG [main][DefaultSingletonBeanRegistry.java:225] - Creating shared instance of singleton bean 'operationResponseClassReader'
2025-04-20 14:45:00,210 DEBUG [main][DefaultSingletonBeanRegistry.java:225] - Creating shared instance of singleton bean 'operationResponseClassReader'
2025-04-20 14:45:00,211 DEBUG [main][ConstructorResolver.java:807] - Autowiring by type from bean name 'operationResponseClassReader' via constructor to bean named 'typeNameExtractor'
2025-04-20 14:45:00,211 DEBUG [main][ConstructorResolver.java:807] - Autowiring by type from bean name 'operationResponseClassReader' via constructor to bean named 'typeNameExtractor'
2025-04-20 14:45:00,211 DEBUG [main][DefaultSingletonBeanRegistry.java:225] - Creating shared instance of singleton bean 'parameterMultiplesReader'
2025-04-20 14:45:00,211 DEBUG [main][DefaultSingletonBeanRegistry.java:225] - Creating shared instance of singleton bean 'parameterMultiplesReader'
2025-04-20 14:45:00,212 DEBUG [main][DefaultSingletonBeanRegistry.java:225] - Creating shared instance of singleton bean 'parameterTypeReader'
2025-04-20 14:45:00,212 DEBUG [main][DefaultSingletonBeanRegistry.java:225] - Creating shared instance of singleton bean 'parameterTypeReader'
2025-04-20 14:45:00,213 DEBUG [main][DefaultSingletonBeanRegistry.java:225] - Creating shared instance of singleton bean 'parameterRequiredReader'
2025-04-20 14:45:00,213 DEBUG [main][DefaultSingletonBeanRegistry.java:225] - Creating shared instance of singleton bean 'parameterRequiredReader'
2025-04-20 14:45:00,215 DEBUG [main][DefaultSingletonBeanRegistry.java:225] - Creating shared instance of singleton bean 'descriptionResolver'
2025-04-20 14:45:00,215 DEBUG [main][DefaultSingletonBeanRegistry.java:225] - Creating shared instance of singleton bean 'descriptionResolver'
2025-04-20 14:45:00,215 DEBUG [main][DefaultSingletonBeanRegistry.java:225] - Creating shared instance of singleton bean 'springfox.documentation.spring.web.SpringfoxWebMvcConfiguration'
2025-04-20 14:45:00,215 DEBUG [main][DefaultSingletonBeanRegistry.java:225] - Creating shared instance of singleton bean 'springfox.documentation.spring.web.SpringfoxWebMvcConfiguration'
2025-04-20 14:45:00,217 DEBUG [main][ConstructorResolver.java:807] - Autowiring by type from bean name 'descriptionResolver' via factory method to bean named 'environment'
2025-04-20 14:45:00,217 DEBUG [main][ConstructorResolver.java:807] - Autowiring by type from bean name 'descriptionResolver' via factory method to bean named 'environment'
2025-04-20 14:45:00,220 DEBUG [main][ConstructorResolver.java:807] - Autowiring by type from bean name 'parameterRequiredReader' via constructor to bean named 'descriptionResolver'
2025-04-20 14:45:00,220 DEBUG [main][ConstructorResolver.java:807] - Autowiring by type from bean name 'parameterRequiredReader' via constructor to bean named 'descriptionResolver'
2025-04-20 14:45:00,220 DEBUG [main][DefaultSingletonBeanRegistry.java:225] - Creating shared instance of singleton bean 'parameterDataTypeReader'
2025-04-20 14:45:00,220 DEBUG [main][DefaultSingletonBeanRegistry.java:225] - Creating shared instance of singleton bean 'parameterDataTypeReader'
2025-04-20 14:45:00,221 DEBUG [main][ConstructorResolver.java:807] - Autowiring by type from bean name 'parameterDataTypeReader' via constructor to bean named 'typeNameExtractor'
2025-04-20 14:45:00,221 DEBUG [main][ConstructorResolver.java:807] - Autowiring by type from bean name 'parameterDataTypeReader' via constructor to bean named 'typeNameExtractor'
2025-04-20 14:45:00,221 DEBUG [main][ConstructorResolver.java:807] - Autowiring by type from bean name 'parameterDataTypeReader' via constructor to bean named 'typeResolver'
2025-04-20 14:45:00,221 DEBUG [main][ConstructorResolver.java:807] - Autowiring by type from bean name 'parameterDataTypeReader' via constructor to bean named 'typeResolver'
2025-04-20 14:45:00,221 DEBUG [main][ConstructorResolver.java:807] - Autowiring by type from bean name 'parameterDataTypeReader' via constructor to bean named 'jacksonEnumTypeDeterminer'
2025-04-20 14:45:00,221 DEBUG [main][ConstructorResolver.java:807] - Autowiring by type from bean name 'parameterDataTypeReader' via constructor to bean named 'jacksonEnumTypeDeterminer'
2025-04-20 14:45:00,222 DEBUG [main][DefaultSingletonBeanRegistry.java:225] - Creating shared instance of singleton bean 'parameterDefaultReader'
2025-04-20 14:45:00,222 DEBUG [main][DefaultSingletonBeanRegistry.java:225] - Creating shared instance of singleton bean 'parameterDefaultReader'
2025-04-20 14:45:00,223 DEBUG [main][ConstructorResolver.java:807] - Autowiring by type from bean name 'parameterDefaultReader' via constructor to bean named 'descriptionResolver'
2025-04-20 14:45:00,223 DEBUG [main][ConstructorResolver.java:807] - Autowiring by type from bean name 'parameterDefaultReader' via constructor to bean named 'descriptionResolver'
2025-04-20 14:45:00,223 DEBUG [main][DefaultSingletonBeanRegistry.java:225] - Creating shared instance of singleton bean 'parameterNameReader'
2025-04-20 14:45:00,223 DEBUG [main][DefaultSingletonBeanRegistry.java:225] - Creating shared instance of singleton bean 'parameterNameReader'
2025-04-20 14:45:00,224 DEBUG [main][DefaultSingletonBeanRegistry.java:225] - Creating shared instance of singleton bean 'expandedParameterBuilder'
2025-04-20 14:45:00,224 DEBUG [main][DefaultSingletonBeanRegistry.java:225] - Creating shared instance of singleton bean 'expandedParameterBuilder'
2025-04-20 14:45:00,225 DEBUG [main][ConstructorResolver.java:807] - Autowiring by type from bean name 'expandedParameterBuilder' via constructor to bean named 'typeResolver'
2025-04-20 14:45:00,225 DEBUG [main][ConstructorResolver.java:807] - Autowiring by type from bean name 'expandedParameterBuilder' via constructor to bean named 'typeResolver'
2025-04-20 14:45:00,225 DEBUG [main][ConstructorResolver.java:807] - Autowiring by type from bean name 'expandedParameterBuilder' via constructor to bean named 'jacksonEnumTypeDeterminer'
2025-04-20 14:45:00,225 DEBUG [main][ConstructorResolver.java:807] - Autowiring by type from bean name 'expandedParameterBuilder' via constructor to bean named 'jacksonEnumTypeDeterminer'
2025-04-20 14:45:00,226 DEBUG [main][DefaultSingletonBeanRegistry.java:225] - Creating shared instance of singleton bean 'documentationPluginsBootstrapper'
2025-04-20 14:45:00,226 DEBUG [main][DefaultSingletonBeanRegistry.java:225] - Creating shared instance of singleton bean 'documentationPluginsBootstrapper'
2025-04-20 14:45:00,228 DEBUG [main][DefaultSingletonBeanRegistry.java:225] - Creating shared instance of singleton bean 'webMvcRequestHandlerProvider'
2025-04-20 14:45:00,228 DEBUG [main][DefaultSingletonBeanRegistry.java:225] - Creating shared instance of singleton bean 'webMvcRequestHandlerProvider'
2025-04-20 14:45:00,229 DEBUG [main][DefaultSingletonBeanRegistry.java:225] - Creating shared instance of singleton bean 'methodResolver'
2025-04-20 14:45:00,229 DEBUG [main][DefaultSingletonBeanRegistry.java:225] - Creating shared instance of singleton bean 'methodResolver'
2025-04-20 14:45:00,229 DEBUG [main][ConstructorResolver.java:807] - Autowiring by type from bean name 'methodResolver' via factory method to bean named 'typeResolver'
2025-04-20 14:45:00,229 DEBUG [main][ConstructorResolver.java:807] - Autowiring by type from bean name 'methodResolver' via factory method to bean named 'typeResolver'
2025-04-20 14:45:00,233 DEBUG [main][DefaultSingletonBeanRegistry.java:225] - Creating shared instance of singleton bean 'requestMappingHandlerMapping'
2025-04-20 14:45:00,233 DEBUG [main][DefaultSingletonBeanRegistry.java:225] - Creating shared instance of singleton bean 'requestMappingHandlerMapping'
2025-04-20 14:45:00,233 DEBUG [main][DefaultSingletonBeanRegistry.java:225] - Creating shared instance of singleton bean 'org.springframework.boot.autoconfigure.web.servlet.WebMvcAutoConfiguration$EnableWebMvcConfiguration'
2025-04-20 14:45:00,233 DEBUG [main][DefaultSingletonBeanRegistry.java:225] - Creating shared instance of singleton bean 'org.springframework.boot.autoconfigure.web.servlet.WebMvcAutoConfiguration$EnableWebMvcConfiguration'
2025-04-20 14:45:00,235 DEBUG [main][DefaultSingletonBeanRegistry.java:225] - Creating shared instance of singleton bean 'spring.resources-org.springframework.boot.autoconfigure.web.ResourceProperties'
2025-04-20 14:45:00,235 DEBUG [main][DefaultSingletonBeanRegistry.java:225] - Creating shared instance of singleton bean 'spring.resources-org.springframework.boot.autoconfigure.web.ResourceProperties'
2025-04-20 14:45:00,240 DEBUG [main][ConstructorResolver.java:807] - Autowiring by type from bean name 'org.springframework.boot.autoconfigure.web.servlet.WebMvcAutoConfiguration$EnableWebMvcConfiguration' via constructor to bean named 'spring.resources-org.springframework.boot.autoconfigure.web.ResourceProperties'
2025-04-20 14:45:00,240 DEBUG [main][ConstructorResolver.java:807] - Autowiring by type from bean name 'org.springframework.boot.autoconfigure.web.servlet.WebMvcAutoConfiguration$EnableWebMvcConfiguration' via constructor to bean named 'spring.resources-org.springframework.boot.autoconfigure.web.ResourceProperties'
2025-04-20 14:45:00,240 DEBUG [main][ConstructorResolver.java:807] - Autowiring by type from bean name 'org.springframework.boot.autoconfigure.web.servlet.WebMvcAutoConfiguration$EnableWebMvcConfiguration' via constructor to bean named 'org.springframework.beans.factory.support.DefaultListableBeanFactory@65b3a85a'
2025-04-20 14:45:00,240 DEBUG [main][ConstructorResolver.java:807] - Autowiring by type from bean name 'org.springframework.boot.autoconfigure.web.servlet.WebMvcAutoConfiguration$EnableWebMvcConfiguration' via constructor to bean named 'org.springframework.beans.factory.support.DefaultListableBeanFactory@65b3a85a'
2025-04-20 14:45:00,252 DEBUG [main][DefaultSingletonBeanRegistry.java:225] - Creating shared instance of singleton bean 'org.springframework.boot.autoconfigure.web.servlet.WebMvcAutoConfiguration$WebMvcAutoConfigurationAdapter'
2025-04-20 14:45:00,252 DEBUG [main][DefaultSingletonBeanRegistry.java:225] - Creating shared instance of singleton bean 'org.springframework.boot.autoconfigure.web.servlet.WebMvcAutoConfiguration$WebMvcAutoConfigurationAdapter'
2025-04-20 14:45:00,253 DEBUG [main][ConstructorResolver.java:807] - Autowiring by type from bean name 'org.springframework.boot.autoconfigure.web.servlet.WebMvcAutoConfiguration$WebMvcAutoConfigurationAdapter' via constructor to bean named 'spring.resources-org.springframework.boot.autoconfigure.web.ResourceProperties'
2025-04-20 14:45:00,253 DEBUG [main][ConstructorResolver.java:807] - Autowiring by type from bean name 'org.springframework.boot.autoconfigure.web.servlet.WebMvcAutoConfiguration$WebMvcAutoConfigurationAdapter' via constructor to bean named 'spring.resources-org.springframework.boot.autoconfigure.web.ResourceProperties'
2025-04-20 14:45:00,253 DEBUG [main][ConstructorResolver.java:807] - Autowiring by type from bean name 'org.springframework.boot.autoconfigure.web.servlet.WebMvcAutoConfiguration$WebMvcAutoConfigurationAdapter' via constructor to bean named 'spring.mvc-org.springframework.boot.autoconfigure.web.servlet.WebMvcProperties'
2025-04-20 14:45:00,253 DEBUG [main][ConstructorResolver.java:807] - Autowiring by type from bean name 'org.springframework.boot.autoconfigure.web.servlet.WebMvcAutoConfiguration$WebMvcAutoConfigurationAdapter' via constructor to bean named 'spring.mvc-org.springframework.boot.autoconfigure.web.servlet.WebMvcProperties'
2025-04-20 14:45:00,253 DEBUG [main][ConstructorResolver.java:807] - Autowiring by type from bean name 'org.springframework.boot.autoconfigure.web.servlet.WebMvcAutoConfiguration$WebMvcAutoConfigurationAdapter' via constructor to bean named 'org.springframework.beans.factory.support.DefaultListableBeanFactory@65b3a85a'
2025-04-20 14:45:00,253 DEBUG [main][ConstructorResolver.java:807] - Autowiring by type from bean name 'org.springframework.boot.autoconfigure.web.servlet.WebMvcAutoConfiguration$WebMvcAutoConfigurationAdapter' via constructor to bean named 'org.springframework.beans.factory.support.DefaultListableBeanFactory@65b3a85a'
2025-04-20 14:45:00,256 DEBUG [main][DefaultSingletonBeanRegistry.java:225] - Creating shared instance of singleton bean 'mvcContentNegotiationManager'
2025-04-20 14:45:00,256 DEBUG [main][DefaultSingletonBeanRegistry.java:225] - Creating shared instance of singleton bean 'mvcContentNegotiationManager'
2025-04-20 14:45:00,267 DEBUG [main][DefaultSingletonBeanRegistry.java:225] - Creating shared instance of singleton bean 'mvcConversionService'
2025-04-20 14:45:00,267 DEBUG [main][DefaultSingletonBeanRegistry.java:225] - Creating shared instance of singleton bean 'mvcConversionService'
2025-04-20 14:45:00,274 DEBUG [main][DefaultSingletonBeanRegistry.java:225] - Creating shared instance of singleton bean 'mvcResourceUrlProvider'
2025-04-20 14:45:00,274 DEBUG [main][DefaultSingletonBeanRegistry.java:225] - Creating shared instance of singleton bean 'mvcResourceUrlProvider'
2025-04-20 14:45:00,289 DEBUG [main][ConstructorResolver.java:807] - Autowiring by type from bean name 'requestMappingHandlerMapping' via factory method to bean named 'mvcContentNegotiationManager'
2025-04-20 14:45:00,289 DEBUG [main][ConstructorResolver.java:807] - Autowiring by type from bean name 'requestMappingHandlerMapping' via factory method to bean named 'mvcContentNegotiationManager'
2025-04-20 14:45:00,290 DEBUG [main][ConstructorResolver.java:807] - Autowiring by type from bean name 'requestMappingHandlerMapping' via factory method to bean named 'mvcConversionService'
2025-04-20 14:45:00,290 DEBUG [main][ConstructorResolver.java:807] - Autowiring by type from bean name 'requestMappingHandlerMapping' via factory method to bean named 'mvcConversionService'
2025-04-20 14:45:00,290 DEBUG [main][ConstructorResolver.java:807] - Autowiring by type from bean name 'requestMappingHandlerMapping' via factory method to bean named 'mvcResourceUrlProvider'
2025-04-20 14:45:00,290 DEBUG [main][ConstructorResolver.java:807] - Autowiring by type from bean name 'requestMappingHandlerMapping' via factory method to bean named 'mvcResourceUrlProvider'
2025-04-20 14:45:00,291 DEBUG [main][ConstructorResolver.java:807] - Autowiring by type from bean name 'requestMappingHandlerMapping' via factory method to bean named 'mvcContentNegotiationManager'
2025-04-20 14:45:00,291 DEBUG [main][ConstructorResolver.java:807] - Autowiring by type from bean name 'requestMappingHandlerMapping' via factory method to bean named 'mvcContentNegotiationManager'
2025-04-20 14:45:00,291 DEBUG [main][ConstructorResolver.java:807] - Autowiring by type from bean name 'requestMappingHandlerMapping' via factory method to bean named 'mvcConversionService'
2025-04-20 14:45:00,291 DEBUG [main][ConstructorResolver.java:807] - Autowiring by type from bean name 'requestMappingHandlerMapping' via factory method to bean named 'mvcConversionService'
2025-04-20 14:45:00,291 DEBUG [main][ConstructorResolver.java:807] - Autowiring by type from bean name 'requestMappingHandlerMapping' via factory method to bean named 'mvcResourceUrlProvider'
2025-04-20 14:45:00,291 DEBUG [main][ConstructorResolver.java:807] - Autowiring by type from bean name 'requestMappingHandlerMapping' via factory method to bean named 'mvcResourceUrlProvider'
2025-04-20 14:45:00,367 DEBUG [main][AbstractHandlerMethodMapping.java:351] - 12 mappings in 'requestMappingHandlerMapping'
2025-04-20 14:45:00,367 DEBUG [main][AbstractHandlerMethodMapping.java:351] - 12 mappings in 'requestMappingHandlerMapping'
2025-04-20 14:45:00,370 DEBUG [main][ConstructorResolver.java:807] - Autowiring by type from bean name 'webMvcRequestHandlerProvider' via constructor to bean named 'methodResolver'
2025-04-20 14:45:00,370 DEBUG [main][ConstructorResolver.java:807] - Autowiring by type from bean name 'webMvcRequestHandlerProvider' via constructor to bean named 'methodResolver'
2025-04-20 14:45:00,370 DEBUG [main][ConstructorResolver.java:807] - Autowiring by type from bean name 'webMvcRequestHandlerProvider' via constructor to bean named 'requestMappingHandlerMapping'
2025-04-20 14:45:00,370 DEBUG [main][ConstructorResolver.java:807] - Autowiring by type from bean name 'webMvcRequestHandlerProvider' via constructor to bean named 'requestMappingHandlerMapping'
2025-04-20 14:45:00,371 DEBUG [main][DefaultSingletonBeanRegistry.java:225] - Creating shared instance of singleton bean 'resourceGroupCache'
2025-04-20 14:45:00,371 DEBUG [main][DefaultSingletonBeanRegistry.java:225] - Creating shared instance of singleton bean 'resourceGroupCache'
2025-04-20 14:45:00,372 DEBUG [main][DefaultSingletonBeanRegistry.java:225] - Creating shared instance of singleton bean 'defaults'
2025-04-20 14:45:00,372 DEBUG [main][DefaultSingletonBeanRegistry.java:225] - Creating shared instance of singleton bean 'defaults'
2025-04-20 14:45:00,391 DEBUG [main][ConstructorResolver.java:807] - Autowiring by type from bean name 'documentationPluginsBootstrapper' via constructor to bean named 'documentationPluginsManager'
2025-04-20 14:45:00,391 DEBUG [main][ConstructorResolver.java:807] - Autowiring by type from bean name 'documentationPluginsBootstrapper' via constructor to bean named 'documentationPluginsManager'
2025-04-20 14:45:00,391 DEBUG [main][ConstructorResolver.java:807] - Autowiring by type from bean name 'documentationPluginsBootstrapper' via constructor to bean named 'webMvcRequestHandlerProvider'
2025-04-20 14:45:00,391 DEBUG [main][ConstructorResolver.java:807] - Autowiring by type from bean name 'documentationPluginsBootstrapper' via constructor to bean named 'webMvcRequestHandlerProvider'
2025-04-20 14:45:00,391 DEBUG [main][ConstructorResolver.java:807] - Autowiring by type from bean name 'documentationPluginsBootstrapper' via constructor to bean named 'resourceGroupCache'
2025-04-20 14:45:00,391 DEBUG [main][ConstructorResolver.java:807] - Autowiring by type from bean name 'documentationPluginsBootstrapper' via constructor to bean named 'resourceGroupCache'
2025-04-20 14:45:00,391 DEBUG [main][ConstructorResolver.java:807] - Autowiring by type from bean name 'documentationPluginsBootstrapper' via constructor to bean named 'apiDocumentationScanner'
2025-04-20 14:45:00,391 DEBUG [main][ConstructorResolver.java:807] - Autowiring by type from bean name 'documentationPluginsBootstrapper' via constructor to bean named 'apiDocumentationScanner'
2025-04-20 14:45:00,391 DEBUG [main][ConstructorResolver.java:807] - Autowiring by type from bean name 'documentationPluginsBootstrapper' via constructor to bean named 'typeResolver'
2025-04-20 14:45:00,391 DEBUG [main][ConstructorResolver.java:807] - Autowiring by type from bean name 'documentationPluginsBootstrapper' via constructor to bean named 'defaults'
2025-04-20 14:45:00,391 DEBUG [main][ConstructorResolver.java:807] - Autowiring by type from bean name 'documentationPluginsBootstrapper' via constructor to bean named 'typeResolver'
2025-04-20 14:45:00,391 DEBUG [main][ConstructorResolver.java:807] - Autowiring by type from bean name 'documentationPluginsBootstrapper' via constructor to bean named 'defaults'
2025-04-20 14:45:00,391 DEBUG [main][ConstructorResolver.java:807] - Autowiring by type from bean name 'documentationPluginsBootstrapper' via constructor to bean named 'servletContext'
2025-04-20 14:45:00,391 DEBUG [main][ConstructorResolver.java:807] - Autowiring by type from bean name 'documentationPluginsBootstrapper' via constructor to bean named 'servletContext'
2025-04-20 14:45:00,391 DEBUG [main][ConstructorResolver.java:807] - Autowiring by type from bean name 'documentationPluginsBootstrapper' via constructor to bean named 'environment'
2025-04-20 14:45:00,391 DEBUG [main][ConstructorResolver.java:807] - Autowiring by type from bean name 'documentationPluginsBootstrapper' via constructor to bean named 'environment'
2025-04-20 14:45:00,393 DEBUG [main][DefaultSingletonBeanRegistry.java:225] - Creating shared instance of singleton bean 'queryStringUriTemplateDecorator'
2025-04-20 14:45:00,393 DEBUG [main][DefaultSingletonBeanRegistry.java:225] - Creating shared instance of singleton bean 'queryStringUriTemplateDecorator'
2025-04-20 14:45:00,395 DEBUG [main][DefaultSingletonBeanRegistry.java:225] - Creating shared instance of singleton bean 'pathMappingDecorator'
2025-04-20 14:45:00,395 DEBUG [main][DefaultSingletonBeanRegistry.java:225] - Creating shared instance of singleton bean 'pathMappingDecorator'
2025-04-20 14:45:00,395 DEBUG [main][DefaultSingletonBeanRegistry.java:225] - Creating shared instance of singleton bean 'pathSanitizer'
2025-04-20 14:45:00,395 DEBUG [main][DefaultSingletonBeanRegistry.java:225] - Creating shared instance of singleton bean 'pathSanitizer'
2025-04-20 14:45:00,396 DEBUG [main][DefaultSingletonBeanRegistry.java:225] - Creating shared instance of singleton bean 'operationPathDecorator'
2025-04-20 14:45:00,396 DEBUG [main][DefaultSingletonBeanRegistry.java:225] - Creating shared instance of singleton bean 'operationPathDecorator'
2025-04-20 14:45:00,397 DEBUG [main][DefaultSingletonBeanRegistry.java:225] - Creating shared instance of singleton bean 'propertyDiscriminatorBasedInheritancePlugin'
2025-04-20 14:45:00,397 DEBUG [main][DefaultSingletonBeanRegistry.java:225] - Creating shared instance of singleton bean 'propertyDiscriminatorBasedInheritancePlugin'
2025-04-20 14:45:00,399 DEBUG [main][ConstructorResolver.java:807] - Autowiring by type from bean name 'propertyDiscriminatorBasedInheritancePlugin' via constructor to bean named 'typeResolver'
2025-04-20 14:45:00,399 DEBUG [main][ConstructorResolver.java:807] - Autowiring by type from bean name 'propertyDiscriminatorBasedInheritancePlugin' via constructor to bean named 'typeResolver'
2025-04-20 14:45:00,399 DEBUG [main][ConstructorResolver.java:807] - Autowiring by type from bean name 'propertyDiscriminatorBasedInheritancePlugin' via constructor to bean named 'typeNameExtractor'
2025-04-20 14:45:00,399 DEBUG [main][ConstructorResolver.java:807] - Autowiring by type from bean name 'propertyDiscriminatorBasedInheritancePlugin' via constructor to bean named 'typeNameExtractor'
2025-04-20 14:45:00,400 DEBUG [main][DefaultSingletonBeanRegistry.java:225] - Creating shared instance of singleton bean 'xmlModelPlugin'
2025-04-20 14:45:00,400 DEBUG [main][DefaultSingletonBeanRegistry.java:225] - Creating shared instance of singleton bean 'xmlModelPlugin'
2025-04-20 14:45:00,401 DEBUG [main][ConstructorResolver.java:807] - Autowiring by type from bean name 'xmlModelPlugin' via constructor to bean named 'typeResolver'
2025-04-20 14:45:00,401 DEBUG [main][ConstructorResolver.java:807] - Autowiring by type from bean name 'xmlModelPlugin' via constructor to bean named 'typeResolver'
2025-04-20 14:45:00,401 DEBUG [main][DefaultSingletonBeanRegistry.java:225] - Creating shared instance of singleton bean 'xmlPropertyPlugin'
2025-04-20 14:45:00,401 DEBUG [main][DefaultSingletonBeanRegistry.java:225] - Creating shared instance of singleton bean 'xmlPropertyPlugin'
2025-04-20 14:45:00,402 DEBUG [main][DefaultSingletonBeanRegistry.java:225] - Creating shared instance of singleton bean 'apiModelPropertyPropertyBuilder'
2025-04-20 14:45:00,402 DEBUG [main][DefaultSingletonBeanRegistry.java:225] - Creating shared instance of singleton bean 'apiModelPropertyPropertyBuilder'
2025-04-20 14:45:00,402 DEBUG [main][ConstructorResolver.java:807] - Autowiring by type from bean name 'apiModelPropertyPropertyBuilder' via constructor to bean named 'descriptionResolver'
2025-04-20 14:45:00,402 DEBUG [main][ConstructorResolver.java:807] - Autowiring by type from bean name 'apiModelPropertyPropertyBuilder' via constructor to bean named 'descriptionResolver'
2025-04-20 14:45:00,403 DEBUG [main][DefaultSingletonBeanRegistry.java:225] - Creating shared instance of singleton bean 'apiModelTypeNameProvider'
2025-04-20 14:45:00,403 DEBUG [main][DefaultSingletonBeanRegistry.java:225] - Creating shared instance of singleton bean 'apiModelTypeNameProvider'
2025-04-20 14:45:00,404 DEBUG [main][DefaultSingletonBeanRegistry.java:225] - Creating shared instance of singleton bean 'apiModelBuilder'
2025-04-20 14:45:00,404 DEBUG [main][DefaultSingletonBeanRegistry.java:225] - Creating shared instance of singleton bean 'apiModelBuilder'
2025-04-20 14:45:00,405 DEBUG [main][ConstructorResolver.java:807] - Autowiring by type from bean name 'apiModelBuilder' via constructor to bean named 'typeResolver'
2025-04-20 14:45:00,405 DEBUG [main][ConstructorResolver.java:807] - Autowiring by type from bean name 'apiModelBuilder' via constructor to bean named 'typeResolver'
2025-04-20 14:45:00,405 DEBUG [main][ConstructorResolver.java:807] - Autowiring by type from bean name 'apiModelBuilder' via constructor to bean named 'typeNameExtractor'
2025-04-20 14:45:00,405 DEBUG [main][ConstructorResolver.java:807] - Autowiring by type from bean name 'apiModelBuilder' via constructor to bean named 'typeNameExtractor'
2025-04-20 14:45:00,405 DEBUG [main][DefaultSingletonBeanRegistry.java:225] - Creating shared instance of singleton bean 'operationImplicitParameterReader'
2025-04-20 14:45:00,405 DEBUG [main][DefaultSingletonBeanRegistry.java:225] - Creating shared instance of singleton bean 'operationImplicitParameterReader'
2025-04-20 14:45:00,407 DEBUG [main][ConstructorResolver.java:807] - Autowiring by type from bean name 'operationImplicitParameterReader' via constructor to bean named 'descriptionResolver'
2025-04-20 14:45:00,407 DEBUG [main][ConstructorResolver.java:807] - Autowiring by type from bean name 'operationImplicitParameterReader' via constructor to bean named 'descriptionResolver'
2025-04-20 14:45:00,407 DEBUG [main][DefaultSingletonBeanRegistry.java:225] - Creating shared instance of singleton bean 'vendorExtensionsReader'
2025-04-20 14:45:00,407 DEBUG [main][DefaultSingletonBeanRegistry.java:225] - Creating shared instance of singleton bean 'vendorExtensionsReader'
2025-04-20 14:45:00,408 DEBUG [main][DefaultSingletonBeanRegistry.java:225] - Creating shared instance of singleton bean 'swaggerOperationResponseClassReader'
2025-04-20 14:45:00,408 DEBUG [main][DefaultSingletonBeanRegistry.java:225] - Creating shared instance of singleton bean 'swaggerOperationResponseClassReader'
2025-04-20 14:45:00,409 DEBUG [main][ConstructorResolver.java:807] - Autowiring by type from bean name 'swaggerOperationResponseClassReader' via constructor to bean named 'typeResolver'
2025-04-20 14:45:00,409 DEBUG [main][ConstructorResolver.java:807] - Autowiring by type from bean name 'swaggerOperationResponseClassReader' via constructor to bean named 'typeResolver'
2025-04-20 14:45:00,409 DEBUG [main][ConstructorResolver.java:807] - Autowiring by type from bean name 'swaggerOperationResponseClassReader' via constructor to bean named 'typeNameExtractor'
2025-04-20 14:45:00,409 DEBUG [main][ConstructorResolver.java:807] - Autowiring by type from bean name 'swaggerOperationResponseClassReader' via constructor to bean named 'typeNameExtractor'
2025-04-20 14:45:00,409 DEBUG [main][DefaultSingletonBeanRegistry.java:225] - Creating shared instance of singleton bean 'swaggerOperationModelsProvider'
2025-04-20 14:45:00,409 DEBUG [main][DefaultSingletonBeanRegistry.java:225] - Creating shared instance of singleton bean 'swaggerOperationModelsProvider'
2025-04-20 14:45:00,409 DEBUG [main][ConstructorResolver.java:807] - Autowiring by type from bean name 'swaggerOperationModelsProvider' via constructor to bean named 'typeResolver'
2025-04-20 14:45:00,409 DEBUG [main][ConstructorResolver.java:807] - Autowiring by type from bean name 'swaggerOperationModelsProvider' via constructor to bean named 'typeResolver'
2025-04-20 14:45:00,410 DEBUG [main][DefaultSingletonBeanRegistry.java:225] - Creating shared instance of singleton bean 'swaggerMediaTypeReader'
2025-04-20 14:45:00,410 DEBUG [main][DefaultSingletonBeanRegistry.java:225] - Creating shared instance of singleton bean 'swaggerMediaTypeReader'
2025-04-20 14:45:00,410 DEBUG [main][DefaultSingletonBeanRegistry.java:225] - Creating shared instance of singleton bean 'operationHttpMethodReader'
2025-04-20 14:45:00,410 DEBUG [main][DefaultSingletonBeanRegistry.java:225] - Creating shared instance of singleton bean 'operationHttpMethodReader'
2025-04-20 14:45:00,411 DEBUG [main][DefaultSingletonBeanRegistry.java:225] - Creating shared instance of singleton bean 'operationImplicitParametersReader'
2025-04-20 14:45:00,411 DEBUG [main][DefaultSingletonBeanRegistry.java:225] - Creating shared instance of singleton bean 'operationImplicitParametersReader'
2025-04-20 14:45:00,412 DEBUG [main][ConstructorResolver.java:807] - Autowiring by type from bean name 'operationImplicitParametersReader' via constructor to bean named 'descriptionResolver'
2025-04-20 14:45:00,412 DEBUG [main][ConstructorResolver.java:807] - Autowiring by type from bean name 'operationImplicitParametersReader' via constructor to bean named 'descriptionResolver'
2025-04-20 14:45:00,412 DEBUG [main][DefaultSingletonBeanRegistry.java:225] - Creating shared instance of singleton bean 'operationAuthReader'
2025-04-20 14:45:00,412 DEBUG [main][DefaultSingletonBeanRegistry.java:225] - Creating shared instance of singleton bean 'operationAuthReader'
2025-04-20 14:45:00,413 DEBUG [main][DefaultSingletonBeanRegistry.java:225] - Creating shared instance of singleton bean 'operationHiddenReader'
2025-04-20 14:45:00,413 DEBUG [main][DefaultSingletonBeanRegistry.java:225] - Creating shared instance of singleton bean 'operationHiddenReader'
2025-04-20 14:45:00,413 DEBUG [main][DefaultSingletonBeanRegistry.java:225] - Creating shared instance of singleton bean 'operationSummaryReader'
2025-04-20 14:45:00,413 DEBUG [main][DefaultSingletonBeanRegistry.java:225] - Creating shared instance of singleton bean 'operationSummaryReader'
2025-04-20 14:45:00,414 DEBUG [main][ConstructorResolver.java:807] - Autowiring by type from bean name 'operationSummaryReader' via constructor to bean named 'descriptionResolver'
2025-04-20 14:45:00,414 DEBUG [main][ConstructorResolver.java:807] - Autowiring by type from bean name 'operationSummaryReader' via constructor to bean named 'descriptionResolver'
2025-04-20 14:45:00,414 DEBUG [main][DefaultSingletonBeanRegistry.java:225] - Creating shared instance of singleton bean 'swaggerResponseMessageReader'
2025-04-20 14:45:00,414 DEBUG [main][DefaultSingletonBeanRegistry.java:225] - Creating shared instance of singleton bean 'swaggerResponseMessageReader'
2025-04-20 14:45:00,416 DEBUG [main][ConstructorResolver.java:807] - Autowiring by type from bean name 'swaggerResponseMessageReader' via constructor to bean named 'typeNameExtractor'
2025-04-20 14:45:00,416 DEBUG [main][ConstructorResolver.java:807] - Autowiring by type from bean name 'swaggerResponseMessageReader' via constructor to bean named 'typeNameExtractor'
2025-04-20 14:45:00,416 DEBUG [main][ConstructorResolver.java:807] - Autowiring by type from bean name 'swaggerResponseMessageReader' via constructor to bean named 'typeResolver'
2025-04-20 14:45:00,416 DEBUG [main][ConstructorResolver.java:807] - Autowiring by type from bean name 'swaggerResponseMessageReader' via constructor to bean named 'typeResolver'
2025-04-20 14:45:00,416 DEBUG [main][DefaultSingletonBeanRegistry.java:225] - Creating shared instance of singleton bean 'operationNicknameIntoUniqueIdReader'
2025-04-20 14:45:00,416 DEBUG [main][DefaultSingletonBeanRegistry.java:225] - Creating shared instance of singleton bean 'operationNicknameIntoUniqueIdReader'
2025-04-20 14:45:00,417 DEBUG [main][DefaultSingletonBeanRegistry.java:225] - Creating shared instance of singleton bean 'operationPositionReader'
2025-04-20 14:45:00,417 DEBUG [main][DefaultSingletonBeanRegistry.java:225] - Creating shared instance of singleton bean 'operationPositionReader'
2025-04-20 14:45:00,417 DEBUG [main][DefaultSingletonBeanRegistry.java:225] - Creating shared instance of singleton bean 'operationNotesReader'
2025-04-20 14:45:00,417 DEBUG [main][DefaultSingletonBeanRegistry.java:225] - Creating shared instance of singleton bean 'operationNotesReader'
2025-04-20 14:45:00,417 DEBUG [main][ConstructorResolver.java:807] - Autowiring by type from bean name 'operationNotesReader' via constructor to bean named 'descriptionResolver'
2025-04-20 14:45:00,417 DEBUG [main][ConstructorResolver.java:807] - Autowiring by type from bean name 'operationNotesReader' via constructor to bean named 'descriptionResolver'
2025-04-20 14:45:00,417 DEBUG [main][DefaultSingletonBeanRegistry.java:225] - Creating shared instance of singleton bean 'swaggerOperationTagsReader'
2025-04-20 14:45:00,417 DEBUG [main][DefaultSingletonBeanRegistry.java:225] - Creating shared instance of singleton bean 'swaggerOperationTagsReader'
2025-04-20 14:45:00,419 DEBUG [main][ConstructorResolver.java:807] - Autowiring by type from bean name 'swaggerOperationTagsReader' via constructor to bean named 'defaultTagsProvider'
2025-04-20 14:45:00,419 DEBUG [main][ConstructorResolver.java:807] - Autowiring by type from bean name 'swaggerOperationTagsReader' via constructor to bean named 'defaultTagsProvider'
2025-04-20 14:45:00,420 DEBUG [main][DefaultSingletonBeanRegistry.java:225] - Creating shared instance of singleton bean 'swaggerParameterDescriptionReader'
2025-04-20 14:45:00,420 DEBUG [main][DefaultSingletonBeanRegistry.java:225] - Creating shared instance of singleton bean 'swaggerParameterDescriptionReader'
2025-04-20 14:45:00,421 DEBUG [main][ConstructorResolver.java:807] - Autowiring by type from bean name 'swaggerParameterDescriptionReader' via constructor to bean named 'descriptionResolver'
2025-04-20 14:45:00,421 DEBUG [main][ConstructorResolver.java:807] - Autowiring by type from bean name 'swaggerParameterDescriptionReader' via constructor to bean named 'descriptionResolver'
2025-04-20 14:45:00,421 DEBUG [main][ConstructorResolver.java:807] - Autowiring by type from bean name 'swaggerParameterDescriptionReader' via constructor to bean named 'jacksonEnumTypeDeterminer'
2025-04-20 14:45:00,421 DEBUG [main][ConstructorResolver.java:807] - Autowiring by type from bean name 'swaggerParameterDescriptionReader' via constructor to bean named 'jacksonEnumTypeDeterminer'
2025-04-20 14:45:00,421 DEBUG [main][DefaultSingletonBeanRegistry.java:225] - Creating shared instance of singleton bean 'swaggerExpandedParameterBuilder'
2025-04-20 14:45:00,421 DEBUG [main][DefaultSingletonBeanRegistry.java:225] - Creating shared instance of singleton bean 'swaggerExpandedParameterBuilder'
2025-04-20 14:45:00,423 DEBUG [main][ConstructorResolver.java:807] - Autowiring by type from bean name 'swaggerExpandedParameterBuilder' via constructor to bean named 'descriptionResolver'
2025-04-20 14:45:00,423 DEBUG [main][ConstructorResolver.java:807] - Autowiring by type from bean name 'swaggerExpandedParameterBuilder' via constructor to bean named 'descriptionResolver'
2025-04-20 14:45:00,423 DEBUG [main][ConstructorResolver.java:807] - Autowiring by type from bean name 'swaggerExpandedParameterBuilder' via constructor to bean named 'jacksonEnumTypeDeterminer'
2025-04-20 14:45:00,423 DEBUG [main][ConstructorResolver.java:807] - Autowiring by type from bean name 'swaggerExpandedParameterBuilder' via constructor to bean named 'jacksonEnumTypeDeterminer'
2025-04-20 14:45:00,423 DEBUG [main][DefaultSingletonBeanRegistry.java:225] - Creating shared instance of singleton bean 'swaggerApiListingReader'
2025-04-20 14:45:00,423 DEBUG [main][DefaultSingletonBeanRegistry.java:225] - Creating shared instance of singleton bean 'swaggerApiListingReader'
2025-04-20 14:45:00,424 DEBUG [main][DefaultSingletonBeanRegistry.java:225] - Creating shared instance of singleton bean 'classOrApiAnnotationResourceGrouping'
2025-04-20 14:45:00,424 DEBUG [main][DefaultSingletonBeanRegistry.java:225] - Creating shared instance of singleton bean 'classOrApiAnnotationResourceGrouping'
2025-04-20 14:45:00,425 DEBUG [main][DefaultSingletonBeanRegistry.java:225] - Creating shared instance of singleton bean 'inMemorySwaggerResourcesProvider'
2025-04-20 14:45:00,425 DEBUG [main][DefaultSingletonBeanRegistry.java:225] - Creating shared instance of singleton bean 'inMemorySwaggerResourcesProvider'
2025-04-20 14:45:00,426 DEBUG [main][ConstructorResolver.java:807] - Autowiring by type from bean name 'inMemorySwaggerResourcesProvider' via constructor to bean named 'environment'
2025-04-20 14:45:00,426 DEBUG [main][ConstructorResolver.java:807] - Autowiring by type from bean name 'inMemorySwaggerResourcesProvider' via constructor to bean named 'environment'
2025-04-20 14:45:00,426 DEBUG [main][ConstructorResolver.java:807] - Autowiring by type from bean name 'inMemorySwaggerResourcesProvider' via constructor to bean named 'resourceGroupCache'
2025-04-20 14:45:00,426 DEBUG [main][ConstructorResolver.java:807] - Autowiring by type from bean name 'inMemorySwaggerResourcesProvider' via constructor to bean named 'resourceGroupCache'
2025-04-20 14:45:00,427 DEBUG [main][DefaultSingletonBeanRegistry.java:225] - Creating shared instance of singleton bean 'apiResourceController'
2025-04-20 14:45:00,427 DEBUG [main][DefaultSingletonBeanRegistry.java:225] - Creating shared instance of singleton bean 'apiResourceController'
2025-04-20 14:45:00,428 DEBUG [main][ConstructorResolver.java:807] - Autowiring by type from bean name 'apiResourceController' via constructor to bean named 'inMemorySwaggerResourcesProvider'
2025-04-20 14:45:00,428 DEBUG [main][ConstructorResolver.java:807] - Autowiring by type from bean name 'apiResourceController' via constructor to bean named 'inMemorySwaggerResourcesProvider'
2025-04-20 14:45:00,431 DEBUG [main][DefaultSingletonBeanRegistry.java:225] - Creating shared instance of singleton bean 'uiConfiguration'
2025-04-20 14:45:00,431 DEBUG [main][DefaultSingletonBeanRegistry.java:225] - Creating shared instance of singleton bean 'uiConfiguration'
2025-04-20 14:45:00,431 DEBUG [main][DefaultSingletonBeanRegistry.java:225] - Creating shared instance of singleton bean 'com.spring4all.swagger.SwaggerAutoConfiguration'
2025-04-20 14:45:00,431 DEBUG [main][DefaultSingletonBeanRegistry.java:225] - Creating shared instance of singleton bean 'com.spring4all.swagger.SwaggerAutoConfiguration'
2025-04-20 14:45:00,436 DEBUG [main][DefaultSingletonBeanRegistry.java:225] - Creating shared instance of singleton bean 'swaggerProperties'
2025-04-20 14:45:00,436 DEBUG [main][DefaultSingletonBeanRegistry.java:225] - Creating shared instance of singleton bean 'swaggerProperties'
2025-04-20 14:45:00,444 DEBUG [main][ConstructorResolver.java:807] - Autowiring by type from bean name 'uiConfiguration' via factory method to bean named 'swaggerProperties'
2025-04-20 14:45:00,444 DEBUG [main][ConstructorResolver.java:807] - Autowiring by type from bean name 'uiConfiguration' via factory method to bean named 'swaggerProperties'
2025-04-20 14:45:00,455 DEBUG [main][DefaultSingletonBeanRegistry.java:225] - Creating shared instance of singleton bean 'localDateTimeSerializer'
2025-04-20 14:45:00,455 DEBUG [main][DefaultSingletonBeanRegistry.java:225] - Creating shared instance of singleton bean 'localDateTimeSerializer'
2025-04-20 14:45:00,465 DEBUG [main][DefaultSingletonBeanRegistry.java:225] - Creating shared instance of singleton bean 'localDateTimeDeserializer'
2025-04-20 14:45:00,465 DEBUG [main][DefaultSingletonBeanRegistry.java:225] - Creating shared instance of singleton bean 'localDateTimeDeserializer'
2025-04-20 14:45:00,470 DEBUG [main][DefaultSingletonBeanRegistry.java:225] - Creating shared instance of singleton bean 'jackson2ObjectMapperBuilderCustomizer'
2025-04-20 14:45:00,470 DEBUG [main][DefaultSingletonBeanRegistry.java:225] - Creating shared instance of singleton bean 'jackson2ObjectMapperBuilderCustomizer'
2025-04-20 14:45:00,472 DEBUG [main][DefaultSingletonBeanRegistry.java:225] - Creating shared instance of singleton bean 'jsonSerializer'
2025-04-20 14:45:00,472 DEBUG [main][DefaultSingletonBeanRegistry.java:225] - Creating shared instance of singleton bean 'jsonSerializer'
2025-04-20 14:45:00,473 DEBUG [main][DefaultSingletonBeanRegistry.java:225] - Creating shared instance of singleton bean 'swagger2Module'
2025-04-20 14:45:00,473 DEBUG [main][DefaultSingletonBeanRegistry.java:225] - Creating shared instance of singleton bean 'swagger2Module'
2025-04-20 14:45:00,473 DEBUG [main][DefaultSingletonBeanRegistry.java:225] - Creating shared instance of singleton bean 'springfox.documentation.swagger2.configuration.Swagger2DocumentationConfiguration'
2025-04-20 14:45:00,473 DEBUG [main][DefaultSingletonBeanRegistry.java:225] - Creating shared instance of singleton bean 'springfox.documentation.swagger2.configuration.Swagger2DocumentationConfiguration'
2025-04-20 14:45:00,482 DEBUG [main][ConstructorResolver.java:807] - Autowiring by type from bean name 'jsonSerializer' via factory method to bean named 'swagger2Module'
2025-04-20 14:45:00,482 DEBUG [main][ConstructorResolver.java:807] - Autowiring by type from bean name 'jsonSerializer' via factory method to bean named 'swagger2Module'
2025-04-20 14:45:00,489 DEBUG [main][DefaultSingletonBeanRegistry.java:225] - Creating shared instance of singleton bean 'springfox.documentation.swagger.configuration.SwaggerCommonConfiguration'
2025-04-20 14:45:00,489 DEBUG [main][DefaultSingletonBeanRegistry.java:225] - Creating shared instance of singleton bean 'springfox.documentation.swagger.configuration.SwaggerCommonConfiguration'
2025-04-20 14:45:00,489 DEBUG [main][DefaultSingletonBeanRegistry.java:225] - Creating shared instance of singleton bean 'swagger2ControllerMapping'
2025-04-20 14:45:00,489 DEBUG [main][DefaultSingletonBeanRegistry.java:225] - Creating shared instance of singleton bean 'swagger2ControllerMapping'
2025-04-20 14:45:00,492 DEBUG [main][ConstructorResolver.java:807] - Autowiring by type from bean name 'swagger2ControllerMapping' via factory method to bean named 'environment'
2025-04-20 14:45:00,492 DEBUG [main][ConstructorResolver.java:807] - Autowiring by type from bean name 'swagger2ControllerMapping' via factory method to bean named 'environment'
2025-04-20 14:45:00,492 DEBUG [main][ConstructorResolver.java:807] - Autowiring by type from bean name 'swagger2ControllerMapping' via factory method to bean named 'resourceGroupCache'
2025-04-20 14:45:00,492 DEBUG [main][ConstructorResolver.java:807] - Autowiring by type from bean name 'swagger2ControllerMapping' via factory method to bean named 'resourceGroupCache'
2025-04-20 14:45:00,492 DEBUG [main][ConstructorResolver.java:807] - Autowiring by type from bean name 'swagger2ControllerMapping' via factory method to bean named 'serviceModelToSwagger2MapperImpl'
2025-04-20 14:45:00,492 DEBUG [main][ConstructorResolver.java:807] - Autowiring by type from bean name 'swagger2ControllerMapping' via factory method to bean named 'serviceModelToSwagger2MapperImpl'
2025-04-20 14:45:00,492 DEBUG [main][ConstructorResolver.java:807] - Autowiring by type from bean name 'swagger2ControllerMapping' via factory method to bean named 'jsonSerializer'
2025-04-20 14:45:00,492 DEBUG [main][ConstructorResolver.java:807] - Autowiring by type from bean name 'swagger2ControllerMapping' via factory method to bean named 'jsonSerializer'
2025-04-20 14:45:00,503 INFO [main][PropertySourcedRequestMappingHandlerMapping.java:69] - Mapped URL path [/v2/api-docs] onto method [springfox.documentation.swagger2.web.Swagger2Controller#getDocumentation(String, HttpServletRequest)]
2025-04-20 14:45:00,503 INFO [main][PropertySourcedRequestMappingHandlerMapping.java:69] - Mapped URL path [/v2/api-docs] onto method [springfox.documentation.swagger2.web.Swagger2Controller#getDocumentation(String, HttpServletRequest)]
2025-04-20 14:45:00,504 DEBUG [main][DefaultSingletonBeanRegistry.java:225] - Creating shared instance of singleton bean 'springfox.bean.validators.configuration.BeanValidatorPluginsConfiguration'
2025-04-20 14:45:00,504 DEBUG [main][DefaultSingletonBeanRegistry.java:225] - Creating shared instance of singleton bean 'springfox.bean.validators.configuration.BeanValidatorPluginsConfiguration'
2025-04-20 14:45:00,505 DEBUG [main][DefaultSingletonBeanRegistry.java:225] - Creating shared instance of singleton bean 'expanderMinMax'
2025-04-20 14:45:00,505 DEBUG [main][DefaultSingletonBeanRegistry.java:225] - Creating shared instance of singleton bean 'expanderMinMax'
2025-04-20 14:45:00,512 DEBUG [main][DefaultSingletonBeanRegistry.java:225] - Creating shared instance of singleton bean 'expanderNotNull'
2025-04-20 14:45:00,512 DEBUG [main][DefaultSingletonBeanRegistry.java:225] - Creating shared instance of singleton bean 'expanderNotNull'
2025-04-20 14:45:00,514 DEBUG [main][DefaultSingletonBeanRegistry.java:225] - Creating shared instance of singleton bean 'expanderPattern'
2025-04-20 14:45:00,514 DEBUG [main][DefaultSingletonBeanRegistry.java:225] - Creating shared instance of singleton bean 'expanderPattern'
2025-04-20 14:45:00,516 DEBUG [main][DefaultSingletonBeanRegistry.java:225] - Creating shared instance of singleton bean 'expanderSize'
2025-04-20 14:45:00,516 DEBUG [main][DefaultSingletonBeanRegistry.java:225] - Creating shared instance of singleton bean 'expanderSize'
2025-04-20 14:45:00,517 DEBUG [main][DefaultSingletonBeanRegistry.java:225] - Creating shared instance of singleton bean 'parameterMinMax'
2025-04-20 14:45:00,517 DEBUG [main][DefaultSingletonBeanRegistry.java:225] - Creating shared instance of singleton bean 'parameterMinMax'
2025-04-20 14:45:00,519 DEBUG [main][DefaultSingletonBeanRegistry.java:225] - Creating shared instance of singleton bean 'parameterNotNull'
2025-04-20 14:45:00,519 DEBUG [main][DefaultSingletonBeanRegistry.java:225] - Creating shared instance of singleton bean 'parameterNotNull'
2025-04-20 14:45:00,521 DEBUG [main][DefaultSingletonBeanRegistry.java:225] - Creating shared instance of singleton bean 'parameterPattern'
2025-04-20 14:45:00,521 DEBUG [main][DefaultSingletonBeanRegistry.java:225] - Creating shared instance of singleton bean 'parameterPattern'
2025-04-20 14:45:00,522 DEBUG [main][DefaultSingletonBeanRegistry.java:225] - Creating shared instance of singleton bean 'parameterSize'
2025-04-20 14:45:00,522 DEBUG [main][DefaultSingletonBeanRegistry.java:225] - Creating shared instance of singleton bean 'parameterSize'
2025-04-20 14:45:00,523 DEBUG [main][DefaultSingletonBeanRegistry.java:225] - Creating shared instance of singleton bean 'minMaxPlugin'
2025-04-20 14:45:00,523 DEBUG [main][DefaultSingletonBeanRegistry.java:225] - Creating shared instance of singleton bean 'minMaxPlugin'
2025-04-20 14:45:00,524 DEBUG [main][DefaultSingletonBeanRegistry.java:225] - Creating shared instance of singleton bean 'decimalMinMaxPlugin'
2025-04-20 14:45:00,524 DEBUG [main][DefaultSingletonBeanRegistry.java:225] - Creating shared instance of singleton bean 'decimalMinMaxPlugin'
2025-04-20 14:45:00,525 DEBUG [main][DefaultSingletonBeanRegistry.java:225] - Creating shared instance of singleton bean 'sizePlugin'
2025-04-20 14:45:00,525 DEBUG [main][DefaultSingletonBeanRegistry.java:225] - Creating shared instance of singleton bean 'sizePlugin'
2025-04-20 14:45:00,527 DEBUG [main][DefaultSingletonBeanRegistry.java:225] - Creating shared instance of singleton bean 'notNullPlugin'
2025-04-20 14:45:00,527 DEBUG [main][DefaultSingletonBeanRegistry.java:225] - Creating shared instance of singleton bean 'notNullPlugin'
2025-04-20 14:45:00,528 DEBUG [main][DefaultSingletonBeanRegistry.java:225] - Creating shared instance of singleton bean 'patternPlugin'
2025-04-20 14:45:00,528 DEBUG [main][DefaultSingletonBeanRegistry.java:225] - Creating shared instance of singleton bean 'patternPlugin'
2025-04-20 14:45:00,532 DEBUG [main][DefaultSingletonBeanRegistry.java:225] - Creating shared instance of singleton bean 'com.spring4all.swagger.Swagger2Configuration'
2025-04-20 14:45:00,532 DEBUG [main][DefaultSingletonBeanRegistry.java:225] - Creating shared instance of singleton bean 'com.spring4all.swagger.Swagger2Configuration'
2025-04-20 14:45:00,532 DEBUG [main][DefaultSingletonBeanRegistry.java:225] - Creating shared instance of singleton bean 'createRestApi'
2025-04-20 14:45:00,532 DEBUG [main][DefaultSingletonBeanRegistry.java:225] - Creating shared instance of singleton bean 'createRestApi'
2025-04-20 14:45:00,534 DEBUG [main][ConstructorResolver.java:807] - Autowiring by type from bean name 'createRestApi' via factory method to bean named 'swaggerProperties'
2025-04-20 14:45:00,534 DEBUG [main][ConstructorResolver.java:807] - Autowiring by type from bean name 'createRestApi' via factory method to bean named 'swaggerProperties'
2025-04-20 14:45:00,594 DEBUG [main][DefaultSingletonBeanRegistry.java:225] - Creating shared instance of singleton bean 'org.springframework.boot.autoconfigure.AutoConfigurationPackages'
2025-04-20 14:45:00,594 DEBUG [main][DefaultSingletonBeanRegistry.java:225] - Creating shared instance of singleton bean 'org.springframework.boot.autoconfigure.AutoConfigurationPackages'
2025-04-20 14:45:00,595 DEBUG [main][DefaultSingletonBeanRegistry.java:225] - Creating shared instance of singleton bean 'org.springframework.boot.autoconfigure.context.PropertyPlaceholderAutoConfiguration'
2025-04-20 14:45:00,595 DEBUG [main][DefaultSingletonBeanRegistry.java:225] - Creating shared instance of singleton bean 'org.springframework.boot.autoconfigure.context.PropertyPlaceholderAutoConfiguration'
2025-04-20 14:45:00,595 DEBUG [main][DefaultSingletonBeanRegistry.java:225] - Creating shared instance of singleton bean 'org.springframework.boot.autoconfigure.websocket.servlet.WebSocketServletAutoConfiguration'
2025-04-20 14:45:00,595 DEBUG [main][DefaultSingletonBeanRegistry.java:225] - Creating shared instance of singleton bean 'org.springframework.boot.autoconfigure.websocket.servlet.WebSocketServletAutoConfiguration'
2025-04-20 14:45:00,596 DEBUG [main][DefaultSingletonBeanRegistry.java:225] - Creating shared instance of singleton bean 'org.springframework.boot.context.properties.ConfigurationBeanFactoryMetadata'
2025-04-20 14:45:00,596 DEBUG [main][DefaultSingletonBeanRegistry.java:225] - Creating shared instance of singleton bean 'org.springframework.boot.context.properties.ConfigurationBeanFactoryMetadata'
2025-04-20 14:45:00,596 DEBUG [main][DefaultSingletonBeanRegistry.java:225] - Creating shared instance of singleton bean 'org.springframework.boot.autoconfigure.web.servlet.DispatcherServletAutoConfiguration'
2025-04-20 14:45:00,596 DEBUG [main][DefaultSingletonBeanRegistry.java:225] - Creating shared instance of singleton bean 'org.springframework.boot.autoconfigure.web.servlet.DispatcherServletAutoConfiguration'
2025-04-20 14:45:00,597 DEBUG [main][DefaultSingletonBeanRegistry.java:225] - Creating shared instance of singleton bean 'org.springframework.boot.autoconfigure.task.TaskExecutionAutoConfiguration'
2025-04-20 14:45:00,597 DEBUG [main][DefaultSingletonBeanRegistry.java:225] - Creating shared instance of singleton bean 'org.springframework.boot.autoconfigure.task.TaskExecutionAutoConfiguration'
2025-04-20 14:45:00,597 DEBUG [main][DefaultSingletonBeanRegistry.java:225] - Creating shared instance of singleton bean 'taskExecutorBuilder'
2025-04-20 14:45:00,597 DEBUG [main][DefaultSingletonBeanRegistry.java:225] - Creating shared instance of singleton bean 'taskExecutorBuilder'
2025-04-20 14:45:00,599 DEBUG [main][DefaultSingletonBeanRegistry.java:225] - Creating shared instance of singleton bean 'spring.task.execution-org.springframework.boot.autoconfigure.task.TaskExecutionProperties'
2025-04-20 14:45:00,599 DEBUG [main][DefaultSingletonBeanRegistry.java:225] - Creating shared instance of singleton bean 'spring.task.execution-org.springframework.boot.autoconfigure.task.TaskExecutionProperties'
2025-04-20 14:45:00,601 DEBUG [main][ConstructorResolver.java:807] - Autowiring by type from bean name 'taskExecutorBuilder' via factory method to bean named 'spring.task.execution-org.springframework.boot.autoconfigure.task.TaskExecutionProperties'
2025-04-20 14:45:00,601 DEBUG [main][ConstructorResolver.java:807] - Autowiring by type from bean name 'taskExecutorBuilder' via factory method to bean named 'spring.task.execution-org.springframework.boot.autoconfigure.task.TaskExecutionProperties'
2025-04-20 14:45:00,604 DEBUG [main][DefaultSingletonBeanRegistry.java:225] - Creating shared instance of singleton bean 'org.springframework.boot.autoconfigure.validation.ValidationAutoConfiguration'
2025-04-20 14:45:00,604 DEBUG [main][DefaultSingletonBeanRegistry.java:225] - Creating shared instance of singleton bean 'org.springframework.boot.autoconfigure.validation.ValidationAutoConfiguration'
2025-04-20 14:45:00,604 DEBUG [main][DefaultSingletonBeanRegistry.java:225] - Creating shared instance of singleton bean 'defaultValidator'
2025-04-20 14:45:00,604 DEBUG [main][DefaultSingletonBeanRegistry.java:225] - Creating shared instance of singleton bean 'defaultValidator'
2025-04-20 14:45:00,607 DEBUG [main][ResourceBundleMessageInterpolator.java:172] - Loaded expression factory via original TCCL
2025-04-20 14:45:00,607 DEBUG [main][ResourceBundleMessageInterpolator.java:172] - Loaded expression factory via original TCCL
2025-04-20 14:45:00,610 DEBUG [main][AbstractConfigurationImpl.java:171] - Setting custom MessageInterpolator of type org.springframework.validation.beanvalidation.LocaleContextMessageInterpolator
2025-04-20 14:45:00,610 DEBUG [main][AbstractConfigurationImpl.java:171] - Setting custom MessageInterpolator of type org.springframework.validation.beanvalidation.LocaleContextMessageInterpolator
2025-04-20 14:45:00,611 DEBUG [main][AbstractConfigurationImpl.java:203] - Setting custom ConstraintValidatorFactory of type org.springframework.validation.beanvalidation.SpringConstraintValidatorFactory
2025-04-20 14:45:00,611 DEBUG [main][AbstractConfigurationImpl.java:203] - Setting custom ConstraintValidatorFactory of type org.springframework.validation.beanvalidation.SpringConstraintValidatorFactory
2025-04-20 14:45:00,612 DEBUG [main][AbstractConfigurationImpl.java:217] - Setting custom ParameterNameProvider of type org.springframework.validation.beanvalidation.LocalValidatorFactoryBean$1
2025-04-20 14:45:00,612 DEBUG [main][AbstractConfigurationImpl.java:217] - Setting custom ParameterNameProvider of type org.springframework.validation.beanvalidation.LocalValidatorFactoryBean$1
2025-04-20 14:45:00,613 DEBUG [main][ValidationXmlParser.java:120] - Trying to load META-INF/validation.xml for XML based Validator configuration.
2025-04-20 14:45:00,613 DEBUG [main][ValidationXmlParser.java:120] - Trying to load META-INF/validation.xml for XML based Validator configuration.
2025-04-20 14:45:00,613 DEBUG [main][ResourceLoaderHelper.java:53] - Trying to load META-INF/validation.xml via user class loader
2025-04-20 14:45:00,613 DEBUG [main][ResourceLoaderHelper.java:53] - Trying to load META-INF/validation.xml via user class loader
2025-04-20 14:45:00,614 DEBUG [main][ResourceLoaderHelper.java:60] - Trying to load META-INF/validation.xml via TCCL
2025-04-20 14:45:00,614 DEBUG [main][ResourceLoaderHelper.java:60] - Trying to load META-INF/validation.xml via TCCL
2025-04-20 14:45:00,614 DEBUG [main][ResourceLoaderHelper.java:66] - Trying to load META-INF/validation.xml via Hibernate Validator's class loader
2025-04-20 14:45:00,614 DEBUG [main][ResourceLoaderHelper.java:66] - Trying to load META-INF/validation.xml via Hibernate Validator's class loader
2025-04-20 14:45:00,614 DEBUG [main][ValidationXmlParser.java:127] - No META-INF/validation.xml found. Using annotation based configuration only.
2025-04-20 14:45:00,614 DEBUG [main][ValidationXmlParser.java:127] - No META-INF/validation.xml found. Using annotation based configuration only.
2025-04-20 14:45:00,615 DEBUG [main][TraversableResolvers.java:60] - Cannot find javax.persistence.Persistence on classpath. Assuming non JPA 2 environment. All properties will per default be traversable.
2025-04-20 14:45:00,615 DEBUG [main][TraversableResolvers.java:60] - Cannot find javax.persistence.Persistence on classpath. Assuming non JPA 2 environment. All properties will per default be traversable.
2025-04-20 14:45:00,617 DEBUG [main][ValidatorFactoryConfigurationHelper.java:300] - HV000252: Using org.hibernate.validator.internal.engine.DefaultPropertyNodeNameProvider as property node name provider.
2025-04-20 14:45:00,617 DEBUG [main][ValidatorFactoryConfigurationHelper.java:300] - HV000252: Using org.hibernate.validator.internal.engine.DefaultPropertyNodeNameProvider as property node name provider.
2025-04-20 14:45:00,617 DEBUG [main][ValidatorFactoryConfigurationHelper.java:375] - HV000234: Using org.springframework.validation.beanvalidation.LocaleContextMessageInterpolator as ValidatorFactory-scoped message interpolator.
2025-04-20 14:45:00,617 DEBUG [main][ValidatorFactoryConfigurationHelper.java:375] - HV000234: Using org.springframework.validation.beanvalidation.LocaleContextMessageInterpolator as ValidatorFactory-scoped message interpolator.
2025-04-20 14:45:00,617 DEBUG [main][ValidatorFactoryConfigurationHelper.java:376] - HV000234: Using org.hibernate.validator.internal.engine.resolver.TraverseAllTraversableResolver as ValidatorFactory-scoped traversable resolver.
2025-04-20 14:45:00,617 DEBUG [main][ValidatorFactoryConfigurationHelper.java:376] - HV000234: Using org.hibernate.validator.internal.engine.resolver.TraverseAllTraversableResolver as ValidatorFactory-scoped traversable resolver.
2025-04-20 14:45:00,618 DEBUG [main][ValidatorFactoryConfigurationHelper.java:377] - HV000234: Using org.hibernate.validator.internal.util.ExecutableParameterNameProvider as ValidatorFactory-scoped parameter name provider.
2025-04-20 14:45:00,618 DEBUG [main][ValidatorFactoryConfigurationHelper.java:377] - HV000234: Using org.hibernate.validator.internal.util.ExecutableParameterNameProvider as ValidatorFactory-scoped parameter name provider.
2025-04-20 14:45:00,618 DEBUG [main][ValidatorFactoryConfigurationHelper.java:378] - HV000234: Using org.hibernate.validator.internal.engine.DefaultClockProvider as ValidatorFactory-scoped clock provider.
2025-04-20 14:45:00,618 DEBUG [main][ValidatorFactoryConfigurationHelper.java:378] - HV000234: Using org.hibernate.validator.internal.engine.DefaultClockProvider as ValidatorFactory-scoped clock provider.
2025-04-20 14:45:00,618 DEBUG [main][ValidatorFactoryConfigurationHelper.java:379] - HV000234: Using org.hibernate.validator.internal.engine.scripting.DefaultScriptEvaluatorFactory as ValidatorFactory-scoped script evaluator factory.
2025-04-20 14:45:00,618 DEBUG [main][ValidatorFactoryConfigurationHelper.java:379] - HV000234: Using org.hibernate.validator.internal.engine.scripting.DefaultScriptEvaluatorFactory as ValidatorFactory-scoped script evaluator factory.
2025-04-20 14:45:00,619 DEBUG [main][DefaultSingletonBeanRegistry.java:225] - Creating shared instance of singleton bean 'org.springframework.boot.autoconfigure.web.servlet.error.ErrorMvcAutoConfiguration$WhitelabelErrorViewConfiguration'
2025-04-20 14:45:00,619 DEBUG [main][DefaultSingletonBeanRegistry.java:225] - Creating shared instance of singleton bean 'org.springframework.boot.autoconfigure.web.servlet.error.ErrorMvcAutoConfiguration$WhitelabelErrorViewConfiguration'
2025-04-20 14:45:00,620 DEBUG [main][DefaultSingletonBeanRegistry.java:225] - Creating shared instance of singleton bean 'error'
2025-04-20 14:45:00,620 DEBUG [main][DefaultSingletonBeanRegistry.java:225] - Creating shared instance of singleton bean 'error'
2025-04-20 14:45:00,620 DEBUG [main][DefaultSingletonBeanRegistry.java:225] - Creating shared instance of singleton bean 'beanNameViewResolver'
2025-04-20 14:45:00,620 DEBUG [main][DefaultSingletonBeanRegistry.java:225] - Creating shared instance of singleton bean 'beanNameViewResolver'
2025-04-20 14:45:00,621 DEBUG [main][DefaultSingletonBeanRegistry.java:225] - Creating shared instance of singleton bean 'org.springframework.boot.autoconfigure.web.servlet.error.ErrorMvcAutoConfiguration$DefaultErrorViewResolverConfiguration'
2025-04-20 14:45:00,621 DEBUG [main][DefaultSingletonBeanRegistry.java:225] - Creating shared instance of singleton bean 'org.springframework.boot.autoconfigure.web.servlet.error.ErrorMvcAutoConfiguration$DefaultErrorViewResolverConfiguration'
2025-04-20 14:45:00,622 DEBUG [main][ConstructorResolver.java:807] - Autowiring by type from bean name 'org.springframework.boot.autoconfigure.web.servlet.error.ErrorMvcAutoConfiguration$DefaultErrorViewResolverConfiguration' via constructor to bean named 'org.springframework.boot.web.servlet.context.AnnotationConfigServletWebServerApplicationContext@5c42d2b7'
2025-04-20 14:45:00,622 DEBUG [main][ConstructorResolver.java:807] - Autowiring by type from bean name 'org.springframework.boot.autoconfigure.web.servlet.error.ErrorMvcAutoConfiguration$DefaultErrorViewResolverConfiguration' via constructor to bean named 'org.springframework.boot.web.servlet.context.AnnotationConfigServletWebServerApplicationContext@5c42d2b7'
2025-04-20 14:45:00,622 DEBUG [main][ConstructorResolver.java:807] - Autowiring by type from bean name 'org.springframework.boot.autoconfigure.web.servlet.error.ErrorMvcAutoConfiguration$DefaultErrorViewResolverConfiguration' via constructor to bean named 'spring.resources-org.springframework.boot.autoconfigure.web.ResourceProperties'
2025-04-20 14:45:00,622 DEBUG [main][ConstructorResolver.java:807] - Autowiring by type from bean name 'org.springframework.boot.autoconfigure.web.servlet.error.ErrorMvcAutoConfiguration$DefaultErrorViewResolverConfiguration' via constructor to bean named 'spring.resources-org.springframework.boot.autoconfigure.web.ResourceProperties'
2025-04-20 14:45:00,622 DEBUG [main][DefaultSingletonBeanRegistry.java:225] - Creating shared instance of singleton bean 'conventionErrorViewResolver'
2025-04-20 14:45:00,622 DEBUG [main][DefaultSingletonBeanRegistry.java:225] - Creating shared instance of singleton bean 'conventionErrorViewResolver'
2025-04-20 14:45:00,623 DEBUG [main][DefaultSingletonBeanRegistry.java:225] - Creating shared instance of singleton bean 'errorAttributes'
2025-04-20 14:45:00,623 DEBUG [main][DefaultSingletonBeanRegistry.java:225] - Creating shared instance of singleton bean 'errorAttributes'
2025-04-20 14:45:00,625 DEBUG [main][DefaultSingletonBeanRegistry.java:225] - Creating shared instance of singleton bean 'basicErrorController'
2025-04-20 14:45:00,625 DEBUG [main][DefaultSingletonBeanRegistry.java:225] - Creating shared instance of singleton bean 'basicErrorController'
2025-04-20 14:45:00,626 DEBUG [main][ConstructorResolver.java:807] - Autowiring by type from bean name 'basicErrorController' via factory method to bean named 'errorAttributes'
2025-04-20 14:45:00,626 DEBUG [main][ConstructorResolver.java:807] - Autowiring by type from bean name 'basicErrorController' via factory method to bean named 'errorAttributes'
2025-04-20 14:45:00,626 DEBUG [main][DefaultSingletonBeanRegistry.java:225] - Creating shared instance of singleton bean 'requestMappingHandlerAdapter'
2025-04-20 14:45:00,626 DEBUG [main][DefaultSingletonBeanRegistry.java:225] - Creating shared instance of singleton bean 'requestMappingHandlerAdapter'
2025-04-20 14:45:00,627 DEBUG [main][DefaultSingletonBeanRegistry.java:225] - Creating shared instance of singleton bean 'mvcValidator'
2025-04-20 14:45:00,627 DEBUG [main][DefaultSingletonBeanRegistry.java:225] - Creating shared instance of singleton bean 'mvcValidator'
2025-04-20 14:45:00,630 DEBUG [main][ConstructorResolver.java:807] - Autowiring by type from bean name 'requestMappingHandlerAdapter' via factory method to bean named 'mvcContentNegotiationManager'
2025-04-20 14:45:00,630 DEBUG [main][ConstructorResolver.java:807] - Autowiring by type from bean name 'requestMappingHandlerAdapter' via factory method to bean named 'mvcContentNegotiationManager'
2025-04-20 14:45:00,630 DEBUG [main][ConstructorResolver.java:807] - Autowiring by type from bean name 'requestMappingHandlerAdapter' via factory method to bean named 'mvcConversionService'
2025-04-20 14:45:00,630 DEBUG [main][ConstructorResolver.java:807] - Autowiring by type from bean name 'requestMappingHandlerAdapter' via factory method to bean named 'mvcConversionService'
2025-04-20 14:45:00,630 DEBUG [main][ConstructorResolver.java:807] - Autowiring by type from bean name 'requestMappingHandlerAdapter' via factory method to bean named 'mvcValidator'
2025-04-20 14:45:00,630 DEBUG [main][ConstructorResolver.java:807] - Autowiring by type from bean name 'requestMappingHandlerAdapter' via factory method to bean named 'mvcValidator'
2025-04-20 14:45:00,631 DEBUG [main][ConstructorResolver.java:807] - Autowiring by type from bean name 'requestMappingHandlerAdapter' via factory method to bean named 'mvcContentNegotiationManager'
2025-04-20 14:45:00,631 DEBUG [main][ConstructorResolver.java:807] - Autowiring by type from bean name 'requestMappingHandlerAdapter' via factory method to bean named 'mvcContentNegotiationManager'
2025-04-20 14:45:00,631 DEBUG [main][ConstructorResolver.java:807] - Autowiring by type from bean name 'requestMappingHandlerAdapter' via factory method to bean named 'mvcConversionService'
2025-04-20 14:45:00,631 DEBUG [main][ConstructorResolver.java:807] - Autowiring by type from bean name 'requestMappingHandlerAdapter' via factory method to bean named 'mvcConversionService'
2025-04-20 14:45:00,631 DEBUG [main][ConstructorResolver.java:807] - Autowiring by type from bean name 'requestMappingHandlerAdapter' via factory method to bean named 'mvcValidator'
2025-04-20 14:45:00,631 DEBUG [main][ConstructorResolver.java:807] - Autowiring by type from bean name 'requestMappingHandlerAdapter' via factory method to bean named 'mvcValidator'
2025-04-20 14:45:00,646 DEBUG [main][DefaultSingletonBeanRegistry.java:225] - Creating shared instance of singleton bean 'messageConverters'
2025-04-20 14:45:00,646 DEBUG [main][DefaultSingletonBeanRegistry.java:225] - Creating shared instance of singleton bean 'messageConverters'
2025-04-20 14:45:00,646 DEBUG [main][DefaultSingletonBeanRegistry.java:225] - Creating shared instance of singleton bean 'org.springframework.boot.autoconfigure.http.HttpMessageConvertersAutoConfiguration'
2025-04-20 14:45:00,646 DEBUG [main][DefaultSingletonBeanRegistry.java:225] - Creating shared instance of singleton bean 'org.springframework.boot.autoconfigure.http.HttpMessageConvertersAutoConfiguration'
2025-04-20 14:45:00,650 DEBUG [main][DefaultSingletonBeanRegistry.java:225] - Creating shared instance of singleton bean 'stringHttpMessageConverter'
2025-04-20 14:45:00,650 DEBUG [main][DefaultSingletonBeanRegistry.java:225] - Creating shared instance of singleton bean 'stringHttpMessageConverter'
2025-04-20 14:45:00,650 DEBUG [main][DefaultSingletonBeanRegistry.java:225] - Creating shared instance of singleton bean 'org.springframework.boot.autoconfigure.http.HttpMessageConvertersAutoConfiguration$StringHttpMessageConverterConfiguration'
2025-04-20 14:45:00,650 DEBUG [main][DefaultSingletonBeanRegistry.java:225] - Creating shared instance of singleton bean 'org.springframework.boot.autoconfigure.http.HttpMessageConvertersAutoConfiguration$StringHttpMessageConverterConfiguration'
2025-04-20 14:45:00,651 DEBUG [main][ConstructorResolver.java:807] - Autowiring by type from bean name 'stringHttpMessageConverter' via factory method to bean named 'environment'
2025-04-20 14:45:00,651 DEBUG [main][ConstructorResolver.java:807] - Autowiring by type from bean name 'stringHttpMessageConverter' via factory method to bean named 'environment'
2025-04-20 14:45:00,654 DEBUG [main][DefaultSingletonBeanRegistry.java:225] - Creating shared instance of singleton bean 'mappingJackson2HttpMessageConverter'
2025-04-20 14:45:00,654 DEBUG [main][DefaultSingletonBeanRegistry.java:225] - Creating shared instance of singleton bean 'mappingJackson2HttpMessageConverter'
2025-04-20 14:45:00,654 DEBUG [main][DefaultSingletonBeanRegistry.java:225] - Creating shared instance of singleton bean 'org.springframework.boot.autoconfigure.http.JacksonHttpMessageConvertersConfiguration$MappingJackson2HttpMessageConverterConfiguration'
2025-04-20 14:45:00,654 DEBUG [main][DefaultSingletonBeanRegistry.java:225] - Creating shared instance of singleton bean 'org.springframework.boot.autoconfigure.http.JacksonHttpMessageConvertersConfiguration$MappingJackson2HttpMessageConverterConfiguration'
2025-04-20 14:45:00,655 DEBUG [main][DefaultSingletonBeanRegistry.java:225] - Creating shared instance of singleton bean 'jacksonObjectMapper'
2025-04-20 14:45:00,655 DEBUG [main][DefaultSingletonBeanRegistry.java:225] - Creating shared instance of singleton bean 'jacksonObjectMapper'
2025-04-20 14:45:00,655 DEBUG [main][DefaultSingletonBeanRegistry.java:225] - Creating shared instance of singleton bean 'org.springframework.boot.autoconfigure.jackson.JacksonAutoConfiguration$JacksonObjectMapperConfiguration'
2025-04-20 14:45:00,655 DEBUG [main][DefaultSingletonBeanRegistry.java:225] - Creating shared instance of singleton bean 'org.springframework.boot.autoconfigure.jackson.JacksonAutoConfiguration$JacksonObjectMapperConfiguration'
2025-04-20 14:45:00,656 DEBUG [main][DefaultSingletonBeanRegistry.java:225] - Creating shared instance of singleton bean 'org.springframework.boot.autoconfigure.jackson.JacksonAutoConfiguration$JacksonObjectMapperBuilderConfiguration'
2025-04-20 14:45:00,656 DEBUG [main][DefaultSingletonBeanRegistry.java:225] - Creating shared instance of singleton bean 'org.springframework.boot.autoconfigure.jackson.JacksonAutoConfiguration$JacksonObjectMapperBuilderConfiguration'
2025-04-20 14:45:00,657 DEBUG [main][DefaultSingletonBeanRegistry.java:225] - Creating shared instance of singleton bean 'standardJacksonObjectMapperBuilderCustomizer'
2025-04-20 14:45:00,657 DEBUG [main][DefaultSingletonBeanRegistry.java:225] - Creating shared instance of singleton bean 'standardJacksonObjectMapperBuilderCustomizer'
2025-04-20 14:45:00,657 DEBUG [main][DefaultSingletonBeanRegistry.java:225] - Creating shared instance of singleton bean 'org.springframework.boot.autoconfigure.jackson.JacksonAutoConfiguration$Jackson2ObjectMapperBuilderCustomizerConfiguration'
2025-04-20 14:45:00,657 DEBUG [main][DefaultSingletonBeanRegistry.java:225] - Creating shared instance of singleton bean 'org.springframework.boot.autoconfigure.jackson.JacksonAutoConfiguration$Jackson2ObjectMapperBuilderCustomizerConfiguration'
2025-04-20 14:45:00,658 DEBUG [main][DefaultSingletonBeanRegistry.java:225] - Creating shared instance of singleton bean 'spring.jackson-org.springframework.boot.autoconfigure.jackson.JacksonProperties'
2025-04-20 14:45:00,658 DEBUG [main][DefaultSingletonBeanRegistry.java:225] - Creating shared instance of singleton bean 'spring.jackson-org.springframework.boot.autoconfigure.jackson.JacksonProperties'
2025-04-20 14:45:00,660 DEBUG [main][ConstructorResolver.java:807] - Autowiring by type from bean name 'standardJacksonObjectMapperBuilderCustomizer' via factory method to bean named 'org.springframework.boot.web.servlet.context.AnnotationConfigServletWebServerApplicationContext@5c42d2b7'
2025-04-20 14:45:00,660 DEBUG [main][ConstructorResolver.java:807] - Autowiring by type from bean name 'standardJacksonObjectMapperBuilderCustomizer' via factory method to bean named 'org.springframework.boot.web.servlet.context.AnnotationConfigServletWebServerApplicationContext@5c42d2b7'
2025-04-20 14:45:00,660 DEBUG [main][ConstructorResolver.java:807] - Autowiring by type from bean name 'standardJacksonObjectMapperBuilderCustomizer' via factory method to bean named 'spring.jackson-org.springframework.boot.autoconfigure.jackson.JacksonProperties'
2025-04-20 14:45:00,660 DEBUG [main][ConstructorResolver.java:807] - Autowiring by type from bean name 'standardJacksonObjectMapperBuilderCustomizer' via factory method to bean named 'spring.jackson-org.springframework.boot.autoconfigure.jackson.JacksonProperties'
2025-04-20 14:45:00,662 DEBUG [main][ConstructorResolver.java:807] - Autowiring by type from bean name 'jacksonObjectMapperBuilder' via factory method to bean named 'org.springframework.boot.web.servlet.context.AnnotationConfigServletWebServerApplicationContext@5c42d2b7'
2025-04-20 14:45:00,662 DEBUG [main][ConstructorResolver.java:807] - Autowiring by type from bean name 'jacksonObjectMapperBuilder' via factory method to bean named 'org.springframework.boot.web.servlet.context.AnnotationConfigServletWebServerApplicationContext@5c42d2b7'
2025-04-20 14:45:00,662 DEBUG [main][ConstructorResolver.java:807] - Autowiring by type from bean name 'jacksonObjectMapperBuilder' via factory method to bean named 'jackson2ObjectMapperBuilderCustomizer'
2025-04-20 14:45:00,662 DEBUG [main][ConstructorResolver.java:807] - Autowiring by type from bean name 'jacksonObjectMapperBuilder' via factory method to bean named 'jackson2ObjectMapperBuilderCustomizer'
2025-04-20 14:45:00,662 DEBUG [main][ConstructorResolver.java:807] - Autowiring by type from bean name 'jacksonObjectMapperBuilder' via factory method to bean named 'standardJacksonObjectMapperBuilderCustomizer'
2025-04-20 14:45:00,662 DEBUG [main][ConstructorResolver.java:807] - Autowiring by type from bean name 'jacksonObjectMapperBuilder' via factory method to bean named 'standardJacksonObjectMapperBuilderCustomizer'
2025-04-20 14:45:00,664 DEBUG [main][DefaultSingletonBeanRegistry.java:225] - Creating shared instance of singleton bean 'parameterNamesModule'
2025-04-20 14:45:00,664 DEBUG [main][DefaultSingletonBeanRegistry.java:225] - Creating shared instance of singleton bean 'parameterNamesModule'
2025-04-20 14:45:00,666 DEBUG [main][DefaultSingletonBeanRegistry.java:225] - Creating shared instance of singleton bean 'org.springframework.boot.autoconfigure.jackson.JacksonAutoConfiguration$ParameterNamesModuleConfiguration'
2025-04-20 14:45:00,666 DEBUG [main][DefaultSingletonBeanRegistry.java:225] - Creating shared instance of singleton bean 'org.springframework.boot.autoconfigure.jackson.JacksonAutoConfiguration$ParameterNamesModuleConfiguration'
2025-04-20 14:45:00,668 DEBUG [main][DefaultSingletonBeanRegistry.java:225] - Creating shared instance of singleton bean 'jsonComponentModule'
2025-04-20 14:45:00,668 DEBUG [main][DefaultSingletonBeanRegistry.java:225] - Creating shared instance of singleton bean 'jsonComponentModule'
2025-04-20 14:45:00,669 DEBUG [main][DefaultSingletonBeanRegistry.java:225] - Creating shared instance of singleton bean 'org.springframework.boot.autoconfigure.jackson.JacksonAutoConfiguration'
2025-04-20 14:45:00,669 DEBUG [main][DefaultSingletonBeanRegistry.java:225] - Creating shared instance of singleton bean 'org.springframework.boot.autoconfigure.jackson.JacksonAutoConfiguration'
2025-04-20 14:45:00,677 DEBUG [main][ConstructorResolver.java:807] - Autowiring by type from bean name 'jacksonObjectMapper' via factory method to bean named 'jacksonObjectMapperBuilder'
2025-04-20 14:45:00,677 DEBUG [main][ConstructorResolver.java:807] - Autowiring by type from bean name 'jacksonObjectMapper' via factory method to bean named 'jacksonObjectMapperBuilder'
2025-04-20 14:45:00,703 DEBUG [main][ConstructorResolver.java:807] - Autowiring by type from bean name 'mappingJackson2HttpMessageConverter' via factory method to bean named 'jacksonObjectMapper'
2025-04-20 14:45:00,703 DEBUG [main][ConstructorResolver.java:807] - Autowiring by type from bean name 'mappingJackson2HttpMessageConverter' via factory method to bean named 'jacksonObjectMapper'
2025-04-20 14:45:00,719 DEBUG [main][DefaultSingletonBeanRegistry.java:225] - Creating shared instance of singleton bean 'applicationTaskExecutor'
2025-04-20 14:45:00,719 DEBUG [main][DefaultSingletonBeanRegistry.java:225] - Creating shared instance of singleton bean 'applicationTaskExecutor'
2025-04-20 14:45:00,720 DEBUG [main][ConstructorResolver.java:807] - Autowiring by type from bean name 'applicationTaskExecutor' via factory method to bean named 'taskExecutorBuilder'
2025-04-20 14:45:00,720 DEBUG [main][ConstructorResolver.java:807] - Autowiring by type from bean name 'applicationTaskExecutor' via factory method to bean named 'taskExecutorBuilder'
2025-04-20 14:45:00,730 INFO [main][ExecutorConfigurationSupport.java:181] - Initializing ExecutorService 'applicationTaskExecutor'
2025-04-20 14:45:00,730 INFO [main][ExecutorConfigurationSupport.java:181] - Initializing ExecutorService 'applicationTaskExecutor'
2025-04-20 14:45:00,767 DEBUG [main][DefaultSingletonBeanRegistry.java:225] - Creating shared instance of singleton bean 'springApplicationAdminRegistrar'
2025-04-20 14:45:00,767 DEBUG [main][DefaultSingletonBeanRegistry.java:225] - Creating shared instance of singleton bean 'org.springframework.boot.autoconfigure.admin.SpringApplicationAdminJmxAutoConfiguration'
2025-04-20 14:45:00,767 DEBUG [main][DefaultSingletonBeanRegistry.java:225] - Creating shared instance of singleton bean 'springApplicationAdminRegistrar'
2025-04-20 14:45:00,767 DEBUG [main][DefaultSingletonBeanRegistry.java:225] - Creating shared instance of singleton bean 'org.springframework.boot.autoconfigure.admin.SpringApplicationAdminJmxAutoConfiguration'
2025-04-20 14:45:00,769 DEBUG [main][ConstructorResolver.java:807] - Autowiring by type from bean name 'springApplicationAdminRegistrar' via factory method to bean named 'environment'
2025-04-20 14:45:00,769 DEBUG [main][ConstructorResolver.java:807] - Autowiring by type from bean name 'springApplicationAdminRegistrar' via factory method to bean named 'environment'
2025-04-20 14:45:00,770 DEBUG [main][DefaultSingletonBeanRegistry.java:225] - Creating shared instance of singleton bean 'mbeanExporter'
2025-04-20 14:45:00,770 DEBUG [main][DefaultSingletonBeanRegistry.java:225] - Creating shared instance of singleton bean 'mbeanExporter'
2025-04-20 14:45:00,770 DEBUG [main][DefaultSingletonBeanRegistry.java:225] - Creating shared instance of singleton bean 'org.springframework.boot.autoconfigure.jmx.JmxAutoConfiguration'
2025-04-20 14:45:00,770 DEBUG [main][DefaultSingletonBeanRegistry.java:225] - Creating shared instance of singleton bean 'org.springframework.boot.autoconfigure.jmx.JmxAutoConfiguration'
2025-04-20 14:45:00,771 DEBUG [main][ConstructorResolver.java:807] - Autowiring by type from bean name 'org.springframework.boot.autoconfigure.jmx.JmxAutoConfiguration' via constructor to bean named 'environment'
2025-04-20 14:45:00,771 DEBUG [main][ConstructorResolver.java:807] - Autowiring by type from bean name 'org.springframework.boot.autoconfigure.jmx.JmxAutoConfiguration' via constructor to bean named 'environment'
2025-04-20 14:45:00,772 DEBUG [main][DefaultSingletonBeanRegistry.java:225] - Creating shared instance of singleton bean 'objectNamingStrategy'
2025-04-20 14:45:00,772 DEBUG [main][DefaultSingletonBeanRegistry.java:225] - Creating shared instance of singleton bean 'objectNamingStrategy'
2025-04-20 14:45:00,778 DEBUG [main][ConstructorResolver.java:807] - Autowiring by type from bean name 'mbeanExporter' via factory method to bean named 'objectNamingStrategy'
2025-04-20 14:45:00,778 DEBUG [main][ConstructorResolver.java:807] - Autowiring by type from bean name 'mbeanExporter' via factory method to bean named 'objectNamingStrategy'
2025-04-20 14:45:00,779 DEBUG [main][ConstructorResolver.java:807] - Autowiring by type from bean name 'mbeanExporter' via factory method to bean named 'org.springframework.beans.factory.support.DefaultListableBeanFactory@65b3a85a'
2025-04-20 14:45:00,779 DEBUG [main][ConstructorResolver.java:807] - Autowiring by type from bean name 'mbeanExporter' via factory method to bean named 'org.springframework.beans.factory.support.DefaultListableBeanFactory@65b3a85a'
2025-04-20 14:45:00,795 DEBUG [main][DefaultSingletonBeanRegistry.java:225] - Creating shared instance of singleton bean 'mbeanServer'
2025-04-20 14:45:00,795 DEBUG [main][DefaultSingletonBeanRegistry.java:225] - Creating shared instance of singleton bean 'mbeanServer'
2025-04-20 14:45:00,803 DEBUG [main][JmxUtils.java:127] - Found MBeanServer: com.sun.jmx.mbeanserver.JmxMBeanServer@3764951d
2025-04-20 14:45:00,803 DEBUG [main][JmxUtils.java:127] - Found MBeanServer: com.sun.jmx.mbeanserver.JmxMBeanServer@3764951d
2025-04-20 14:45:00,811 DEBUG [main][SpringApplicationAdminMXBeanRegistrar.java:131] - Application Admin MBean registered with name 'org.springframework.boot:type=Admin,name=SpringApplication'
2025-04-20 14:45:00,811 DEBUG [main][SpringApplicationAdminMXBeanRegistrar.java:131] - Application Admin MBean registered with name 'org.springframework.boot:type=Admin,name=SpringApplication'
2025-04-20 14:45:00,812 DEBUG [main][DefaultSingletonBeanRegistry.java:225] - Creating shared instance of singleton bean 'refreshEventListener'
2025-04-20 14:45:00,812 DEBUG [main][DefaultSingletonBeanRegistry.java:225] - Creating shared instance of singleton bean 'refreshEventListener'
2025-04-20 14:45:00,812 DEBUG [main][DefaultSingletonBeanRegistry.java:225] - Creating shared instance of singleton bean 'org.springframework.cloud.autoconfigure.RefreshAutoConfiguration'
2025-04-20 14:45:00,812 DEBUG [main][DefaultSingletonBeanRegistry.java:225] - Creating shared instance of singleton bean 'org.springframework.cloud.autoconfigure.RefreshAutoConfiguration'
2025-04-20 14:45:00,813 DEBUG [main][DefaultSingletonBeanRegistry.java:225] - Creating shared instance of singleton bean 'contextRefresher'
2025-04-20 14:45:00,813 DEBUG [main][DefaultSingletonBeanRegistry.java:225] - Creating shared instance of singleton bean 'contextRefresher'
2025-04-20 14:45:00,814 DEBUG [main][ConstructorResolver.java:807] - Autowiring by type from bean name 'contextRefresher' via factory method to bean named 'org.springframework.boot.web.servlet.context.AnnotationConfigServletWebServerApplicationContext@5c42d2b7'
2025-04-20 14:45:00,814 DEBUG [main][ConstructorResolver.java:807] - Autowiring by type from bean name 'contextRefresher' via factory method to bean named 'org.springframework.boot.web.servlet.context.AnnotationConfigServletWebServerApplicationContext@5c42d2b7'
2025-04-20 14:45:00,814 DEBUG [main][ConstructorResolver.java:807] - Autowiring by type from bean name 'contextRefresher' via factory method to bean named 'refreshScope'
2025-04-20 14:45:00,814 DEBUG [main][ConstructorResolver.java:807] - Autowiring by type from bean name 'contextRefresher' via factory method to bean named 'refreshScope'
2025-04-20 14:45:00,816 DEBUG [main][ConstructorResolver.java:807] - Autowiring by type from bean name 'refreshEventListener' via factory method to bean named 'contextRefresher'
2025-04-20 14:45:00,816 DEBUG [main][ConstructorResolver.java:807] - Autowiring by type from bean name 'refreshEventListener' via factory method to bean named 'contextRefresher'
2025-04-20 14:45:00,828 DEBUG [main][RequestMappingHandlerAdapter.java:614] - ControllerAdvice beans: 0 @ModelAttribute, 0 @InitBinder, 1 RequestBodyAdvice, 1 ResponseBodyAdvice
2025-04-20 14:45:00,828 DEBUG [main][RequestMappingHandlerAdapter.java:614] - ControllerAdvice beans: 0 @ModelAttribute, 0 @InitBinder, 1 RequestBodyAdvice, 1 ResponseBodyAdvice
2025-04-20 14:45:00,877 DEBUG [main][DefaultSingletonBeanRegistry.java:225] - Creating shared instance of singleton bean 'welcomePageHandlerMapping'
2025-04-20 14:45:00,877 DEBUG [main][DefaultSingletonBeanRegistry.java:225] - Creating shared instance of singleton bean 'welcomePageHandlerMapping'
2025-04-20 14:45:00,878 DEBUG [main][ConstructorResolver.java:807] - Autowiring by type from bean name 'welcomePageHandlerMapping' via factory method to bean named 'org.springframework.boot.web.servlet.context.AnnotationConfigServletWebServerApplicationContext@5c42d2b7'
2025-04-20 14:45:00,878 DEBUG [main][ConstructorResolver.java:807] - Autowiring by type from bean name 'welcomePageHandlerMapping' via factory method to bean named 'org.springframework.boot.web.servlet.context.AnnotationConfigServletWebServerApplicationContext@5c42d2b7'
2025-04-20 14:45:00,879 DEBUG [main][ConstructorResolver.java:807] - Autowiring by type from bean name 'welcomePageHandlerMapping' via factory method to bean named 'mvcConversionService'
2025-04-20 14:45:00,879 DEBUG [main][ConstructorResolver.java:807] - Autowiring by type from bean name 'welcomePageHandlerMapping' via factory method to bean named 'mvcConversionService'
2025-04-20 14:45:00,879 DEBUG [main][ConstructorResolver.java:807] - Autowiring by type from bean name 'welcomePageHandlerMapping' via factory method to bean named 'mvcResourceUrlProvider'
2025-04-20 14:45:00,879 DEBUG [main][ConstructorResolver.java:807] - Autowiring by type from bean name 'welcomePageHandlerMapping' via factory method to bean named 'mvcResourceUrlProvider'
2025-04-20 14:45:00,891 DEBUG [main][DefaultSingletonBeanRegistry.java:225] - Creating shared instance of singleton bean 'mvcPathMatcher'
2025-04-20 14:45:00,891 DEBUG [main][DefaultSingletonBeanRegistry.java:225] - Creating shared instance of singleton bean 'mvcPathMatcher'
2025-04-20 14:45:00,891 DEBUG [main][DefaultSingletonBeanRegistry.java:225] - Creating shared instance of singleton bean 'mvcUrlPathHelper'
2025-04-20 14:45:00,891 DEBUG [main][DefaultSingletonBeanRegistry.java:225] - Creating shared instance of singleton bean 'mvcUrlPathHelper'
2025-04-20 14:45:00,892 DEBUG [main][DefaultSingletonBeanRegistry.java:225] - Creating shared instance of singleton bean 'viewControllerHandlerMapping'
2025-04-20 14:45:00,892 DEBUG [main][DefaultSingletonBeanRegistry.java:225] - Creating shared instance of singleton bean 'viewControllerHandlerMapping'
2025-04-20 14:45:00,894 DEBUG [main][ConstructorResolver.java:807] - Autowiring by type from bean name 'viewControllerHandlerMapping' via factory method to bean named 'mvcPathMatcher'
2025-04-20 14:45:00,894 DEBUG [main][ConstructorResolver.java:807] - Autowiring by type from bean name 'viewControllerHandlerMapping' via factory method to bean named 'mvcPathMatcher'
2025-04-20 14:45:00,895 DEBUG [main][ConstructorResolver.java:807] - Autowiring by type from bean name 'viewControllerHandlerMapping' via factory method to bean named 'mvcUrlPathHelper'
2025-04-20 14:45:00,895 DEBUG [main][ConstructorResolver.java:807] - Autowiring by type from bean name 'viewControllerHandlerMapping' via factory method to bean named 'mvcUrlPathHelper'
2025-04-20 14:45:00,895 DEBUG [main][ConstructorResolver.java:807] - Autowiring by type from bean name 'viewControllerHandlerMapping' via factory method to bean named 'mvcConversionService'
2025-04-20 14:45:00,895 DEBUG [main][ConstructorResolver.java:807] - Autowiring by type from bean name 'viewControllerHandlerMapping' via factory method to bean named 'mvcConversionService'
2025-04-20 14:45:00,895 DEBUG [main][ConstructorResolver.java:807] - Autowiring by type from bean name 'viewControllerHandlerMapping' via factory method to bean named 'mvcResourceUrlProvider'
2025-04-20 14:45:00,895 DEBUG [main][ConstructorResolver.java:807] - Autowiring by type from bean name 'viewControllerHandlerMapping' via factory method to bean named 'mvcResourceUrlProvider'
2025-04-20 14:45:00,897 DEBUG [main][DefaultSingletonBeanRegistry.java:225] - Creating shared instance of singleton bean 'beanNameHandlerMapping'
2025-04-20 14:45:00,897 DEBUG [main][DefaultSingletonBeanRegistry.java:225] - Creating shared instance of singleton bean 'beanNameHandlerMapping'
2025-04-20 14:45:00,898 DEBUG [main][ConstructorResolver.java:807] - Autowiring by type from bean name 'beanNameHandlerMapping' via factory method to bean named 'mvcConversionService'
2025-04-20 14:45:00,898 DEBUG [main][ConstructorResolver.java:807] - Autowiring by type from bean name 'beanNameHandlerMapping' via factory method to bean named 'mvcConversionService'
2025-04-20 14:45:00,898 DEBUG [main][ConstructorResolver.java:807] - Autowiring by type from bean name 'beanNameHandlerMapping' via factory method to bean named 'mvcResourceUrlProvider'
2025-04-20 14:45:00,898 DEBUG [main][ConstructorResolver.java:807] - Autowiring by type from bean name 'beanNameHandlerMapping' via factory method to bean named 'mvcResourceUrlProvider'
2025-04-20 14:45:00,902 DEBUG [main][DefaultSingletonBeanRegistry.java:225] - Creating shared instance of singleton bean 'routerFunctionMapping'
2025-04-20 14:45:00,902 DEBUG [main][DefaultSingletonBeanRegistry.java:225] - Creating shared instance of singleton bean 'routerFunctionMapping'
2025-04-20 14:45:00,902 DEBUG [main][ConstructorResolver.java:807] - Autowiring by type from bean name 'routerFunctionMapping' via factory method to bean named 'mvcConversionService'
2025-04-20 14:45:00,902 DEBUG [main][ConstructorResolver.java:807] - Autowiring by type from bean name 'routerFunctionMapping' via factory method to bean named 'mvcConversionService'
2025-04-20 14:45:00,902 DEBUG [main][ConstructorResolver.java:807] - Autowiring by type from bean name 'routerFunctionMapping' via factory method to bean named 'mvcResourceUrlProvider'
2025-04-20 14:45:00,902 DEBUG [main][ConstructorResolver.java:807] - Autowiring by type from bean name 'routerFunctionMapping' via factory method to bean named 'mvcResourceUrlProvider'
2025-04-20 14:45:00,909 DEBUG [main][DefaultSingletonBeanRegistry.java:225] - Creating shared instance of singleton bean 'resourceHandlerMapping'
2025-04-20 14:45:00,909 DEBUG [main][DefaultSingletonBeanRegistry.java:225] - Creating shared instance of singleton bean 'resourceHandlerMapping'
2025-04-20 14:45:00,910 DEBUG [main][ConstructorResolver.java:807] - Autowiring by type from bean name 'resourceHandlerMapping' via factory method to bean named 'mvcUrlPathHelper'
2025-04-20 14:45:00,910 DEBUG [main][ConstructorResolver.java:807] - Autowiring by type from bean name 'resourceHandlerMapping' via factory method to bean named 'mvcUrlPathHelper'
2025-04-20 14:45:00,910 DEBUG [main][ConstructorResolver.java:807] - Autowiring by type from bean name 'resourceHandlerMapping' via factory method to bean named 'mvcPathMatcher'
2025-04-20 14:45:00,910 DEBUG [main][ConstructorResolver.java:807] - Autowiring by type from bean name 'resourceHandlerMapping' via factory method to bean named 'mvcPathMatcher'
2025-04-20 14:45:00,910 DEBUG [main][ConstructorResolver.java:807] - Autowiring by type from bean name 'resourceHandlerMapping' via factory method to bean named 'mvcContentNegotiationManager'
2025-04-20 14:45:00,910 DEBUG [main][ConstructorResolver.java:807] - Autowiring by type from bean name 'resourceHandlerMapping' via factory method to bean named 'mvcContentNegotiationManager'
2025-04-20 14:45:00,910 DEBUG [main][ConstructorResolver.java:807] - Autowiring by type from bean name 'resourceHandlerMapping' via factory method to bean named 'mvcConversionService'
2025-04-20 14:45:00,910 DEBUG [main][ConstructorResolver.java:807] - Autowiring by type from bean name 'resourceHandlerMapping' via factory method to bean named 'mvcConversionService'
2025-04-20 14:45:00,911 DEBUG [main][ConstructorResolver.java:807] - Autowiring by type from bean name 'resourceHandlerMapping' via factory method to bean named 'mvcResourceUrlProvider'
2025-04-20 14:45:00,911 DEBUG [main][ConstructorResolver.java:807] - Autowiring by type from bean name 'resourceHandlerMapping' via factory method to bean named 'mvcResourceUrlProvider'
2025-04-20 14:45:00,936 DEBUG [main][SimpleUrlHandlerMapping.java:173] - Patterns [/webjars/**, /**] in 'resourceHandlerMapping'
2025-04-20 14:45:00,936 DEBUG [main][SimpleUrlHandlerMapping.java:173] - Patterns [/webjars/**, /**] in 'resourceHandlerMapping'
2025-04-20 14:45:00,937 DEBUG [main][DefaultSingletonBeanRegistry.java:225] - Creating shared instance of singleton bean 'defaultServletHandlerMapping'
2025-04-20 14:45:00,937 DEBUG [main][DefaultSingletonBeanRegistry.java:225] - Creating shared instance of singleton bean 'defaultServletHandlerMapping'
2025-04-20 14:45:00,938 DEBUG [main][DefaultSingletonBeanRegistry.java:225] - Creating shared instance of singleton bean 'handlerFunctionAdapter'
2025-04-20 14:45:00,938 DEBUG [main][DefaultSingletonBeanRegistry.java:225] - Creating shared instance of singleton bean 'handlerFunctionAdapter'
2025-04-20 14:45:00,939 DEBUG [main][DefaultSingletonBeanRegistry.java:225] - Creating shared instance of singleton bean 'mvcUriComponentsContributor'
2025-04-20 14:45:00,939 DEBUG [main][DefaultSingletonBeanRegistry.java:225] - Creating shared instance of singleton bean 'mvcUriComponentsContributor'
2025-04-20 14:45:00,940 DEBUG [main][ConstructorResolver.java:807] - Autowiring by type from bean name 'mvcUriComponentsContributor' via factory method to bean named 'mvcConversionService'
2025-04-20 14:45:00,940 DEBUG [main][ConstructorResolver.java:807] - Autowiring by type from bean name 'mvcUriComponentsContributor' via factory method to bean named 'mvcConversionService'
2025-04-20 14:45:00,940 DEBUG [main][ConstructorResolver.java:807] - Autowiring by type from bean name 'mvcUriComponentsContributor' via factory method to bean named 'requestMappingHandlerAdapter'
2025-04-20 14:45:00,940 DEBUG [main][ConstructorResolver.java:807] - Autowiring by type from bean name 'mvcUriComponentsContributor' via factory method to bean named 'requestMappingHandlerAdapter'
2025-04-20 14:45:00,941 DEBUG [main][DefaultSingletonBeanRegistry.java:225] - Creating shared instance of singleton bean 'httpRequestHandlerAdapter'
2025-04-20 14:45:00,941 DEBUG [main][DefaultSingletonBeanRegistry.java:225] - Creating shared instance of singleton bean 'httpRequestHandlerAdapter'
2025-04-20 14:45:00,943 DEBUG [main][DefaultSingletonBeanRegistry.java:225] - Creating shared instance of singleton bean 'simpleControllerHandlerAdapter'
2025-04-20 14:45:00,943 DEBUG [main][DefaultSingletonBeanRegistry.java:225] - Creating shared instance of singleton bean 'simpleControllerHandlerAdapter'
2025-04-20 14:45:00,943 DEBUG [main][DefaultSingletonBeanRegistry.java:225] - Creating shared instance of singleton bean 'handlerExceptionResolver'
2025-04-20 14:45:00,943 DEBUG [main][DefaultSingletonBeanRegistry.java:225] - Creating shared instance of singleton bean 'handlerExceptionResolver'
2025-04-20 14:45:00,943 DEBUG [main][ConstructorResolver.java:807] - Autowiring by type from bean name 'handlerExceptionResolver' via factory method to bean named 'mvcContentNegotiationManager'
2025-04-20 14:45:00,943 DEBUG [main][ConstructorResolver.java:807] - Autowiring by type from bean name 'handlerExceptionResolver' via factory method to bean named 'mvcContentNegotiationManager'
2025-04-20 14:45:00,954 DEBUG [main][ExceptionHandlerExceptionResolver.java:297] - ControllerAdvice beans: 1 @ExceptionHandler, 1 ResponseBodyAdvice
2025-04-20 14:45:00,954 DEBUG [main][ExceptionHandlerExceptionResolver.java:297] - ControllerAdvice beans: 1 @ExceptionHandler, 1 ResponseBodyAdvice
2025-04-20 14:45:00,959 DEBUG [main][DefaultSingletonBeanRegistry.java:225] - Creating shared instance of singleton bean 'mvcViewResolver'
2025-04-20 14:45:00,959 DEBUG [main][DefaultSingletonBeanRegistry.java:225] - Creating shared instance of singleton bean 'mvcViewResolver'
2025-04-20 14:45:00,959 DEBUG [main][ConstructorResolver.java:807] - Autowiring by type from bean name 'mvcViewResolver' via factory method to bean named 'mvcContentNegotiationManager'
2025-04-20 14:45:00,959 DEBUG [main][ConstructorResolver.java:807] - Autowiring by type from bean name 'mvcViewResolver' via factory method to bean named 'mvcContentNegotiationManager'
2025-04-20 14:45:00,965 DEBUG [main][DefaultSingletonBeanRegistry.java:225] - Creating shared instance of singleton bean 'defaultViewResolver'
2025-04-20 14:45:00,965 DEBUG [main][DefaultSingletonBeanRegistry.java:225] - Creating shared instance of singleton bean 'defaultViewResolver'
2025-04-20 14:45:00,974 DEBUG [main][DefaultSingletonBeanRegistry.java:225] - Creating shared instance of singleton bean 'viewResolver'
2025-04-20 14:45:00,974 DEBUG [main][DefaultSingletonBeanRegistry.java:225] - Creating shared instance of singleton bean 'viewResolver'
2025-04-20 14:45:00,975 DEBUG [main][ConstructorResolver.java:807] - Autowiring by type from bean name 'viewResolver' via factory method to bean named 'org.springframework.beans.factory.support.DefaultListableBeanFactory@65b3a85a'
2025-04-20 14:45:00,975 DEBUG [main][ConstructorResolver.java:807] - Autowiring by type from bean name 'viewResolver' via factory method to bean named 'org.springframework.beans.factory.support.DefaultListableBeanFactory@65b3a85a'
2025-04-20 14:45:00,977 DEBUG [main][DefaultSingletonBeanRegistry.java:225] - Creating shared instance of singleton bean 'org.springframework.boot.autoconfigure.jdbc.DataSourceJmxConfiguration$Hikari'
2025-04-20 14:45:00,977 DEBUG [main][DefaultSingletonBeanRegistry.java:225] - Creating shared instance of singleton bean 'org.springframework.boot.autoconfigure.jdbc.DataSourceJmxConfiguration$Hikari'
2025-04-20 14:45:00,979 DEBUG [main][ConstructorResolver.java:807] - Autowiring by type from bean name 'org.springframework.boot.autoconfigure.jdbc.DataSourceJmxConfiguration$Hikari' via constructor to bean named 'dataSource'
2025-04-20 14:45:00,979 DEBUG [main][ConstructorResolver.java:807] - Autowiring by type from bean name 'org.springframework.boot.autoconfigure.jdbc.DataSourceJmxConfiguration$Hikari' via constructor to bean named 'dataSource'
2025-04-20 14:45:00,980 DEBUG [main][DefaultSingletonBeanRegistry.java:225] - Creating shared instance of singleton bean 'org.springframework.boot.autoconfigure.jdbc.DataSourceJmxConfiguration'
2025-04-20 14:45:00,980 DEBUG [main][DefaultSingletonBeanRegistry.java:225] - Creating shared instance of singleton bean 'org.springframework.boot.autoconfigure.jdbc.DataSourceJmxConfiguration'
2025-04-20 14:45:00,981 DEBUG [main][DefaultSingletonBeanRegistry.java:225] - Creating shared instance of singleton bean 'org.springframework.boot.autoconfigure.jdbc.DataSourceAutoConfiguration$PooledDataSourceConfiguration'
2025-04-20 14:45:00,981 DEBUG [main][DefaultSingletonBeanRegistry.java:225] - Creating shared instance of singleton bean 'org.springframework.boot.autoconfigure.jdbc.DataSourceAutoConfiguration$PooledDataSourceConfiguration'
2025-04-20 14:45:00,981 DEBUG [main][DefaultSingletonBeanRegistry.java:225] - Creating shared instance of singleton bean 'org.springframework.boot.autoconfigure.jdbc.metadata.DataSourcePoolMetadataProvidersConfiguration$HikariPoolDataSourceMetadataProviderConfiguration'
2025-04-20 14:45:00,981 DEBUG [main][DefaultSingletonBeanRegistry.java:225] - Creating shared instance of singleton bean 'org.springframework.boot.autoconfigure.jdbc.metadata.DataSourcePoolMetadataProvidersConfiguration$HikariPoolDataSourceMetadataProviderConfiguration'
2025-04-20 14:45:00,981 DEBUG [main][DefaultSingletonBeanRegistry.java:225] - Creating shared instance of singleton bean 'hikariPoolDataSourceMetadataProvider'
2025-04-20 14:45:00,981 DEBUG [main][DefaultSingletonBeanRegistry.java:225] - Creating shared instance of singleton bean 'hikariPoolDataSourceMetadataProvider'
2025-04-20 14:45:00,982 DEBUG [main][DefaultSingletonBeanRegistry.java:225] - Creating shared instance of singleton bean 'org.springframework.boot.autoconfigure.jdbc.metadata.DataSourcePoolMetadataProvidersConfiguration'
2025-04-20 14:45:00,982 DEBUG [main][DefaultSingletonBeanRegistry.java:225] - Creating shared instance of singleton bean 'org.springframework.boot.autoconfigure.jdbc.metadata.DataSourcePoolMetadataProvidersConfiguration'
2025-04-20 14:45:00,982 DEBUG [main][DefaultSingletonBeanRegistry.java:225] - Creating shared instance of singleton bean 'org.springframework.boot.autoconfigure.jdbc.DataSourceInitializationConfiguration'
2025-04-20 14:45:00,982 DEBUG [main][DefaultSingletonBeanRegistry.java:225] - Creating shared instance of singleton bean 'org.springframework.boot.autoconfigure.jdbc.DataSourceInitializationConfiguration'
2025-04-20 14:45:00,982 DEBUG [main][DefaultSingletonBeanRegistry.java:225] - Creating shared instance of singleton bean 'org.springframework.boot.autoconfigure.jdbc.DataSourceAutoConfiguration'
2025-04-20 14:45:00,982 DEBUG [main][DefaultSingletonBeanRegistry.java:225] - Creating shared instance of singleton bean 'org.springframework.boot.autoconfigure.jdbc.DataSourceAutoConfiguration'
2025-04-20 14:45:00,983 DEBUG [main][DefaultSingletonBeanRegistry.java:225] - Creating shared instance of singleton bean 'com.baomidou.mybatisplus.autoconfigure.MybatisPlusLanguageDriverAutoConfiguration'
2025-04-20 14:45:00,983 DEBUG [main][DefaultSingletonBeanRegistry.java:225] - Creating shared instance of singleton bean 'com.baomidou.mybatisplus.autoconfigure.MybatisPlusLanguageDriverAutoConfiguration'
2025-04-20 14:45:00,983 DEBUG [main][DefaultSingletonBeanRegistry.java:225] - Creating shared instance of singleton bean 'org.springframework.boot.autoconfigure.aop.AopAutoConfiguration$ClassProxyingConfiguration'
2025-04-20 14:45:00,983 DEBUG [main][DefaultSingletonBeanRegistry.java:225] - Creating shared instance of singleton bean 'org.springframework.boot.autoconfigure.aop.AopAutoConfiguration$ClassProxyingConfiguration'
2025-04-20 14:45:00,983 DEBUG [main][ConstructorResolver.java:807] - Autowiring by type from bean name 'org.springframework.boot.autoconfigure.aop.AopAutoConfiguration$ClassProxyingConfiguration' via constructor to bean named 'org.springframework.beans.factory.support.DefaultListableBeanFactory@65b3a85a'
2025-04-20 14:45:00,983 DEBUG [main][ConstructorResolver.java:807] - Autowiring by type from bean name 'org.springframework.boot.autoconfigure.aop.AopAutoConfiguration$ClassProxyingConfiguration' via constructor to bean named 'org.springframework.beans.factory.support.DefaultListableBeanFactory@65b3a85a'
2025-04-20 14:45:00,983 DEBUG [main][DefaultSingletonBeanRegistry.java:225] - Creating shared instance of singleton bean 'org.springframework.boot.autoconfigure.aop.AopAutoConfiguration'
2025-04-20 14:45:00,983 DEBUG [main][DefaultSingletonBeanRegistry.java:225] - Creating shared instance of singleton bean 'org.springframework.boot.autoconfigure.aop.AopAutoConfiguration'
2025-04-20 14:45:00,984 DEBUG [main][DefaultSingletonBeanRegistry.java:225] - Creating shared instance of singleton bean 'org.springframework.boot.autoconfigure.availability.ApplicationAvailabilityAutoConfiguration'
2025-04-20 14:45:00,984 DEBUG [main][DefaultSingletonBeanRegistry.java:225] - Creating shared instance of singleton bean 'org.springframework.boot.autoconfigure.availability.ApplicationAvailabilityAutoConfiguration'
2025-04-20 14:45:00,984 DEBUG [main][DefaultSingletonBeanRegistry.java:225] - Creating shared instance of singleton bean 'applicationAvailability'
2025-04-20 14:45:00,984 DEBUG [main][DefaultSingletonBeanRegistry.java:225] - Creating shared instance of singleton bean 'applicationAvailability'
2025-04-20 14:45:00,985 DEBUG [main][DefaultSingletonBeanRegistry.java:225] - Creating shared instance of singleton bean 'loggingRebinder'
2025-04-20 14:45:00,985 DEBUG [main][DefaultSingletonBeanRegistry.java:225] - Creating shared instance of singleton bean 'loggingRebinder'
2025-04-20 14:45:00,986 DEBUG [main][DefaultSingletonBeanRegistry.java:225] - Creating shared instance of singleton bean 'org.springframework.boot.autoconfigure.context.ConfigurationPropertiesAutoConfiguration'
2025-04-20 14:45:00,986 DEBUG [main][DefaultSingletonBeanRegistry.java:225] - Creating shared instance of singleton bean 'org.springframework.boot.autoconfigure.context.ConfigurationPropertiesAutoConfiguration'
2025-04-20 14:45:00,986 DEBUG [main][DefaultSingletonBeanRegistry.java:225] - Creating shared instance of singleton bean 'org.springframework.boot.autoconfigure.context.LifecycleAutoConfiguration'
2025-04-20 14:45:00,986 DEBUG [main][DefaultSingletonBeanRegistry.java:225] - Creating shared instance of singleton bean 'org.springframework.boot.autoconfigure.context.LifecycleAutoConfiguration'
2025-04-20 14:45:00,986 DEBUG [main][DefaultSingletonBeanRegistry.java:225] - Creating shared instance of singleton bean 'lifecycleProcessor'
2025-04-20 14:45:00,986 DEBUG [main][DefaultSingletonBeanRegistry.java:225] - Creating shared instance of singleton bean 'lifecycleProcessor'
2025-04-20 14:45:00,986 DEBUG [main][DefaultSingletonBeanRegistry.java:225] - Creating shared instance of singleton bean 'spring.lifecycle-org.springframework.boot.autoconfigure.context.LifecycleProperties'
2025-04-20 14:45:00,986 DEBUG [main][DefaultSingletonBeanRegistry.java:225] - Creating shared instance of singleton bean 'spring.lifecycle-org.springframework.boot.autoconfigure.context.LifecycleProperties'
2025-04-20 14:45:00,987 DEBUG [main][ConstructorResolver.java:807] - Autowiring by type from bean name 'lifecycleProcessor' via factory method to bean named 'spring.lifecycle-org.springframework.boot.autoconfigure.context.LifecycleProperties'
2025-04-20 14:45:00,987 DEBUG [main][ConstructorResolver.java:807] - Autowiring by type from bean name 'lifecycleProcessor' via factory method to bean named 'spring.lifecycle-org.springframework.boot.autoconfigure.context.LifecycleProperties'
2025-04-20 14:45:00,987 DEBUG [main][DefaultSingletonBeanRegistry.java:225] - Creating shared instance of singleton bean 'org.springframework.boot.autoconfigure.dao.PersistenceExceptionTranslationAutoConfiguration'
2025-04-20 14:45:00,987 DEBUG [main][DefaultSingletonBeanRegistry.java:225] - Creating shared instance of singleton bean 'org.springframework.boot.autoconfigure.dao.PersistenceExceptionTranslationAutoConfiguration'
2025-04-20 14:45:00,987 DEBUG [main][DefaultSingletonBeanRegistry.java:225] - Creating shared instance of singleton bean 'org.springframework.boot.autoconfigure.http.JacksonHttpMessageConvertersConfiguration'
2025-04-20 14:45:00,987 DEBUG [main][DefaultSingletonBeanRegistry.java:225] - Creating shared instance of singleton bean 'org.springframework.boot.autoconfigure.http.JacksonHttpMessageConvertersConfiguration'
2025-04-20 14:45:00,987 DEBUG [main][DefaultSingletonBeanRegistry.java:225] - Creating shared instance of singleton bean 'org.springframework.boot.autoconfigure.info.ProjectInfoAutoConfiguration'
2025-04-20 14:45:00,987 DEBUG [main][DefaultSingletonBeanRegistry.java:225] - Creating shared instance of singleton bean 'org.springframework.boot.autoconfigure.info.ProjectInfoAutoConfiguration'
2025-04-20 14:45:00,990 DEBUG [main][DefaultSingletonBeanRegistry.java:225] - Creating shared instance of singleton bean 'spring.info-org.springframework.boot.autoconfigure.info.ProjectInfoProperties'
2025-04-20 14:45:00,990 DEBUG [main][DefaultSingletonBeanRegistry.java:225] - Creating shared instance of singleton bean 'spring.info-org.springframework.boot.autoconfigure.info.ProjectInfoProperties'
2025-04-20 14:45:00,991 DEBUG [main][ConstructorResolver.java:807] - Autowiring by type from bean name 'org.springframework.boot.autoconfigure.info.ProjectInfoAutoConfiguration' via constructor to bean named 'spring.info-org.springframework.boot.autoconfigure.info.ProjectInfoProperties'
2025-04-20 14:45:00,991 DEBUG [main][ConstructorResolver.java:807] - Autowiring by type from bean name 'org.springframework.boot.autoconfigure.info.ProjectInfoAutoConfiguration' via constructor to bean named 'spring.info-org.springframework.boot.autoconfigure.info.ProjectInfoProperties'
2025-04-20 14:45:00,991 DEBUG [main][DefaultSingletonBeanRegistry.java:225] - Creating shared instance of singleton bean 'org.springframework.boot.autoconfigure.jdbc.JdbcTemplateConfiguration'
2025-04-20 14:45:00,991 DEBUG [main][DefaultSingletonBeanRegistry.java:225] - Creating shared instance of singleton bean 'org.springframework.boot.autoconfigure.jdbc.JdbcTemplateConfiguration'
2025-04-20 14:45:00,992 DEBUG [main][DefaultSingletonBeanRegistry.java:225] - Creating shared instance of singleton bean 'jdbcTemplate'
2025-04-20 14:45:00,992 DEBUG [main][DefaultSingletonBeanRegistry.java:225] - Creating shared instance of singleton bean 'jdbcTemplate'
2025-04-20 14:45:00,992 DEBUG [main][DefaultSingletonBeanRegistry.java:225] - Creating shared instance of singleton bean 'spring.jdbc-org.springframework.boot.autoconfigure.jdbc.JdbcProperties'
2025-04-20 14:45:00,992 DEBUG [main][DefaultSingletonBeanRegistry.java:225] - Creating shared instance of singleton bean 'spring.jdbc-org.springframework.boot.autoconfigure.jdbc.JdbcProperties'
2025-04-20 14:45:00,993 DEBUG [main][ConstructorResolver.java:807] - Autowiring by type from bean name 'jdbcTemplate' via factory method to bean named 'dataSource'
2025-04-20 14:45:00,993 DEBUG [main][ConstructorResolver.java:807] - Autowiring by type from bean name 'jdbcTemplate' via factory method to bean named 'dataSource'
2025-04-20 14:45:00,993 DEBUG [main][ConstructorResolver.java:807] - Autowiring by type from bean name 'jdbcTemplate' via factory method to bean named 'spring.jdbc-org.springframework.boot.autoconfigure.jdbc.JdbcProperties'
2025-04-20 14:45:00,993 DEBUG [main][ConstructorResolver.java:807] - Autowiring by type from bean name 'jdbcTemplate' via factory method to bean named 'spring.jdbc-org.springframework.boot.autoconfigure.jdbc.JdbcProperties'
2025-04-20 14:45:01,007 DEBUG [main][DefaultSingletonBeanRegistry.java:225] - Creating shared instance of singleton bean 'org.springframework.boot.autoconfigure.jdbc.NamedParameterJdbcTemplateConfiguration'
2025-04-20 14:45:01,007 DEBUG [main][DefaultSingletonBeanRegistry.java:225] - Creating shared instance of singleton bean 'org.springframework.boot.autoconfigure.jdbc.NamedParameterJdbcTemplateConfiguration'
2025-04-20 14:45:01,007 DEBUG [main][DefaultSingletonBeanRegistry.java:225] - Creating shared instance of singleton bean 'namedParameterJdbcTemplate'
2025-04-20 14:45:01,007 DEBUG [main][DefaultSingletonBeanRegistry.java:225] - Creating shared instance of singleton bean 'namedParameterJdbcTemplate'
2025-04-20 14:45:01,009 DEBUG [main][ConstructorResolver.java:807] - Autowiring by type from bean name 'namedParameterJdbcTemplate' via factory method to bean named 'jdbcTemplate'
2025-04-20 14:45:01,009 DEBUG [main][ConstructorResolver.java:807] - Autowiring by type from bean name 'namedParameterJdbcTemplate' via factory method to bean named 'jdbcTemplate'
2025-04-20 14:45:01,014 DEBUG [main][DefaultSingletonBeanRegistry.java:225] - Creating shared instance of singleton bean 'org.springframework.boot.autoconfigure.jdbc.JdbcTemplateAutoConfiguration'
2025-04-20 14:45:01,014 DEBUG [main][DefaultSingletonBeanRegistry.java:225] - Creating shared instance of singleton bean 'org.springframework.boot.autoconfigure.jdbc.JdbcTemplateAutoConfiguration'
2025-04-20 14:45:01,014 DEBUG [main][DefaultSingletonBeanRegistry.java:225] - Creating shared instance of singleton bean 'org.springframework.boot.autoconfigure.task.TaskSchedulingAutoConfiguration'
2025-04-20 14:45:01,014 DEBUG [main][DefaultSingletonBeanRegistry.java:225] - Creating shared instance of singleton bean 'org.springframework.boot.autoconfigure.task.TaskSchedulingAutoConfiguration'
2025-04-20 14:45:01,015 DEBUG [main][DefaultSingletonBeanRegistry.java:225] - Creating shared instance of singleton bean 'taskSchedulerBuilder'
2025-04-20 14:45:01,015 DEBUG [main][DefaultSingletonBeanRegistry.java:225] - Creating shared instance of singleton bean 'taskSchedulerBuilder'
2025-04-20 14:45:01,015 DEBUG [main][DefaultSingletonBeanRegistry.java:225] - Creating shared instance of singleton bean 'spring.task.scheduling-org.springframework.boot.autoconfigure.task.TaskSchedulingProperties'
2025-04-20 14:45:01,015 DEBUG [main][DefaultSingletonBeanRegistry.java:225] - Creating shared instance of singleton bean 'spring.task.scheduling-org.springframework.boot.autoconfigure.task.TaskSchedulingProperties'
2025-04-20 14:45:01,017 DEBUG [main][ConstructorResolver.java:807] - Autowiring by type from bean name 'taskSchedulerBuilder' via factory method to bean named 'spring.task.scheduling-org.springframework.boot.autoconfigure.task.TaskSchedulingProperties'
2025-04-20 14:45:01,017 DEBUG [main][ConstructorResolver.java:807] - Autowiring by type from bean name 'taskSchedulerBuilder' via factory method to bean named 'spring.task.scheduling-org.springframework.boot.autoconfigure.task.TaskSchedulingProperties'
2025-04-20 14:45:01,019 DEBUG [main][DefaultSingletonBeanRegistry.java:225] - Creating shared instance of singleton bean 'org.springframework.boot.autoconfigure.jdbc.DataSourceTransactionManagerAutoConfiguration$DataSourceTransactionManagerConfiguration'
2025-04-20 14:45:01,019 DEBUG [main][DefaultSingletonBeanRegistry.java:225] - Creating shared instance of singleton bean 'org.springframework.boot.autoconfigure.jdbc.DataSourceTransactionManagerAutoConfiguration$DataSourceTransactionManagerConfiguration'
2025-04-20 14:45:01,019 DEBUG [main][DefaultSingletonBeanRegistry.java:225] - Creating shared instance of singleton bean 'transactionManager'
2025-04-20 14:45:01,019 DEBUG [main][DefaultSingletonBeanRegistry.java:225] - Creating shared instance of singleton bean 'transactionManager'
2025-04-20 14:45:01,019 DEBUG [main][ConstructorResolver.java:807] - Autowiring by type from bean name 'transactionManager' via factory method to bean named 'dataSource'
2025-04-20 14:45:01,019 DEBUG [main][ConstructorResolver.java:807] - Autowiring by type from bean name 'transactionManager' via factory method to bean named 'dataSource'
2025-04-20 14:45:01,024 DEBUG [main][DefaultSingletonBeanRegistry.java:225] - Creating shared instance of singleton bean 'platformTransactionManagerCustomizers'
2025-04-20 14:45:01,024 DEBUG [main][DefaultSingletonBeanRegistry.java:225] - Creating shared instance of singleton bean 'platformTransactionManagerCustomizers'
2025-04-20 14:45:01,024 DEBUG [main][DefaultSingletonBeanRegistry.java:225] - Creating shared instance of singleton bean 'org.springframework.boot.autoconfigure.transaction.TransactionAutoConfiguration'
2025-04-20 14:45:01,024 DEBUG [main][DefaultSingletonBeanRegistry.java:225] - Creating shared instance of singleton bean 'org.springframework.boot.autoconfigure.transaction.TransactionAutoConfiguration'
2025-04-20 14:45:01,025 DEBUG [main][DefaultSingletonBeanRegistry.java:225] - Creating shared instance of singleton bean 'spring.transaction-org.springframework.boot.autoconfigure.transaction.TransactionProperties'
2025-04-20 14:45:01,025 DEBUG [main][DefaultSingletonBeanRegistry.java:225] - Creating shared instance of singleton bean 'spring.transaction-org.springframework.boot.autoconfigure.transaction.TransactionProperties'
2025-04-20 14:45:01,029 DEBUG [main][DefaultSingletonBeanRegistry.java:225] - Creating shared instance of singleton bean 'org.springframework.boot.autoconfigure.jdbc.DataSourceTransactionManagerAutoConfiguration'
2025-04-20 14:45:01,029 DEBUG [main][DefaultSingletonBeanRegistry.java:225] - Creating shared instance of singleton bean 'org.springframework.boot.autoconfigure.jdbc.DataSourceTransactionManagerAutoConfiguration'
2025-04-20 14:45:01,030 DEBUG [main][DefaultSingletonBeanRegistry.java:225] - Creating shared instance of singleton bean 'org.springframework.boot.autoconfigure.transaction.TransactionAutoConfiguration$EnableTransactionManagementConfiguration$CglibAutoProxyConfiguration'
2025-04-20 14:45:01,030 DEBUG [main][DefaultSingletonBeanRegistry.java:225] - Creating shared instance of singleton bean 'org.springframework.boot.autoconfigure.transaction.TransactionAutoConfiguration$EnableTransactionManagementConfiguration$CglibAutoProxyConfiguration'
2025-04-20 14:45:01,030 DEBUG [main][DefaultSingletonBeanRegistry.java:225] - Creating shared instance of singleton bean 'org.springframework.boot.autoconfigure.transaction.TransactionAutoConfiguration$EnableTransactionManagementConfiguration'
2025-04-20 14:45:01,030 DEBUG [main][DefaultSingletonBeanRegistry.java:225] - Creating shared instance of singleton bean 'org.springframework.boot.autoconfigure.transaction.TransactionAutoConfiguration$EnableTransactionManagementConfiguration'
2025-04-20 14:45:01,031 DEBUG [main][DefaultSingletonBeanRegistry.java:225] - Creating shared instance of singleton bean 'org.springframework.boot.autoconfigure.transaction.TransactionAutoConfiguration$TransactionTemplateConfiguration'
2025-04-20 14:45:01,031 DEBUG [main][DefaultSingletonBeanRegistry.java:225] - Creating shared instance of singleton bean 'org.springframework.boot.autoconfigure.transaction.TransactionAutoConfiguration$TransactionTemplateConfiguration'
2025-04-20 14:45:01,031 DEBUG [main][DefaultSingletonBeanRegistry.java:225] - Creating shared instance of singleton bean 'transactionTemplate'
2025-04-20 14:45:01,031 DEBUG [main][DefaultSingletonBeanRegistry.java:225] - Creating shared instance of singleton bean 'transactionTemplate'
2025-04-20 14:45:01,031 DEBUG [main][ConstructorResolver.java:807] - Autowiring by type from bean name 'transactionTemplate' via factory method to bean named 'transactionManager'
2025-04-20 14:45:01,031 DEBUG [main][ConstructorResolver.java:807] - Autowiring by type from bean name 'transactionTemplate' via factory method to bean named 'transactionManager'
2025-04-20 14:45:01,033 DEBUG [main][DefaultSingletonBeanRegistry.java:225] - Creating shared instance of singleton bean 'org.springframework.boot.autoconfigure.web.client.RestTemplateAutoConfiguration'
2025-04-20 14:45:01,033 DEBUG [main][DefaultSingletonBeanRegistry.java:225] - Creating shared instance of singleton bean 'org.springframework.boot.autoconfigure.web.client.RestTemplateAutoConfiguration'
2025-04-20 14:45:01,033 DEBUG [main][DefaultSingletonBeanRegistry.java:225] - Creating shared instance of singleton bean 'org.springframework.boot.autoconfigure.web.embedded.EmbeddedWebServerFactoryCustomizerAutoConfiguration'
2025-04-20 14:45:01,033 DEBUG [main][DefaultSingletonBeanRegistry.java:225] - Creating shared instance of singleton bean 'org.springframework.boot.autoconfigure.web.embedded.EmbeddedWebServerFactoryCustomizerAutoConfiguration'
2025-04-20 14:45:01,033 DEBUG [main][DefaultSingletonBeanRegistry.java:225] - Creating shared instance of singleton bean 'multipartResolver'
2025-04-20 14:45:01,033 DEBUG [main][DefaultSingletonBeanRegistry.java:225] - Creating shared instance of singleton bean 'multipartResolver'
2025-04-20 14:45:01,035 DEBUG [main][DefaultSingletonBeanRegistry.java:225] - Creating shared instance of singleton bean 'org.springframework.cloud.autoconfigure.ConfigurationPropertiesRebinderAutoConfiguration'
2025-04-20 14:45:01,035 DEBUG [main][DefaultSingletonBeanRegistry.java:225] - Creating shared instance of singleton bean 'org.springframework.cloud.autoconfigure.ConfigurationPropertiesRebinderAutoConfiguration'
2025-04-20 14:45:01,035 DEBUG [main][DefaultSingletonBeanRegistry.java:225] - Creating shared instance of singleton bean 'configurationPropertiesRebinder'
2025-04-20 14:45:01,035 DEBUG [main][DefaultSingletonBeanRegistry.java:225] - Creating shared instance of singleton bean 'configurationPropertiesRebinder'
2025-04-20 14:45:01,035 DEBUG [main][ConstructorResolver.java:807] - Autowiring by type from bean name 'configurationPropertiesRebinder' via factory method to bean named 'configurationPropertiesBeans'
2025-04-20 14:45:01,035 DEBUG [main][ConstructorResolver.java:807] - Autowiring by type from bean name 'configurationPropertiesRebinder' via factory method to bean named 'configurationPropertiesBeans'
2025-04-20 14:45:01,036 DEBUG [main][DefaultSingletonBeanRegistry.java:225] - Creating shared instance of singleton bean 'org.springframework.cloud.autoconfigure.LifecycleMvcEndpointAutoConfiguration'
2025-04-20 14:45:01,036 DEBUG [main][DefaultSingletonBeanRegistry.java:225] - Creating shared instance of singleton bean 'org.springframework.cloud.autoconfigure.LifecycleMvcEndpointAutoConfiguration'
2025-04-20 14:45:01,036 DEBUG [main][DefaultSingletonBeanRegistry.java:225] - Creating shared instance of singleton bean 'environmentManager'
2025-04-20 14:45:01,036 DEBUG [main][DefaultSingletonBeanRegistry.java:225] - Creating shared instance of singleton bean 'environmentManager'
2025-04-20 14:45:01,036 DEBUG [main][ConstructorResolver.java:807] - Autowiring by type from bean name 'environmentManager' via factory method to bean named 'environment'
2025-04-20 14:45:01,036 DEBUG [main][ConstructorResolver.java:807] - Autowiring by type from bean name 'environmentManager' via factory method to bean named 'environment'
2025-04-20 14:45:01,037 DEBUG [main][DefaultSingletonBeanRegistry.java:225] - Creating shared instance of singleton bean 'coursePublishMapper'
2025-04-20 14:45:01,037 DEBUG [main][DefaultSingletonBeanRegistry.java:225] - Creating shared instance of singleton bean 'coursePublishMapper'
2025-04-20 14:45:01,047 DEBUG [main][MybatisConfiguration.java:128] - addMappedStatement: com.xuecheng.content.mapper.CoursePublishMapper.insert
2025-04-20 14:45:01,047 DEBUG [main][MybatisConfiguration.java:128] - addMappedStatement: com.xuecheng.content.mapper.CoursePublishMapper.insert
2025-04-20 14:45:01,048 DEBUG [main][MybatisConfiguration.java:128] - addMappedStatement: com.xuecheng.content.mapper.CoursePublishMapper.delete
2025-04-20 14:45:01,048 DEBUG [main][MybatisConfiguration.java:128] - addMappedStatement: com.xuecheng.content.mapper.CoursePublishMapper.delete
2025-04-20 14:45:01,049 DEBUG [main][MybatisConfiguration.java:128] - addMappedStatement: com.xuecheng.content.mapper.CoursePublishMapper.deleteByMap
2025-04-20 14:45:01,049 DEBUG [main][MybatisConfiguration.java:128] - addMappedStatement: com.xuecheng.content.mapper.CoursePublishMapper.deleteByMap
2025-04-20 14:45:01,050 DEBUG [main][MybatisConfiguration.java:128] - addMappedStatement: com.xuecheng.content.mapper.CoursePublishMapper.deleteById
2025-04-20 14:45:01,050 DEBUG [main][MybatisConfiguration.java:128] - addMappedStatement: com.xuecheng.content.mapper.CoursePublishMapper.deleteById
2025-04-20 14:45:01,052 DEBUG [main][MybatisConfiguration.java:128] - addMappedStatement: com.xuecheng.content.mapper.CoursePublishMapper.deleteBatchIds
2025-04-20 14:45:01,052 DEBUG [main][MybatisConfiguration.java:128] - addMappedStatement: com.xuecheng.content.mapper.CoursePublishMapper.deleteBatchIds
2025-04-20 14:45:01,053 DEBUG [main][MybatisConfiguration.java:128] - addMappedStatement: com.xuecheng.content.mapper.CoursePublishMapper.update
2025-04-20 14:45:01,053 DEBUG [main][MybatisConfiguration.java:128] - addMappedStatement: com.xuecheng.content.mapper.CoursePublishMapper.update
2025-04-20 14:45:01,054 DEBUG [main][MybatisConfiguration.java:128] - addMappedStatement: com.xuecheng.content.mapper.CoursePublishMapper.updateById
2025-04-20 14:45:01,054 DEBUG [main][MybatisConfiguration.java:128] - addMappedStatement: com.xuecheng.content.mapper.CoursePublishMapper.updateById
2025-04-20 14:45:01,054 DEBUG [main][MybatisConfiguration.java:128] - addMappedStatement: com.xuecheng.content.mapper.CoursePublishMapper.selectById
2025-04-20 14:45:01,054 DEBUG [main][MybatisConfiguration.java:128] - addMappedStatement: com.xuecheng.content.mapper.CoursePublishMapper.selectById
2025-04-20 14:45:01,055 DEBUG [main][MybatisConfiguration.java:128] - addMappedStatement: com.xuecheng.content.mapper.CoursePublishMapper.selectBatchIds
2025-04-20 14:45:01,055 DEBUG [main][MybatisConfiguration.java:128] - addMappedStatement: com.xuecheng.content.mapper.CoursePublishMapper.selectBatchIds
2025-04-20 14:45:01,055 DEBUG [main][MybatisConfiguration.java:128] - addMappedStatement: com.xuecheng.content.mapper.CoursePublishMapper.selectByMap
2025-04-20 14:45:01,055 DEBUG [main][MybatisConfiguration.java:128] - addMappedStatement: com.xuecheng.content.mapper.CoursePublishMapper.selectByMap
2025-04-20 14:45:01,056 DEBUG [main][MybatisConfiguration.java:128] - addMappedStatement: com.xuecheng.content.mapper.CoursePublishMapper.selectOne
2025-04-20 14:45:01,056 DEBUG [main][MybatisConfiguration.java:128] - addMappedStatement: com.xuecheng.content.mapper.CoursePublishMapper.selectOne
2025-04-20 14:45:01,057 DEBUG [main][MybatisConfiguration.java:128] - addMappedStatement: com.xuecheng.content.mapper.CoursePublishMapper.selectCount
2025-04-20 14:45:01,057 DEBUG [main][MybatisConfiguration.java:128] - addMappedStatement: com.xuecheng.content.mapper.CoursePublishMapper.selectCount
2025-04-20 14:45:01,058 DEBUG [main][MybatisConfiguration.java:128] - addMappedStatement: com.xuecheng.content.mapper.CoursePublishMapper.selectMaps
2025-04-20 14:45:01,058 DEBUG [main][MybatisConfiguration.java:128] - addMappedStatement: com.xuecheng.content.mapper.CoursePublishMapper.selectMaps
2025-04-20 14:45:01,059 DEBUG [main][MybatisConfiguration.java:128] - addMappedStatement: com.xuecheng.content.mapper.CoursePublishMapper.selectMapsPage
2025-04-20 14:45:01,059 DEBUG [main][MybatisConfiguration.java:128] - addMappedStatement: com.xuecheng.content.mapper.CoursePublishMapper.selectMapsPage
2025-04-20 14:45:01,060 DEBUG [main][MybatisConfiguration.java:128] - addMappedStatement: com.xuecheng.content.mapper.CoursePublishMapper.selectObjs
2025-04-20 14:45:01,060 DEBUG [main][MybatisConfiguration.java:128] - addMappedStatement: com.xuecheng.content.mapper.CoursePublishMapper.selectObjs
2025-04-20 14:45:01,061 DEBUG [main][MybatisConfiguration.java:128] - addMappedStatement: com.xuecheng.content.mapper.CoursePublishMapper.selectList
2025-04-20 14:45:01,061 DEBUG [main][MybatisConfiguration.java:128] - addMappedStatement: com.xuecheng.content.mapper.CoursePublishMapper.selectList
2025-04-20 14:45:01,062 DEBUG [main][MybatisConfiguration.java:128] - addMappedStatement: com.xuecheng.content.mapper.CoursePublishMapper.selectPage
2025-04-20 14:45:01,062 DEBUG [main][MybatisConfiguration.java:128] - addMappedStatement: com.xuecheng.content.mapper.CoursePublishMapper.selectPage
2025-04-20 14:45:01,062 DEBUG [main][DefaultSingletonBeanRegistry.java:225] - Creating shared instance of singleton bean 'coursePublishPreMapper'
2025-04-20 14:45:01,062 DEBUG [main][DefaultSingletonBeanRegistry.java:225] - Creating shared instance of singleton bean 'coursePublishPreMapper'
2025-04-20 14:45:01,072 DEBUG [main][MybatisConfiguration.java:128] - addMappedStatement: com.xuecheng.content.mapper.CoursePublishPreMapper.insert
2025-04-20 14:45:01,072 DEBUG [main][MybatisConfiguration.java:128] - addMappedStatement: com.xuecheng.content.mapper.CoursePublishPreMapper.insert
2025-04-20 14:45:01,073 DEBUG [main][MybatisConfiguration.java:128] - addMappedStatement: com.xuecheng.content.mapper.CoursePublishPreMapper.delete
2025-04-20 14:45:01,073 DEBUG [main][MybatisConfiguration.java:128] - addMappedStatement: com.xuecheng.content.mapper.CoursePublishPreMapper.delete
2025-04-20 14:45:01,074 DEBUG [main][MybatisConfiguration.java:128] - addMappedStatement: com.xuecheng.content.mapper.CoursePublishPreMapper.deleteByMap
2025-04-20 14:45:01,074 DEBUG [main][MybatisConfiguration.java:128] - addMappedStatement: com.xuecheng.content.mapper.CoursePublishPreMapper.deleteByMap
2025-04-20 14:45:01,075 DEBUG [main][MybatisConfiguration.java:128] - addMappedStatement: com.xuecheng.content.mapper.CoursePublishPreMapper.deleteById
2025-04-20 14:45:01,075 DEBUG [main][MybatisConfiguration.java:128] - addMappedStatement: com.xuecheng.content.mapper.CoursePublishPreMapper.deleteById
2025-04-20 14:45:01,075 DEBUG [main][MybatisConfiguration.java:128] - addMappedStatement: com.xuecheng.content.mapper.CoursePublishPreMapper.deleteBatchIds
2025-04-20 14:45:01,075 DEBUG [main][MybatisConfiguration.java:128] - addMappedStatement: com.xuecheng.content.mapper.CoursePublishPreMapper.deleteBatchIds
2025-04-20 14:45:01,077 DEBUG [main][MybatisConfiguration.java:128] - addMappedStatement: com.xuecheng.content.mapper.CoursePublishPreMapper.update
2025-04-20 14:45:01,077 DEBUG [main][MybatisConfiguration.java:128] - addMappedStatement: com.xuecheng.content.mapper.CoursePublishPreMapper.update
2025-04-20 14:45:01,078 DEBUG [main][MybatisConfiguration.java:128] - addMappedStatement: com.xuecheng.content.mapper.CoursePublishPreMapper.updateById
2025-04-20 14:45:01,078 DEBUG [main][MybatisConfiguration.java:128] - addMappedStatement: com.xuecheng.content.mapper.CoursePublishPreMapper.updateById
2025-04-20 14:45:01,078 DEBUG [main][MybatisConfiguration.java:128] - addMappedStatement: com.xuecheng.content.mapper.CoursePublishPreMapper.selectById
2025-04-20 14:45:01,078 DEBUG [main][MybatisConfiguration.java:128] - addMappedStatement: com.xuecheng.content.mapper.CoursePublishPreMapper.selectById
2025-04-20 14:45:01,079 DEBUG [main][MybatisConfiguration.java:128] - addMappedStatement: com.xuecheng.content.mapper.CoursePublishPreMapper.selectBatchIds
2025-04-20 14:45:01,079 DEBUG [main][MybatisConfiguration.java:128] - addMappedStatement: com.xuecheng.content.mapper.CoursePublishPreMapper.selectBatchIds
2025-04-20 14:45:01,080 DEBUG [main][MybatisConfiguration.java:128] - addMappedStatement: com.xuecheng.content.mapper.CoursePublishPreMapper.selectByMap
2025-04-20 14:45:01,080 DEBUG [main][MybatisConfiguration.java:128] - addMappedStatement: com.xuecheng.content.mapper.CoursePublishPreMapper.selectByMap
2025-04-20 14:45:01,081 DEBUG [main][MybatisConfiguration.java:128] - addMappedStatement: com.xuecheng.content.mapper.CoursePublishPreMapper.selectOne
2025-04-20 14:45:01,081 DEBUG [main][MybatisConfiguration.java:128] - addMappedStatement: com.xuecheng.content.mapper.CoursePublishPreMapper.selectOne
2025-04-20 14:45:01,082 DEBUG [main][MybatisConfiguration.java:128] - addMappedStatement: com.xuecheng.content.mapper.CoursePublishPreMapper.selectCount
2025-04-20 14:45:01,082 DEBUG [main][MybatisConfiguration.java:128] - addMappedStatement: com.xuecheng.content.mapper.CoursePublishPreMapper.selectCount
2025-04-20 14:45:01,084 DEBUG [main][MybatisConfiguration.java:128] - addMappedStatement: com.xuecheng.content.mapper.CoursePublishPreMapper.selectMaps
2025-04-20 14:45:01,084 DEBUG [main][MybatisConfiguration.java:128] - addMappedStatement: com.xuecheng.content.mapper.CoursePublishPreMapper.selectMaps
2025-04-20 14:45:01,085 DEBUG [main][MybatisConfiguration.java:128] - addMappedStatement: com.xuecheng.content.mapper.CoursePublishPreMapper.selectMapsPage
2025-04-20 14:45:01,085 DEBUG [main][MybatisConfiguration.java:128] - addMappedStatement: com.xuecheng.content.mapper.CoursePublishPreMapper.selectMapsPage
2025-04-20 14:45:01,087 DEBUG [main][MybatisConfiguration.java:128] - addMappedStatement: com.xuecheng.content.mapper.CoursePublishPreMapper.selectObjs
2025-04-20 14:45:01,087 DEBUG [main][MybatisConfiguration.java:128] - addMappedStatement: com.xuecheng.content.mapper.CoursePublishPreMapper.selectObjs
2025-04-20 14:45:01,089 DEBUG [main][MybatisConfiguration.java:128] - addMappedStatement: com.xuecheng.content.mapper.CoursePublishPreMapper.selectList
2025-04-20 14:45:01,089 DEBUG [main][MybatisConfiguration.java:128] - addMappedStatement: com.xuecheng.content.mapper.CoursePublishPreMapper.selectList
2025-04-20 14:45:01,091 DEBUG [main][MybatisConfiguration.java:128] - addMappedStatement: com.xuecheng.content.mapper.CoursePublishPreMapper.selectPage
2025-04-20 14:45:01,091 DEBUG [main][MybatisConfiguration.java:128] - addMappedStatement: com.xuecheng.content.mapper.CoursePublishPreMapper.selectPage
2025-04-20 14:45:01,091 DEBUG [main][DefaultSingletonBeanRegistry.java:225] - Creating shared instance of singleton bean 'courseTeacherMapper'
2025-04-20 14:45:01,091 DEBUG [main][DefaultSingletonBeanRegistry.java:225] - Creating shared instance of singleton bean 'courseTeacherMapper'
2025-04-20 14:45:01,103 DEBUG [main][MybatisConfiguration.java:128] - addMappedStatement: com.xuecheng.content.mapper.CourseTeacherMapper.insert
2025-04-20 14:45:01,103 DEBUG [main][MybatisConfiguration.java:128] - addMappedStatement: com.xuecheng.content.mapper.CourseTeacherMapper.insert
2025-04-20 14:45:01,104 DEBUG [main][MybatisConfiguration.java:128] - addMappedStatement: com.xuecheng.content.mapper.CourseTeacherMapper.delete
2025-04-20 14:45:01,104 DEBUG [main][MybatisConfiguration.java:128] - addMappedStatement: com.xuecheng.content.mapper.CourseTeacherMapper.delete
2025-04-20 14:45:01,106 DEBUG [main][MybatisConfiguration.java:128] - addMappedStatement: com.xuecheng.content.mapper.CourseTeacherMapper.deleteByMap
2025-04-20 14:45:01,106 DEBUG [main][MybatisConfiguration.java:128] - addMappedStatement: com.xuecheng.content.mapper.CourseTeacherMapper.deleteByMap
2025-04-20 14:45:01,106 DEBUG [main][MybatisConfiguration.java:128] - addMappedStatement: com.xuecheng.content.mapper.CourseTeacherMapper.deleteById
2025-04-20 14:45:01,106 DEBUG [main][MybatisConfiguration.java:128] - addMappedStatement: com.xuecheng.content.mapper.CourseTeacherMapper.deleteById
2025-04-20 14:45:01,107 DEBUG [main][MybatisConfiguration.java:128] - addMappedStatement: com.xuecheng.content.mapper.CourseTeacherMapper.deleteBatchIds
2025-04-20 14:45:01,107 DEBUG [main][MybatisConfiguration.java:128] - addMappedStatement: com.xuecheng.content.mapper.CourseTeacherMapper.deleteBatchIds
2025-04-20 14:45:01,109 DEBUG [main][MybatisConfiguration.java:128] - addMappedStatement: com.xuecheng.content.mapper.CourseTeacherMapper.update
2025-04-20 14:45:01,109 DEBUG [main][MybatisConfiguration.java:128] - addMappedStatement: com.xuecheng.content.mapper.CourseTeacherMapper.update
2025-04-20 14:45:01,109 DEBUG [main][MybatisConfiguration.java:128] - addMappedStatement: com.xuecheng.content.mapper.CourseTeacherMapper.updateById
2025-04-20 14:45:01,109 DEBUG [main][MybatisConfiguration.java:128] - addMappedStatement: com.xuecheng.content.mapper.CourseTeacherMapper.updateById
2025-04-20 14:45:01,109 DEBUG [main][MybatisConfiguration.java:128] - addMappedStatement: com.xuecheng.content.mapper.CourseTeacherMapper.selectById
2025-04-20 14:45:01,109 DEBUG [main][MybatisConfiguration.java:128] - addMappedStatement: com.xuecheng.content.mapper.CourseTeacherMapper.selectById
2025-04-20 14:45:01,110 DEBUG [main][MybatisConfiguration.java:128] - addMappedStatement: com.xuecheng.content.mapper.CourseTeacherMapper.selectBatchIds
2025-04-20 14:45:01,110 DEBUG [main][MybatisConfiguration.java:128] - addMappedStatement: com.xuecheng.content.mapper.CourseTeacherMapper.selectBatchIds
2025-04-20 14:45:01,111 DEBUG [main][MybatisConfiguration.java:128] - addMappedStatement: com.xuecheng.content.mapper.CourseTeacherMapper.selectByMap
2025-04-20 14:45:01,111 DEBUG [main][MybatisConfiguration.java:128] - addMappedStatement: com.xuecheng.content.mapper.CourseTeacherMapper.selectByMap
2025-04-20 14:45:01,113 DEBUG [main][MybatisConfiguration.java:128] - addMappedStatement: com.xuecheng.content.mapper.CourseTeacherMapper.selectOne
2025-04-20 14:45:01,113 DEBUG [main][MybatisConfiguration.java:128] - addMappedStatement: com.xuecheng.content.mapper.CourseTeacherMapper.selectOne
2025-04-20 14:45:01,115 DEBUG [main][MybatisConfiguration.java:128] - addMappedStatement: com.xuecheng.content.mapper.CourseTeacherMapper.selectCount
2025-04-20 14:45:01,115 DEBUG [main][MybatisConfiguration.java:128] - addMappedStatement: com.xuecheng.content.mapper.CourseTeacherMapper.selectCount
2025-04-20 14:45:01,118 DEBUG [main][MybatisConfiguration.java:128] - addMappedStatement: com.xuecheng.content.mapper.CourseTeacherMapper.selectMaps
2025-04-20 14:45:01,118 DEBUG [main][MybatisConfiguration.java:128] - addMappedStatement: com.xuecheng.content.mapper.CourseTeacherMapper.selectMaps
2025-04-20 14:45:01,120 DEBUG [main][MybatisConfiguration.java:128] - addMappedStatement: com.xuecheng.content.mapper.CourseTeacherMapper.selectMapsPage
2025-04-20 14:45:01,120 DEBUG [main][MybatisConfiguration.java:128] - addMappedStatement: com.xuecheng.content.mapper.CourseTeacherMapper.selectMapsPage
2025-04-20 14:45:01,122 DEBUG [main][MybatisConfiguration.java:128] - addMappedStatement: com.xuecheng.content.mapper.CourseTeacherMapper.selectObjs
2025-04-20 14:45:01,122 DEBUG [main][MybatisConfiguration.java:128] - addMappedStatement: com.xuecheng.content.mapper.CourseTeacherMapper.selectObjs
2025-04-20 14:45:01,124 DEBUG [main][MybatisConfiguration.java:128] - addMappedStatement: com.xuecheng.content.mapper.CourseTeacherMapper.selectList
2025-04-20 14:45:01,124 DEBUG [main][MybatisConfiguration.java:128] - addMappedStatement: com.xuecheng.content.mapper.CourseTeacherMapper.selectList
2025-04-20 14:45:01,126 DEBUG [main][MybatisConfiguration.java:128] - addMappedStatement: com.xuecheng.content.mapper.CourseTeacherMapper.selectPage
2025-04-20 14:45:01,126 DEBUG [main][MybatisConfiguration.java:128] - addMappedStatement: com.xuecheng.content.mapper.CourseTeacherMapper.selectPage
2025-04-20 14:45:01,137 DEBUG [main][MBeanExporter.java:434] - Registering beans for JMX exposure on startup
2025-04-20 14:45:01,137 DEBUG [main][MBeanExporter.java:434] - Registering beans for JMX exposure on startup
2025-04-20 14:45:01,137 DEBUG [main][MBeanExporter.java:541] - Autodetecting user-defined JMX MBeans
2025-04-20 14:45:01,137 DEBUG [main][MBeanExporter.java:541] - Autodetecting user-defined JMX MBeans
2025-04-20 14:45:01,139 DEBUG [main][MBeanExporter.java:896] - Bean with name 'dataSource' has been autodetected for JMX exposure
2025-04-20 14:45:01,139 DEBUG [main][MBeanExporter.java:896] - Bean with name 'dataSource' has been autodetected for JMX exposure
2025-04-20 14:45:01,146 DEBUG [main][MBeanExporter.java:896] - Bean with name 'refreshScope' has been autodetected for JMX exposure
2025-04-20 14:45:01,146 DEBUG [main][MBeanExporter.java:896] - Bean with name 'refreshScope' has been autodetected for JMX exposure
2025-04-20 14:45:01,147 DEBUG [main][MBeanExporter.java:896] - Bean with name 'configurationPropertiesRebinder' has been autodetected for JMX exposure
2025-04-20 14:45:01,147 DEBUG [main][MBeanExporter.java:896] - Bean with name 'configurationPropertiesRebinder' has been autodetected for JMX exposure
2025-04-20 14:45:01,147 DEBUG [main][MBeanExporter.java:896] - Bean with name 'environmentManager' has been autodetected for JMX exposure
2025-04-20 14:45:01,147 DEBUG [main][MBeanExporter.java:896] - Bean with name 'environmentManager' has been autodetected for JMX exposure
2025-04-20 14:45:01,150 DEBUG [main][MBeanExporter.java:676] - Located managed bean 'environmentManager': registering with JMX server as MBean [org.springframework.cloud.context.environment:name=environmentManager,type=EnvironmentManager]
2025-04-20 14:45:01,150 DEBUG [main][MBeanExporter.java:676] - Located managed bean 'environmentManager': registering with JMX server as MBean [org.springframework.cloud.context.environment:name=environmentManager,type=EnvironmentManager]
2025-04-20 14:45:01,172 DEBUG [main][MBeanExporter.java:676] - Located managed bean 'refreshScope': registering with JMX server as MBean [org.springframework.cloud.context.scope.refresh:name=refreshScope,type=RefreshScope]
2025-04-20 14:45:01,172 DEBUG [main][MBeanExporter.java:676] - Located managed bean 'refreshScope': registering with JMX server as MBean [org.springframework.cloud.context.scope.refresh:name=refreshScope,type=RefreshScope]
2025-04-20 14:45:01,186 DEBUG [main][MBeanExporter.java:676] - Located managed bean 'configurationPropertiesRebinder': registering with JMX server as MBean [org.springframework.cloud.context.properties:name=configurationPropertiesRebinder,context=5c42d2b7,type=ConfigurationPropertiesRebinder]
2025-04-20 14:45:01,186 DEBUG [main][MBeanExporter.java:676] - Located managed bean 'configurationPropertiesRebinder': registering with JMX server as MBean [org.springframework.cloud.context.properties:name=configurationPropertiesRebinder,context=5c42d2b7,type=ConfigurationPropertiesRebinder]
2025-04-20 14:45:01,195 DEBUG [main][MBeanExporter.java:669] - Located MBean 'dataSource': registering with JMX server as MBean [com.zaxxer.hikari:name=dataSource,type=HikariDataSource]
2025-04-20 14:45:01,195 DEBUG [main][MBeanExporter.java:669] - Located MBean 'dataSource': registering with JMX server as MBean [com.zaxxer.hikari:name=dataSource,type=HikariDataSource]
2025-04-20 14:45:01,199 DEBUG [main][DefaultLifecycleProcessor.java:356] - Starting beans in phase 2147483646
2025-04-20 14:45:01,199 DEBUG [main][DefaultLifecycleProcessor.java:356] - Starting beans in phase 2147483646
2025-04-20 14:45:01,199 INFO [main][DirectJDKLog.java:173] - Starting ProtocolHandler ["http-nio-63040"]
2025-04-20 14:45:01,199 INFO [main][DirectJDKLog.java:173] - Starting ProtocolHandler ["http-nio-63040"]
2025-04-20 14:45:01,246 INFO [main][TomcatWebServer.java:220] - Tomcat started on port(s): 63040 (http) with context path '/content'
2025-04-20 14:45:01,246 INFO [main][TomcatWebServer.java:220] - Tomcat started on port(s): 63040 (http) with context path '/content'
2025-04-20 14:45:01,248 DEBUG [main][DefaultLifecycleProcessor.java:188] - Successfully started bean 'webServerStartStop'
2025-04-20 14:45:01,248 DEBUG [main][DefaultLifecycleProcessor.java:188] - Successfully started bean 'webServerStartStop'
2025-04-20 14:45:01,248 DEBUG [main][DefaultLifecycleProcessor.java:356] - Starting beans in phase 2147483647
2025-04-20 14:45:01,248 DEBUG [main][DefaultLifecycleProcessor.java:356] - Starting beans in phase 2147483647
2025-04-20 14:45:01,248 INFO [main][DocumentationPluginsBootstrapper.java:160] - Context refreshed
2025-04-20 14:45:01,248 INFO [main][DocumentationPluginsBootstrapper.java:160] - Context refreshed
2025-04-20 14:45:01,277 INFO [main][DocumentationPluginsBootstrapper.java:163] - Found 1 custom documentation plugin(s)
2025-04-20 14:45:01,277 INFO [main][DocumentationPluginsBootstrapper.java:163] - Found 1 custom documentation plugin(s)
2025-04-20 14:45:01,388 INFO [main][ApiListingReferenceScanner.java:41] - Scanning for api listing references
2025-04-20 14:45:01,388 INFO [main][ApiListingReferenceScanner.java:41] - Scanning for api listing references
2025-04-20 14:45:01,855 DEBUG [main][DefaultLifecycleProcessor.java:188] - Successfully started bean 'documentationPluginsBootstrapper'
2025-04-20 14:45:01,855 DEBUG [main][DefaultLifecycleProcessor.java:188] - Successfully started bean 'documentationPluginsBootstrapper'
2025-04-20 14:45:01,855 DEBUG [main][DefaultLifecycleProcessor.java:188] - Successfully started bean 'webServerGracefulShutdown'
2025-04-20 14:45:01,855 DEBUG [main][DefaultLifecycleProcessor.java:188] - Successfully started bean 'webServerGracefulShutdown'
2025-04-20 14:45:01,862 DEBUG [main][ConditionEvaluationReportLoggingListener.java:126] - 


============================
CONDITIONS EVALUATION REPORT
============================


Positive matches:
-----------------

   AopAutoConfiguration matched:
      - @ConditionalOnProperty (spring.aop.auto=true) matched (OnPropertyCondition)

   AopAutoConfiguration.ClassProxyingConfiguration matched:
      - @ConditionalOnMissingClass did not find unwanted class 'org.aspectj.weaver.Advice' (OnClassCondition)
      - @ConditionalOnProperty (spring.aop.proxy-target-class=true) matched (OnPropertyCondition)

   ConfigurationPropertiesRebinderAutoConfiguration matched:
      - @ConditionalOnBean (types: org.springframework.boot.context.properties.ConfigurationPropertiesBindingPostProcessor; SearchStrategy: all) found bean 'org.springframework.boot.context.properties.ConfigurationPropertiesBindingPostProcessor' (OnBeanCondition)

   ConfigurationPropertiesRebinderAutoConfiguration#configurationPropertiesBeans matched:
      - @ConditionalOnMissingBean (types: org.springframework.cloud.context.properties.ConfigurationPropertiesBeans; SearchStrategy: current) did not find any beans (OnBeanCondition)

   ConfigurationPropertiesRebinderAutoConfiguration#configurationPropertiesRebinder matched:
      - @ConditionalOnMissingBean (types: org.springframework.cloud.context.properties.ConfigurationPropertiesRebinder; SearchStrategy: current) did not find any beans (OnBeanCondition)

   DataSourceAutoConfiguration matched:
      - @ConditionalOnClass found required classes 'javax.sql.DataSource', 'org.springframework.jdbc.datasource.embedded.EmbeddedDatabaseType' (OnClassCondition)
      - @ConditionalOnMissingBean (types: io.r2dbc.spi.ConnectionFactory; SearchStrategy: all) did not find any beans (OnBeanCondition)

   DataSourceAutoConfiguration.PooledDataSourceConfiguration matched:
      - AnyNestedCondition 1 matched 1 did not; NestedCondition on DataSourceAutoConfiguration.PooledDataSourceCondition.PooledDataSourceAvailable PooledDataSource found supported DataSource; NestedCondition on DataSourceAutoConfiguration.PooledDataSourceCondition.ExplicitType @ConditionalOnProperty (spring.datasource.type) did not find property 'type' (DataSourceAutoConfiguration.PooledDataSourceCondition)
      - @ConditionalOnMissingBean (types: javax.sql.DataSource,javax.sql.XADataSource; SearchStrategy: all) did not find any beans (OnBeanCondition)

   DataSourceConfiguration.Hikari matched:
      - @ConditionalOnClass found required class 'com.zaxxer.hikari.HikariDataSource' (OnClassCondition)
      - @ConditionalOnProperty (spring.datasource.type=com.zaxxer.hikari.HikariDataSource) matched (OnPropertyCondition)
      - @ConditionalOnMissingBean (types: javax.sql.DataSource; SearchStrategy: all) did not find any beans (OnBeanCondition)

   DataSourceJmxConfiguration matched:
      - @ConditionalOnProperty (spring.jmx.enabled=true) matched (OnPropertyCondition)

   DataSourceJmxConfiguration.Hikari matched:
      - @ConditionalOnClass found required class 'com.zaxxer.hikari.HikariDataSource' (OnClassCondition)
      - @ConditionalOnSingleCandidate (types: javax.sql.DataSource; SearchStrategy: all) found a primary bean from beans 'dataSource' (OnBeanCondition)

   DataSourcePoolMetadataProvidersConfiguration.HikariPoolDataSourceMetadataProviderConfiguration matched:
      - @ConditionalOnClass found required class 'com.zaxxer.hikari.HikariDataSource' (OnClassCondition)

   DataSourceTransactionManagerAutoConfiguration matched:
      - @ConditionalOnClass found required classes 'org.springframework.jdbc.core.JdbcTemplate', 'org.springframework.transaction.PlatformTransactionManager' (OnClassCondition)

   DataSourceTransactionManagerAutoConfiguration.DataSourceTransactionManagerConfiguration matched:
      - @ConditionalOnSingleCandidate (types: javax.sql.DataSource; SearchStrategy: all) found a primary bean from beans 'dataSource' (OnBeanCondition)

   DataSourceTransactionManagerAutoConfiguration.DataSourceTransactionManagerConfiguration#transactionManager matched:
      - @ConditionalOnMissingBean (types: org.springframework.transaction.PlatformTransactionManager; SearchStrategy: all) did not find any beans (OnBeanCondition)

   DispatcherServletAutoConfiguration matched:
      - @ConditionalOnClass found required class 'org.springframework.web.servlet.DispatcherServlet' (OnClassCondition)
      - found 'session' scope (OnWebApplicationCondition)

   DispatcherServletAutoConfiguration.DispatcherServletConfiguration matched:
      - @ConditionalOnClass found required class 'javax.servlet.ServletRegistration' (OnClassCondition)
      - Default DispatcherServlet did not find dispatcher servlet beans (DispatcherServletAutoConfiguration.DefaultDispatcherServletCondition)

   DispatcherServletAutoConfiguration.DispatcherServletRegistrationConfiguration matched:
      - @ConditionalOnClass found required class 'javax.servlet.ServletRegistration' (OnClassCondition)
      - DispatcherServlet Registration did not find servlet registration bean (DispatcherServletAutoConfiguration.DispatcherServletRegistrationCondition)

   DispatcherServletAutoConfiguration.DispatcherServletRegistrationConfiguration#dispatcherServletRegistration matched:
      - @ConditionalOnBean (names: dispatcherServlet types: org.springframework.web.servlet.DispatcherServlet; SearchStrategy: all) found bean 'dispatcherServlet' (OnBeanCondition)

   EmbeddedWebServerFactoryCustomizerAutoConfiguration matched:
      - @ConditionalOnWebApplication (required) found 'session' scope (OnWebApplicationCondition)

   EmbeddedWebServerFactoryCustomizerAutoConfiguration.TomcatWebServerFactoryCustomizerConfiguration matched:
      - @ConditionalOnClass found required classes 'org.apache.catalina.startup.Tomcat', 'org.apache.coyote.UpgradeProtocol' (OnClassCondition)

   ErrorMvcAutoConfiguration matched:
      - @ConditionalOnClass found required classes 'javax.servlet.Servlet', 'org.springframework.web.servlet.DispatcherServlet' (OnClassCondition)
      - found 'session' scope (OnWebApplicationCondition)

   ErrorMvcAutoConfiguration#basicErrorController matched:
      - @ConditionalOnMissingBean (types: org.springframework.boot.web.servlet.error.ErrorController; SearchStrategy: current) did not find any beans (OnBeanCondition)

   ErrorMvcAutoConfiguration#errorAttributes matched:
      - @ConditionalOnMissingBean (types: org.springframework.boot.web.servlet.error.ErrorAttributes; SearchStrategy: current) did not find any beans (OnBeanCondition)

   ErrorMvcAutoConfiguration.DefaultErrorViewResolverConfiguration#conventionErrorViewResolver matched:
      - @ConditionalOnBean (types: org.springframework.web.servlet.DispatcherServlet; SearchStrategy: all) found bean 'dispatcherServlet'; @ConditionalOnMissingBean (types: org.springframework.boot.autoconfigure.web.servlet.error.ErrorViewResolver; SearchStrategy: all) did not find any beans (OnBeanCondition)

   ErrorMvcAutoConfiguration.WhitelabelErrorViewConfiguration matched:
      - @ConditionalOnProperty (server.error.whitelabel.enabled) matched (OnPropertyCondition)
      - ErrorTemplate Missing did not find error template view (ErrorMvcAutoConfiguration.ErrorTemplateMissingCondition)

   ErrorMvcAutoConfiguration.WhitelabelErrorViewConfiguration#beanNameViewResolver matched:
      - @ConditionalOnMissingBean (types: org.springframework.web.servlet.view.BeanNameViewResolver; SearchStrategy: all) did not find any beans (OnBeanCondition)

   ErrorMvcAutoConfiguration.WhitelabelErrorViewConfiguration#defaultErrorView matched:
      - @ConditionalOnMissingBean (names: error; SearchStrategy: all) did not find any beans (OnBeanCondition)

   GenericCacheConfiguration matched:
      - Cache org.springframework.boot.autoconfigure.cache.GenericCacheConfiguration automatic cache type (CacheCondition)

   HttpEncodingAutoConfiguration matched:
      - @ConditionalOnClass found required class 'org.springframework.web.filter.CharacterEncodingFilter' (OnClassCondition)
      - found 'session' scope (OnWebApplicationCondition)
      - @ConditionalOnProperty (server.servlet.encoding.enabled) matched (OnPropertyCondition)

   HttpEncodingAutoConfiguration#characterEncodingFilter matched:
      - @ConditionalOnMissingBean (types: org.springframework.web.filter.CharacterEncodingFilter; SearchStrategy: all) did not find any beans (OnBeanCondition)

   HttpMessageConvertersAutoConfiguration matched:
      - @ConditionalOnClass found required class 'org.springframework.http.converter.HttpMessageConverter' (OnClassCondition)
      - NoneNestedConditions 0 matched 1 did not; NestedCondition on HttpMessageConvertersAutoConfiguration.NotReactiveWebApplicationCondition.ReactiveWebApplication did not find reactive web application classes (HttpMessageConvertersAutoConfiguration.NotReactiveWebApplicationCondition)

   HttpMessageConvertersAutoConfiguration#messageConverters matched:
      - @ConditionalOnMissingBean (types: org.springframework.boot.autoconfigure.http.HttpMessageConverters; SearchStrategy: all) did not find any beans (OnBeanCondition)

   HttpMessageConvertersAutoConfiguration.StringHttpMessageConverterConfiguration matched:
      - @ConditionalOnClass found required class 'org.springframework.http.converter.StringHttpMessageConverter' (OnClassCondition)

   HttpMessageConvertersAutoConfiguration.StringHttpMessageConverterConfiguration#stringHttpMessageConverter matched:
      - @ConditionalOnMissingBean (types: org.springframework.http.converter.StringHttpMessageConverter; SearchStrategy: all) did not find any beans (OnBeanCondition)

   JacksonAutoConfiguration matched:
      - @ConditionalOnClass found required class 'com.fasterxml.jackson.databind.ObjectMapper' (OnClassCondition)

   JacksonAutoConfiguration.Jackson2ObjectMapperBuilderCustomizerConfiguration matched:
      - @ConditionalOnClass found required class 'org.springframework.http.converter.json.Jackson2ObjectMapperBuilder' (OnClassCondition)

   JacksonAutoConfiguration.JacksonObjectMapperBuilderConfiguration matched:
      - @ConditionalOnClass found required class 'org.springframework.http.converter.json.Jackson2ObjectMapperBuilder' (OnClassCondition)

   JacksonAutoConfiguration.JacksonObjectMapperBuilderConfiguration#jacksonObjectMapperBuilder matched:
      - @ConditionalOnMissingBean (types: org.springframework.http.converter.json.Jackson2ObjectMapperBuilder; SearchStrategy: all) did not find any beans (OnBeanCondition)

   JacksonAutoConfiguration.JacksonObjectMapperConfiguration matched:
      - @ConditionalOnClass found required class 'org.springframework.http.converter.json.Jackson2ObjectMapperBuilder' (OnClassCondition)

   JacksonAutoConfiguration.JacksonObjectMapperConfiguration#jacksonObjectMapper matched:
      - @ConditionalOnMissingBean (types: com.fasterxml.jackson.databind.ObjectMapper; SearchStrategy: all) did not find any beans (OnBeanCondition)

   JacksonAutoConfiguration.ParameterNamesModuleConfiguration matched:
      - @ConditionalOnClass found required class 'com.fasterxml.jackson.module.paramnames.ParameterNamesModule' (OnClassCondition)

   JacksonAutoConfiguration.ParameterNamesModuleConfiguration#parameterNamesModule matched:
      - @ConditionalOnMissingBean (types: com.fasterxml.jackson.module.paramnames.ParameterNamesModule; SearchStrategy: all) did not find any beans (OnBeanCondition)

   JacksonHttpMessageConvertersConfiguration.MappingJackson2HttpMessageConverterConfiguration matched:
      - @ConditionalOnClass found required class 'com.fasterxml.jackson.databind.ObjectMapper' (OnClassCondition)
      - @ConditionalOnProperty (spring.mvc.converters.preferred-json-mapper=jackson) matched (OnPropertyCondition)
      - @ConditionalOnBean (types: com.fasterxml.jackson.databind.ObjectMapper; SearchStrategy: all) found bean 'jacksonObjectMapper' (OnBeanCondition)

   JacksonHttpMessageConvertersConfiguration.MappingJackson2HttpMessageConverterConfiguration#mappingJackson2HttpMessageConverter matched:
      - @ConditionalOnMissingBean (types: org.springframework.http.converter.json.MappingJackson2HttpMessageConverter ignored: org.springframework.hateoas.server.mvc.TypeConstrainedMappingJackson2HttpMessageConverter,org.springframework.data.rest.webmvc.alps.AlpsJsonHttpMessageConverter; SearchStrategy: all) did not find any beans (OnBeanCondition)

   JdbcTemplateAutoConfiguration matched:
      - @ConditionalOnClass found required classes 'javax.sql.DataSource', 'org.springframework.jdbc.core.JdbcTemplate' (OnClassCondition)
      - @ConditionalOnSingleCandidate (types: javax.sql.DataSource; SearchStrategy: all) found a primary bean from beans 'dataSource' (OnBeanCondition)

   JdbcTemplateConfiguration matched:
      - @ConditionalOnMissingBean (types: org.springframework.jdbc.core.JdbcOperations; SearchStrategy: all) did not find any beans (OnBeanCondition)

   JmxAutoConfiguration matched:
      - @ConditionalOnClass found required class 'org.springframework.jmx.export.MBeanExporter' (OnClassCondition)
      - @ConditionalOnProperty (spring.jmx.enabled=true) matched (OnPropertyCondition)

   JmxAutoConfiguration#mbeanExporter matched:
      - @ConditionalOnMissingBean (types: org.springframework.jmx.export.MBeanExporter; SearchStrategy: current) did not find any beans (OnBeanCondition)

   JmxAutoConfiguration#mbeanServer matched:
      - @ConditionalOnMissingBean (types: javax.management.MBeanServer; SearchStrategy: all) did not find any beans (OnBeanCondition)

   JmxAutoConfiguration#objectNamingStrategy matched:
      - @ConditionalOnMissingBean (types: org.springframework.jmx.export.naming.ObjectNamingStrategy; SearchStrategy: current) did not find any beans (OnBeanCondition)

   LifecycleAutoConfiguration#defaultLifecycleProcessor matched:
      - @ConditionalOnMissingBean (names: lifecycleProcessor; SearchStrategy: current) did not find any beans (OnBeanCondition)

   LifecycleMvcEndpointAutoConfiguration#environmentManager matched:
      - @ConditionalOnMissingBean (types: org.springframework.cloud.context.environment.EnvironmentManager; SearchStrategy: all) did not find any beans (OnBeanCondition)

   MultipartAutoConfiguration matched:
      - @ConditionalOnClass found required classes 'javax.servlet.Servlet', 'org.springframework.web.multipart.support.StandardServletMultipartResolver', 'javax.servlet.MultipartConfigElement' (OnClassCondition)
      - found 'session' scope (OnWebApplicationCondition)
      - @ConditionalOnProperty (spring.servlet.multipart.enabled) matched (OnPropertyCondition)

   MultipartAutoConfiguration#multipartConfigElement matched:
      - @ConditionalOnMissingBean (types: javax.servlet.MultipartConfigElement,org.springframework.web.multipart.commons.CommonsMultipartResolver; SearchStrategy: all) did not find any beans (OnBeanCondition)

   MultipartAutoConfiguration#multipartResolver matched:
      - @ConditionalOnMissingBean (types: org.springframework.web.multipart.MultipartResolver; SearchStrategy: all) did not find any beans (OnBeanCondition)

   MybatisPlusAutoConfiguration matched:
      - @ConditionalOnClass found required classes 'org.apache.ibatis.session.SqlSessionFactory', 'org.mybatis.spring.SqlSessionFactoryBean' (OnClassCondition)
      - @ConditionalOnSingleCandidate (types: javax.sql.DataSource; SearchStrategy: all) found a primary bean from beans 'dataSource' (OnBeanCondition)

   MybatisPlusAutoConfiguration#sqlSessionFactory matched:
      - @ConditionalOnMissingBean (types: org.apache.ibatis.session.SqlSessionFactory; SearchStrategy: all) did not find any beans (OnBeanCondition)

   MybatisPlusAutoConfiguration#sqlSessionTemplate matched:
      - @ConditionalOnMissingBean (types: org.mybatis.spring.SqlSessionTemplate; SearchStrategy: all) did not find any beans (OnBeanCondition)

   MybatisPlusLanguageDriverAutoConfiguration matched:
      - @ConditionalOnClass found required class 'org.apache.ibatis.scripting.LanguageDriver' (OnClassCondition)

   NamedParameterJdbcTemplateConfiguration matched:
      - @ConditionalOnSingleCandidate (types: org.springframework.jdbc.core.JdbcTemplate; SearchStrategy: all) found a primary bean from beans 'jdbcTemplate'; @ConditionalOnMissingBean (types: org.springframework.jdbc.core.namedparam.NamedParameterJdbcOperations; SearchStrategy: all) did not find any beans (OnBeanCondition)

   NoOpCacheConfiguration matched:
      - Cache org.springframework.boot.autoconfigure.cache.NoOpCacheConfiguration automatic cache type (CacheCondition)

   PersistenceExceptionTranslationAutoConfiguration matched:
      - @ConditionalOnClass found required class 'org.springframework.dao.annotation.PersistenceExceptionTranslationPostProcessor' (OnClassCondition)

   PersistenceExceptionTranslationAutoConfiguration#persistenceExceptionTranslationPostProcessor matched:
      - @ConditionalOnProperty (spring.dao.exceptiontranslation.enabled) matched (OnPropertyCondition)
      - @ConditionalOnMissingBean (types: org.springframework.dao.annotation.PersistenceExceptionTranslationPostProcessor; SearchStrategy: all) did not find any beans (OnBeanCondition)

   PropertyPlaceholderAutoConfiguration#propertySourcesPlaceholderConfigurer matched:
      - @ConditionalOnMissingBean (types: org.springframework.context.support.PropertySourcesPlaceholderConfigurer; SearchStrategy: current) did not find any beans (OnBeanCondition)

   RefreshAutoConfiguration matched:
      - @ConditionalOnClass found required class 'org.springframework.cloud.context.scope.refresh.RefreshScope' (OnClassCondition)
      - @ConditionalOnProperty (spring.cloud.refresh.enabled) matched (OnPropertyCondition)

   RefreshAutoConfiguration#contextRefresher matched:
      - @ConditionalOnMissingBean (types: org.springframework.cloud.context.refresh.ContextRefresher; SearchStrategy: all) did not find any beans (OnBeanCondition)

   RefreshAutoConfiguration#loggingRebinder matched:
      - @ConditionalOnMissingBean (types: org.springframework.cloud.logging.LoggingRebinder; SearchStrategy: all) did not find any beans (OnBeanCondition)

   RefreshAutoConfiguration#refreshScope matched:
      - @ConditionalOnMissingBean (types: org.springframework.cloud.context.scope.refresh.RefreshScope; SearchStrategy: all) did not find any beans (OnBeanCondition)

   RestTemplateAutoConfiguration matched:
      - @ConditionalOnClass found required class 'org.springframework.web.client.RestTemplate' (OnClassCondition)
      - NoneNestedConditions 0 matched 1 did not; NestedCondition on RestTemplateAutoConfiguration.NotReactiveWebApplicationCondition.ReactiveWebApplication did not find reactive web application classes (RestTemplateAutoConfiguration.NotReactiveWebApplicationCondition)

   RestTemplateAutoConfiguration#restTemplateBuilder matched:
      - @ConditionalOnMissingBean (types: org.springframework.boot.web.client.RestTemplateBuilder; SearchStrategy: all) did not find any beans (OnBeanCondition)

   ServletWebServerFactoryAutoConfiguration matched:
      - @ConditionalOnClass found required class 'javax.servlet.ServletRequest' (OnClassCondition)
      - found 'session' scope (OnWebApplicationCondition)

   ServletWebServerFactoryAutoConfiguration#tomcatServletWebServerFactoryCustomizer matched:
      - @ConditionalOnClass found required class 'org.apache.catalina.startup.Tomcat' (OnClassCondition)

   ServletWebServerFactoryConfiguration.EmbeddedTomcat matched:
      - @ConditionalOnClass found required classes 'javax.servlet.Servlet', 'org.apache.catalina.startup.Tomcat', 'org.apache.coyote.UpgradeProtocol' (OnClassCondition)
      - @ConditionalOnMissingBean (types: org.springframework.boot.web.servlet.server.ServletWebServerFactory; SearchStrategy: current) did not find any beans (OnBeanCondition)

   SimpleCacheConfiguration matched:
      - Cache org.springframework.boot.autoconfigure.cache.SimpleCacheConfiguration automatic cache type (CacheCondition)

   SpringApplicationAdminJmxAutoConfiguration matched:
      - @ConditionalOnProperty (spring.application.admin.enabled=true) matched (OnPropertyCondition)

   SpringApplicationAdminJmxAutoConfiguration#springApplicationAdminRegistrar matched:
      - @ConditionalOnMissingBean (types: org.springframework.boot.admin.SpringApplicationAdminMXBeanRegistrar; SearchStrategy: all) did not find any beans (OnBeanCondition)

   Swagger2Configuration matched:
      - @ConditionalOnProperty (swagger.enabled) matched (OnPropertyCondition)

   Swagger2DocumentationConfiguration matched:
      - @ConditionalOnWebApplication (required) found 'session' scope (OnWebApplicationCondition)

   SwaggerAutoConfiguration#createRestApi matched:
      - @ConditionalOnProperty (swagger.enabled) matched (OnPropertyCondition)
      - @ConditionalOnBean (types: springfox.documentation.swagger.web.UiConfiguration; SearchStrategy: all) found bean 'uiConfiguration'; @ConditionalOnMissingBean (types: java.util.List; SearchStrategy: all) did not find any beans (OnBeanCondition)

   SwaggerAutoConfiguration#swaggerProperties matched:
      - @ConditionalOnMissingBean (types: com.spring4all.swagger.SwaggerProperties; SearchStrategy: all) did not find any beans (OnBeanCondition)

   TaskExecutionAutoConfiguration matched:
      - @ConditionalOnClass found required class 'org.springframework.scheduling.concurrent.ThreadPoolTaskExecutor' (OnClassCondition)

   TaskExecutionAutoConfiguration#applicationTaskExecutor matched:
      - @ConditionalOnMissingBean (types: java.util.concurrent.Executor; SearchStrategy: all) did not find any beans (OnBeanCondition)

   TaskExecutionAutoConfiguration#taskExecutorBuilder matched:
      - @ConditionalOnMissingBean (types: org.springframework.boot.task.TaskExecutorBuilder; SearchStrategy: all) did not find any beans (OnBeanCondition)

   TaskSchedulingAutoConfiguration matched:
      - @ConditionalOnClass found required class 'org.springframework.scheduling.concurrent.ThreadPoolTaskScheduler' (OnClassCondition)

   TaskSchedulingAutoConfiguration#taskSchedulerBuilder matched:
      - @ConditionalOnMissingBean (types: org.springframework.boot.task.TaskSchedulerBuilder; SearchStrategy: all) did not find any beans (OnBeanCondition)

   TransactionAutoConfiguration matched:
      - @ConditionalOnClass found required class 'org.springframework.transaction.PlatformTransactionManager' (OnClassCondition)

   TransactionAutoConfiguration#platformTransactionManagerCustomizers matched:
      - @ConditionalOnMissingBean (types: org.springframework.boot.autoconfigure.transaction.TransactionManagerCustomizers; SearchStrategy: all) did not find any beans (OnBeanCondition)

   TransactionAutoConfiguration.EnableTransactionManagementConfiguration matched:
      - @ConditionalOnBean (types: org.springframework.transaction.TransactionManager; SearchStrategy: all) found bean 'transactionManager'; @ConditionalOnMissingBean (types: org.springframework.transaction.annotation.AbstractTransactionManagementConfiguration; SearchStrategy: all) did not find any beans (OnBeanCondition)

   TransactionAutoConfiguration.EnableTransactionManagementConfiguration.CglibAutoProxyConfiguration matched:
      - @ConditionalOnProperty (spring.aop.proxy-target-class=true) matched (OnPropertyCondition)

   TransactionAutoConfiguration.TransactionTemplateConfiguration matched:
      - @ConditionalOnSingleCandidate (types: org.springframework.transaction.PlatformTransactionManager; SearchStrategy: all) found a primary bean from beans 'transactionManager' (OnBeanCondition)

   TransactionAutoConfiguration.TransactionTemplateConfiguration#transactionTemplate matched:
      - @ConditionalOnMissingBean (types: org.springframework.transaction.support.TransactionOperations; SearchStrategy: all) did not find any beans (OnBeanCondition)

   ValidationAutoConfiguration matched:
      - @ConditionalOnClass found required class 'javax.validation.executable.ExecutableValidator' (OnClassCondition)
      - @ConditionalOnResource found location classpath:META-INF/services/javax.validation.spi.ValidationProvider (OnResourceCondition)

   ValidationAutoConfiguration#defaultValidator matched:
      - @ConditionalOnMissingBean (types: javax.validation.Validator; SearchStrategy: all) did not find any beans (OnBeanCondition)

   ValidationAutoConfiguration#methodValidationPostProcessor matched:
      - @ConditionalOnMissingBean (types: org.springframework.validation.beanvalidation.MethodValidationPostProcessor; SearchStrategy: all) did not find any beans (OnBeanCondition)

   WebMvcAutoConfiguration matched:
      - @ConditionalOnClass found required classes 'javax.servlet.Servlet', 'org.springframework.web.servlet.DispatcherServlet', 'org.springframework.web.servlet.config.annotation.WebMvcConfigurer' (OnClassCondition)
      - found 'session' scope (OnWebApplicationCondition)
      - @ConditionalOnMissingBean (types: org.springframework.web.servlet.config.annotation.WebMvcConfigurationSupport; SearchStrategy: all) did not find any beans (OnBeanCondition)

   WebMvcAutoConfiguration#formContentFilter matched:
      - @ConditionalOnProperty (spring.mvc.formcontent.filter.enabled) matched (OnPropertyCondition)
      - @ConditionalOnMissingBean (types: org.springframework.web.filter.FormContentFilter; SearchStrategy: all) did not find any beans (OnBeanCondition)

   WebMvcAutoConfiguration.WebMvcAutoConfigurationAdapter#defaultViewResolver matched:
      - @ConditionalOnMissingBean (types: org.springframework.web.servlet.view.InternalResourceViewResolver; SearchStrategy: all) did not find any beans (OnBeanCondition)

   WebMvcAutoConfiguration.WebMvcAutoConfigurationAdapter#requestContextFilter matched:
      - @ConditionalOnMissingBean (types: org.springframework.web.context.request.RequestContextListener,org.springframework.web.filter.RequestContextFilter; SearchStrategy: all) did not find any beans (OnBeanCondition)

   WebMvcAutoConfiguration.WebMvcAutoConfigurationAdapter#viewResolver matched:
      - @ConditionalOnBean (types: org.springframework.web.servlet.ViewResolver; SearchStrategy: all) found beans 'defaultViewResolver', 'beanNameViewResolver', 'mvcViewResolver'; @ConditionalOnMissingBean (names: viewResolver types: org.springframework.web.servlet.view.ContentNegotiatingViewResolver; SearchStrategy: all) did not find any beans (OnBeanCondition)

   WebSocketServletAutoConfiguration matched:
      - @ConditionalOnClass found required classes 'javax.servlet.Servlet', 'javax.websocket.server.ServerContainer' (OnClassCondition)
      - found 'session' scope (OnWebApplicationCondition)

   WebSocketServletAutoConfiguration.TomcatWebSocketConfiguration matched:
      - @ConditionalOnClass found required classes 'org.apache.catalina.startup.Tomcat', 'org.apache.tomcat.websocket.server.WsSci' (OnClassCondition)

   WebSocketServletAutoConfiguration.TomcatWebSocketConfiguration#websocketServletWebServerCustomizer matched:
      - @ConditionalOnMissingBean (names: websocketServletWebServerCustomizer; SearchStrategy: all) did not find any beans (OnBeanCondition)


Negative matches:
-----------------

   ActiveMQAutoConfiguration:
      Did not match:
         - @ConditionalOnClass did not find required class 'javax.jms.ConnectionFactory' (OnClassCondition)

   AopAutoConfiguration.AspectJAutoProxyingConfiguration:
      Did not match:
         - @ConditionalOnClass did not find required class 'org.aspectj.weaver.Advice' (OnClassCondition)

   ArtemisAutoConfiguration:
      Did not match:
         - @ConditionalOnClass did not find required class 'javax.jms.ConnectionFactory' (OnClassCondition)

   BatchAutoConfiguration:
      Did not match:
         - @ConditionalOnClass did not find required class 'org.springframework.batch.core.launch.JobLauncher' (OnClassCondition)

   CacheAutoConfiguration:
      Did not match:
         - @ConditionalOnBean (types: org.springframework.cache.interceptor.CacheAspectSupport; SearchStrategy: all) did not find any beans of type org.springframework.cache.interceptor.CacheAspectSupport (OnBeanCondition)
      Matched:
         - @ConditionalOnClass found required class 'org.springframework.cache.CacheManager' (OnClassCondition)

   CacheAutoConfiguration.CacheManagerEntityManagerFactoryDependsOnPostProcessor:
      Did not match:
         - @ConditionalOnClass did not find required class 'org.springframework.orm.jpa.LocalContainerEntityManagerFactoryBean' (OnClassCondition)
         - Ancestor org.springframework.boot.autoconfigure.cache.CacheAutoConfiguration did not match (ConditionEvaluationReport.AncestorsMatchedCondition)

   CaffeineCacheConfiguration:
      Did not match:
         - @ConditionalOnClass did not find required class 'com.github.benmanes.caffeine.cache.Caffeine' (OnClassCondition)

   CassandraAutoConfiguration:
      Did not match:
         - @ConditionalOnClass did not find required class 'com.datastax.oss.driver.api.core.CqlSession' (OnClassCondition)

   CassandraDataAutoConfiguration:
      Did not match:
         - @ConditionalOnClass did not find required class 'com.datastax.oss.driver.api.core.CqlSession' (OnClassCondition)

   CassandraReactiveDataAutoConfiguration:
      Did not match:
         - @ConditionalOnClass did not find required class 'com.datastax.oss.driver.api.core.CqlSession' (OnClassCondition)

   CassandraReactiveRepositoriesAutoConfiguration:
      Did not match:
         - @ConditionalOnClass did not find required class 'org.springframework.data.cassandra.ReactiveSession' (OnClassCondition)

   CassandraRepositoriesAutoConfiguration:
      Did not match:
         - @ConditionalOnClass did not find required class 'com.datastax.oss.driver.api.core.CqlSession' (OnClassCondition)

   ClientHttpConnectorAutoConfiguration:
      Did not match:
         - @ConditionalOnClass did not find required class 'org.springframework.web.reactive.function.client.WebClient' (OnClassCondition)

   CodecsAutoConfiguration:
      Did not match:
         - @ConditionalOnClass did not find required class 'org.springframework.web.reactive.function.client.WebClient' (OnClassCondition)

   CouchbaseAutoConfiguration:
      Did not match:
         - @ConditionalOnClass did not find required class 'com.couchbase.client.java.Cluster' (OnClassCondition)

   CouchbaseCacheConfiguration:
      Did not match:
         - @ConditionalOnClass did not find required class 'com.couchbase.client.java.Cluster' (OnClassCondition)

   CouchbaseDataAutoConfiguration:
      Did not match:
         - @ConditionalOnClass did not find required class 'com.couchbase.client.java.Bucket' (OnClassCondition)

   CouchbaseReactiveDataAutoConfiguration:
      Did not match:
         - @ConditionalOnClass did not find required class 'com.couchbase.client.java.Cluster' (OnClassCondition)

   CouchbaseReactiveRepositoriesAutoConfiguration:
      Did not match:
         - @ConditionalOnClass did not find required class 'com.couchbase.client.java.Cluster' (OnClassCondition)

   CouchbaseRepositoriesAutoConfiguration:
      Did not match:
         - @ConditionalOnClass did not find required class 'com.couchbase.client.java.Bucket' (OnClassCondition)

   DataSourceAutoConfiguration.EmbeddedDatabaseConfiguration:
      Did not match:
         - EmbeddedDataSource spring.datasource.url is set (DataSourceAutoConfiguration.EmbeddedDatabaseCondition)

   DataSourceConfiguration.Dbcp2:
      Did not match:
         - @ConditionalOnClass did not find required class 'org.apache.commons.dbcp2.BasicDataSource' (OnClassCondition)

   DataSourceConfiguration.Generic:
      Did not match:
         - @ConditionalOnProperty (spring.datasource.type) did not find property 'spring.datasource.type' (OnPropertyCondition)

   DataSourceConfiguration.Tomcat:
      Did not match:
         - @ConditionalOnClass did not find required class 'org.apache.tomcat.jdbc.pool.DataSource' (OnClassCondition)

   DataSourceJmxConfiguration.TomcatDataSourceJmxConfiguration:
      Did not match:
         - @ConditionalOnClass did not find required class 'org.apache.tomcat.jdbc.pool.DataSourceProxy' (OnClassCondition)

   DataSourcePoolMetadataProvidersConfiguration.CommonsDbcp2PoolDataSourceMetadataProviderConfiguration:
      Did not match:
         - @ConditionalOnClass did not find required class 'org.apache.commons.dbcp2.BasicDataSource' (OnClassCondition)

   DataSourcePoolMetadataProvidersConfiguration.TomcatDataSourcePoolMetadataProviderConfiguration:
      Did not match:
         - @ConditionalOnClass did not find required class 'org.apache.tomcat.jdbc.pool.DataSource' (OnClassCondition)

   DispatcherServletAutoConfiguration.DispatcherServletConfiguration#multipartResolver:
      Did not match:
         - @ConditionalOnBean (types: org.springframework.web.multipart.MultipartResolver; SearchStrategy: all) did not find any beans of type org.springframework.web.multipart.MultipartResolver (OnBeanCondition)

   EhCacheCacheConfiguration:
      Did not match:
         - @ConditionalOnClass did not find required class 'net.sf.ehcache.Cache' (OnClassCondition)

   ElasticsearchDataAutoConfiguration:
      Did not match:
         - @ConditionalOnClass did not find required class 'org.springframework.data.elasticsearch.core.ElasticsearchTemplate' (OnClassCondition)

   ElasticsearchRepositoriesAutoConfiguration:
      Did not match:
         - @ConditionalOnClass did not find required class 'org.elasticsearch.client.Client' (OnClassCondition)

   ElasticsearchRestClientAutoConfiguration:
      Did not match:
         - @ConditionalOnClass did not find required class 'org.elasticsearch.client.RestClient' (OnClassCondition)

   EmbeddedLdapAutoConfiguration:
      Did not match:
         - @ConditionalOnClass did not find required class 'com.unboundid.ldap.listener.InMemoryDirectoryServer' (OnClassCondition)

   EmbeddedMongoAutoConfiguration:
      Did not match:
         - @ConditionalOnClass did not find required class 'com.mongodb.MongoClientSettings' (OnClassCondition)

   EmbeddedWebServerFactoryCustomizerAutoConfiguration.JettyWebServerFactoryCustomizerConfiguration:
      Did not match:
         - @ConditionalOnClass did not find required classes 'org.eclipse.jetty.server.Server', 'org.eclipse.jetty.util.Loader', 'org.eclipse.jetty.webapp.WebAppContext' (OnClassCondition)

   EmbeddedWebServerFactoryCustomizerAutoConfiguration.NettyWebServerFactoryCustomizerConfiguration:
      Did not match:
         - @ConditionalOnClass did not find required class 'reactor.netty.http.server.HttpServer' (OnClassCondition)

   EmbeddedWebServerFactoryCustomizerAutoConfiguration.UndertowWebServerFactoryCustomizerConfiguration:
      Did not match:
         - @ConditionalOnClass did not find required classes 'io.undertow.Undertow', 'org.xnio.SslClientAuthMode' (OnClassCondition)

   ErrorWebFluxAutoConfiguration:
      Did not match:
         - @ConditionalOnClass did not find required class 'org.springframework.web.reactive.config.WebFluxConfigurer' (OnClassCondition)

   FlywayAutoConfiguration:
      Did not match:
         - @ConditionalOnClass did not find required class 'org.flywaydb.core.Flyway' (OnClassCondition)

   FreeMarkerAutoConfiguration:
      Did not match:
         - @ConditionalOnClass did not find required class 'freemarker.template.Configuration' (OnClassCondition)

   GroovyTemplateAutoConfiguration:
      Did not match:
         - @ConditionalOnClass did not find required class 'groovy.text.markup.MarkupTemplateEngine' (OnClassCondition)

   GsonAutoConfiguration:
      Did not match:
         - @ConditionalOnClass did not find required class 'com.google.gson.Gson' (OnClassCondition)

   GsonHttpMessageConvertersConfiguration:
      Did not match:
         - @ConditionalOnClass did not find required class 'com.google.gson.Gson' (OnClassCondition)

   H2ConsoleAutoConfiguration:
      Did not match:
         - @ConditionalOnClass did not find required class 'org.h2.server.web.WebServlet' (OnClassCondition)

   HazelcastAutoConfiguration:
      Did not match:
         - @ConditionalOnClass did not find required class 'com.hazelcast.core.HazelcastInstance' (OnClassCondition)

   HazelcastCacheConfiguration:
      Did not match:
         - @ConditionalOnClass did not find required class 'com.hazelcast.core.HazelcastInstance' (OnClassCondition)

   HazelcastJpaDependencyAutoConfiguration:
      Did not match:
         - @ConditionalOnClass did not find required class 'com.hazelcast.core.HazelcastInstance' (OnClassCondition)

   HibernateJpaAutoConfiguration:
      Did not match:
         - @ConditionalOnClass did not find required class 'javax.persistence.EntityManager' (OnClassCondition)

   HttpHandlerAutoConfiguration:
      Did not match:
         - @ConditionalOnClass did not find required class 'org.springframework.web.reactive.DispatcherHandler' (OnClassCondition)

   HypermediaAutoConfiguration:
      Did not match:
         - @ConditionalOnClass did not find required class 'org.springframework.hateoas.EntityModel' (OnClassCondition)

   InfinispanCacheConfiguration:
      Did not match:
         - @ConditionalOnClass did not find required class 'org.infinispan.spring.embedded.provider.SpringEmbeddedCacheManager' (OnClassCondition)

   InfluxDbAutoConfiguration:
      Did not match:
         - @ConditionalOnClass did not find required class 'org.influxdb.InfluxDB' (OnClassCondition)

   IntegrationAutoConfiguration:
      Did not match:
         - @ConditionalOnClass did not find required class 'org.springframework.integration.config.EnableIntegration' (OnClassCondition)

   JCacheCacheConfiguration:
      Did not match:
         - @ConditionalOnClass did not find required class 'javax.cache.Caching' (OnClassCondition)

   JacksonHttpMessageConvertersConfiguration.MappingJackson2XmlHttpMessageConverterConfiguration:
      Did not match:
         - @ConditionalOnClass did not find required class 'com.fasterxml.jackson.dataformat.xml.XmlMapper' (OnClassCondition)

   JdbcRepositoriesAutoConfiguration:
      Did not match:
         - @ConditionalOnClass did not find required class 'org.springframework.data.jdbc.repository.config.AbstractJdbcConfiguration' (OnClassCondition)

   JerseyAutoConfiguration:
      Did not match:
         - @ConditionalOnClass did not find required class 'org.glassfish.jersey.server.spring.SpringComponentProvider' (OnClassCondition)

   JmsAutoConfiguration:
      Did not match:
         - @ConditionalOnClass did not find required class 'javax.jms.Message' (OnClassCondition)

   JndiConnectionFactoryAutoConfiguration:
      Did not match:
         - @ConditionalOnClass did not find required class 'org.springframework.jms.core.JmsTemplate' (OnClassCondition)

   JndiDataSourceAutoConfiguration:
      Did not match:
         - @ConditionalOnProperty (spring.datasource.jndi-name) did not find property 'jndi-name' (OnPropertyCondition)
      Matched:
         - @ConditionalOnClass found required classes 'javax.sql.DataSource', 'org.springframework.jdbc.datasource.embedded.EmbeddedDatabaseType' (OnClassCondition)

   JooqAutoConfiguration:
      Did not match:
         - @ConditionalOnClass did not find required class 'org.jooq.DSLContext' (OnClassCondition)

   JpaRepositoriesAutoConfiguration:
      Did not match:
         - @ConditionalOnClass did not find required class 'org.springframework.data.jpa.repository.JpaRepository' (OnClassCondition)

   JsonbAutoConfiguration:
      Did not match:
         - @ConditionalOnClass did not find required class 'javax.json.bind.Jsonb' (OnClassCondition)

   JsonbHttpMessageConvertersConfiguration:
      Did not match:
         - @ConditionalOnClass did not find required class 'javax.json.bind.Jsonb' (OnClassCondition)

   JtaAutoConfiguration:
      Did not match:
         - @ConditionalOnClass did not find required class 'javax.transaction.Transaction' (OnClassCondition)

   KafkaAutoConfiguration:
      Did not match:
         - @ConditionalOnClass did not find required class 'org.springframework.kafka.core.KafkaTemplate' (OnClassCondition)

   LdapAutoConfiguration:
      Did not match:
         - @ConditionalOnClass did not find required class 'org.springframework.ldap.core.ContextSource' (OnClassCondition)

   LdapRepositoriesAutoConfiguration:
      Did not match:
         - @ConditionalOnClass did not find required class 'org.springframework.data.ldap.repository.LdapRepository' (OnClassCondition)

   LiquibaseAutoConfiguration:
      Did not match:
         - @ConditionalOnClass did not find required class 'liquibase.change.DatabaseChange' (OnClassCondition)

   MailSenderAutoConfiguration:
      Did not match:
         - @ConditionalOnClass did not find required class 'javax.mail.internet.MimeMessage' (OnClassCondition)

   MailSenderValidatorAutoConfiguration:
      Did not match:
         - @ConditionalOnSingleCandidate did not find required type 'org.springframework.mail.javamail.JavaMailSenderImpl' (OnBeanCondition)

   MessageSourceAutoConfiguration:
      Did not match:
         - ResourceBundle did not find bundle with basename messages (MessageSourceAutoConfiguration.ResourceBundleCondition)

   MongoAutoConfiguration:
      Did not match:
         - @ConditionalOnClass did not find required class 'com.mongodb.client.MongoClient' (OnClassCondition)

   MongoDataAutoConfiguration:
      Did not match:
         - @ConditionalOnClass did not find required class 'com.mongodb.client.MongoClient' (OnClassCondition)

   MongoReactiveAutoConfiguration:
      Did not match:
         - @ConditionalOnClass did not find required class 'com.mongodb.reactivestreams.client.MongoClient' (OnClassCondition)

   MongoReactiveDataAutoConfiguration:
      Did not match:
         - @ConditionalOnClass did not find required class 'com.mongodb.reactivestreams.client.MongoClient' (OnClassCondition)

   MongoReactiveRepositoriesAutoConfiguration:
      Did not match:
         - @ConditionalOnClass did not find required class 'com.mongodb.reactivestreams.client.MongoClient' (OnClassCondition)

   MongoRepositoriesAutoConfiguration:
      Did not match:
         - @ConditionalOnClass did not find required class 'com.mongodb.client.MongoClient' (OnClassCondition)

   MustacheAutoConfiguration:
      Did not match:
         - @ConditionalOnClass did not find required class 'com.samskivert.mustache.Mustache' (OnClassCondition)

   MybatisPlusAutoConfiguration.MapperScannerRegistrarNotFoundConfiguration:
      Did not match:
         - @ConditionalOnMissingBean (types: org.mybatis.spring.mapper.MapperFactoryBean,org.mybatis.spring.mapper.MapperScannerConfigurer; SearchStrategy: all) found beans of type 'org.mybatis.spring.mapper.MapperScannerConfigurer' com.xuecheng.content.config.MybatisPlusConfig#MapperScannerRegistrar#0 (OnBeanCondition)

   MybatisPlusLanguageDriverAutoConfiguration.FreeMarkerConfiguration:
      Did not match:
         - @ConditionalOnClass did not find required classes 'org.mybatis.scripting.freemarker.FreeMarkerLanguageDriver', 'org.mybatis.scripting.freemarker.FreeMarkerLanguageDriverConfig' (OnClassCondition)

   MybatisPlusLanguageDriverAutoConfiguration.LegacyFreeMarkerConfiguration:
      Did not match:
         - @ConditionalOnClass did not find required class 'org.mybatis.scripting.freemarker.FreeMarkerLanguageDriver' (OnClassCondition)

   MybatisPlusLanguageDriverAutoConfiguration.ThymeleafConfiguration:
      Did not match:
         - @ConditionalOnClass did not find required class 'org.mybatis.scripting.thymeleaf.ThymeleafLanguageDriver' (OnClassCondition)

   MybatisPlusLanguageDriverAutoConfiguration.VelocityConfiguration:
      Did not match:
         - @ConditionalOnClass did not find required classes 'org.mybatis.scripting.velocity.VelocityLanguageDriver', 'org.mybatis.scripting.velocity.VelocityLanguageDriverConfig' (OnClassCondition)

   Neo4jDataAutoConfiguration:
      Did not match:
         - @ConditionalOnClass did not find required class 'org.neo4j.ogm.session.SessionFactory' (OnClassCondition)

   Neo4jRepositoriesAutoConfiguration:
      Did not match:
         - @ConditionalOnClass did not find required class 'org.neo4j.ogm.session.Neo4jSession' (OnClassCondition)

   OAuth2ClientAutoConfiguration:
      Did not match:
         - @ConditionalOnClass did not find required class 'org.springframework.security.config.annotation.web.configuration.EnableWebSecurity' (OnClassCondition)

   OAuth2ResourceServerAutoConfiguration:
      Did not match:
         - @ConditionalOnClass did not find required class 'org.springframework.security.oauth2.server.resource.BearerTokenAuthenticationToken' (OnClassCondition)

   ProjectInfoAutoConfiguration#buildProperties:
      Did not match:
         - @ConditionalOnResource did not find resource '${spring.info.build.location:classpath:META-INF/build-info.properties}' (OnResourceCondition)

   ProjectInfoAutoConfiguration#gitProperties:
      Did not match:
         - GitResource did not find git info at classpath:git.properties (ProjectInfoAutoConfiguration.GitResourceAvailableCondition)

   QuartzAutoConfiguration:
      Did not match:
         - @ConditionalOnClass did not find required class 'org.quartz.Scheduler' (OnClassCondition)

   R2dbcAutoConfiguration:
      Did not match:
         - @ConditionalOnClass did not find required class 'io.r2dbc.spi.ConnectionFactory' (OnClassCondition)

   R2dbcDataAutoConfiguration:
      Did not match:
         - @ConditionalOnClass did not find required class 'org.springframework.data.r2dbc.core.DatabaseClient' (OnClassCondition)

   R2dbcRepositoriesAutoConfiguration:
      Did not match:
         - @ConditionalOnClass did not find required class 'io.r2dbc.spi.ConnectionFactory' (OnClassCondition)

   R2dbcTransactionManagerAutoConfiguration:
      Did not match:
         - @ConditionalOnClass did not find required class 'org.springframework.data.r2dbc.connectionfactory.R2dbcTransactionManager' (OnClassCondition)

   RSocketMessagingAutoConfiguration:
      Did not match:
         - @ConditionalOnClass did not find required class 'io.rsocket.RSocketFactory' (OnClassCondition)

   RSocketRequesterAutoConfiguration:
      Did not match:
         - @ConditionalOnClass did not find required class 'io.rsocket.RSocketFactory' (OnClassCondition)

   RSocketSecurityAutoConfiguration:
      Did not match:
         - @ConditionalOnClass did not find required class 'org.springframework.security.rsocket.core.SecuritySocketAcceptorInterceptor' (OnClassCondition)

   RSocketServerAutoConfiguration:
      Did not match:
         - @ConditionalOnClass did not find required class 'io.rsocket.core.RSocketServer' (OnClassCondition)

   RSocketStrategiesAutoConfiguration:
      Did not match:
         - @ConditionalOnClass did not find required class 'io.netty.buffer.PooledByteBufAllocator' (OnClassCondition)

   RabbitAutoConfiguration:
      Did not match:
         - @ConditionalOnClass did not find required class 'com.rabbitmq.client.Channel' (OnClassCondition)

   ReactiveElasticsearchRepositoriesAutoConfiguration:
      Did not match:
         - @ConditionalOnClass did not find required class 'org.springframework.data.elasticsearch.client.reactive.ReactiveElasticsearchClient' (OnClassCondition)

   ReactiveElasticsearchRestClientAutoConfiguration:
      Did not match:
         - @ConditionalOnClass did not find required class 'reactor.netty.http.client.HttpClient' (OnClassCondition)

   ReactiveOAuth2ClientAutoConfiguration:
      Did not match:
         - @ConditionalOnClass did not find required class 'reactor.core.publisher.Flux' (OnClassCondition)

   ReactiveOAuth2ResourceServerAutoConfiguration:
      Did not match:
         - @ConditionalOnClass did not find required class 'org.springframework.security.config.annotation.web.reactive.EnableWebFluxSecurity' (OnClassCondition)

   ReactiveSecurityAutoConfiguration:
      Did not match:
         - @ConditionalOnClass did not find required class 'reactor.core.publisher.Flux' (OnClassCondition)

   ReactiveUserDetailsServiceAutoConfiguration:
      Did not match:
         - @ConditionalOnClass did not find required class 'org.springframework.security.authentication.ReactiveAuthenticationManager' (OnClassCondition)

   ReactiveWebServerFactoryAutoConfiguration:
      Did not match:
         - @ConditionalOnWebApplication did not find reactive web application classes (OnWebApplicationCondition)

   RedisAutoConfiguration:
      Did not match:
         - @ConditionalOnClass did not find required class 'org.springframework.data.redis.core.RedisOperations' (OnClassCondition)

   RedisCacheConfiguration:
      Did not match:
         - @ConditionalOnClass did not find required class 'org.springframework.data.redis.connection.RedisConnectionFactory' (OnClassCondition)

   RedisReactiveAutoConfiguration:
      Did not match:
         - @ConditionalOnClass did not find required class 'reactor.core.publisher.Flux' (OnClassCondition)

   RedisRepositoriesAutoConfiguration:
      Did not match:
         - @ConditionalOnClass did not find required class 'org.springframework.data.redis.repository.configuration.EnableRedisRepositories' (OnClassCondition)

   RefreshAutoConfiguration.JpaInvokerConfiguration:
      Did not match:
         - @ConditionalOnClass did not find required class 'javax.persistence.EntityManagerFactory' (OnClassCondition)

   RefreshEndpointAutoConfiguration:
      Did not match:
         - @ConditionalOnClass did not find required class 'org.springframework.boot.actuate.autoconfigure.endpoint.EndpointAutoConfiguration' (OnClassCondition)

   RepositoryRestMvcAutoConfiguration:
      Did not match:
         - @ConditionalOnClass did not find required class 'org.springframework.data.rest.webmvc.config.RepositoryRestMvcConfiguration' (OnClassCondition)

   Saml2RelyingPartyAutoConfiguration:
      Did not match:
         - @ConditionalOnClass did not find required class 'org.springframework.security.saml2.provider.service.registration.RelyingPartyRegistrationRepository' (OnClassCondition)

   SecurityAutoConfiguration:
      Did not match:
         - @ConditionalOnClass did not find required class 'org.springframework.security.authentication.DefaultAuthenticationEventPublisher' (OnClassCondition)

   SecurityFilterAutoConfiguration:
      Did not match:
         - @ConditionalOnClass did not find required class 'org.springframework.security.config.http.SessionCreationPolicy' (OnClassCondition)

   SendGridAutoConfiguration:
      Did not match:
         - @ConditionalOnClass did not find required class 'com.sendgrid.SendGrid' (OnClassCondition)

   ServletWebServerFactoryAutoConfiguration#forwardedHeaderFilter:
      Did not match:
         - @ConditionalOnProperty (server.forward-headers-strategy=framework) did not find property 'server.forward-headers-strategy' (OnPropertyCondition)

   ServletWebServerFactoryConfiguration.EmbeddedJetty:
      Did not match:
         - @ConditionalOnClass did not find required classes 'org.eclipse.jetty.server.Server', 'org.eclipse.jetty.util.Loader', 'org.eclipse.jetty.webapp.WebAppContext' (OnClassCondition)

   ServletWebServerFactoryConfiguration.EmbeddedUndertow:
      Did not match:
         - @ConditionalOnClass did not find required classes 'io.undertow.Undertow', 'org.xnio.SslClientAuthMode' (OnClassCondition)

   SessionAutoConfiguration:
      Did not match:
         - @ConditionalOnClass did not find required class 'org.springframework.session.Session' (OnClassCondition)

   SolrAutoConfiguration:
      Did not match:
         - @ConditionalOnClass did not find required class 'org.apache.solr.client.solrj.impl.CloudSolrClient' (OnClassCondition)

   SolrRepositoriesAutoConfiguration:
      Did not match:
         - @ConditionalOnClass did not find required class 'org.apache.solr.client.solrj.SolrClient' (OnClassCondition)

   SpringDataWebAutoConfiguration:
      Did not match:
         - @ConditionalOnClass did not find required class 'org.springframework.data.web.PageableHandlerMethodArgumentResolver' (OnClassCondition)

   TaskSchedulingAutoConfiguration#taskScheduler:
      Did not match:
         - @ConditionalOnBean (names: org.springframework.context.annotation.internalScheduledAnnotationProcessor; SearchStrategy: all) did not find any beans named org.springframework.context.annotation.internalScheduledAnnotationProcessor (OnBeanCondition)

   ThymeleafAutoConfiguration:
      Did not match:
         - @ConditionalOnClass did not find required class 'org.thymeleaf.spring5.SpringTemplateEngine' (OnClassCondition)

   TransactionAutoConfiguration#transactionalOperator:
      Did not match:
         - @ConditionalOnSingleCandidate (types: org.springframework.transaction.ReactiveTransactionManager; SearchStrategy: all) did not find any beans (OnBeanCondition)

   TransactionAutoConfiguration.EnableTransactionManagementConfiguration.JdkDynamicAutoProxyConfiguration:
      Did not match:
         - @ConditionalOnProperty (spring.aop.proxy-target-class=false) did not find property 'proxy-target-class' (OnPropertyCondition)

   UserDetailsServiceAutoConfiguration:
      Did not match:
         - @ConditionalOnClass did not find required class 'org.springframework.security.authentication.AuthenticationManager' (OnClassCondition)

   WebClientAutoConfiguration:
      Did not match:
         - @ConditionalOnClass did not find required class 'org.springframework.web.reactive.function.client.WebClient' (OnClassCondition)

   WebFluxAutoConfiguration:
      Did not match:
         - @ConditionalOnClass did not find required class 'org.springframework.web.reactive.config.WebFluxConfigurer' (OnClassCondition)

   WebMvcAutoConfiguration#hiddenHttpMethodFilter:
      Did not match:
         - @ConditionalOnProperty (spring.mvc.hiddenmethod.filter.enabled) did not find property 'enabled' (OnPropertyCondition)

   WebMvcAutoConfiguration.ResourceChainCustomizerConfiguration:
      Did not match:
         - @ConditionalOnEnabledResourceChain did not find class org.webjars.WebJarAssetLocator (OnEnabledResourceChainCondition)

   WebMvcAutoConfiguration.WebMvcAutoConfigurationAdapter#beanNameViewResolver:
      Did not match:
         - @ConditionalOnMissingBean (types: org.springframework.web.servlet.view.BeanNameViewResolver; SearchStrategy: all) found beans of type 'org.springframework.web.servlet.view.BeanNameViewResolver' beanNameViewResolver (OnBeanCondition)

   WebMvcAutoConfiguration.WebMvcAutoConfigurationAdapter#localeResolver:
      Did not match:
         - @ConditionalOnProperty (spring.mvc.locale) did not find property 'locale' (OnPropertyCondition)

   WebServiceTemplateAutoConfiguration:
      Did not match:
         - @ConditionalOnClass did not find required class 'org.springframework.oxm.Marshaller' (OnClassCondition)

   WebServicesAutoConfiguration:
      Did not match:
         - @ConditionalOnClass did not find required class 'org.springframework.ws.transport.http.MessageDispatcherServlet' (OnClassCondition)

   WebSocketMessagingAutoConfiguration:
      Did not match:
         - @ConditionalOnClass did not find required class 'org.springframework.web.socket.config.annotation.WebSocketMessageBrokerConfigurer' (OnClassCondition)

   WebSocketReactiveAutoConfiguration:
      Did not match:
         - @ConditionalOnWebApplication did not find reactive web application classes (OnWebApplicationCondition)

   WebSocketServletAutoConfiguration.JettyWebSocketConfiguration:
      Did not match:
         - @ConditionalOnClass did not find required class 'org.eclipse.jetty.websocket.jsr356.server.deploy.WebSocketServerContainerInitializer' (OnClassCondition)

   WebSocketServletAutoConfiguration.UndertowWebSocketConfiguration:
      Did not match:
         - @ConditionalOnClass did not find required class 'io.undertow.websockets.jsr.Bootstrap' (OnClassCondition)

   WritableEnvironmentEndpointAutoConfiguration:
      Did not match:
         - @ConditionalOnClass did not find required class 'org.springframework.boot.actuate.autoconfigure.env.EnvironmentEndpointProperties' (OnClassCondition)

   XADataSourceAutoConfiguration:
      Did not match:
         - @ConditionalOnClass did not find required class 'javax.transaction.TransactionManager' (OnClassCondition)


Exclusions:
-----------

    None


Unconditional classes:
----------------------

    org.springframework.boot.autoconfigure.context.ConfigurationPropertiesAutoConfiguration

    org.springframework.boot.autoconfigure.context.LifecycleAutoConfiguration

    org.springframework.boot.autoconfigure.context.PropertyPlaceholderAutoConfiguration

    org.springframework.cloud.autoconfigure.LifecycleMvcEndpointAutoConfiguration

    org.springframework.boot.autoconfigure.availability.ApplicationAvailabilityAutoConfiguration

    org.springframework.boot.autoconfigure.info.ProjectInfoAutoConfiguration



2025-04-20 14:45:01,862 DEBUG [main][ConditionEvaluationReportLoggingListener.java:126] - 


============================
CONDITIONS EVALUATION REPORT
============================


Positive matches:
-----------------

   AopAutoConfiguration matched:
      - @ConditionalOnProperty (spring.aop.auto=true) matched (OnPropertyCondition)

   AopAutoConfiguration.ClassProxyingConfiguration matched:
      - @ConditionalOnMissingClass did not find unwanted class 'org.aspectj.weaver.Advice' (OnClassCondition)
      - @ConditionalOnProperty (spring.aop.proxy-target-class=true) matched (OnPropertyCondition)

   ConfigurationPropertiesRebinderAutoConfiguration matched:
      - @ConditionalOnBean (types: org.springframework.boot.context.properties.ConfigurationPropertiesBindingPostProcessor; SearchStrategy: all) found bean 'org.springframework.boot.context.properties.ConfigurationPropertiesBindingPostProcessor' (OnBeanCondition)

   ConfigurationPropertiesRebinderAutoConfiguration#configurationPropertiesBeans matched:
      - @ConditionalOnMissingBean (types: org.springframework.cloud.context.properties.ConfigurationPropertiesBeans; SearchStrategy: current) did not find any beans (OnBeanCondition)

   ConfigurationPropertiesRebinderAutoConfiguration#configurationPropertiesRebinder matched:
      - @ConditionalOnMissingBean (types: org.springframework.cloud.context.properties.ConfigurationPropertiesRebinder; SearchStrategy: current) did not find any beans (OnBeanCondition)

   DataSourceAutoConfiguration matched:
      - @ConditionalOnClass found required classes 'javax.sql.DataSource', 'org.springframework.jdbc.datasource.embedded.EmbeddedDatabaseType' (OnClassCondition)
      - @ConditionalOnMissingBean (types: io.r2dbc.spi.ConnectionFactory; SearchStrategy: all) did not find any beans (OnBeanCondition)

   DataSourceAutoConfiguration.PooledDataSourceConfiguration matched:
      - AnyNestedCondition 1 matched 1 did not; NestedCondition on DataSourceAutoConfiguration.PooledDataSourceCondition.PooledDataSourceAvailable PooledDataSource found supported DataSource; NestedCondition on DataSourceAutoConfiguration.PooledDataSourceCondition.ExplicitType @ConditionalOnProperty (spring.datasource.type) did not find property 'type' (DataSourceAutoConfiguration.PooledDataSourceCondition)
      - @ConditionalOnMissingBean (types: javax.sql.DataSource,javax.sql.XADataSource; SearchStrategy: all) did not find any beans (OnBeanCondition)

   DataSourceConfiguration.Hikari matched:
      - @ConditionalOnClass found required class 'com.zaxxer.hikari.HikariDataSource' (OnClassCondition)
      - @ConditionalOnProperty (spring.datasource.type=com.zaxxer.hikari.HikariDataSource) matched (OnPropertyCondition)
      - @ConditionalOnMissingBean (types: javax.sql.DataSource; SearchStrategy: all) did not find any beans (OnBeanCondition)

   DataSourceJmxConfiguration matched:
      - @ConditionalOnProperty (spring.jmx.enabled=true) matched (OnPropertyCondition)

   DataSourceJmxConfiguration.Hikari matched:
      - @ConditionalOnClass found required class 'com.zaxxer.hikari.HikariDataSource' (OnClassCondition)
      - @ConditionalOnSingleCandidate (types: javax.sql.DataSource; SearchStrategy: all) found a primary bean from beans 'dataSource' (OnBeanCondition)

   DataSourcePoolMetadataProvidersConfiguration.HikariPoolDataSourceMetadataProviderConfiguration matched:
      - @ConditionalOnClass found required class 'com.zaxxer.hikari.HikariDataSource' (OnClassCondition)

   DataSourceTransactionManagerAutoConfiguration matched:
      - @ConditionalOnClass found required classes 'org.springframework.jdbc.core.JdbcTemplate', 'org.springframework.transaction.PlatformTransactionManager' (OnClassCondition)

   DataSourceTransactionManagerAutoConfiguration.DataSourceTransactionManagerConfiguration matched:
      - @ConditionalOnSingleCandidate (types: javax.sql.DataSource; SearchStrategy: all) found a primary bean from beans 'dataSource' (OnBeanCondition)

   DataSourceTransactionManagerAutoConfiguration.DataSourceTransactionManagerConfiguration#transactionManager matched:
      - @ConditionalOnMissingBean (types: org.springframework.transaction.PlatformTransactionManager; SearchStrategy: all) did not find any beans (OnBeanCondition)

   DispatcherServletAutoConfiguration matched:
      - @ConditionalOnClass found required class 'org.springframework.web.servlet.DispatcherServlet' (OnClassCondition)
      - found 'session' scope (OnWebApplicationCondition)

   DispatcherServletAutoConfiguration.DispatcherServletConfiguration matched:
      - @ConditionalOnClass found required class 'javax.servlet.ServletRegistration' (OnClassCondition)
      - Default DispatcherServlet did not find dispatcher servlet beans (DispatcherServletAutoConfiguration.DefaultDispatcherServletCondition)

   DispatcherServletAutoConfiguration.DispatcherServletRegistrationConfiguration matched:
      - @ConditionalOnClass found required class 'javax.servlet.ServletRegistration' (OnClassCondition)
      - DispatcherServlet Registration did not find servlet registration bean (DispatcherServletAutoConfiguration.DispatcherServletRegistrationCondition)

   DispatcherServletAutoConfiguration.DispatcherServletRegistrationConfiguration#dispatcherServletRegistration matched:
      - @ConditionalOnBean (names: dispatcherServlet types: org.springframework.web.servlet.DispatcherServlet; SearchStrategy: all) found bean 'dispatcherServlet' (OnBeanCondition)

   EmbeddedWebServerFactoryCustomizerAutoConfiguration matched:
      - @ConditionalOnWebApplication (required) found 'session' scope (OnWebApplicationCondition)

   EmbeddedWebServerFactoryCustomizerAutoConfiguration.TomcatWebServerFactoryCustomizerConfiguration matched:
      - @ConditionalOnClass found required classes 'org.apache.catalina.startup.Tomcat', 'org.apache.coyote.UpgradeProtocol' (OnClassCondition)

   ErrorMvcAutoConfiguration matched:
      - @ConditionalOnClass found required classes 'javax.servlet.Servlet', 'org.springframework.web.servlet.DispatcherServlet' (OnClassCondition)
      - found 'session' scope (OnWebApplicationCondition)

   ErrorMvcAutoConfiguration#basicErrorController matched:
      - @ConditionalOnMissingBean (types: org.springframework.boot.web.servlet.error.ErrorController; SearchStrategy: current) did not find any beans (OnBeanCondition)

   ErrorMvcAutoConfiguration#errorAttributes matched:
      - @ConditionalOnMissingBean (types: org.springframework.boot.web.servlet.error.ErrorAttributes; SearchStrategy: current) did not find any beans (OnBeanCondition)

   ErrorMvcAutoConfiguration.DefaultErrorViewResolverConfiguration#conventionErrorViewResolver matched:
      - @ConditionalOnBean (types: org.springframework.web.servlet.DispatcherServlet; SearchStrategy: all) found bean 'dispatcherServlet'; @ConditionalOnMissingBean (types: org.springframework.boot.autoconfigure.web.servlet.error.ErrorViewResolver; SearchStrategy: all) did not find any beans (OnBeanCondition)

   ErrorMvcAutoConfiguration.WhitelabelErrorViewConfiguration matched:
      - @ConditionalOnProperty (server.error.whitelabel.enabled) matched (OnPropertyCondition)
      - ErrorTemplate Missing did not find error template view (ErrorMvcAutoConfiguration.ErrorTemplateMissingCondition)

   ErrorMvcAutoConfiguration.WhitelabelErrorViewConfiguration#beanNameViewResolver matched:
      - @ConditionalOnMissingBean (types: org.springframework.web.servlet.view.BeanNameViewResolver; SearchStrategy: all) did not find any beans (OnBeanCondition)

   ErrorMvcAutoConfiguration.WhitelabelErrorViewConfiguration#defaultErrorView matched:
      - @ConditionalOnMissingBean (names: error; SearchStrategy: all) did not find any beans (OnBeanCondition)

   GenericCacheConfiguration matched:
      - Cache org.springframework.boot.autoconfigure.cache.GenericCacheConfiguration automatic cache type (CacheCondition)

   HttpEncodingAutoConfiguration matched:
      - @ConditionalOnClass found required class 'org.springframework.web.filter.CharacterEncodingFilter' (OnClassCondition)
      - found 'session' scope (OnWebApplicationCondition)
      - @ConditionalOnProperty (server.servlet.encoding.enabled) matched (OnPropertyCondition)

   HttpEncodingAutoConfiguration#characterEncodingFilter matched:
      - @ConditionalOnMissingBean (types: org.springframework.web.filter.CharacterEncodingFilter; SearchStrategy: all) did not find any beans (OnBeanCondition)

   HttpMessageConvertersAutoConfiguration matched:
      - @ConditionalOnClass found required class 'org.springframework.http.converter.HttpMessageConverter' (OnClassCondition)
      - NoneNestedConditions 0 matched 1 did not; NestedCondition on HttpMessageConvertersAutoConfiguration.NotReactiveWebApplicationCondition.ReactiveWebApplication did not find reactive web application classes (HttpMessageConvertersAutoConfiguration.NotReactiveWebApplicationCondition)

   HttpMessageConvertersAutoConfiguration#messageConverters matched:
      - @ConditionalOnMissingBean (types: org.springframework.boot.autoconfigure.http.HttpMessageConverters; SearchStrategy: all) did not find any beans (OnBeanCondition)

   HttpMessageConvertersAutoConfiguration.StringHttpMessageConverterConfiguration matched:
      - @ConditionalOnClass found required class 'org.springframework.http.converter.StringHttpMessageConverter' (OnClassCondition)

   HttpMessageConvertersAutoConfiguration.StringHttpMessageConverterConfiguration#stringHttpMessageConverter matched:
      - @ConditionalOnMissingBean (types: org.springframework.http.converter.StringHttpMessageConverter; SearchStrategy: all) did not find any beans (OnBeanCondition)

   JacksonAutoConfiguration matched:
      - @ConditionalOnClass found required class 'com.fasterxml.jackson.databind.ObjectMapper' (OnClassCondition)

   JacksonAutoConfiguration.Jackson2ObjectMapperBuilderCustomizerConfiguration matched:
      - @ConditionalOnClass found required class 'org.springframework.http.converter.json.Jackson2ObjectMapperBuilder' (OnClassCondition)

   JacksonAutoConfiguration.JacksonObjectMapperBuilderConfiguration matched:
      - @ConditionalOnClass found required class 'org.springframework.http.converter.json.Jackson2ObjectMapperBuilder' (OnClassCondition)

   JacksonAutoConfiguration.JacksonObjectMapperBuilderConfiguration#jacksonObjectMapperBuilder matched:
      - @ConditionalOnMissingBean (types: org.springframework.http.converter.json.Jackson2ObjectMapperBuilder; SearchStrategy: all) did not find any beans (OnBeanCondition)

   JacksonAutoConfiguration.JacksonObjectMapperConfiguration matched:
      - @ConditionalOnClass found required class 'org.springframework.http.converter.json.Jackson2ObjectMapperBuilder' (OnClassCondition)

   JacksonAutoConfiguration.JacksonObjectMapperConfiguration#jacksonObjectMapper matched:
      - @ConditionalOnMissingBean (types: com.fasterxml.jackson.databind.ObjectMapper; SearchStrategy: all) did not find any beans (OnBeanCondition)

   JacksonAutoConfiguration.ParameterNamesModuleConfiguration matched:
      - @ConditionalOnClass found required class 'com.fasterxml.jackson.module.paramnames.ParameterNamesModule' (OnClassCondition)

   JacksonAutoConfiguration.ParameterNamesModuleConfiguration#parameterNamesModule matched:
      - @ConditionalOnMissingBean (types: com.fasterxml.jackson.module.paramnames.ParameterNamesModule; SearchStrategy: all) did not find any beans (OnBeanCondition)

   JacksonHttpMessageConvertersConfiguration.MappingJackson2HttpMessageConverterConfiguration matched:
      - @ConditionalOnClass found required class 'com.fasterxml.jackson.databind.ObjectMapper' (OnClassCondition)
      - @ConditionalOnProperty (spring.mvc.converters.preferred-json-mapper=jackson) matched (OnPropertyCondition)
      - @ConditionalOnBean (types: com.fasterxml.jackson.databind.ObjectMapper; SearchStrategy: all) found bean 'jacksonObjectMapper' (OnBeanCondition)

   JacksonHttpMessageConvertersConfiguration.MappingJackson2HttpMessageConverterConfiguration#mappingJackson2HttpMessageConverter matched:
      - @ConditionalOnMissingBean (types: org.springframework.http.converter.json.MappingJackson2HttpMessageConverter ignored: org.springframework.hateoas.server.mvc.TypeConstrainedMappingJackson2HttpMessageConverter,org.springframework.data.rest.webmvc.alps.AlpsJsonHttpMessageConverter; SearchStrategy: all) did not find any beans (OnBeanCondition)

   JdbcTemplateAutoConfiguration matched:
      - @ConditionalOnClass found required classes 'javax.sql.DataSource', 'org.springframework.jdbc.core.JdbcTemplate' (OnClassCondition)
      - @ConditionalOnSingleCandidate (types: javax.sql.DataSource; SearchStrategy: all) found a primary bean from beans 'dataSource' (OnBeanCondition)

   JdbcTemplateConfiguration matched:
      - @ConditionalOnMissingBean (types: org.springframework.jdbc.core.JdbcOperations; SearchStrategy: all) did not find any beans (OnBeanCondition)

   JmxAutoConfiguration matched:
      - @ConditionalOnClass found required class 'org.springframework.jmx.export.MBeanExporter' (OnClassCondition)
      - @ConditionalOnProperty (spring.jmx.enabled=true) matched (OnPropertyCondition)

   JmxAutoConfiguration#mbeanExporter matched:
      - @ConditionalOnMissingBean (types: org.springframework.jmx.export.MBeanExporter; SearchStrategy: current) did not find any beans (OnBeanCondition)

   JmxAutoConfiguration#mbeanServer matched:
      - @ConditionalOnMissingBean (types: javax.management.MBeanServer; SearchStrategy: all) did not find any beans (OnBeanCondition)

   JmxAutoConfiguration#objectNamingStrategy matched:
      - @ConditionalOnMissingBean (types: org.springframework.jmx.export.naming.ObjectNamingStrategy; SearchStrategy: current) did not find any beans (OnBeanCondition)

   LifecycleAutoConfiguration#defaultLifecycleProcessor matched:
      - @ConditionalOnMissingBean (names: lifecycleProcessor; SearchStrategy: current) did not find any beans (OnBeanCondition)

   LifecycleMvcEndpointAutoConfiguration#environmentManager matched:
      - @ConditionalOnMissingBean (types: org.springframework.cloud.context.environment.EnvironmentManager; SearchStrategy: all) did not find any beans (OnBeanCondition)

   MultipartAutoConfiguration matched:
      - @ConditionalOnClass found required classes 'javax.servlet.Servlet', 'org.springframework.web.multipart.support.StandardServletMultipartResolver', 'javax.servlet.MultipartConfigElement' (OnClassCondition)
      - found 'session' scope (OnWebApplicationCondition)
      - @ConditionalOnProperty (spring.servlet.multipart.enabled) matched (OnPropertyCondition)

   MultipartAutoConfiguration#multipartConfigElement matched:
      - @ConditionalOnMissingBean (types: javax.servlet.MultipartConfigElement,org.springframework.web.multipart.commons.CommonsMultipartResolver; SearchStrategy: all) did not find any beans (OnBeanCondition)

   MultipartAutoConfiguration#multipartResolver matched:
      - @ConditionalOnMissingBean (types: org.springframework.web.multipart.MultipartResolver; SearchStrategy: all) did not find any beans (OnBeanCondition)

   MybatisPlusAutoConfiguration matched:
      - @ConditionalOnClass found required classes 'org.apache.ibatis.session.SqlSessionFactory', 'org.mybatis.spring.SqlSessionFactoryBean' (OnClassCondition)
      - @ConditionalOnSingleCandidate (types: javax.sql.DataSource; SearchStrategy: all) found a primary bean from beans 'dataSource' (OnBeanCondition)

   MybatisPlusAutoConfiguration#sqlSessionFactory matched:
      - @ConditionalOnMissingBean (types: org.apache.ibatis.session.SqlSessionFactory; SearchStrategy: all) did not find any beans (OnBeanCondition)

   MybatisPlusAutoConfiguration#sqlSessionTemplate matched:
      - @ConditionalOnMissingBean (types: org.mybatis.spring.SqlSessionTemplate; SearchStrategy: all) did not find any beans (OnBeanCondition)

   MybatisPlusLanguageDriverAutoConfiguration matched:
      - @ConditionalOnClass found required class 'org.apache.ibatis.scripting.LanguageDriver' (OnClassCondition)

   NamedParameterJdbcTemplateConfiguration matched:
      - @ConditionalOnSingleCandidate (types: org.springframework.jdbc.core.JdbcTemplate; SearchStrategy: all) found a primary bean from beans 'jdbcTemplate'; @ConditionalOnMissingBean (types: org.springframework.jdbc.core.namedparam.NamedParameterJdbcOperations; SearchStrategy: all) did not find any beans (OnBeanCondition)

   NoOpCacheConfiguration matched:
      - Cache org.springframework.boot.autoconfigure.cache.NoOpCacheConfiguration automatic cache type (CacheCondition)

   PersistenceExceptionTranslationAutoConfiguration matched:
      - @ConditionalOnClass found required class 'org.springframework.dao.annotation.PersistenceExceptionTranslationPostProcessor' (OnClassCondition)

   PersistenceExceptionTranslationAutoConfiguration#persistenceExceptionTranslationPostProcessor matched:
      - @ConditionalOnProperty (spring.dao.exceptiontranslation.enabled) matched (OnPropertyCondition)
      - @ConditionalOnMissingBean (types: org.springframework.dao.annotation.PersistenceExceptionTranslationPostProcessor; SearchStrategy: all) did not find any beans (OnBeanCondition)

   PropertyPlaceholderAutoConfiguration#propertySourcesPlaceholderConfigurer matched:
      - @ConditionalOnMissingBean (types: org.springframework.context.support.PropertySourcesPlaceholderConfigurer; SearchStrategy: current) did not find any beans (OnBeanCondition)

   RefreshAutoConfiguration matched:
      - @ConditionalOnClass found required class 'org.springframework.cloud.context.scope.refresh.RefreshScope' (OnClassCondition)
      - @ConditionalOnProperty (spring.cloud.refresh.enabled) matched (OnPropertyCondition)

   RefreshAutoConfiguration#contextRefresher matched:
      - @ConditionalOnMissingBean (types: org.springframework.cloud.context.refresh.ContextRefresher; SearchStrategy: all) did not find any beans (OnBeanCondition)

   RefreshAutoConfiguration#loggingRebinder matched:
      - @ConditionalOnMissingBean (types: org.springframework.cloud.logging.LoggingRebinder; SearchStrategy: all) did not find any beans (OnBeanCondition)

   RefreshAutoConfiguration#refreshScope matched:
      - @ConditionalOnMissingBean (types: org.springframework.cloud.context.scope.refresh.RefreshScope; SearchStrategy: all) did not find any beans (OnBeanCondition)

   RestTemplateAutoConfiguration matched:
      - @ConditionalOnClass found required class 'org.springframework.web.client.RestTemplate' (OnClassCondition)
      - NoneNestedConditions 0 matched 1 did not; NestedCondition on RestTemplateAutoConfiguration.NotReactiveWebApplicationCondition.ReactiveWebApplication did not find reactive web application classes (RestTemplateAutoConfiguration.NotReactiveWebApplicationCondition)

   RestTemplateAutoConfiguration#restTemplateBuilder matched:
      - @ConditionalOnMissingBean (types: org.springframework.boot.web.client.RestTemplateBuilder; SearchStrategy: all) did not find any beans (OnBeanCondition)

   ServletWebServerFactoryAutoConfiguration matched:
      - @ConditionalOnClass found required class 'javax.servlet.ServletRequest' (OnClassCondition)
      - found 'session' scope (OnWebApplicationCondition)

   ServletWebServerFactoryAutoConfiguration#tomcatServletWebServerFactoryCustomizer matched:
      - @ConditionalOnClass found required class 'org.apache.catalina.startup.Tomcat' (OnClassCondition)

   ServletWebServerFactoryConfiguration.EmbeddedTomcat matched:
      - @ConditionalOnClass found required classes 'javax.servlet.Servlet', 'org.apache.catalina.startup.Tomcat', 'org.apache.coyote.UpgradeProtocol' (OnClassCondition)
      - @ConditionalOnMissingBean (types: org.springframework.boot.web.servlet.server.ServletWebServerFactory; SearchStrategy: current) did not find any beans (OnBeanCondition)

   SimpleCacheConfiguration matched:
      - Cache org.springframework.boot.autoconfigure.cache.SimpleCacheConfiguration automatic cache type (CacheCondition)

   SpringApplicationAdminJmxAutoConfiguration matched:
      - @ConditionalOnProperty (spring.application.admin.enabled=true) matched (OnPropertyCondition)

   SpringApplicationAdminJmxAutoConfiguration#springApplicationAdminRegistrar matched:
      - @ConditionalOnMissingBean (types: org.springframework.boot.admin.SpringApplicationAdminMXBeanRegistrar; SearchStrategy: all) did not find any beans (OnBeanCondition)

   Swagger2Configuration matched:
      - @ConditionalOnProperty (swagger.enabled) matched (OnPropertyCondition)

   Swagger2DocumentationConfiguration matched:
      - @ConditionalOnWebApplication (required) found 'session' scope (OnWebApplicationCondition)

   SwaggerAutoConfiguration#createRestApi matched:
      - @ConditionalOnProperty (swagger.enabled) matched (OnPropertyCondition)
      - @ConditionalOnBean (types: springfox.documentation.swagger.web.UiConfiguration; SearchStrategy: all) found bean 'uiConfiguration'; @ConditionalOnMissingBean (types: java.util.List; SearchStrategy: all) did not find any beans (OnBeanCondition)

   SwaggerAutoConfiguration#swaggerProperties matched:
      - @ConditionalOnMissingBean (types: com.spring4all.swagger.SwaggerProperties; SearchStrategy: all) did not find any beans (OnBeanCondition)

   TaskExecutionAutoConfiguration matched:
      - @ConditionalOnClass found required class 'org.springframework.scheduling.concurrent.ThreadPoolTaskExecutor' (OnClassCondition)

   TaskExecutionAutoConfiguration#applicationTaskExecutor matched:
      - @ConditionalOnMissingBean (types: java.util.concurrent.Executor; SearchStrategy: all) did not find any beans (OnBeanCondition)

   TaskExecutionAutoConfiguration#taskExecutorBuilder matched:
      - @ConditionalOnMissingBean (types: org.springframework.boot.task.TaskExecutorBuilder; SearchStrategy: all) did not find any beans (OnBeanCondition)

   TaskSchedulingAutoConfiguration matched:
      - @ConditionalOnClass found required class 'org.springframework.scheduling.concurrent.ThreadPoolTaskScheduler' (OnClassCondition)

   TaskSchedulingAutoConfiguration#taskSchedulerBuilder matched:
      - @ConditionalOnMissingBean (types: org.springframework.boot.task.TaskSchedulerBuilder; SearchStrategy: all) did not find any beans (OnBeanCondition)

   TransactionAutoConfiguration matched:
      - @ConditionalOnClass found required class 'org.springframework.transaction.PlatformTransactionManager' (OnClassCondition)

   TransactionAutoConfiguration#platformTransactionManagerCustomizers matched:
      - @ConditionalOnMissingBean (types: org.springframework.boot.autoconfigure.transaction.TransactionManagerCustomizers; SearchStrategy: all) did not find any beans (OnBeanCondition)

   TransactionAutoConfiguration.EnableTransactionManagementConfiguration matched:
      - @ConditionalOnBean (types: org.springframework.transaction.TransactionManager; SearchStrategy: all) found bean 'transactionManager'; @ConditionalOnMissingBean (types: org.springframework.transaction.annotation.AbstractTransactionManagementConfiguration; SearchStrategy: all) did not find any beans (OnBeanCondition)

   TransactionAutoConfiguration.EnableTransactionManagementConfiguration.CglibAutoProxyConfiguration matched:
      - @ConditionalOnProperty (spring.aop.proxy-target-class=true) matched (OnPropertyCondition)

   TransactionAutoConfiguration.TransactionTemplateConfiguration matched:
      - @ConditionalOnSingleCandidate (types: org.springframework.transaction.PlatformTransactionManager; SearchStrategy: all) found a primary bean from beans 'transactionManager' (OnBeanCondition)

   TransactionAutoConfiguration.TransactionTemplateConfiguration#transactionTemplate matched:
      - @ConditionalOnMissingBean (types: org.springframework.transaction.support.TransactionOperations; SearchStrategy: all) did not find any beans (OnBeanCondition)

   ValidationAutoConfiguration matched:
      - @ConditionalOnClass found required class 'javax.validation.executable.ExecutableValidator' (OnClassCondition)
      - @ConditionalOnResource found location classpath:META-INF/services/javax.validation.spi.ValidationProvider (OnResourceCondition)

   ValidationAutoConfiguration#defaultValidator matched:
      - @ConditionalOnMissingBean (types: javax.validation.Validator; SearchStrategy: all) did not find any beans (OnBeanCondition)

   ValidationAutoConfiguration#methodValidationPostProcessor matched:
      - @ConditionalOnMissingBean (types: org.springframework.validation.beanvalidation.MethodValidationPostProcessor; SearchStrategy: all) did not find any beans (OnBeanCondition)

   WebMvcAutoConfiguration matched:
      - @ConditionalOnClass found required classes 'javax.servlet.Servlet', 'org.springframework.web.servlet.DispatcherServlet', 'org.springframework.web.servlet.config.annotation.WebMvcConfigurer' (OnClassCondition)
      - found 'session' scope (OnWebApplicationCondition)
      - @ConditionalOnMissingBean (types: org.springframework.web.servlet.config.annotation.WebMvcConfigurationSupport; SearchStrategy: all) did not find any beans (OnBeanCondition)

   WebMvcAutoConfiguration#formContentFilter matched:
      - @ConditionalOnProperty (spring.mvc.formcontent.filter.enabled) matched (OnPropertyCondition)
      - @ConditionalOnMissingBean (types: org.springframework.web.filter.FormContentFilter; SearchStrategy: all) did not find any beans (OnBeanCondition)

   WebMvcAutoConfiguration.WebMvcAutoConfigurationAdapter#defaultViewResolver matched:
      - @ConditionalOnMissingBean (types: org.springframework.web.servlet.view.InternalResourceViewResolver; SearchStrategy: all) did not find any beans (OnBeanCondition)

   WebMvcAutoConfiguration.WebMvcAutoConfigurationAdapter#requestContextFilter matched:
      - @ConditionalOnMissingBean (types: org.springframework.web.context.request.RequestContextListener,org.springframework.web.filter.RequestContextFilter; SearchStrategy: all) did not find any beans (OnBeanCondition)

   WebMvcAutoConfiguration.WebMvcAutoConfigurationAdapter#viewResolver matched:
      - @ConditionalOnBean (types: org.springframework.web.servlet.ViewResolver; SearchStrategy: all) found beans 'defaultViewResolver', 'beanNameViewResolver', 'mvcViewResolver'; @ConditionalOnMissingBean (names: viewResolver types: org.springframework.web.servlet.view.ContentNegotiatingViewResolver; SearchStrategy: all) did not find any beans (OnBeanCondition)

   WebSocketServletAutoConfiguration matched:
      - @ConditionalOnClass found required classes 'javax.servlet.Servlet', 'javax.websocket.server.ServerContainer' (OnClassCondition)
      - found 'session' scope (OnWebApplicationCondition)

   WebSocketServletAutoConfiguration.TomcatWebSocketConfiguration matched:
      - @ConditionalOnClass found required classes 'org.apache.catalina.startup.Tomcat', 'org.apache.tomcat.websocket.server.WsSci' (OnClassCondition)

   WebSocketServletAutoConfiguration.TomcatWebSocketConfiguration#websocketServletWebServerCustomizer matched:
      - @ConditionalOnMissingBean (names: websocketServletWebServerCustomizer; SearchStrategy: all) did not find any beans (OnBeanCondition)


Negative matches:
-----------------

   ActiveMQAutoConfiguration:
      Did not match:
         - @ConditionalOnClass did not find required class 'javax.jms.ConnectionFactory' (OnClassCondition)

   AopAutoConfiguration.AspectJAutoProxyingConfiguration:
      Did not match:
         - @ConditionalOnClass did not find required class 'org.aspectj.weaver.Advice' (OnClassCondition)

   ArtemisAutoConfiguration:
      Did not match:
         - @ConditionalOnClass did not find required class 'javax.jms.ConnectionFactory' (OnClassCondition)

   BatchAutoConfiguration:
      Did not match:
         - @ConditionalOnClass did not find required class 'org.springframework.batch.core.launch.JobLauncher' (OnClassCondition)

   CacheAutoConfiguration:
      Did not match:
         - @ConditionalOnBean (types: org.springframework.cache.interceptor.CacheAspectSupport; SearchStrategy: all) did not find any beans of type org.springframework.cache.interceptor.CacheAspectSupport (OnBeanCondition)
      Matched:
         - @ConditionalOnClass found required class 'org.springframework.cache.CacheManager' (OnClassCondition)

   CacheAutoConfiguration.CacheManagerEntityManagerFactoryDependsOnPostProcessor:
      Did not match:
         - @ConditionalOnClass did not find required class 'org.springframework.orm.jpa.LocalContainerEntityManagerFactoryBean' (OnClassCondition)
         - Ancestor org.springframework.boot.autoconfigure.cache.CacheAutoConfiguration did not match (ConditionEvaluationReport.AncestorsMatchedCondition)

   CaffeineCacheConfiguration:
      Did not match:
         - @ConditionalOnClass did not find required class 'com.github.benmanes.caffeine.cache.Caffeine' (OnClassCondition)

   CassandraAutoConfiguration:
      Did not match:
         - @ConditionalOnClass did not find required class 'com.datastax.oss.driver.api.core.CqlSession' (OnClassCondition)

   CassandraDataAutoConfiguration:
      Did not match:
         - @ConditionalOnClass did not find required class 'com.datastax.oss.driver.api.core.CqlSession' (OnClassCondition)

   CassandraReactiveDataAutoConfiguration:
      Did not match:
         - @ConditionalOnClass did not find required class 'com.datastax.oss.driver.api.core.CqlSession' (OnClassCondition)

   CassandraReactiveRepositoriesAutoConfiguration:
      Did not match:
         - @ConditionalOnClass did not find required class 'org.springframework.data.cassandra.ReactiveSession' (OnClassCondition)

   CassandraRepositoriesAutoConfiguration:
      Did not match:
         - @ConditionalOnClass did not find required class 'com.datastax.oss.driver.api.core.CqlSession' (OnClassCondition)

   ClientHttpConnectorAutoConfiguration:
      Did not match:
         - @ConditionalOnClass did not find required class 'org.springframework.web.reactive.function.client.WebClient' (OnClassCondition)

   CodecsAutoConfiguration:
      Did not match:
         - @ConditionalOnClass did not find required class 'org.springframework.web.reactive.function.client.WebClient' (OnClassCondition)

   CouchbaseAutoConfiguration:
      Did not match:
         - @ConditionalOnClass did not find required class 'com.couchbase.client.java.Cluster' (OnClassCondition)

   CouchbaseCacheConfiguration:
      Did not match:
         - @ConditionalOnClass did not find required class 'com.couchbase.client.java.Cluster' (OnClassCondition)

   CouchbaseDataAutoConfiguration:
      Did not match:
         - @ConditionalOnClass did not find required class 'com.couchbase.client.java.Bucket' (OnClassCondition)

   CouchbaseReactiveDataAutoConfiguration:
      Did not match:
         - @ConditionalOnClass did not find required class 'com.couchbase.client.java.Cluster' (OnClassCondition)

   CouchbaseReactiveRepositoriesAutoConfiguration:
      Did not match:
         - @ConditionalOnClass did not find required class 'com.couchbase.client.java.Cluster' (OnClassCondition)

   CouchbaseRepositoriesAutoConfiguration:
      Did not match:
         - @ConditionalOnClass did not find required class 'com.couchbase.client.java.Bucket' (OnClassCondition)

   DataSourceAutoConfiguration.EmbeddedDatabaseConfiguration:
      Did not match:
         - EmbeddedDataSource spring.datasource.url is set (DataSourceAutoConfiguration.EmbeddedDatabaseCondition)

   DataSourceConfiguration.Dbcp2:
      Did not match:
         - @ConditionalOnClass did not find required class 'org.apache.commons.dbcp2.BasicDataSource' (OnClassCondition)

   DataSourceConfiguration.Generic:
      Did not match:
         - @ConditionalOnProperty (spring.datasource.type) did not find property 'spring.datasource.type' (OnPropertyCondition)

   DataSourceConfiguration.Tomcat:
      Did not match:
         - @ConditionalOnClass did not find required class 'org.apache.tomcat.jdbc.pool.DataSource' (OnClassCondition)

   DataSourceJmxConfiguration.TomcatDataSourceJmxConfiguration:
      Did not match:
         - @ConditionalOnClass did not find required class 'org.apache.tomcat.jdbc.pool.DataSourceProxy' (OnClassCondition)

   DataSourcePoolMetadataProvidersConfiguration.CommonsDbcp2PoolDataSourceMetadataProviderConfiguration:
      Did not match:
         - @ConditionalOnClass did not find required class 'org.apache.commons.dbcp2.BasicDataSource' (OnClassCondition)

   DataSourcePoolMetadataProvidersConfiguration.TomcatDataSourcePoolMetadataProviderConfiguration:
      Did not match:
         - @ConditionalOnClass did not find required class 'org.apache.tomcat.jdbc.pool.DataSource' (OnClassCondition)

   DispatcherServletAutoConfiguration.DispatcherServletConfiguration#multipartResolver:
      Did not match:
         - @ConditionalOnBean (types: org.springframework.web.multipart.MultipartResolver; SearchStrategy: all) did not find any beans of type org.springframework.web.multipart.MultipartResolver (OnBeanCondition)

   EhCacheCacheConfiguration:
      Did not match:
         - @ConditionalOnClass did not find required class 'net.sf.ehcache.Cache' (OnClassCondition)

   ElasticsearchDataAutoConfiguration:
      Did not match:
         - @ConditionalOnClass did not find required class 'org.springframework.data.elasticsearch.core.ElasticsearchTemplate' (OnClassCondition)

   ElasticsearchRepositoriesAutoConfiguration:
      Did not match:
         - @ConditionalOnClass did not find required class 'org.elasticsearch.client.Client' (OnClassCondition)

   ElasticsearchRestClientAutoConfiguration:
      Did not match:
         - @ConditionalOnClass did not find required class 'org.elasticsearch.client.RestClient' (OnClassCondition)

   EmbeddedLdapAutoConfiguration:
      Did not match:
         - @ConditionalOnClass did not find required class 'com.unboundid.ldap.listener.InMemoryDirectoryServer' (OnClassCondition)

   EmbeddedMongoAutoConfiguration:
      Did not match:
         - @ConditionalOnClass did not find required class 'com.mongodb.MongoClientSettings' (OnClassCondition)

   EmbeddedWebServerFactoryCustomizerAutoConfiguration.JettyWebServerFactoryCustomizerConfiguration:
      Did not match:
         - @ConditionalOnClass did not find required classes 'org.eclipse.jetty.server.Server', 'org.eclipse.jetty.util.Loader', 'org.eclipse.jetty.webapp.WebAppContext' (OnClassCondition)

   EmbeddedWebServerFactoryCustomizerAutoConfiguration.NettyWebServerFactoryCustomizerConfiguration:
      Did not match:
         - @ConditionalOnClass did not find required class 'reactor.netty.http.server.HttpServer' (OnClassCondition)

   EmbeddedWebServerFactoryCustomizerAutoConfiguration.UndertowWebServerFactoryCustomizerConfiguration:
      Did not match:
         - @ConditionalOnClass did not find required classes 'io.undertow.Undertow', 'org.xnio.SslClientAuthMode' (OnClassCondition)

   ErrorWebFluxAutoConfiguration:
      Did not match:
         - @ConditionalOnClass did not find required class 'org.springframework.web.reactive.config.WebFluxConfigurer' (OnClassCondition)

   FlywayAutoConfiguration:
      Did not match:
         - @ConditionalOnClass did not find required class 'org.flywaydb.core.Flyway' (OnClassCondition)

   FreeMarkerAutoConfiguration:
      Did not match:
         - @ConditionalOnClass did not find required class 'freemarker.template.Configuration' (OnClassCondition)

   GroovyTemplateAutoConfiguration:
      Did not match:
         - @ConditionalOnClass did not find required class 'groovy.text.markup.MarkupTemplateEngine' (OnClassCondition)

   GsonAutoConfiguration:
      Did not match:
         - @ConditionalOnClass did not find required class 'com.google.gson.Gson' (OnClassCondition)

   GsonHttpMessageConvertersConfiguration:
      Did not match:
         - @ConditionalOnClass did not find required class 'com.google.gson.Gson' (OnClassCondition)

   H2ConsoleAutoConfiguration:
      Did not match:
         - @ConditionalOnClass did not find required class 'org.h2.server.web.WebServlet' (OnClassCondition)

   HazelcastAutoConfiguration:
      Did not match:
         - @ConditionalOnClass did not find required class 'com.hazelcast.core.HazelcastInstance' (OnClassCondition)

   HazelcastCacheConfiguration:
      Did not match:
         - @ConditionalOnClass did not find required class 'com.hazelcast.core.HazelcastInstance' (OnClassCondition)

   HazelcastJpaDependencyAutoConfiguration:
      Did not match:
         - @ConditionalOnClass did not find required class 'com.hazelcast.core.HazelcastInstance' (OnClassCondition)

   HibernateJpaAutoConfiguration:
      Did not match:
         - @ConditionalOnClass did not find required class 'javax.persistence.EntityManager' (OnClassCondition)

   HttpHandlerAutoConfiguration:
      Did not match:
         - @ConditionalOnClass did not find required class 'org.springframework.web.reactive.DispatcherHandler' (OnClassCondition)

   HypermediaAutoConfiguration:
      Did not match:
         - @ConditionalOnClass did not find required class 'org.springframework.hateoas.EntityModel' (OnClassCondition)

   InfinispanCacheConfiguration:
      Did not match:
         - @ConditionalOnClass did not find required class 'org.infinispan.spring.embedded.provider.SpringEmbeddedCacheManager' (OnClassCondition)

   InfluxDbAutoConfiguration:
      Did not match:
         - @ConditionalOnClass did not find required class 'org.influxdb.InfluxDB' (OnClassCondition)

   IntegrationAutoConfiguration:
      Did not match:
         - @ConditionalOnClass did not find required class 'org.springframework.integration.config.EnableIntegration' (OnClassCondition)

   JCacheCacheConfiguration:
      Did not match:
         - @ConditionalOnClass did not find required class 'javax.cache.Caching' (OnClassCondition)

   JacksonHttpMessageConvertersConfiguration.MappingJackson2XmlHttpMessageConverterConfiguration:
      Did not match:
         - @ConditionalOnClass did not find required class 'com.fasterxml.jackson.dataformat.xml.XmlMapper' (OnClassCondition)

   JdbcRepositoriesAutoConfiguration:
      Did not match:
         - @ConditionalOnClass did not find required class 'org.springframework.data.jdbc.repository.config.AbstractJdbcConfiguration' (OnClassCondition)

   JerseyAutoConfiguration:
      Did not match:
         - @ConditionalOnClass did not find required class 'org.glassfish.jersey.server.spring.SpringComponentProvider' (OnClassCondition)

   JmsAutoConfiguration:
      Did not match:
         - @ConditionalOnClass did not find required class 'javax.jms.Message' (OnClassCondition)

   JndiConnectionFactoryAutoConfiguration:
      Did not match:
         - @ConditionalOnClass did not find required class 'org.springframework.jms.core.JmsTemplate' (OnClassCondition)

   JndiDataSourceAutoConfiguration:
      Did not match:
         - @ConditionalOnProperty (spring.datasource.jndi-name) did not find property 'jndi-name' (OnPropertyCondition)
      Matched:
         - @ConditionalOnClass found required classes 'javax.sql.DataSource', 'org.springframework.jdbc.datasource.embedded.EmbeddedDatabaseType' (OnClassCondition)

   JooqAutoConfiguration:
      Did not match:
         - @ConditionalOnClass did not find required class 'org.jooq.DSLContext' (OnClassCondition)

   JpaRepositoriesAutoConfiguration:
      Did not match:
         - @ConditionalOnClass did not find required class 'org.springframework.data.jpa.repository.JpaRepository' (OnClassCondition)

   JsonbAutoConfiguration:
      Did not match:
         - @ConditionalOnClass did not find required class 'javax.json.bind.Jsonb' (OnClassCondition)

   JsonbHttpMessageConvertersConfiguration:
      Did not match:
         - @ConditionalOnClass did not find required class 'javax.json.bind.Jsonb' (OnClassCondition)

   JtaAutoConfiguration:
      Did not match:
         - @ConditionalOnClass did not find required class 'javax.transaction.Transaction' (OnClassCondition)

   KafkaAutoConfiguration:
      Did not match:
         - @ConditionalOnClass did not find required class 'org.springframework.kafka.core.KafkaTemplate' (OnClassCondition)

   LdapAutoConfiguration:
      Did not match:
         - @ConditionalOnClass did not find required class 'org.springframework.ldap.core.ContextSource' (OnClassCondition)

   LdapRepositoriesAutoConfiguration:
      Did not match:
         - @ConditionalOnClass did not find required class 'org.springframework.data.ldap.repository.LdapRepository' (OnClassCondition)

   LiquibaseAutoConfiguration:
      Did not match:
         - @ConditionalOnClass did not find required class 'liquibase.change.DatabaseChange' (OnClassCondition)

   MailSenderAutoConfiguration:
      Did not match:
         - @ConditionalOnClass did not find required class 'javax.mail.internet.MimeMessage' (OnClassCondition)

   MailSenderValidatorAutoConfiguration:
      Did not match:
         - @ConditionalOnSingleCandidate did not find required type 'org.springframework.mail.javamail.JavaMailSenderImpl' (OnBeanCondition)

   MessageSourceAutoConfiguration:
      Did not match:
         - ResourceBundle did not find bundle with basename messages (MessageSourceAutoConfiguration.ResourceBundleCondition)

   MongoAutoConfiguration:
      Did not match:
         - @ConditionalOnClass did not find required class 'com.mongodb.client.MongoClient' (OnClassCondition)

   MongoDataAutoConfiguration:
      Did not match:
         - @ConditionalOnClass did not find required class 'com.mongodb.client.MongoClient' (OnClassCondition)

   MongoReactiveAutoConfiguration:
      Did not match:
         - @ConditionalOnClass did not find required class 'com.mongodb.reactivestreams.client.MongoClient' (OnClassCondition)

   MongoReactiveDataAutoConfiguration:
      Did not match:
         - @ConditionalOnClass did not find required class 'com.mongodb.reactivestreams.client.MongoClient' (OnClassCondition)

   MongoReactiveRepositoriesAutoConfiguration:
      Did not match:
         - @ConditionalOnClass did not find required class 'com.mongodb.reactivestreams.client.MongoClient' (OnClassCondition)

   MongoRepositoriesAutoConfiguration:
      Did not match:
         - @ConditionalOnClass did not find required class 'com.mongodb.client.MongoClient' (OnClassCondition)

   MustacheAutoConfiguration:
      Did not match:
         - @ConditionalOnClass did not find required class 'com.samskivert.mustache.Mustache' (OnClassCondition)

   MybatisPlusAutoConfiguration.MapperScannerRegistrarNotFoundConfiguration:
      Did not match:
         - @ConditionalOnMissingBean (types: org.mybatis.spring.mapper.MapperFactoryBean,org.mybatis.spring.mapper.MapperScannerConfigurer; SearchStrategy: all) found beans of type 'org.mybatis.spring.mapper.MapperScannerConfigurer' com.xuecheng.content.config.MybatisPlusConfig#MapperScannerRegistrar#0 (OnBeanCondition)

   MybatisPlusLanguageDriverAutoConfiguration.FreeMarkerConfiguration:
      Did not match:
         - @ConditionalOnClass did not find required classes 'org.mybatis.scripting.freemarker.FreeMarkerLanguageDriver', 'org.mybatis.scripting.freemarker.FreeMarkerLanguageDriverConfig' (OnClassCondition)

   MybatisPlusLanguageDriverAutoConfiguration.LegacyFreeMarkerConfiguration:
      Did not match:
         - @ConditionalOnClass did not find required class 'org.mybatis.scripting.freemarker.FreeMarkerLanguageDriver' (OnClassCondition)

   MybatisPlusLanguageDriverAutoConfiguration.ThymeleafConfiguration:
      Did not match:
         - @ConditionalOnClass did not find required class 'org.mybatis.scripting.thymeleaf.ThymeleafLanguageDriver' (OnClassCondition)

   MybatisPlusLanguageDriverAutoConfiguration.VelocityConfiguration:
      Did not match:
         - @ConditionalOnClass did not find required classes 'org.mybatis.scripting.velocity.VelocityLanguageDriver', 'org.mybatis.scripting.velocity.VelocityLanguageDriverConfig' (OnClassCondition)

   Neo4jDataAutoConfiguration:
      Did not match:
         - @ConditionalOnClass did not find required class 'org.neo4j.ogm.session.SessionFactory' (OnClassCondition)

   Neo4jRepositoriesAutoConfiguration:
      Did not match:
         - @ConditionalOnClass did not find required class 'org.neo4j.ogm.session.Neo4jSession' (OnClassCondition)

   OAuth2ClientAutoConfiguration:
      Did not match:
         - @ConditionalOnClass did not find required class 'org.springframework.security.config.annotation.web.configuration.EnableWebSecurity' (OnClassCondition)

   OAuth2ResourceServerAutoConfiguration:
      Did not match:
         - @ConditionalOnClass did not find required class 'org.springframework.security.oauth2.server.resource.BearerTokenAuthenticationToken' (OnClassCondition)

   ProjectInfoAutoConfiguration#buildProperties:
      Did not match:
         - @ConditionalOnResource did not find resource '${spring.info.build.location:classpath:META-INF/build-info.properties}' (OnResourceCondition)

   ProjectInfoAutoConfiguration#gitProperties:
      Did not match:
         - GitResource did not find git info at classpath:git.properties (ProjectInfoAutoConfiguration.GitResourceAvailableCondition)

   QuartzAutoConfiguration:
      Did not match:
         - @ConditionalOnClass did not find required class 'org.quartz.Scheduler' (OnClassCondition)

   R2dbcAutoConfiguration:
      Did not match:
         - @ConditionalOnClass did not find required class 'io.r2dbc.spi.ConnectionFactory' (OnClassCondition)

   R2dbcDataAutoConfiguration:
      Did not match:
         - @ConditionalOnClass did not find required class 'org.springframework.data.r2dbc.core.DatabaseClient' (OnClassCondition)

   R2dbcRepositoriesAutoConfiguration:
      Did not match:
         - @ConditionalOnClass did not find required class 'io.r2dbc.spi.ConnectionFactory' (OnClassCondition)

   R2dbcTransactionManagerAutoConfiguration:
      Did not match:
         - @ConditionalOnClass did not find required class 'org.springframework.data.r2dbc.connectionfactory.R2dbcTransactionManager' (OnClassCondition)

   RSocketMessagingAutoConfiguration:
      Did not match:
         - @ConditionalOnClass did not find required class 'io.rsocket.RSocketFactory' (OnClassCondition)

   RSocketRequesterAutoConfiguration:
      Did not match:
         - @ConditionalOnClass did not find required class 'io.rsocket.RSocketFactory' (OnClassCondition)

   RSocketSecurityAutoConfiguration:
      Did not match:
         - @ConditionalOnClass did not find required class 'org.springframework.security.rsocket.core.SecuritySocketAcceptorInterceptor' (OnClassCondition)

   RSocketServerAutoConfiguration:
      Did not match:
         - @ConditionalOnClass did not find required class 'io.rsocket.core.RSocketServer' (OnClassCondition)

   RSocketStrategiesAutoConfiguration:
      Did not match:
         - @ConditionalOnClass did not find required class 'io.netty.buffer.PooledByteBufAllocator' (OnClassCondition)

   RabbitAutoConfiguration:
      Did not match:
         - @ConditionalOnClass did not find required class 'com.rabbitmq.client.Channel' (OnClassCondition)

   ReactiveElasticsearchRepositoriesAutoConfiguration:
      Did not match:
         - @ConditionalOnClass did not find required class 'org.springframework.data.elasticsearch.client.reactive.ReactiveElasticsearchClient' (OnClassCondition)

   ReactiveElasticsearchRestClientAutoConfiguration:
      Did not match:
         - @ConditionalOnClass did not find required class 'reactor.netty.http.client.HttpClient' (OnClassCondition)

   ReactiveOAuth2ClientAutoConfiguration:
      Did not match:
         - @ConditionalOnClass did not find required class 'reactor.core.publisher.Flux' (OnClassCondition)

   ReactiveOAuth2ResourceServerAutoConfiguration:
      Did not match:
         - @ConditionalOnClass did not find required class 'org.springframework.security.config.annotation.web.reactive.EnableWebFluxSecurity' (OnClassCondition)

   ReactiveSecurityAutoConfiguration:
      Did not match:
         - @ConditionalOnClass did not find required class 'reactor.core.publisher.Flux' (OnClassCondition)

   ReactiveUserDetailsServiceAutoConfiguration:
      Did not match:
         - @ConditionalOnClass did not find required class 'org.springframework.security.authentication.ReactiveAuthenticationManager' (OnClassCondition)

   ReactiveWebServerFactoryAutoConfiguration:
      Did not match:
         - @ConditionalOnWebApplication did not find reactive web application classes (OnWebApplicationCondition)

   RedisAutoConfiguration:
      Did not match:
         - @ConditionalOnClass did not find required class 'org.springframework.data.redis.core.RedisOperations' (OnClassCondition)

   RedisCacheConfiguration:
      Did not match:
         - @ConditionalOnClass did not find required class 'org.springframework.data.redis.connection.RedisConnectionFactory' (OnClassCondition)

   RedisReactiveAutoConfiguration:
      Did not match:
         - @ConditionalOnClass did not find required class 'reactor.core.publisher.Flux' (OnClassCondition)

   RedisRepositoriesAutoConfiguration:
      Did not match:
         - @ConditionalOnClass did not find required class 'org.springframework.data.redis.repository.configuration.EnableRedisRepositories' (OnClassCondition)

   RefreshAutoConfiguration.JpaInvokerConfiguration:
      Did not match:
         - @ConditionalOnClass did not find required class 'javax.persistence.EntityManagerFactory' (OnClassCondition)

   RefreshEndpointAutoConfiguration:
      Did not match:
         - @ConditionalOnClass did not find required class 'org.springframework.boot.actuate.autoconfigure.endpoint.EndpointAutoConfiguration' (OnClassCondition)

   RepositoryRestMvcAutoConfiguration:
      Did not match:
         - @ConditionalOnClass did not find required class 'org.springframework.data.rest.webmvc.config.RepositoryRestMvcConfiguration' (OnClassCondition)

   Saml2RelyingPartyAutoConfiguration:
      Did not match:
         - @ConditionalOnClass did not find required class 'org.springframework.security.saml2.provider.service.registration.RelyingPartyRegistrationRepository' (OnClassCondition)

   SecurityAutoConfiguration:
      Did not match:
         - @ConditionalOnClass did not find required class 'org.springframework.security.authentication.DefaultAuthenticationEventPublisher' (OnClassCondition)

   SecurityFilterAutoConfiguration:
      Did not match:
         - @ConditionalOnClass did not find required class 'org.springframework.security.config.http.SessionCreationPolicy' (OnClassCondition)

   SendGridAutoConfiguration:
      Did not match:
         - @ConditionalOnClass did not find required class 'com.sendgrid.SendGrid' (OnClassCondition)

   ServletWebServerFactoryAutoConfiguration#forwardedHeaderFilter:
      Did not match:
         - @ConditionalOnProperty (server.forward-headers-strategy=framework) did not find property 'server.forward-headers-strategy' (OnPropertyCondition)

   ServletWebServerFactoryConfiguration.EmbeddedJetty:
      Did not match:
         - @ConditionalOnClass did not find required classes 'org.eclipse.jetty.server.Server', 'org.eclipse.jetty.util.Loader', 'org.eclipse.jetty.webapp.WebAppContext' (OnClassCondition)

   ServletWebServerFactoryConfiguration.EmbeddedUndertow:
      Did not match:
         - @ConditionalOnClass did not find required classes 'io.undertow.Undertow', 'org.xnio.SslClientAuthMode' (OnClassCondition)

   SessionAutoConfiguration:
      Did not match:
         - @ConditionalOnClass did not find required class 'org.springframework.session.Session' (OnClassCondition)

   SolrAutoConfiguration:
      Did not match:
         - @ConditionalOnClass did not find required class 'org.apache.solr.client.solrj.impl.CloudSolrClient' (OnClassCondition)

   SolrRepositoriesAutoConfiguration:
      Did not match:
         - @ConditionalOnClass did not find required class 'org.apache.solr.client.solrj.SolrClient' (OnClassCondition)

   SpringDataWebAutoConfiguration:
      Did not match:
         - @ConditionalOnClass did not find required class 'org.springframework.data.web.PageableHandlerMethodArgumentResolver' (OnClassCondition)

   TaskSchedulingAutoConfiguration#taskScheduler:
      Did not match:
         - @ConditionalOnBean (names: org.springframework.context.annotation.internalScheduledAnnotationProcessor; SearchStrategy: all) did not find any beans named org.springframework.context.annotation.internalScheduledAnnotationProcessor (OnBeanCondition)

   ThymeleafAutoConfiguration:
      Did not match:
         - @ConditionalOnClass did not find required class 'org.thymeleaf.spring5.SpringTemplateEngine' (OnClassCondition)

   TransactionAutoConfiguration#transactionalOperator:
      Did not match:
         - @ConditionalOnSingleCandidate (types: org.springframework.transaction.ReactiveTransactionManager; SearchStrategy: all) did not find any beans (OnBeanCondition)

   TransactionAutoConfiguration.EnableTransactionManagementConfiguration.JdkDynamicAutoProxyConfiguration:
      Did not match:
         - @ConditionalOnProperty (spring.aop.proxy-target-class=false) did not find property 'proxy-target-class' (OnPropertyCondition)

   UserDetailsServiceAutoConfiguration:
      Did not match:
         - @ConditionalOnClass did not find required class 'org.springframework.security.authentication.AuthenticationManager' (OnClassCondition)

   WebClientAutoConfiguration:
      Did not match:
         - @ConditionalOnClass did not find required class 'org.springframework.web.reactive.function.client.WebClient' (OnClassCondition)

   WebFluxAutoConfiguration:
      Did not match:
         - @ConditionalOnClass did not find required class 'org.springframework.web.reactive.config.WebFluxConfigurer' (OnClassCondition)

   WebMvcAutoConfiguration#hiddenHttpMethodFilter:
      Did not match:
         - @ConditionalOnProperty (spring.mvc.hiddenmethod.filter.enabled) did not find property 'enabled' (OnPropertyCondition)

   WebMvcAutoConfiguration.ResourceChainCustomizerConfiguration:
      Did not match:
         - @ConditionalOnEnabledResourceChain did not find class org.webjars.WebJarAssetLocator (OnEnabledResourceChainCondition)

   WebMvcAutoConfiguration.WebMvcAutoConfigurationAdapter#beanNameViewResolver:
      Did not match:
         - @ConditionalOnMissingBean (types: org.springframework.web.servlet.view.BeanNameViewResolver; SearchStrategy: all) found beans of type 'org.springframework.web.servlet.view.BeanNameViewResolver' beanNameViewResolver (OnBeanCondition)

   WebMvcAutoConfiguration.WebMvcAutoConfigurationAdapter#localeResolver:
      Did not match:
         - @ConditionalOnProperty (spring.mvc.locale) did not find property 'locale' (OnPropertyCondition)

   WebServiceTemplateAutoConfiguration:
      Did not match:
         - @ConditionalOnClass did not find required class 'org.springframework.oxm.Marshaller' (OnClassCondition)

   WebServicesAutoConfiguration:
      Did not match:
         - @ConditionalOnClass did not find required class 'org.springframework.ws.transport.http.MessageDispatcherServlet' (OnClassCondition)

   WebSocketMessagingAutoConfiguration:
      Did not match:
         - @ConditionalOnClass did not find required class 'org.springframework.web.socket.config.annotation.WebSocketMessageBrokerConfigurer' (OnClassCondition)

   WebSocketReactiveAutoConfiguration:
      Did not match:
         - @ConditionalOnWebApplication did not find reactive web application classes (OnWebApplicationCondition)

   WebSocketServletAutoConfiguration.JettyWebSocketConfiguration:
      Did not match:
         - @ConditionalOnClass did not find required class 'org.eclipse.jetty.websocket.jsr356.server.deploy.WebSocketServerContainerInitializer' (OnClassCondition)

   WebSocketServletAutoConfiguration.UndertowWebSocketConfiguration:
      Did not match:
         - @ConditionalOnClass did not find required class 'io.undertow.websockets.jsr.Bootstrap' (OnClassCondition)

   WritableEnvironmentEndpointAutoConfiguration:
      Did not match:
         - @ConditionalOnClass did not find required class 'org.springframework.boot.actuate.autoconfigure.env.EnvironmentEndpointProperties' (OnClassCondition)

   XADataSourceAutoConfiguration:
      Did not match:
         - @ConditionalOnClass did not find required class 'javax.transaction.TransactionManager' (OnClassCondition)


Exclusions:
-----------

    None


Unconditional classes:
----------------------

    org.springframework.boot.autoconfigure.context.ConfigurationPropertiesAutoConfiguration

    org.springframework.boot.autoconfigure.context.LifecycleAutoConfiguration

    org.springframework.boot.autoconfigure.context.PropertyPlaceholderAutoConfiguration

    org.springframework.cloud.autoconfigure.LifecycleMvcEndpointAutoConfiguration

    org.springframework.boot.autoconfigure.availability.ApplicationAvailabilityAutoConfiguration

    org.springframework.boot.autoconfigure.info.ProjectInfoAutoConfiguration



2025-04-20 14:45:01,870 DEBUG [main][PropertySourcesPropertyResolver.java:115] - Found key 'spring.liveBeansView.mbeanDomain' in PropertySource 'systemProperties' with value of type String
2025-04-20 14:45:01,870 DEBUG [main][PropertySourcesPropertyResolver.java:115] - Found key 'spring.liveBeansView.mbeanDomain' in PropertySource 'systemProperties' with value of type String
2025-04-20 14:45:01,873 INFO [main][StartupInfoLogger.java:61] - Started ContentApplication in 6.311 seconds (JVM running for 7.57)
2025-04-20 14:45:01,873 INFO [main][StartupInfoLogger.java:61] - Started ContentApplication in 6.311 seconds (JVM running for 7.57)
2025-04-20 14:45:02,437 DEBUG [RMI TCP Connection(4)-192.168.1.129][PropertySourcesPropertyResolver.java:115] - Found key 'local.server.port' in PropertySource 'server.ports' with value of type Integer
2025-04-20 14:45:02,437 DEBUG [RMI TCP Connection(4)-192.168.1.129][PropertySourcesPropertyResolver.java:115] - Found key 'local.server.port' in PropertySource 'server.ports' with value of type Integer
2025-04-20 14:45:02,442 DEBUG [RMI TCP Connection(4)-192.168.1.129][PropertySourcesPropertyResolver.java:115] - Found key 'server.servlet.context-path' in PropertySource 'configurationProperties' with value of type String
2025-04-20 14:45:02,442 DEBUG [RMI TCP Connection(4)-192.168.1.129][PropertySourcesPropertyResolver.java:115] - Found key 'server.servlet.context-path' in PropertySource 'configurationProperties' with value of type String
2025-04-20 14:45:05,535 DEBUG [HikariPool-1 housekeeper][HikariPool.java:421] - HikariPool-1 - Pool stats (total=10, active=0, idle=10, waiting=0)
2025-04-20 14:45:05,535 DEBUG [HikariPool-1 housekeeper][HikariPool.java:421] - HikariPool-1 - Pool stats (total=10, active=0, idle=10, waiting=0)
2025-04-20 14:45:05,535 DEBUG [HikariPool-1 housekeeper][HikariPool.java:517] - HikariPool-1 - Fill pool skipped, pool is at sufficient level.
2025-04-20 14:45:05,535 DEBUG [HikariPool-1 housekeeper][HikariPool.java:517] - HikariPool-1 - Fill pool skipped, pool is at sufficient level.
2025-04-20 14:45:07,914 INFO [http-nio-63040-exec-1][DirectJDKLog.java:173] - Initializing Spring DispatcherServlet 'dispatcherServlet'
2025-04-20 14:45:07,914 INFO [http-nio-63040-exec-1][DirectJDKLog.java:173] - Initializing Spring DispatcherServlet 'dispatcherServlet'
2025-04-20 14:45:07,914 INFO [http-nio-63040-exec-1][FrameworkServlet.java:525] - Initializing Servlet 'dispatcherServlet'
2025-04-20 14:45:07,914 INFO [http-nio-63040-exec-1][FrameworkServlet.java:525] - Initializing Servlet 'dispatcherServlet'
2025-04-20 14:45:07,914 DEBUG [http-nio-63040-exec-1][DispatcherServlet.java:526] - Detected StandardServletMultipartResolver
2025-04-20 14:45:07,914 DEBUG [http-nio-63040-exec-1][DispatcherServlet.java:526] - Detected StandardServletMultipartResolver
2025-04-20 14:45:07,924 DEBUG [http-nio-63040-exec-1][FrameworkServlet.java:542] - enableLoggingRequestDetails='false': request parameters and headers will be masked to prevent unsafe logging of potentially sensitive data
2025-04-20 14:45:07,924 DEBUG [http-nio-63040-exec-1][FrameworkServlet.java:542] - enableLoggingRequestDetails='false': request parameters and headers will be masked to prevent unsafe logging of potentially sensitive data
2025-04-20 14:45:07,924 INFO [http-nio-63040-exec-1][FrameworkServlet.java:547] - Completed initialization in 10 ms
2025-04-20 14:45:07,924 INFO [http-nio-63040-exec-1][FrameworkServlet.java:547] - Completed initialization in 10 ms
2025-04-20 14:45:07,943 DEBUG [http-nio-63040-exec-1][LogFormatUtils.java:91] - DELETE "/content/teachplan/43", parameters={}
2025-04-20 14:45:07,943 DEBUG [http-nio-63040-exec-1][LogFormatUtils.java:91] - DELETE "/content/teachplan/43", parameters={}
2025-04-20 14:45:07,959 DEBUG [http-nio-63040-exec-1][AbstractHandlerMapping.java:415] - Mapped to ResourceHttpRequestHandler ["classpath:/META-INF/resources/", "classpath:/resources/", "classpath:/static/", "classpath:/public/", "/"]
2025-04-20 14:45:07,959 DEBUG [http-nio-63040-exec-1][AbstractHandlerMapping.java:415] - Mapped to ResourceHttpRequestHandler ["classpath:/META-INF/resources/", "classpath:/resources/", "classpath:/static/", "classpath:/public/", "/"]
2025-04-20 14:45:07,961 DEBUG [http-nio-63040-exec-1][ResourceHttpRequestHandler.java:487] - Resource not found
2025-04-20 14:45:07,961 DEBUG [http-nio-63040-exec-1][ResourceHttpRequestHandler.java:487] - Resource not found
2025-04-20 14:45:07,961 DEBUG [http-nio-63040-exec-1][FrameworkServlet.java:1131] - Completed 404 NOT_FOUND
2025-04-20 14:45:07,961 DEBUG [http-nio-63040-exec-1][FrameworkServlet.java:1131] - Completed 404 NOT_FOUND
2025-04-20 14:45:07,976 DEBUG [http-nio-63040-exec-1][LogFormatUtils.java:91] - "ERROR" dispatch for DELETE "/content/error", parameters={}
2025-04-20 14:45:07,976 DEBUG [http-nio-63040-exec-1][LogFormatUtils.java:91] - "ERROR" dispatch for DELETE "/content/error", parameters={}
2025-04-20 14:45:07,978 DEBUG [http-nio-63040-exec-1][AbstractHandlerMapping.java:415] - Mapped to org.springframework.boot.autoconfigure.web.servlet.error.BasicErrorController#error(HttpServletRequest)
2025-04-20 14:45:07,978 DEBUG [http-nio-63040-exec-1][AbstractHandlerMapping.java:415] - Mapped to org.springframework.boot.autoconfigure.web.servlet.error.BasicErrorController#error(HttpServletRequest)
2025-04-20 14:45:08,055 DEBUG [http-nio-63040-exec-1][AbstractMessageConverterMethodProcessor.java:255] - Using 'application/json', given [*/*] and supported [application/json, application/*+json, application/json, application/*+json]
2025-04-20 14:45:08,055 DEBUG [http-nio-63040-exec-1][AbstractMessageConverterMethodProcessor.java:255] - Using 'application/json', given [*/*] and supported [application/json, application/*+json, application/json, application/*+json]
2025-04-20 14:45:08,057 DEBUG [http-nio-63040-exec-1][LogFormatUtils.java:91] - Writing [{timestamp=Sun Apr 20 14:45:07 CST 2025, status=404, error=Not Found, message=, path=/content/teachp (truncated)...]
2025-04-20 14:45:08,057 DEBUG [http-nio-63040-exec-1][LogFormatUtils.java:91] - Writing [{timestamp=Sun Apr 20 14:45:07 CST 2025, status=404, error=Not Found, message=, path=/content/teachp (truncated)...]
2025-04-20 14:45:08,139 DEBUG [http-nio-63040-exec-1][FrameworkServlet.java:1127] - Exiting from "ERROR" dispatch, status 404
2025-04-20 14:45:08,139 DEBUG [http-nio-63040-exec-1][FrameworkServlet.java:1127] - Exiting from "ERROR" dispatch, status 404
2025-04-20 14:45:35,545 DEBUG [HikariPool-1 housekeeper][HikariPool.java:421] - HikariPool-1 - Pool stats (total=10, active=0, idle=10, waiting=0)
2025-04-20 14:45:35,545 DEBUG [HikariPool-1 housekeeper][HikariPool.java:421] - HikariPool-1 - Pool stats (total=10, active=0, idle=10, waiting=0)
2025-04-20 14:45:35,545 DEBUG [HikariPool-1 housekeeper][HikariPool.java:517] - HikariPool-1 - Fill pool skipped, pool is at sufficient level.
2025-04-20 14:45:35,545 DEBUG [HikariPool-1 housekeeper][HikariPool.java:517] - HikariPool-1 - Fill pool skipped, pool is at sufficient level.
2025-04-20 14:46:05,552 DEBUG [HikariPool-1 housekeeper][HikariPool.java:421] - HikariPool-1 - Pool stats (total=10, active=0, idle=10, waiting=0)
2025-04-20 14:46:05,552 DEBUG [HikariPool-1 housekeeper][HikariPool.java:517] - HikariPool-1 - Fill pool skipped, pool is at sufficient level.
2025-04-20 14:46:05,552 DEBUG [HikariPool-1 housekeeper][HikariPool.java:421] - HikariPool-1 - Pool stats (total=10, active=0, idle=10, waiting=0)
2025-04-20 14:46:05,552 DEBUG [HikariPool-1 housekeeper][HikariPool.java:517] - HikariPool-1 - Fill pool skipped, pool is at sufficient level.
2025-04-20 14:46:35,552 DEBUG [HikariPool-1 housekeeper][HikariPool.java:421] - HikariPool-1 - Pool stats (total=10, active=0, idle=10, waiting=0)
2025-04-20 14:46:35,552 DEBUG [HikariPool-1 housekeeper][HikariPool.java:517] - HikariPool-1 - Fill pool skipped, pool is at sufficient level.
2025-04-20 14:46:35,552 DEBUG [HikariPool-1 housekeeper][HikariPool.java:421] - HikariPool-1 - Pool stats (total=10, active=0, idle=10, waiting=0)
2025-04-20 14:46:35,552 DEBUG [HikariPool-1 housekeeper][HikariPool.java:517] - HikariPool-1 - Fill pool skipped, pool is at sufficient level.
2025-04-20 14:47:05,568 DEBUG [HikariPool-1 housekeeper][HikariPool.java:421] - HikariPool-1 - Pool stats (total=10, active=0, idle=10, waiting=0)
2025-04-20 14:47:05,568 DEBUG [HikariPool-1 housekeeper][HikariPool.java:421] - HikariPool-1 - Pool stats (total=10, active=0, idle=10, waiting=0)
2025-04-20 14:47:05,568 DEBUG [HikariPool-1 housekeeper][HikariPool.java:517] - HikariPool-1 - Fill pool skipped, pool is at sufficient level.
2025-04-20 14:47:05,568 DEBUG [HikariPool-1 housekeeper][HikariPool.java:517] - HikariPool-1 - Fill pool skipped, pool is at sufficient level.
2025-04-20 14:47:35,572 DEBUG [HikariPool-1 housekeeper][HikariPool.java:421] - HikariPool-1 - Pool stats (total=10, active=0, idle=10, waiting=0)
2025-04-20 14:47:35,572 DEBUG [HikariPool-1 housekeeper][HikariPool.java:517] - HikariPool-1 - Fill pool skipped, pool is at sufficient level.
2025-04-20 14:47:35,572 DEBUG [HikariPool-1 housekeeper][HikariPool.java:421] - HikariPool-1 - Pool stats (total=10, active=0, idle=10, waiting=0)
2025-04-20 14:47:35,572 DEBUG [HikariPool-1 housekeeper][HikariPool.java:517] - HikariPool-1 - Fill pool skipped, pool is at sufficient level.
2025-04-20 14:48:05,586 DEBUG [HikariPool-1 housekeeper][HikariPool.java:421] - HikariPool-1 - Pool stats (total=10, active=0, idle=10, waiting=0)
2025-04-20 14:48:05,586 DEBUG [HikariPool-1 housekeeper][HikariPool.java:517] - HikariPool-1 - Fill pool skipped, pool is at sufficient level.
2025-04-20 14:48:05,586 DEBUG [HikariPool-1 housekeeper][HikariPool.java:421] - HikariPool-1 - Pool stats (total=10, active=0, idle=10, waiting=0)
2025-04-20 14:48:05,586 DEBUG [HikariPool-1 housekeeper][HikariPool.java:517] - HikariPool-1 - Fill pool skipped, pool is at sufficient level.
2025-04-20 14:48:35,599 DEBUG [HikariPool-1 housekeeper][HikariPool.java:421] - HikariPool-1 - Pool stats (total=10, active=0, idle=10, waiting=0)
2025-04-20 14:48:35,599 DEBUG [HikariPool-1 housekeeper][HikariPool.java:421] - HikariPool-1 - Pool stats (total=10, active=0, idle=10, waiting=0)
2025-04-20 14:48:35,599 DEBUG [HikariPool-1 housekeeper][HikariPool.java:517] - HikariPool-1 - Fill pool skipped, pool is at sufficient level.
2025-04-20 14:48:35,599 DEBUG [HikariPool-1 housekeeper][HikariPool.java:517] - HikariPool-1 - Fill pool skipped, pool is at sufficient level.
2025-04-20 14:49:05,607 DEBUG [HikariPool-1 housekeeper][HikariPool.java:421] - HikariPool-1 - Pool stats (total=10, active=0, idle=10, waiting=0)
2025-04-20 14:49:05,607 DEBUG [HikariPool-1 housekeeper][HikariPool.java:421] - HikariPool-1 - Pool stats (total=10, active=0, idle=10, waiting=0)
2025-04-20 14:49:05,607 DEBUG [HikariPool-1 housekeeper][HikariPool.java:517] - HikariPool-1 - Fill pool skipped, pool is at sufficient level.
2025-04-20 14:49:05,607 DEBUG [HikariPool-1 housekeeper][HikariPool.java:517] - HikariPool-1 - Fill pool skipped, pool is at sufficient level.
2025-04-20 14:49:35,623 DEBUG [HikariPool-1 housekeeper][HikariPool.java:421] - HikariPool-1 - Pool stats (total=10, active=0, idle=10, waiting=0)
2025-04-20 14:49:35,623 DEBUG [HikariPool-1 housekeeper][HikariPool.java:517] - HikariPool-1 - Fill pool skipped, pool is at sufficient level.
2025-04-20 14:49:35,623 DEBUG [HikariPool-1 housekeeper][HikariPool.java:421] - HikariPool-1 - Pool stats (total=10, active=0, idle=10, waiting=0)
2025-04-20 14:49:35,623 DEBUG [HikariPool-1 housekeeper][HikariPool.java:517] - HikariPool-1 - Fill pool skipped, pool is at sufficient level.
2025-04-20 14:50:05,634 DEBUG [HikariPool-1 housekeeper][HikariPool.java:421] - HikariPool-1 - Pool stats (total=10, active=0, idle=10, waiting=0)
2025-04-20 14:50:05,634 DEBUG [HikariPool-1 housekeeper][HikariPool.java:421] - HikariPool-1 - Pool stats (total=10, active=0, idle=10, waiting=0)
2025-04-20 14:50:05,634 DEBUG [HikariPool-1 housekeeper][HikariPool.java:517] - HikariPool-1 - Fill pool skipped, pool is at sufficient level.
2025-04-20 14:50:05,634 DEBUG [HikariPool-1 housekeeper][HikariPool.java:517] - HikariPool-1 - Fill pool skipped, pool is at sufficient level.
2025-04-20 14:50:35,635 DEBUG [HikariPool-1 housekeeper][HikariPool.java:421] - HikariPool-1 - Pool stats (total=10, active=0, idle=10, waiting=0)
2025-04-20 14:50:35,635 DEBUG [HikariPool-1 housekeeper][HikariPool.java:421] - HikariPool-1 - Pool stats (total=10, active=0, idle=10, waiting=0)
2025-04-20 14:50:35,635 DEBUG [HikariPool-1 housekeeper][HikariPool.java:517] - HikariPool-1 - Fill pool skipped, pool is at sufficient level.
2025-04-20 14:50:35,635 DEBUG [HikariPool-1 housekeeper][HikariPool.java:517] - HikariPool-1 - Fill pool skipped, pool is at sufficient level.
2025-04-20 14:51:05,646 DEBUG [HikariPool-1 housekeeper][HikariPool.java:421] - HikariPool-1 - Pool stats (total=10, active=0, idle=10, waiting=0)
2025-04-20 14:51:05,646 DEBUG [HikariPool-1 housekeeper][HikariPool.java:517] - HikariPool-1 - Fill pool skipped, pool is at sufficient level.
2025-04-20 14:51:05,646 DEBUG [HikariPool-1 housekeeper][HikariPool.java:421] - HikariPool-1 - Pool stats (total=10, active=0, idle=10, waiting=0)
2025-04-20 14:51:05,646 DEBUG [HikariPool-1 housekeeper][HikariPool.java:517] - HikariPool-1 - Fill pool skipped, pool is at sufficient level.
2025-04-20 14:51:24,314 INFO [SpringContextShutdownHook][ExecutorConfigurationSupport.java:218] - Shutting down ExecutorService 'taskScheduler'
2025-04-20 14:51:24,314 INFO [SpringContextShutdownHook][ExecutorConfigurationSupport.java:218] - Shutting down ExecutorService 'taskScheduler'
2025-04-20 14:51:24,315 INFO [SpringContextShutdownHook][ExecutorConfigurationSupport.java:218] - Shutting down ExecutorService 'applicationTaskExecutor'
2025-04-20 14:51:24,315 INFO [SpringContextShutdownHook][ExecutorConfigurationSupport.java:218] - Shutting down ExecutorService 'applicationTaskExecutor'
2025-04-20 14:51:24,318 INFO [SpringContextShutdownHook][HikariDataSource.java:350] - HikariPool-1 - Shutdown initiated...
2025-04-20 14:51:24,318 INFO [SpringContextShutdownHook][HikariDataSource.java:350] - HikariPool-1 - Shutdown initiated...
2025-04-20 14:51:24,318 DEBUG [SpringContextShutdownHook][HikariPool.java:421] - HikariPool-1 - Before shutdown stats (total=10, active=0, idle=10, waiting=0)
2025-04-20 14:51:24,318 DEBUG [SpringContextShutdownHook][HikariPool.java:421] - HikariPool-1 - Before shutdown stats (total=10, active=0, idle=10, waiting=0)
2025-04-20 14:51:24,318 DEBUG [HikariPool-1 connection closer][PoolBase.java:134] - HikariPool-1 - Closing connection com.mysql.cj.jdbc.ConnectionImpl@2c11fc0e: (connection evicted)
2025-04-20 14:51:24,318 DEBUG [HikariPool-1 connection closer][PoolBase.java:134] - HikariPool-1 - Closing connection com.mysql.cj.jdbc.ConnectionImpl@2c11fc0e: (connection evicted)
2025-04-20 14:51:24,319 DEBUG [HikariPool-1 connection closer][PoolBase.java:134] - HikariPool-1 - Closing connection com.mysql.cj.jdbc.ConnectionImpl@6d2cf635: (connection evicted)
2025-04-20 14:51:24,319 DEBUG [HikariPool-1 connection closer][PoolBase.java:134] - HikariPool-1 - Closing connection com.mysql.cj.jdbc.ConnectionImpl@6d2cf635: (connection evicted)
2025-04-20 14:51:24,319 DEBUG [HikariPool-1 connection closer][PoolBase.java:134] - HikariPool-1 - Closing connection com.mysql.cj.jdbc.ConnectionImpl@5c0bd8eb: (connection evicted)
2025-04-20 14:51:24,319 DEBUG [HikariPool-1 connection closer][PoolBase.java:134] - HikariPool-1 - Closing connection com.mysql.cj.jdbc.ConnectionImpl@5c0bd8eb: (connection evicted)
2025-04-20 14:51:24,320 DEBUG [HikariPool-1 connection closer][PoolBase.java:134] - HikariPool-1 - Closing connection com.mysql.cj.jdbc.ConnectionImpl@617fdaa0: (connection evicted)
2025-04-20 14:51:24,320 DEBUG [HikariPool-1 connection closer][PoolBase.java:134] - HikariPool-1 - Closing connection com.mysql.cj.jdbc.ConnectionImpl@617fdaa0: (connection evicted)
2025-04-20 14:51:24,321 DEBUG [HikariPool-1 connection closer][PoolBase.java:134] - HikariPool-1 - Closing connection com.mysql.cj.jdbc.ConnectionImpl@77c8de0a: (connection evicted)
2025-04-20 14:51:24,321 DEBUG [HikariPool-1 connection closer][PoolBase.java:134] - HikariPool-1 - Closing connection com.mysql.cj.jdbc.ConnectionImpl@77c8de0a: (connection evicted)
2025-04-20 14:51:24,322 DEBUG [HikariPool-1 connection closer][PoolBase.java:134] - HikariPool-1 - Closing connection com.mysql.cj.jdbc.ConnectionImpl@71ac95c9: (connection evicted)
2025-04-20 14:51:24,322 DEBUG [HikariPool-1 connection closer][PoolBase.java:134] - HikariPool-1 - Closing connection com.mysql.cj.jdbc.ConnectionImpl@71ac95c9: (connection evicted)
2025-04-20 14:51:24,322 DEBUG [HikariPool-1 connection closer][PoolBase.java:134] - HikariPool-1 - Closing connection com.mysql.cj.jdbc.ConnectionImpl@30919ff2: (connection evicted)
2025-04-20 14:51:24,322 DEBUG [HikariPool-1 connection closer][PoolBase.java:134] - HikariPool-1 - Closing connection com.mysql.cj.jdbc.ConnectionImpl@30919ff2: (connection evicted)
2025-04-20 14:51:24,323 DEBUG [HikariPool-1 connection closer][PoolBase.java:134] - HikariPool-1 - Closing connection com.mysql.cj.jdbc.ConnectionImpl@16bc9fb: (connection evicted)
2025-04-20 14:51:24,323 DEBUG [HikariPool-1 connection closer][PoolBase.java:134] - HikariPool-1 - Closing connection com.mysql.cj.jdbc.ConnectionImpl@16bc9fb: (connection evicted)
2025-04-20 14:51:24,324 DEBUG [HikariPool-1 connection closer][PoolBase.java:134] - HikariPool-1 - Closing connection com.mysql.cj.jdbc.ConnectionImpl@5547ceb0: (connection evicted)
2025-04-20 14:51:24,324 DEBUG [HikariPool-1 connection closer][PoolBase.java:134] - HikariPool-1 - Closing connection com.mysql.cj.jdbc.ConnectionImpl@5547ceb0: (connection evicted)
2025-04-20 14:51:24,325 DEBUG [HikariPool-1 connection closer][PoolBase.java:134] - HikariPool-1 - Closing connection com.mysql.cj.jdbc.ConnectionImpl@147ac48b: (connection evicted)
2025-04-20 14:51:24,325 DEBUG [HikariPool-1 connection closer][PoolBase.java:134] - HikariPool-1 - Closing connection com.mysql.cj.jdbc.ConnectionImpl@147ac48b: (connection evicted)
2025-04-20 14:51:24,325 DEBUG [SpringContextShutdownHook][HikariPool.java:421] - HikariPool-1 - After shutdown stats (total=0, active=0, idle=0, waiting=0)
2025-04-20 14:51:24,325 DEBUG [SpringContextShutdownHook][HikariPool.java:421] - HikariPool-1 - After shutdown stats (total=0, active=0, idle=0, waiting=0)
2025-04-20 14:51:24,325 INFO [SpringContextShutdownHook][HikariDataSource.java:352] - HikariPool-1 - Shutdown completed.
2025-04-20 14:51:24,325 INFO [SpringContextShutdownHook][HikariDataSource.java:352] - HikariPool-1 - Shutdown completed.
2025-04-20 14:51:28,849 DEBUG [SpringContextShutdownHook][AbstractApplicationContext.java:1006] - Closing org.springframework.boot.web.servlet.context.AnnotationConfigServletWebServerApplicationContext@5c42d2b7, started on Sun Apr 20 14:44:56 CST 2025, parent: org.springframework.context.annotation.AnnotationConfigApplicationContext@23202fce
2025-04-20 14:51:28,849 DEBUG [SpringContextShutdownHook][AbstractApplicationContext.java:1006] - Closing org.springframework.boot.web.servlet.context.AnnotationConfigServletWebServerApplicationContext@5c42d2b7, started on Sun Apr 20 14:44:56 CST 2025, parent: org.springframework.context.annotation.AnnotationConfigApplicationContext@23202fce
2025-04-20 14:51:28,851 DEBUG [SpringContextShutdownHook][DefaultLifecycleProcessor.java:369] - Stopping beans in phase 2147483647
2025-04-20 14:51:28,851 DEBUG [SpringContextShutdownHook][DefaultLifecycleProcessor.java:369] - Stopping beans in phase 2147483647
2025-04-20 14:51:28,851 DEBUG [SpringContextShutdownHook][DefaultLifecycleProcessor.java:242] - Bean 'documentationPluginsBootstrapper' completed its stop procedure
2025-04-20 14:51:28,851 DEBUG [SpringContextShutdownHook][DefaultLifecycleProcessor.java:242] - Bean 'documentationPluginsBootstrapper' completed its stop procedure
2025-04-20 14:51:28,853 DEBUG [SpringContextShutdownHook][DefaultLifecycleProcessor.java:242] - Bean 'webServerGracefulShutdown' completed its stop procedure
2025-04-20 14:51:28,853 DEBUG [SpringContextShutdownHook][DefaultLifecycleProcessor.java:242] - Bean 'webServerGracefulShutdown' completed its stop procedure
2025-04-20 14:51:28,853 DEBUG [SpringContextShutdownHook][DefaultLifecycleProcessor.java:369] - Stopping beans in phase 2147483646
2025-04-20 14:51:28,853 DEBUG [SpringContextShutdownHook][DefaultLifecycleProcessor.java:369] - Stopping beans in phase 2147483646
2025-04-20 14:51:28,928 DEBUG [SpringContextShutdownHook][DefaultLifecycleProcessor.java:242] - Bean 'webServerStartStop' completed its stop procedure
2025-04-20 14:51:28,928 DEBUG [SpringContextShutdownHook][DefaultLifecycleProcessor.java:242] - Bean 'webServerStartStop' completed its stop procedure
2025-04-20 14:51:28,929 DEBUG [SpringContextShutdownHook][MBeanExporter.java:452] - Unregistering JMX-exposed beans on shutdown
2025-04-20 14:51:28,929 DEBUG [SpringContextShutdownHook][MBeanExporter.java:452] - Unregistering JMX-exposed beans on shutdown
2025-04-20 14:51:28,930 DEBUG [SpringContextShutdownHook][MBeanRegistrationSupport.java:186] - Unregistering JMX-exposed beans
2025-04-20 14:51:28,930 DEBUG [SpringContextShutdownHook][MBeanRegistrationSupport.java:186] - Unregistering JMX-exposed beans
2025-04-20 14:51:28,930 INFO [SpringContextShutdownHook][ExecutorConfigurationSupport.java:218] - Shutting down ExecutorService 'applicationTaskExecutor'
2025-04-20 14:51:28,930 INFO [SpringContextShutdownHook][ExecutorConfigurationSupport.java:218] - Shutting down ExecutorService 'applicationTaskExecutor'
