2025-04-15 21:00:03,136 DEBUG [HikariPool-1 housekeeper][HikariPool.java:421] - HikariPool-1 - Pool stats (total=10, active=0, idle=10, waiting=0)
2025-04-15 21:00:03,136 DEBUG [HikariPool-1 housekeeper][HikariPool.java:421] - HikariPool-1 - Pool stats (total=10, active=0, idle=10, waiting=0)
2025-04-15 21:00:03,145 DEBUG [HikariPool-1 housekeeper][HikariPool.java:517] - HikariPool-1 - Fill pool skipped, pool is at sufficient level.
2025-04-15 21:00:03,145 DEBUG [HikariPool-1 housekeeper][HikariPool.java:517] - HikariPool-1 - Fill pool skipped, pool is at sufficient level.
2025-04-15 21:00:11,428 DEBUG [http-nio-63040-exec-4][LogFormatUtils.java:91] - POST "/content/course", parameters={}
2025-04-15 21:00:11,428 DEBUG [http-nio-63040-exec-4][LogFormatUtils.java:91] - POST "/content/course", parameters={}
2025-04-15 21:00:11,428 DEBUG [http-nio-63040-exec-4][AbstractHandlerMapping.java:415] - Mapped to com.xuecheng.content.api.CourseBaseInfoController#createCourseBase(AddCourseDto)
2025-04-15 21:00:11,428 DEBUG [http-nio-63040-exec-4][AbstractHandlerMapping.java:415] - Mapped to com.xuecheng.content.api.CourseBaseInfoController#createCourseBase(AddCourseDto)
2025-04-15 21:00:11,429 DEBUG [http-nio-63040-exec-4][LogFormatUtils.java:91] - Read "application/json;charset=UTF-8" to [AddCourseDto(name=java网络编程高级, users=初级人员, tags=tagstagstags, mt=1-1, st=1-1-1, grade=204001, teachmo (truncated)...]
2025-04-15 21:00:11,429 DEBUG [http-nio-63040-exec-4][LogFormatUtils.java:91] - Read "application/json;charset=UTF-8" to [AddCourseDto(name=java网络编程高级, users=初级人员, tags=tagstagstags, mt=1-1, st=1-1-1, grade=204001, teachmo (truncated)...]
2025-04-15 21:00:11,430 DEBUG [http-nio-63040-exec-4][AbstractPlatformTransactionManager.java:370] - Creating new transaction with name [com.xuecheng.content.service.impl.CourseBaseInfoServiceImpl.createCourseBase]: PROPAGATION_REQUIRED,ISOLATION_DEFAULT
2025-04-15 21:00:11,430 DEBUG [http-nio-63040-exec-4][AbstractPlatformTransactionManager.java:370] - Creating new transaction with name [com.xuecheng.content.service.impl.CourseBaseInfoServiceImpl.createCourseBase]: PROPAGATION_REQUIRED,ISOLATION_DEFAULT
2025-04-15 21:00:11,431 DEBUG [http-nio-63040-exec-4][DataSourceTransactionManager.java:263] - Acquired Connection [HikariProxyConnection@1570253804 wrapping com.mysql.cj.jdbc.ConnectionImpl@742f0ad9] for JDBC transaction
2025-04-15 21:00:11,431 DEBUG [http-nio-63040-exec-4][DataSourceTransactionManager.java:263] - Acquired Connection [HikariProxyConnection@1570253804 wrapping com.mysql.cj.jdbc.ConnectionImpl@742f0ad9] for JDBC transaction
2025-04-15 21:00:11,431 DEBUG [http-nio-63040-exec-4][DataSourceTransactionManager.java:281] - Switching JDBC Connection [HikariProxyConnection@1570253804 wrapping com.mysql.cj.jdbc.ConnectionImpl@742f0ad9] to manual commit
2025-04-15 21:00:11,431 DEBUG [http-nio-63040-exec-4][DataSourceTransactionManager.java:281] - Switching JDBC Connection [HikariProxyConnection@1570253804 wrapping com.mysql.cj.jdbc.ConnectionImpl@742f0ad9] to manual commit
2025-04-15 21:00:11,432 DEBUG [http-nio-63040-exec-4][Logger.java:49] - Creating a new SqlSession
2025-04-15 21:00:11,432 DEBUG [http-nio-63040-exec-4][Logger.java:49] - Creating a new SqlSession
2025-04-15 21:00:11,433 DEBUG [http-nio-63040-exec-4][Logger.java:49] - Registering transaction synchronization for SqlSession [org.apache.ibatis.session.defaults.DefaultSqlSession@27656a1f]
2025-04-15 21:00:11,433 DEBUG [http-nio-63040-exec-4][Logger.java:49] - Registering transaction synchronization for SqlSession [org.apache.ibatis.session.defaults.DefaultSqlSession@27656a1f]
2025-04-15 21:00:11,434 DEBUG [http-nio-63040-exec-4][Logger.java:49] - JDBC Connection [HikariProxyConnection@1570253804 wrapping com.mysql.cj.jdbc.ConnectionImpl@742f0ad9] will be managed by Spring
2025-04-15 21:00:11,434 DEBUG [http-nio-63040-exec-4][Logger.java:49] - JDBC Connection [HikariProxyConnection@1570253804 wrapping com.mysql.cj.jdbc.ConnectionImpl@742f0ad9] will be managed by Spring
2025-04-15 21:00:11,434 DEBUG [http-nio-63040-exec-4][BaseJdbcLogger.java:137] - ==>  Preparing: INSERT INTO course_base ( company_id, name, users, tags, mt, st, grade, teachmode, description, pic, create_date, change_date, audit_status, status ) VALUES ( ?, ?, ?, ?, ?, ?, ?, ?, ?, ?, ?, ?, ?, ? )
2025-04-15 21:00:11,434 DEBUG [http-nio-63040-exec-4][BaseJdbcLogger.java:137] - ==>  Preparing: INSERT INTO course_base ( company_id, name, users, tags, mt, st, grade, teachmode, description, pic, create_date, change_date, audit_status, status ) VALUES ( ?, ?, ?, ?, ?, ?, ?, ?, ?, ?, ?, ?, ?, ? )
2025-04-15 21:00:11,435 DEBUG [http-nio-63040-exec-4][BaseJdbcLogger.java:137] - ==> Parameters: 1232141425(Long), java网络编程高级(String), 初级人员(String), tagstagstags(String), 1-1(String), 1-1-1(String), 204001(String), 200002(String), java网络编程高级(String), (String), 2025-04-15T21:00:11.432(LocalDateTime), null, 202002(String), 203001(String)
2025-04-15 21:00:11,435 DEBUG [http-nio-63040-exec-4][BaseJdbcLogger.java:137] - ==> Parameters: 1232141425(Long), java网络编程高级(String), 初级人员(String), tagstagstags(String), 1-1(String), 1-1-1(String), 204001(String), 200002(String), java网络编程高级(String), (String), 2025-04-15T21:00:11.432(LocalDateTime), null, 202002(String), 203001(String)
2025-04-15 21:00:11,440 DEBUG [http-nio-63040-exec-4][BaseJdbcLogger.java:137] - <==    Updates: 1
2025-04-15 21:00:11,440 DEBUG [http-nio-63040-exec-4][BaseJdbcLogger.java:137] - <==    Updates: 1
2025-04-15 21:00:11,441 DEBUG [http-nio-63040-exec-4][Logger.java:49] - Releasing transactional SqlSession [org.apache.ibatis.session.defaults.DefaultSqlSession@27656a1f]
2025-04-15 21:00:11,441 DEBUG [http-nio-63040-exec-4][Logger.java:49] - Releasing transactional SqlSession [org.apache.ibatis.session.defaults.DefaultSqlSession@27656a1f]
2025-04-15 21:00:11,441 DEBUG [http-nio-63040-exec-4][Logger.java:49] - Transaction synchronization deregistering SqlSession [org.apache.ibatis.session.defaults.DefaultSqlSession@27656a1f]
2025-04-15 21:00:11,441 DEBUG [http-nio-63040-exec-4][Logger.java:49] - Transaction synchronization deregistering SqlSession [org.apache.ibatis.session.defaults.DefaultSqlSession@27656a1f]
2025-04-15 21:00:11,441 DEBUG [http-nio-63040-exec-4][Logger.java:49] - Transaction synchronization closing SqlSession [org.apache.ibatis.session.defaults.DefaultSqlSession@27656a1f]
2025-04-15 21:00:11,441 DEBUG [http-nio-63040-exec-4][Logger.java:49] - Transaction synchronization closing SqlSession [org.apache.ibatis.session.defaults.DefaultSqlSession@27656a1f]
2025-04-15 21:00:11,442 DEBUG [http-nio-63040-exec-4][AbstractPlatformTransactionManager.java:833] - Initiating transaction rollback
2025-04-15 21:00:11,442 DEBUG [http-nio-63040-exec-4][AbstractPlatformTransactionManager.java:833] - Initiating transaction rollback
2025-04-15 21:00:11,442 DEBUG [http-nio-63040-exec-4][DataSourceTransactionManager.java:341] - Rolling back JDBC transaction on Connection [HikariProxyConnection@1570253804 wrapping com.mysql.cj.jdbc.ConnectionImpl@742f0ad9]
2025-04-15 21:00:11,442 DEBUG [http-nio-63040-exec-4][DataSourceTransactionManager.java:341] - Rolling back JDBC transaction on Connection [HikariProxyConnection@1570253804 wrapping com.mysql.cj.jdbc.ConnectionImpl@742f0ad9]
2025-04-15 21:00:11,446 DEBUG [http-nio-63040-exec-4][DataSourceTransactionManager.java:385] - Releasing JDBC Connection [HikariProxyConnection@1570253804 wrapping com.mysql.cj.jdbc.ConnectionImpl@742f0ad9] after transaction
2025-04-15 21:00:11,446 DEBUG [http-nio-63040-exec-4][DataSourceTransactionManager.java:385] - Releasing JDBC Connection [HikariProxyConnection@1570253804 wrapping com.mysql.cj.jdbc.ConnectionImpl@742f0ad9] after transaction
2025-04-15 21:00:11,447 DEBUG [http-nio-63040-exec-4][FrameworkServlet.java:1101] - Failed to complete request: java.lang.RuntimeException: 课程价格不能为空且必须大于0
2025-04-15 21:00:11,447 DEBUG [http-nio-63040-exec-4][FrameworkServlet.java:1101] - Failed to complete request: java.lang.RuntimeException: 课程价格不能为空且必须大于0
2025-04-15 21:00:11,447 ERROR [http-nio-63040-exec-4][DirectJDKLog.java:175] - Servlet.service() for servlet [dispatcherServlet] in context with path [/content] threw exception [Request processing failed; nested exception is java.lang.RuntimeException: 课程价格不能为空且必须大于0] with root cause
java.lang.RuntimeException: 课程价格不能为空且必须大于0
	at com.xuecheng.content.service.impl.CourseBaseInfoServiceImpl.saveCourseMarket(CourseBaseInfoServiceImpl.java:158)
	at com.xuecheng.content.service.impl.CourseBaseInfoServiceImpl.createCourseBase(CourseBaseInfoServiceImpl.java:109)
	at com.xuecheng.content.service.impl.CourseBaseInfoServiceImpl$$FastClassBySpringCGLIB$$df94c48b.invoke(<generated>)
	at org.springframework.cglib.proxy.MethodProxy.invoke(MethodProxy.java:218)
	at org.springframework.aop.framework.CglibAopProxy$CglibMethodInvocation.invokeJoinpoint(CglibAopProxy.java:771)
	at org.springframework.aop.framework.ReflectiveMethodInvocation.proceed(ReflectiveMethodInvocation.java:163)
	at org.springframework.aop.framework.CglibAopProxy$CglibMethodInvocation.proceed(CglibAopProxy.java:749)
	at org.springframework.transaction.interceptor.TransactionAspectSupport.invokeWithinTransaction(TransactionAspectSupport.java:367)
	at org.springframework.transaction.interceptor.TransactionInterceptor.invoke(TransactionInterceptor.java:118)
	at org.springframework.aop.framework.ReflectiveMethodInvocation.proceed(ReflectiveMethodInvocation.java:186)
	at org.springframework.aop.framework.CglibAopProxy$CglibMethodInvocation.proceed(CglibAopProxy.java:749)
	at org.springframework.aop.framework.CglibAopProxy$DynamicAdvisedInterceptor.intercept(CglibAopProxy.java:691)
	at com.xuecheng.content.service.impl.CourseBaseInfoServiceImpl$$EnhancerBySpringCGLIB$$ec135f30.createCourseBase(<generated>)
	at com.xuecheng.content.api.CourseBaseInfoController.createCourseBase(CourseBaseInfoController.java:44)
	at sun.reflect.NativeMethodAccessorImpl.invoke0(Native Method)
	at sun.reflect.NativeMethodAccessorImpl.invoke(NativeMethodAccessorImpl.java:62)
	at sun.reflect.DelegatingMethodAccessorImpl.invoke(DelegatingMethodAccessorImpl.java:43)
	at java.lang.reflect.Method.invoke(Method.java:498)
	at org.springframework.web.method.support.InvocableHandlerMethod.doInvoke(InvocableHandlerMethod.java:190)
	at org.springframework.web.method.support.InvocableHandlerMethod.invokeForRequest(InvocableHandlerMethod.java:138)
	at org.springframework.web.servlet.mvc.method.annotation.ServletInvocableHandlerMethod.invokeAndHandle(ServletInvocableHandlerMethod.java:105)
	at org.springframework.web.servlet.mvc.method.annotation.RequestMappingHandlerAdapter.invokeHandlerMethod(RequestMappingHandlerAdapter.java:878)
	at org.springframework.web.servlet.mvc.method.annotation.RequestMappingHandlerAdapter.handleInternal(RequestMappingHandlerAdapter.java:792)
	at org.springframework.web.servlet.mvc.method.AbstractHandlerMethodAdapter.handle(AbstractHandlerMethodAdapter.java:87)
	at org.springframework.web.servlet.DispatcherServlet.doDispatch(DispatcherServlet.java:1040)
	at org.springframework.web.servlet.DispatcherServlet.doService(DispatcherServlet.java:943)
	at org.springframework.web.servlet.FrameworkServlet.processRequest(FrameworkServlet.java:1006)
	at org.springframework.web.servlet.FrameworkServlet.doPost(FrameworkServlet.java:909)
	at javax.servlet.http.HttpServlet.service(HttpServlet.java:652)
	at org.springframework.web.servlet.FrameworkServlet.service(FrameworkServlet.java:883)
	at javax.servlet.http.HttpServlet.service(HttpServlet.java:733)
	at org.apache.catalina.core.ApplicationFilterChain.internalDoFilter(ApplicationFilterChain.java:231)
	at org.apache.catalina.core.ApplicationFilterChain.doFilter(ApplicationFilterChain.java:166)
	at org.apache.tomcat.websocket.server.WsFilter.doFilter(WsFilter.java:53)
	at org.apache.catalina.core.ApplicationFilterChain.internalDoFilter(ApplicationFilterChain.java:193)
	at org.apache.catalina.core.ApplicationFilterChain.doFilter(ApplicationFilterChain.java:166)
	at org.springframework.web.filter.RequestContextFilter.doFilterInternal(RequestContextFilter.java:100)
	at org.springframework.web.filter.OncePerRequestFilter.doFilter(OncePerRequestFilter.java:119)
	at org.apache.catalina.core.ApplicationFilterChain.internalDoFilter(ApplicationFilterChain.java:193)
	at org.apache.catalina.core.ApplicationFilterChain.doFilter(ApplicationFilterChain.java:166)
	at org.springframework.web.filter.FormContentFilter.doFilterInternal(FormContentFilter.java:93)
	at org.springframework.web.filter.OncePerRequestFilter.doFilter(OncePerRequestFilter.java:119)
	at org.apache.catalina.core.ApplicationFilterChain.internalDoFilter(ApplicationFilterChain.java:193)
	at org.apache.catalina.core.ApplicationFilterChain.doFilter(ApplicationFilterChain.java:166)
	at org.springframework.web.filter.CharacterEncodingFilter.doFilterInternal(CharacterEncodingFilter.java:201)
	at org.springframework.web.filter.OncePerRequestFilter.doFilter(OncePerRequestFilter.java:119)
	at org.apache.catalina.core.ApplicationFilterChain.internalDoFilter(ApplicationFilterChain.java:193)
	at org.apache.catalina.core.ApplicationFilterChain.doFilter(ApplicationFilterChain.java:166)
	at org.apache.catalina.core.StandardWrapperValve.invoke(StandardWrapperValve.java:202)
	at org.apache.catalina.core.StandardContextValve.invoke(StandardContextValve.java:97)
	at org.apache.catalina.authenticator.AuthenticatorBase.invoke(AuthenticatorBase.java:542)
	at org.apache.catalina.core.StandardHostValve.invoke(StandardHostValve.java:143)
	at org.apache.catalina.valves.ErrorReportValve.invoke(ErrorReportValve.java:92)
	at org.apache.catalina.core.StandardEngineValve.invoke(StandardEngineValve.java:78)
	at org.apache.catalina.connector.CoyoteAdapter.service(CoyoteAdapter.java:343)
	at org.apache.coyote.http11.Http11Processor.service(Http11Processor.java:374)
	at org.apache.coyote.AbstractProcessorLight.process(AbstractProcessorLight.java:65)
	at org.apache.coyote.AbstractProtocol$ConnectionHandler.process(AbstractProtocol.java:888)
	at org.apache.tomcat.util.net.NioEndpoint$SocketProcessor.doRun(NioEndpoint.java:1597)
	at org.apache.tomcat.util.net.SocketProcessorBase.run(SocketProcessorBase.java:49)
	at java.util.concurrent.ThreadPoolExecutor.runWorker(ThreadPoolExecutor.java:1149)
	at java.util.concurrent.ThreadPoolExecutor$Worker.run(ThreadPoolExecutor.java:624)
	at org.apache.tomcat.util.threads.TaskThread$WrappingRunnable.run(TaskThread.java:61)
	at java.lang.Thread.run(Thread.java:750)
2025-04-15 21:00:11,449 DEBUG [http-nio-63040-exec-4][LogFormatUtils.java:91] - "ERROR" dispatch for POST "/content/error", parameters={}
2025-04-15 21:00:11,449 DEBUG [http-nio-63040-exec-4][AbstractHandlerMapping.java:415] - Mapped to org.springframework.boot.autoconfigure.web.servlet.error.BasicErrorController#error(HttpServletRequest)
2025-04-15 21:00:11,450 DEBUG [http-nio-63040-exec-4][AbstractMessageConverterMethodProcessor.java:255] - Using 'application/json', given [*/*] and supported [application/json, application/*+json, application/json, application/*+json]
2025-04-15 21:00:11,450 DEBUG [http-nio-63040-exec-4][LogFormatUtils.java:91] - Writing [{timestamp=Tue Apr 15 21:00:11 CST 2025, status=500, error=Internal Server Error, message=, path=/co (truncated)...]
2025-04-15 21:00:11,451 DEBUG [http-nio-63040-exec-4][FrameworkServlet.java:1127] - Exiting from "ERROR" dispatch, status 500
2025-04-15 21:00:11,447 ERROR [http-nio-63040-exec-4][DirectJDKLog.java:175] - Servlet.service() for servlet [dispatcherServlet] in context with path [/content] threw exception [Request processing failed; nested exception is java.lang.RuntimeException: 课程价格不能为空且必须大于0] with root cause
java.lang.RuntimeException: 课程价格不能为空且必须大于0
	at com.xuecheng.content.service.impl.CourseBaseInfoServiceImpl.saveCourseMarket(CourseBaseInfoServiceImpl.java:158)
	at com.xuecheng.content.service.impl.CourseBaseInfoServiceImpl.createCourseBase(CourseBaseInfoServiceImpl.java:109)
	at com.xuecheng.content.service.impl.CourseBaseInfoServiceImpl$$FastClassBySpringCGLIB$$df94c48b.invoke(<generated>)
	at org.springframework.cglib.proxy.MethodProxy.invoke(MethodProxy.java:218)
	at org.springframework.aop.framework.CglibAopProxy$CglibMethodInvocation.invokeJoinpoint(CglibAopProxy.java:771)
	at org.springframework.aop.framework.ReflectiveMethodInvocation.proceed(ReflectiveMethodInvocation.java:163)
	at org.springframework.aop.framework.CglibAopProxy$CglibMethodInvocation.proceed(CglibAopProxy.java:749)
	at org.springframework.transaction.interceptor.TransactionAspectSupport.invokeWithinTransaction(TransactionAspectSupport.java:367)
	at org.springframework.transaction.interceptor.TransactionInterceptor.invoke(TransactionInterceptor.java:118)
	at org.springframework.aop.framework.ReflectiveMethodInvocation.proceed(ReflectiveMethodInvocation.java:186)
	at org.springframework.aop.framework.CglibAopProxy$CglibMethodInvocation.proceed(CglibAopProxy.java:749)
	at org.springframework.aop.framework.CglibAopProxy$DynamicAdvisedInterceptor.intercept(CglibAopProxy.java:691)
	at com.xuecheng.content.service.impl.CourseBaseInfoServiceImpl$$EnhancerBySpringCGLIB$$ec135f30.createCourseBase(<generated>)
	at com.xuecheng.content.api.CourseBaseInfoController.createCourseBase(CourseBaseInfoController.java:44)
	at sun.reflect.NativeMethodAccessorImpl.invoke0(Native Method)
	at sun.reflect.NativeMethodAccessorImpl.invoke(NativeMethodAccessorImpl.java:62)
	at sun.reflect.DelegatingMethodAccessorImpl.invoke(DelegatingMethodAccessorImpl.java:43)
	at java.lang.reflect.Method.invoke(Method.java:498)
	at org.springframework.web.method.support.InvocableHandlerMethod.doInvoke(InvocableHandlerMethod.java:190)
	at org.springframework.web.method.support.InvocableHandlerMethod.invokeForRequest(InvocableHandlerMethod.java:138)
	at org.springframework.web.servlet.mvc.method.annotation.ServletInvocableHandlerMethod.invokeAndHandle(ServletInvocableHandlerMethod.java:105)
	at org.springframework.web.servlet.mvc.method.annotation.RequestMappingHandlerAdapter.invokeHandlerMethod(RequestMappingHandlerAdapter.java:878)
	at org.springframework.web.servlet.mvc.method.annotation.RequestMappingHandlerAdapter.handleInternal(RequestMappingHandlerAdapter.java:792)
	at org.springframework.web.servlet.mvc.method.AbstractHandlerMethodAdapter.handle(AbstractHandlerMethodAdapter.java:87)
	at org.springframework.web.servlet.DispatcherServlet.doDispatch(DispatcherServlet.java:1040)
	at org.springframework.web.servlet.DispatcherServlet.doService(DispatcherServlet.java:943)
	at org.springframework.web.servlet.FrameworkServlet.processRequest(FrameworkServlet.java:1006)
	at org.springframework.web.servlet.FrameworkServlet.doPost(FrameworkServlet.java:909)
	at javax.servlet.http.HttpServlet.service(HttpServlet.java:652)
	at org.springframework.web.servlet.FrameworkServlet.service(FrameworkServlet.java:883)
	at javax.servlet.http.HttpServlet.service(HttpServlet.java:733)
	at org.apache.catalina.core.ApplicationFilterChain.internalDoFilter(ApplicationFilterChain.java:231)
	at org.apache.catalina.core.ApplicationFilterChain.doFilter(ApplicationFilterChain.java:166)
	at org.apache.tomcat.websocket.server.WsFilter.doFilter(WsFilter.java:53)
	at org.apache.catalina.core.ApplicationFilterChain.internalDoFilter(ApplicationFilterChain.java:193)
	at org.apache.catalina.core.ApplicationFilterChain.doFilter(ApplicationFilterChain.java:166)
	at org.springframework.web.filter.RequestContextFilter.doFilterInternal(RequestContextFilter.java:100)
	at org.springframework.web.filter.OncePerRequestFilter.doFilter(OncePerRequestFilter.java:119)
	at org.apache.catalina.core.ApplicationFilterChain.internalDoFilter(ApplicationFilterChain.java:193)
	at org.apache.catalina.core.ApplicationFilterChain.doFilter(ApplicationFilterChain.java:166)
	at org.springframework.web.filter.FormContentFilter.doFilterInternal(FormContentFilter.java:93)
	at org.springframework.web.filter.OncePerRequestFilter.doFilter(OncePerRequestFilter.java:119)
	at org.apache.catalina.core.ApplicationFilterChain.internalDoFilter(ApplicationFilterChain.java:193)
	at org.apache.catalina.core.ApplicationFilterChain.doFilter(ApplicationFilterChain.java:166)
	at org.springframework.web.filter.CharacterEncodingFilter.doFilterInternal(CharacterEncodingFilter.java:201)
	at org.springframework.web.filter.OncePerRequestFilter.doFilter(OncePerRequestFilter.java:119)
	at org.apache.catalina.core.ApplicationFilterChain.internalDoFilter(ApplicationFilterChain.java:193)
	at org.apache.catalina.core.ApplicationFilterChain.doFilter(ApplicationFilterChain.java:166)
	at org.apache.catalina.core.StandardWrapperValve.invoke(StandardWrapperValve.java:202)
	at org.apache.catalina.core.StandardContextValve.invoke(StandardContextValve.java:97)
	at org.apache.catalina.authenticator.AuthenticatorBase.invoke(AuthenticatorBase.java:542)
	at org.apache.catalina.core.StandardHostValve.invoke(StandardHostValve.java:143)
	at org.apache.catalina.valves.ErrorReportValve.invoke(ErrorReportValve.java:92)
	at org.apache.catalina.core.StandardEngineValve.invoke(StandardEngineValve.java:78)
	at org.apache.catalina.connector.CoyoteAdapter.service(CoyoteAdapter.java:343)
	at org.apache.coyote.http11.Http11Processor.service(Http11Processor.java:374)
	at org.apache.coyote.AbstractProcessorLight.process(AbstractProcessorLight.java:65)
	at org.apache.coyote.AbstractProtocol$ConnectionHandler.process(AbstractProtocol.java:888)
	at org.apache.tomcat.util.net.NioEndpoint$SocketProcessor.doRun(NioEndpoint.java:1597)
	at org.apache.tomcat.util.net.SocketProcessorBase.run(SocketProcessorBase.java:49)
	at java.util.concurrent.ThreadPoolExecutor.runWorker(ThreadPoolExecutor.java:1149)
	at java.util.concurrent.ThreadPoolExecutor$Worker.run(ThreadPoolExecutor.java:624)
	at org.apache.tomcat.util.threads.TaskThread$WrappingRunnable.run(TaskThread.java:61)
	at java.lang.Thread.run(Thread.java:750)
2025-04-15 21:00:11,449 DEBUG [http-nio-63040-exec-4][LogFormatUtils.java:91] - "ERROR" dispatch for POST "/content/error", parameters={}
2025-04-15 21:00:11,449 DEBUG [http-nio-63040-exec-4][AbstractHandlerMapping.java:415] - Mapped to org.springframework.boot.autoconfigure.web.servlet.error.BasicErrorController#error(HttpServletRequest)
2025-04-15 21:00:11,450 DEBUG [http-nio-63040-exec-4][AbstractMessageConverterMethodProcessor.java:255] - Using 'application/json', given [*/*] and supported [application/json, application/*+json, application/json, application/*+json]
2025-04-15 21:00:11,450 DEBUG [http-nio-63040-exec-4][LogFormatUtils.java:91] - Writing [{timestamp=Tue Apr 15 21:00:11 CST 2025, status=500, error=Internal Server Error, message=, path=/co (truncated)...]
2025-04-15 21:00:11,451 DEBUG [http-nio-63040-exec-4][FrameworkServlet.java:1127] - Exiting from "ERROR" dispatch, status 500
2025-04-15 21:00:32,470 DEBUG [HikariPool-1 housekeeper][HikariPool.java:421] - HikariPool-1 - Pool stats (total=10, active=0, idle=10, waiting=0)
2025-04-15 21:00:32,470 DEBUG [HikariPool-1 housekeeper][HikariPool.java:421] - HikariPool-1 - Pool stats (total=10, active=0, idle=10, waiting=0)
2025-04-15 21:00:32,470 DEBUG [HikariPool-1 housekeeper][HikariPool.java:517] - HikariPool-1 - Fill pool skipped, pool is at sufficient level.
2025-04-15 21:00:32,470 DEBUG [HikariPool-1 housekeeper][HikariPool.java:517] - HikariPool-1 - Fill pool skipped, pool is at sufficient level.
2025-04-15 21:00:33,156 DEBUG [HikariPool-1 housekeeper][HikariPool.java:421] - HikariPool-1 - Pool stats (total=10, active=0, idle=10, waiting=0)
2025-04-15 21:00:33,156 DEBUG [HikariPool-1 housekeeper][HikariPool.java:421] - HikariPool-1 - Pool stats (total=10, active=0, idle=10, waiting=0)
2025-04-15 21:00:33,156 DEBUG [HikariPool-1 housekeeper][HikariPool.java:517] - HikariPool-1 - Fill pool skipped, pool is at sufficient level.
2025-04-15 21:00:33,156 DEBUG [HikariPool-1 housekeeper][HikariPool.java:517] - HikariPool-1 - Fill pool skipped, pool is at sufficient level.
2025-04-15 21:01:02,484 DEBUG [HikariPool-1 housekeeper][HikariPool.java:421] - HikariPool-1 - Pool stats (total=10, active=0, idle=10, waiting=0)
2025-04-15 21:01:02,484 DEBUG [HikariPool-1 housekeeper][HikariPool.java:421] - HikariPool-1 - Pool stats (total=10, active=0, idle=10, waiting=0)
2025-04-15 21:01:02,484 DEBUG [HikariPool-1 housekeeper][HikariPool.java:517] - HikariPool-1 - Fill pool skipped, pool is at sufficient level.
2025-04-15 21:01:02,484 DEBUG [HikariPool-1 housekeeper][HikariPool.java:517] - HikariPool-1 - Fill pool skipped, pool is at sufficient level.
2025-04-15 21:01:03,164 DEBUG [HikariPool-1 housekeeper][HikariPool.java:421] - HikariPool-1 - Pool stats (total=10, active=0, idle=10, waiting=0)
2025-04-15 21:01:03,164 DEBUG [HikariPool-1 housekeeper][HikariPool.java:517] - HikariPool-1 - Fill pool skipped, pool is at sufficient level.
2025-04-15 21:01:03,164 DEBUG [HikariPool-1 housekeeper][HikariPool.java:421] - HikariPool-1 - Pool stats (total=10, active=0, idle=10, waiting=0)
2025-04-15 21:01:03,164 DEBUG [HikariPool-1 housekeeper][HikariPool.java:517] - HikariPool-1 - Fill pool skipped, pool is at sufficient level.
2025-04-15 21:01:24,358 DEBUG [http-nio-63040-exec-5][LogFormatUtils.java:91] - POST "/content/course", parameters={}
2025-04-15 21:01:24,358 DEBUG [http-nio-63040-exec-5][LogFormatUtils.java:91] - POST "/content/course", parameters={}
2025-04-15 21:01:24,359 DEBUG [http-nio-63040-exec-5][AbstractHandlerMapping.java:415] - Mapped to com.xuecheng.content.api.CourseBaseInfoController#createCourseBase(AddCourseDto)
2025-04-15 21:01:24,359 DEBUG [http-nio-63040-exec-5][AbstractHandlerMapping.java:415] - Mapped to com.xuecheng.content.api.CourseBaseInfoController#createCourseBase(AddCourseDto)
2025-04-15 21:01:24,359 DEBUG [http-nio-63040-exec-5][LogFormatUtils.java:91] - Read "application/json;charset=UTF-8" to [AddCourseDto(name=java网络编程高级, users=初级人员, tags=tagstagstags, mt=1-1, st=1-1-1, grade=204001, teachmo (truncated)...]
2025-04-15 21:01:24,359 DEBUG [http-nio-63040-exec-5][LogFormatUtils.java:91] - Read "application/json;charset=UTF-8" to [AddCourseDto(name=java网络编程高级, users=初级人员, tags=tagstagstags, mt=1-1, st=1-1-1, grade=204001, teachmo (truncated)...]
2025-04-15 21:01:24,359 DEBUG [http-nio-63040-exec-5][AbstractPlatformTransactionManager.java:370] - Creating new transaction with name [com.xuecheng.content.service.impl.CourseBaseInfoServiceImpl.createCourseBase]: PROPAGATION_REQUIRED,ISOLATION_DEFAULT
2025-04-15 21:01:24,359 DEBUG [http-nio-63040-exec-5][AbstractPlatformTransactionManager.java:370] - Creating new transaction with name [com.xuecheng.content.service.impl.CourseBaseInfoServiceImpl.createCourseBase]: PROPAGATION_REQUIRED,ISOLATION_DEFAULT
2025-04-15 21:01:24,360 DEBUG [http-nio-63040-exec-5][DataSourceTransactionManager.java:263] - Acquired Connection [HikariProxyConnection@575206996 wrapping com.mysql.cj.jdbc.ConnectionImpl@742f0ad9] for JDBC transaction
2025-04-15 21:01:24,360 DEBUG [http-nio-63040-exec-5][DataSourceTransactionManager.java:263] - Acquired Connection [HikariProxyConnection@575206996 wrapping com.mysql.cj.jdbc.ConnectionImpl@742f0ad9] for JDBC transaction
2025-04-15 21:01:24,361 DEBUG [http-nio-63040-exec-5][DataSourceTransactionManager.java:281] - Switching JDBC Connection [HikariProxyConnection@575206996 wrapping com.mysql.cj.jdbc.ConnectionImpl@742f0ad9] to manual commit
2025-04-15 21:01:24,361 DEBUG [http-nio-63040-exec-5][DataSourceTransactionManager.java:281] - Switching JDBC Connection [HikariProxyConnection@575206996 wrapping com.mysql.cj.jdbc.ConnectionImpl@742f0ad9] to manual commit
2025-04-15 21:01:24,362 DEBUG [http-nio-63040-exec-5][Logger.java:49] - Creating a new SqlSession
2025-04-15 21:01:24,362 DEBUG [http-nio-63040-exec-5][Logger.java:49] - Creating a new SqlSession
2025-04-15 21:01:24,362 DEBUG [http-nio-63040-exec-5][Logger.java:49] - Registering transaction synchronization for SqlSession [org.apache.ibatis.session.defaults.DefaultSqlSession@ba34fa6]
2025-04-15 21:01:24,362 DEBUG [http-nio-63040-exec-5][Logger.java:49] - Registering transaction synchronization for SqlSession [org.apache.ibatis.session.defaults.DefaultSqlSession@ba34fa6]
2025-04-15 21:01:24,363 DEBUG [http-nio-63040-exec-5][Logger.java:49] - JDBC Connection [HikariProxyConnection@575206996 wrapping com.mysql.cj.jdbc.ConnectionImpl@742f0ad9] will be managed by Spring
2025-04-15 21:01:24,363 DEBUG [http-nio-63040-exec-5][Logger.java:49] - JDBC Connection [HikariProxyConnection@575206996 wrapping com.mysql.cj.jdbc.ConnectionImpl@742f0ad9] will be managed by Spring
2025-04-15 21:01:24,363 DEBUG [http-nio-63040-exec-5][BaseJdbcLogger.java:137] - ==>  Preparing: INSERT INTO course_base ( company_id, name, users, tags, mt, st, grade, teachmode, description, pic, create_date, change_date, audit_status, status ) VALUES ( ?, ?, ?, ?, ?, ?, ?, ?, ?, ?, ?, ?, ?, ? )
2025-04-15 21:01:24,363 DEBUG [http-nio-63040-exec-5][BaseJdbcLogger.java:137] - ==>  Preparing: INSERT INTO course_base ( company_id, name, users, tags, mt, st, grade, teachmode, description, pic, create_date, change_date, audit_status, status ) VALUES ( ?, ?, ?, ?, ?, ?, ?, ?, ?, ?, ?, ?, ?, ? )
2025-04-15 21:01:24,363 DEBUG [http-nio-63040-exec-5][BaseJdbcLogger.java:137] - ==> Parameters: 1232141425(Long), java网络编程高级(String), 初级人员(String), tagstagstags(String), 1-1(String), 1-1-1(String), 204001(String), 200002(String), java网络编程高级(String), (String), 2025-04-15T21:01:24.362(LocalDateTime), null, 202002(String), 203001(String)
2025-04-15 21:01:24,363 DEBUG [http-nio-63040-exec-5][BaseJdbcLogger.java:137] - ==> Parameters: 1232141425(Long), java网络编程高级(String), 初级人员(String), tagstagstags(String), 1-1(String), 1-1-1(String), 204001(String), 200002(String), java网络编程高级(String), (String), 2025-04-15T21:01:24.362(LocalDateTime), null, 202002(String), 203001(String)
2025-04-15 21:01:24,366 DEBUG [http-nio-63040-exec-5][BaseJdbcLogger.java:137] - <==    Updates: 1
2025-04-15 21:01:24,366 DEBUG [http-nio-63040-exec-5][BaseJdbcLogger.java:137] - <==    Updates: 1
2025-04-15 21:01:24,367 DEBUG [http-nio-63040-exec-5][Logger.java:49] - Releasing transactional SqlSession [org.apache.ibatis.session.defaults.DefaultSqlSession@ba34fa6]
2025-04-15 21:01:24,367 DEBUG [http-nio-63040-exec-5][Logger.java:49] - Releasing transactional SqlSession [org.apache.ibatis.session.defaults.DefaultSqlSession@ba34fa6]
2025-04-15 21:01:24,367 DEBUG [http-nio-63040-exec-5][Logger.java:49] - Transaction synchronization deregistering SqlSession [org.apache.ibatis.session.defaults.DefaultSqlSession@ba34fa6]
2025-04-15 21:01:24,367 DEBUG [http-nio-63040-exec-5][Logger.java:49] - Transaction synchronization deregistering SqlSession [org.apache.ibatis.session.defaults.DefaultSqlSession@ba34fa6]
2025-04-15 21:01:24,367 DEBUG [http-nio-63040-exec-5][Logger.java:49] - Transaction synchronization closing SqlSession [org.apache.ibatis.session.defaults.DefaultSqlSession@ba34fa6]
2025-04-15 21:01:24,367 DEBUG [http-nio-63040-exec-5][Logger.java:49] - Transaction synchronization closing SqlSession [org.apache.ibatis.session.defaults.DefaultSqlSession@ba34fa6]
2025-04-15 21:01:24,367 DEBUG [http-nio-63040-exec-5][AbstractPlatformTransactionManager.java:833] - Initiating transaction rollback
2025-04-15 21:01:24,367 DEBUG [http-nio-63040-exec-5][AbstractPlatformTransactionManager.java:833] - Initiating transaction rollback
2025-04-15 21:01:24,367 DEBUG [http-nio-63040-exec-5][DataSourceTransactionManager.java:341] - Rolling back JDBC transaction on Connection [HikariProxyConnection@575206996 wrapping com.mysql.cj.jdbc.ConnectionImpl@742f0ad9]
2025-04-15 21:01:24,367 DEBUG [http-nio-63040-exec-5][DataSourceTransactionManager.java:341] - Rolling back JDBC transaction on Connection [HikariProxyConnection@575206996 wrapping com.mysql.cj.jdbc.ConnectionImpl@742f0ad9]
2025-04-15 21:01:24,371 DEBUG [http-nio-63040-exec-5][DataSourceTransactionManager.java:385] - Releasing JDBC Connection [HikariProxyConnection@575206996 wrapping com.mysql.cj.jdbc.ConnectionImpl@742f0ad9] after transaction
2025-04-15 21:01:24,371 DEBUG [http-nio-63040-exec-5][DataSourceTransactionManager.java:385] - Releasing JDBC Connection [HikariProxyConnection@575206996 wrapping com.mysql.cj.jdbc.ConnectionImpl@742f0ad9] after transaction
2025-04-15 21:01:24,372 DEBUG [http-nio-63040-exec-5][FrameworkServlet.java:1101] - Failed to complete request: java.lang.RuntimeException: 课程价格不能为空且必须大于0
2025-04-15 21:01:24,372 DEBUG [http-nio-63040-exec-5][FrameworkServlet.java:1101] - Failed to complete request: java.lang.RuntimeException: 课程价格不能为空且必须大于0
2025-04-15 21:01:24,372 ERROR [http-nio-63040-exec-5][DirectJDKLog.java:175] - Servlet.service() for servlet [dispatcherServlet] in context with path [/content] threw exception [Request processing failed; nested exception is java.lang.RuntimeException: 课程价格不能为空且必须大于0] with root cause
java.lang.RuntimeException: 课程价格不能为空且必须大于0
	at com.xuecheng.content.service.impl.CourseBaseInfoServiceImpl.saveCourseMarket(CourseBaseInfoServiceImpl.java:158)
	at com.xuecheng.content.service.impl.CourseBaseInfoServiceImpl.createCourseBase(CourseBaseInfoServiceImpl.java:109)
	at com.xuecheng.content.service.impl.CourseBaseInfoServiceImpl$$FastClassBySpringCGLIB$$df94c48b.invoke(<generated>)
	at org.springframework.cglib.proxy.MethodProxy.invoke(MethodProxy.java:218)
	at org.springframework.aop.framework.CglibAopProxy$CglibMethodInvocation.invokeJoinpoint(CglibAopProxy.java:771)
	at org.springframework.aop.framework.ReflectiveMethodInvocation.proceed(ReflectiveMethodInvocation.java:163)
	at org.springframework.aop.framework.CglibAopProxy$CglibMethodInvocation.proceed(CglibAopProxy.java:749)
	at org.springframework.transaction.interceptor.TransactionAspectSupport.invokeWithinTransaction(TransactionAspectSupport.java:367)
	at org.springframework.transaction.interceptor.TransactionInterceptor.invoke(TransactionInterceptor.java:118)
	at org.springframework.aop.framework.ReflectiveMethodInvocation.proceed(ReflectiveMethodInvocation.java:186)
	at org.springframework.aop.framework.CglibAopProxy$CglibMethodInvocation.proceed(CglibAopProxy.java:749)
	at org.springframework.aop.framework.CglibAopProxy$DynamicAdvisedInterceptor.intercept(CglibAopProxy.java:691)
	at com.xuecheng.content.service.impl.CourseBaseInfoServiceImpl$$EnhancerBySpringCGLIB$$ec135f30.createCourseBase(<generated>)
	at com.xuecheng.content.api.CourseBaseInfoController.createCourseBase(CourseBaseInfoController.java:44)
	at sun.reflect.NativeMethodAccessorImpl.invoke0(Native Method)
	at sun.reflect.NativeMethodAccessorImpl.invoke(NativeMethodAccessorImpl.java:62)
	at sun.reflect.DelegatingMethodAccessorImpl.invoke(DelegatingMethodAccessorImpl.java:43)
	at java.lang.reflect.Method.invoke(Method.java:498)
	at org.springframework.web.method.support.InvocableHandlerMethod.doInvoke(InvocableHandlerMethod.java:190)
	at org.springframework.web.method.support.InvocableHandlerMethod.invokeForRequest(InvocableHandlerMethod.java:138)
	at org.springframework.web.servlet.mvc.method.annotation.ServletInvocableHandlerMethod.invokeAndHandle(ServletInvocableHandlerMethod.java:105)
	at org.springframework.web.servlet.mvc.method.annotation.RequestMappingHandlerAdapter.invokeHandlerMethod(RequestMappingHandlerAdapter.java:878)
	at org.springframework.web.servlet.mvc.method.annotation.RequestMappingHandlerAdapter.handleInternal(RequestMappingHandlerAdapter.java:792)
	at org.springframework.web.servlet.mvc.method.AbstractHandlerMethodAdapter.handle(AbstractHandlerMethodAdapter.java:87)
	at org.springframework.web.servlet.DispatcherServlet.doDispatch(DispatcherServlet.java:1040)
	at org.springframework.web.servlet.DispatcherServlet.doService(DispatcherServlet.java:943)
	at org.springframework.web.servlet.FrameworkServlet.processRequest(FrameworkServlet.java:1006)
	at org.springframework.web.servlet.FrameworkServlet.doPost(FrameworkServlet.java:909)
	at javax.servlet.http.HttpServlet.service(HttpServlet.java:652)
	at org.springframework.web.servlet.FrameworkServlet.service(FrameworkServlet.java:883)
	at javax.servlet.http.HttpServlet.service(HttpServlet.java:733)
	at org.apache.catalina.core.ApplicationFilterChain.internalDoFilter(ApplicationFilterChain.java:231)
	at org.apache.catalina.core.ApplicationFilterChain.doFilter(ApplicationFilterChain.java:166)
	at org.apache.tomcat.websocket.server.WsFilter.doFilter(WsFilter.java:53)
	at org.apache.catalina.core.ApplicationFilterChain.internalDoFilter(ApplicationFilterChain.java:193)
	at org.apache.catalina.core.ApplicationFilterChain.doFilter(ApplicationFilterChain.java:166)
	at org.springframework.web.filter.RequestContextFilter.doFilterInternal(RequestContextFilter.java:100)
	at org.springframework.web.filter.OncePerRequestFilter.doFilter(OncePerRequestFilter.java:119)
	at org.apache.catalina.core.ApplicationFilterChain.internalDoFilter(ApplicationFilterChain.java:193)
	at org.apache.catalina.core.ApplicationFilterChain.doFilter(ApplicationFilterChain.java:166)
	at org.springframework.web.filter.FormContentFilter.doFilterInternal(FormContentFilter.java:93)
	at org.springframework.web.filter.OncePerRequestFilter.doFilter(OncePerRequestFilter.java:119)
	at org.apache.catalina.core.ApplicationFilterChain.internalDoFilter(ApplicationFilterChain.java:193)
	at org.apache.catalina.core.ApplicationFilterChain.doFilter(ApplicationFilterChain.java:166)
	at org.springframework.web.filter.CharacterEncodingFilter.doFilterInternal(CharacterEncodingFilter.java:201)
	at org.springframework.web.filter.OncePerRequestFilter.doFilter(OncePerRequestFilter.java:119)
	at org.apache.catalina.core.ApplicationFilterChain.internalDoFilter(ApplicationFilterChain.java:193)
	at org.apache.catalina.core.ApplicationFilterChain.doFilter(ApplicationFilterChain.java:166)
	at org.apache.catalina.core.StandardWrapperValve.invoke(StandardWrapperValve.java:202)
	at org.apache.catalina.core.StandardContextValve.invoke(StandardContextValve.java:97)
	at org.apache.catalina.authenticator.AuthenticatorBase.invoke(AuthenticatorBase.java:542)
	at org.apache.catalina.core.StandardHostValve.invoke(StandardHostValve.java:143)
	at org.apache.catalina.valves.ErrorReportValve.invoke(ErrorReportValve.java:92)
	at org.apache.catalina.core.StandardEngineValve.invoke(StandardEngineValve.java:78)
	at org.apache.catalina.connector.CoyoteAdapter.service(CoyoteAdapter.java:343)
	at org.apache.coyote.http11.Http11Processor.service(Http11Processor.java:374)
	at org.apache.coyote.AbstractProcessorLight.process(AbstractProcessorLight.java:65)
	at org.apache.coyote.AbstractProtocol$ConnectionHandler.process(AbstractProtocol.java:888)
	at org.apache.tomcat.util.net.NioEndpoint$SocketProcessor.doRun(NioEndpoint.java:1597)
	at org.apache.tomcat.util.net.SocketProcessorBase.run(SocketProcessorBase.java:49)
	at java.util.concurrent.ThreadPoolExecutor.runWorker(ThreadPoolExecutor.java:1149)
	at java.util.concurrent.ThreadPoolExecutor$Worker.run(ThreadPoolExecutor.java:624)
	at org.apache.tomcat.util.threads.TaskThread$WrappingRunnable.run(TaskThread.java:61)
	at java.lang.Thread.run(Thread.java:750)
2025-04-15 21:01:24,372 ERROR [http-nio-63040-exec-5][DirectJDKLog.java:175] - Servlet.service() for servlet [dispatcherServlet] in context with path [/content] threw exception [Request processing failed; nested exception is java.lang.RuntimeException: 课程价格不能为空且必须大于0] with root cause
java.lang.RuntimeException: 课程价格不能为空且必须大于0
	at com.xuecheng.content.service.impl.CourseBaseInfoServiceImpl.saveCourseMarket(CourseBaseInfoServiceImpl.java:158)
	at com.xuecheng.content.service.impl.CourseBaseInfoServiceImpl.createCourseBase(CourseBaseInfoServiceImpl.java:109)
	at com.xuecheng.content.service.impl.CourseBaseInfoServiceImpl$$FastClassBySpringCGLIB$$df94c48b.invoke(<generated>)
	at org.springframework.cglib.proxy.MethodProxy.invoke(MethodProxy.java:218)
	at org.springframework.aop.framework.CglibAopProxy$CglibMethodInvocation.invokeJoinpoint(CglibAopProxy.java:771)
	at org.springframework.aop.framework.ReflectiveMethodInvocation.proceed(ReflectiveMethodInvocation.java:163)
	at org.springframework.aop.framework.CglibAopProxy$CglibMethodInvocation.proceed(CglibAopProxy.java:749)
	at org.springframework.transaction.interceptor.TransactionAspectSupport.invokeWithinTransaction(TransactionAspectSupport.java:367)
	at org.springframework.transaction.interceptor.TransactionInterceptor.invoke(TransactionInterceptor.java:118)
	at org.springframework.aop.framework.ReflectiveMethodInvocation.proceed(ReflectiveMethodInvocation.java:186)
	at org.springframework.aop.framework.CglibAopProxy$CglibMethodInvocation.proceed(CglibAopProxy.java:749)
	at org.springframework.aop.framework.CglibAopProxy$DynamicAdvisedInterceptor.intercept(CglibAopProxy.java:691)
	at com.xuecheng.content.service.impl.CourseBaseInfoServiceImpl$$EnhancerBySpringCGLIB$$ec135f30.createCourseBase(<generated>)
	at com.xuecheng.content.api.CourseBaseInfoController.createCourseBase(CourseBaseInfoController.java:44)
	at sun.reflect.NativeMethodAccessorImpl.invoke0(Native Method)
	at sun.reflect.NativeMethodAccessorImpl.invoke(NativeMethodAccessorImpl.java:62)
	at sun.reflect.DelegatingMethodAccessorImpl.invoke(DelegatingMethodAccessorImpl.java:43)
	at java.lang.reflect.Method.invoke(Method.java:498)
	at org.springframework.web.method.support.InvocableHandlerMethod.doInvoke(InvocableHandlerMethod.java:190)
	at org.springframework.web.method.support.InvocableHandlerMethod.invokeForRequest(InvocableHandlerMethod.java:138)
	at org.springframework.web.servlet.mvc.method.annotation.ServletInvocableHandlerMethod.invokeAndHandle(ServletInvocableHandlerMethod.java:105)
	at org.springframework.web.servlet.mvc.method.annotation.RequestMappingHandlerAdapter.invokeHandlerMethod(RequestMappingHandlerAdapter.java:878)
	at org.springframework.web.servlet.mvc.method.annotation.RequestMappingHandlerAdapter.handleInternal(RequestMappingHandlerAdapter.java:792)
	at org.springframework.web.servlet.mvc.method.AbstractHandlerMethodAdapter.handle(AbstractHandlerMethodAdapter.java:87)
	at org.springframework.web.servlet.DispatcherServlet.doDispatch(DispatcherServlet.java:1040)
	at org.springframework.web.servlet.DispatcherServlet.doService(DispatcherServlet.java:943)
	at org.springframework.web.servlet.FrameworkServlet.processRequest(FrameworkServlet.java:1006)
	at org.springframework.web.servlet.FrameworkServlet.doPost(FrameworkServlet.java:909)
	at javax.servlet.http.HttpServlet.service(HttpServlet.java:652)
	at org.springframework.web.servlet.FrameworkServlet.service(FrameworkServlet.java:883)
	at javax.servlet.http.HttpServlet.service(HttpServlet.java:733)
	at org.apache.catalina.core.ApplicationFilterChain.internalDoFilter(ApplicationFilterChain.java:231)
	at org.apache.catalina.core.ApplicationFilterChain.doFilter(ApplicationFilterChain.java:166)
	at org.apache.tomcat.websocket.server.WsFilter.doFilter(WsFilter.java:53)
	at org.apache.catalina.core.ApplicationFilterChain.internalDoFilter(ApplicationFilterChain.java:193)
	at org.apache.catalina.core.ApplicationFilterChain.doFilter(ApplicationFilterChain.java:166)
	at org.springframework.web.filter.RequestContextFilter.doFilterInternal(RequestContextFilter.java:100)
	at org.springframework.web.filter.OncePerRequestFilter.doFilter(OncePerRequestFilter.java:119)
	at org.apache.catalina.core.ApplicationFilterChain.internalDoFilter(ApplicationFilterChain.java:193)
	at org.apache.catalina.core.ApplicationFilterChain.doFilter(ApplicationFilterChain.java:166)
	at org.springframework.web.filter.FormContentFilter.doFilterInternal(FormContentFilter.java:93)
	at org.springframework.web.filter.OncePerRequestFilter.doFilter(OncePerRequestFilter.java:119)
	at org.apache.catalina.core.ApplicationFilterChain.internalDoFilter(ApplicationFilterChain.java:193)
	at org.apache.catalina.core.ApplicationFilterChain.doFilter(ApplicationFilterChain.java:166)
	at org.springframework.web.filter.CharacterEncodingFilter.doFilterInternal(CharacterEncodingFilter.java:201)
	at org.springframework.web.filter.OncePerRequestFilter.doFilter(OncePerRequestFilter.java:119)
	at org.apache.catalina.core.ApplicationFilterChain.internalDoFilter(ApplicationFilterChain.java:193)
	at org.apache.catalina.core.ApplicationFilterChain.doFilter(ApplicationFilterChain.java:166)
	at org.apache.catalina.core.StandardWrapperValve.invoke(StandardWrapperValve.java:202)
	at org.apache.catalina.core.StandardContextValve.invoke(StandardContextValve.java:97)
	at org.apache.catalina.authenticator.AuthenticatorBase.invoke(AuthenticatorBase.java:542)
	at org.apache.catalina.core.StandardHostValve.invoke(StandardHostValve.java:143)
	at org.apache.catalina.valves.ErrorReportValve.invoke(ErrorReportValve.java:92)
	at org.apache.catalina.core.StandardEngineValve.invoke(StandardEngineValve.java:78)
	at org.apache.catalina.connector.CoyoteAdapter.service(CoyoteAdapter.java:343)
	at org.apache.coyote.http11.Http11Processor.service(Http11Processor.java:374)
	at org.apache.coyote.AbstractProcessorLight.process(AbstractProcessorLight.java:65)
	at org.apache.coyote.AbstractProtocol$ConnectionHandler.process(AbstractProtocol.java:888)
	at org.apache.tomcat.util.net.NioEndpoint$SocketProcessor.doRun(NioEndpoint.java:1597)
	at org.apache.tomcat.util.net.SocketProcessorBase.run(SocketProcessorBase.java:49)
	at java.util.concurrent.ThreadPoolExecutor.runWorker(ThreadPoolExecutor.java:1149)
	at java.util.concurrent.ThreadPoolExecutor$Worker.run(ThreadPoolExecutor.java:624)
	at org.apache.tomcat.util.threads.TaskThread$WrappingRunnable.run(TaskThread.java:61)
	at java.lang.Thread.run(Thread.java:750)
2025-04-15 21:01:24,373 DEBUG [http-nio-63040-exec-5][LogFormatUtils.java:91] - "ERROR" dispatch for POST "/content/error", parameters={}
2025-04-15 21:01:24,373 DEBUG [http-nio-63040-exec-5][LogFormatUtils.java:91] - "ERROR" dispatch for POST "/content/error", parameters={}
2025-04-15 21:01:24,374 DEBUG [http-nio-63040-exec-5][AbstractHandlerMapping.java:415] - Mapped to org.springframework.boot.autoconfigure.web.servlet.error.BasicErrorController#error(HttpServletRequest)
2025-04-15 21:01:24,374 DEBUG [http-nio-63040-exec-5][AbstractHandlerMapping.java:415] - Mapped to org.springframework.boot.autoconfigure.web.servlet.error.BasicErrorController#error(HttpServletRequest)
2025-04-15 21:01:24,375 DEBUG [http-nio-63040-exec-5][AbstractMessageConverterMethodProcessor.java:255] - Using 'application/json', given [*/*] and supported [application/json, application/*+json, application/json, application/*+json]
2025-04-15 21:01:24,375 DEBUG [http-nio-63040-exec-5][AbstractMessageConverterMethodProcessor.java:255] - Using 'application/json', given [*/*] and supported [application/json, application/*+json, application/json, application/*+json]
2025-04-15 21:01:24,376 DEBUG [http-nio-63040-exec-5][LogFormatUtils.java:91] - Writing [{timestamp=Tue Apr 15 21:01:24 CST 2025, status=500, error=Internal Server Error, message=, path=/co (truncated)...]
2025-04-15 21:01:24,376 DEBUG [http-nio-63040-exec-5][LogFormatUtils.java:91] - Writing [{timestamp=Tue Apr 15 21:01:24 CST 2025, status=500, error=Internal Server Error, message=, path=/co (truncated)...]
2025-04-15 21:01:24,377 DEBUG [http-nio-63040-exec-5][FrameworkServlet.java:1127] - Exiting from "ERROR" dispatch, status 500
2025-04-15 21:01:24,377 DEBUG [http-nio-63040-exec-5][FrameworkServlet.java:1127] - Exiting from "ERROR" dispatch, status 500
2025-04-15 21:01:32,486 DEBUG [HikariPool-1 housekeeper][HikariPool.java:421] - HikariPool-1 - Pool stats (total=10, active=0, idle=10, waiting=0)
2025-04-15 21:01:32,486 DEBUG [HikariPool-1 housekeeper][HikariPool.java:421] - HikariPool-1 - Pool stats (total=10, active=0, idle=10, waiting=0)
2025-04-15 21:01:32,486 DEBUG [HikariPool-1 housekeeper][HikariPool.java:517] - HikariPool-1 - Fill pool skipped, pool is at sufficient level.
2025-04-15 21:01:32,486 DEBUG [HikariPool-1 housekeeper][HikariPool.java:517] - HikariPool-1 - Fill pool skipped, pool is at sufficient level.
2025-04-15 21:01:33,175 DEBUG [HikariPool-1 housekeeper][HikariPool.java:421] - HikariPool-1 - Pool stats (total=10, active=0, idle=10, waiting=0)
2025-04-15 21:01:33,175 DEBUG [HikariPool-1 housekeeper][HikariPool.java:421] - HikariPool-1 - Pool stats (total=10, active=0, idle=10, waiting=0)
2025-04-15 21:01:33,175 DEBUG [HikariPool-1 housekeeper][HikariPool.java:517] - HikariPool-1 - Fill pool skipped, pool is at sufficient level.
2025-04-15 21:01:33,175 DEBUG [HikariPool-1 housekeeper][HikariPool.java:517] - HikariPool-1 - Fill pool skipped, pool is at sufficient level.
2025-04-15 21:02:02,495 DEBUG [HikariPool-1 housekeeper][HikariPool.java:421] - HikariPool-1 - Pool stats (total=10, active=0, idle=10, waiting=0)
2025-04-15 21:02:02,495 DEBUG [HikariPool-1 housekeeper][HikariPool.java:421] - HikariPool-1 - Pool stats (total=10, active=0, idle=10, waiting=0)
2025-04-15 21:02:02,495 DEBUG [HikariPool-1 housekeeper][HikariPool.java:517] - HikariPool-1 - Fill pool skipped, pool is at sufficient level.
2025-04-15 21:02:02,495 DEBUG [HikariPool-1 housekeeper][HikariPool.java:517] - HikariPool-1 - Fill pool skipped, pool is at sufficient level.
2025-04-15 21:02:03,181 DEBUG [HikariPool-1 housekeeper][HikariPool.java:421] - HikariPool-1 - Pool stats (total=10, active=0, idle=10, waiting=0)
2025-04-15 21:02:03,181 DEBUG [HikariPool-1 housekeeper][HikariPool.java:517] - HikariPool-1 - Fill pool skipped, pool is at sufficient level.
2025-04-15 21:02:03,181 DEBUG [HikariPool-1 housekeeper][HikariPool.java:421] - HikariPool-1 - Pool stats (total=10, active=0, idle=10, waiting=0)
2025-04-15 21:02:03,181 DEBUG [HikariPool-1 housekeeper][HikariPool.java:517] - HikariPool-1 - Fill pool skipped, pool is at sufficient level.
2025-04-15 21:02:32,499 DEBUG [HikariPool-1 housekeeper][HikariPool.java:421] - HikariPool-1 - Pool stats (total=10, active=0, idle=10, waiting=0)
2025-04-15 21:02:32,499 DEBUG [HikariPool-1 housekeeper][HikariPool.java:421] - HikariPool-1 - Pool stats (total=10, active=0, idle=10, waiting=0)
2025-04-15 21:02:32,499 DEBUG [HikariPool-1 housekeeper][HikariPool.java:517] - HikariPool-1 - Fill pool skipped, pool is at sufficient level.
2025-04-15 21:02:32,499 DEBUG [HikariPool-1 housekeeper][HikariPool.java:517] - HikariPool-1 - Fill pool skipped, pool is at sufficient level.
2025-04-15 21:02:33,182 DEBUG [HikariPool-1 housekeeper][HikariPool.java:421] - HikariPool-1 - Pool stats (total=10, active=0, idle=10, waiting=0)
2025-04-15 21:02:33,182 DEBUG [HikariPool-1 housekeeper][HikariPool.java:421] - HikariPool-1 - Pool stats (total=10, active=0, idle=10, waiting=0)
2025-04-15 21:02:33,183 DEBUG [HikariPool-1 housekeeper][HikariPool.java:517] - HikariPool-1 - Fill pool skipped, pool is at sufficient level.
2025-04-15 21:02:33,183 DEBUG [HikariPool-1 housekeeper][HikariPool.java:517] - HikariPool-1 - Fill pool skipped, pool is at sufficient level.
2025-04-15 21:03:02,499 DEBUG [HikariPool-1 housekeeper][HikariPool.java:421] - HikariPool-1 - Pool stats (total=10, active=0, idle=10, waiting=0)
2025-04-15 21:03:02,499 DEBUG [HikariPool-1 housekeeper][HikariPool.java:421] - HikariPool-1 - Pool stats (total=10, active=0, idle=10, waiting=0)
2025-04-15 21:03:02,499 DEBUG [HikariPool-1 housekeeper][HikariPool.java:517] - HikariPool-1 - Fill pool skipped, pool is at sufficient level.
2025-04-15 21:03:02,499 DEBUG [HikariPool-1 housekeeper][HikariPool.java:517] - HikariPool-1 - Fill pool skipped, pool is at sufficient level.
2025-04-15 21:03:03,196 DEBUG [HikariPool-1 housekeeper][HikariPool.java:421] - HikariPool-1 - Pool stats (total=10, active=0, idle=10, waiting=0)
2025-04-15 21:03:03,196 DEBUG [HikariPool-1 housekeeper][HikariPool.java:421] - HikariPool-1 - Pool stats (total=10, active=0, idle=10, waiting=0)
2025-04-15 21:03:03,196 DEBUG [HikariPool-1 housekeeper][HikariPool.java:517] - HikariPool-1 - Fill pool skipped, pool is at sufficient level.
2025-04-15 21:03:03,196 DEBUG [HikariPool-1 housekeeper][HikariPool.java:517] - HikariPool-1 - Fill pool skipped, pool is at sufficient level.
2025-04-15 21:03:25,158 DEBUG [http-nio-63040-exec-6][LogFormatUtils.java:91] - POST "/content/course", parameters={}
2025-04-15 21:03:25,158 DEBUG [http-nio-63040-exec-6][LogFormatUtils.java:91] - POST "/content/course", parameters={}
2025-04-15 21:03:25,159 DEBUG [http-nio-63040-exec-6][AbstractHandlerMapping.java:415] - Mapped to com.xuecheng.content.api.CourseBaseInfoController#createCourseBase(AddCourseDto)
2025-04-15 21:03:25,159 DEBUG [http-nio-63040-exec-6][AbstractHandlerMapping.java:415] - Mapped to com.xuecheng.content.api.CourseBaseInfoController#createCourseBase(AddCourseDto)
2025-04-15 21:03:25,160 DEBUG [http-nio-63040-exec-6][LogFormatUtils.java:91] - Read "application/json;charset=UTF-8" to [AddCourseDto(name=java网络编程高级, users=初级人员, tags=tagstagstags, mt=1-1, st=1-1-1, grade=204001, teachmo (truncated)...]
2025-04-15 21:03:25,160 DEBUG [http-nio-63040-exec-6][LogFormatUtils.java:91] - Read "application/json;charset=UTF-8" to [AddCourseDto(name=java网络编程高级, users=初级人员, tags=tagstagstags, mt=1-1, st=1-1-1, grade=204001, teachmo (truncated)...]
2025-04-15 21:03:25,160 DEBUG [http-nio-63040-exec-6][AbstractPlatformTransactionManager.java:370] - Creating new transaction with name [com.xuecheng.content.service.impl.CourseBaseInfoServiceImpl.createCourseBase]: PROPAGATION_REQUIRED,ISOLATION_DEFAULT
2025-04-15 21:03:25,160 DEBUG [http-nio-63040-exec-6][AbstractPlatformTransactionManager.java:370] - Creating new transaction with name [com.xuecheng.content.service.impl.CourseBaseInfoServiceImpl.createCourseBase]: PROPAGATION_REQUIRED,ISOLATION_DEFAULT
2025-04-15 21:03:25,161 DEBUG [http-nio-63040-exec-6][DataSourceTransactionManager.java:263] - Acquired Connection [HikariProxyConnection@1222718899 wrapping com.mysql.cj.jdbc.ConnectionImpl@742f0ad9] for JDBC transaction
2025-04-15 21:03:25,161 DEBUG [http-nio-63040-exec-6][DataSourceTransactionManager.java:263] - Acquired Connection [HikariProxyConnection@1222718899 wrapping com.mysql.cj.jdbc.ConnectionImpl@742f0ad9] for JDBC transaction
2025-04-15 21:03:25,161 DEBUG [http-nio-63040-exec-6][DataSourceTransactionManager.java:281] - Switching JDBC Connection [HikariProxyConnection@1222718899 wrapping com.mysql.cj.jdbc.ConnectionImpl@742f0ad9] to manual commit
2025-04-15 21:03:25,161 DEBUG [http-nio-63040-exec-6][DataSourceTransactionManager.java:281] - Switching JDBC Connection [HikariProxyConnection@1222718899 wrapping com.mysql.cj.jdbc.ConnectionImpl@742f0ad9] to manual commit
2025-04-15 21:03:25,162 DEBUG [http-nio-63040-exec-6][Logger.java:49] - Creating a new SqlSession
2025-04-15 21:03:25,162 DEBUG [http-nio-63040-exec-6][Logger.java:49] - Creating a new SqlSession
2025-04-15 21:03:25,163 DEBUG [http-nio-63040-exec-6][Logger.java:49] - Registering transaction synchronization for SqlSession [org.apache.ibatis.session.defaults.DefaultSqlSession@252a3452]
2025-04-15 21:03:25,163 DEBUG [http-nio-63040-exec-6][Logger.java:49] - Registering transaction synchronization for SqlSession [org.apache.ibatis.session.defaults.DefaultSqlSession@252a3452]
2025-04-15 21:03:25,164 DEBUG [http-nio-63040-exec-6][Logger.java:49] - JDBC Connection [HikariProxyConnection@1222718899 wrapping com.mysql.cj.jdbc.ConnectionImpl@742f0ad9] will be managed by Spring
2025-04-15 21:03:25,164 DEBUG [http-nio-63040-exec-6][Logger.java:49] - JDBC Connection [HikariProxyConnection@1222718899 wrapping com.mysql.cj.jdbc.ConnectionImpl@742f0ad9] will be managed by Spring
2025-04-15 21:03:25,164 DEBUG [http-nio-63040-exec-6][BaseJdbcLogger.java:137] - ==>  Preparing: INSERT INTO course_base ( company_id, name, users, tags, mt, st, grade, teachmode, description, pic, create_date, change_date, audit_status, status ) VALUES ( ?, ?, ?, ?, ?, ?, ?, ?, ?, ?, ?, ?, ?, ? )
2025-04-15 21:03:25,164 DEBUG [http-nio-63040-exec-6][BaseJdbcLogger.java:137] - ==>  Preparing: INSERT INTO course_base ( company_id, name, users, tags, mt, st, grade, teachmode, description, pic, create_date, change_date, audit_status, status ) VALUES ( ?, ?, ?, ?, ?, ?, ?, ?, ?, ?, ?, ?, ?, ? )
2025-04-15 21:03:25,166 DEBUG [http-nio-63040-exec-6][BaseJdbcLogger.java:137] - ==> Parameters: 1232141425(Long), java网络编程高级(String), 初级人员(String), tagstagstags(String), 1-1(String), 1-1-1(String), 204001(String), 200002(String), java网络编程高级(String), fdas(String), 2025-04-15T21:03:25.162(LocalDateTime), null, 202002(String), 203001(String)
2025-04-15 21:03:25,166 DEBUG [http-nio-63040-exec-6][BaseJdbcLogger.java:137] - ==> Parameters: 1232141425(Long), java网络编程高级(String), 初级人员(String), tagstagstags(String), 1-1(String), 1-1-1(String), 204001(String), 200002(String), java网络编程高级(String), fdas(String), 2025-04-15T21:03:25.162(LocalDateTime), null, 202002(String), 203001(String)
2025-04-15 21:03:25,170 DEBUG [http-nio-63040-exec-6][BaseJdbcLogger.java:137] - <==    Updates: 1
2025-04-15 21:03:25,170 DEBUG [http-nio-63040-exec-6][BaseJdbcLogger.java:137] - <==    Updates: 1
2025-04-15 21:03:25,171 DEBUG [http-nio-63040-exec-6][Logger.java:49] - Releasing transactional SqlSession [org.apache.ibatis.session.defaults.DefaultSqlSession@252a3452]
2025-04-15 21:03:25,171 DEBUG [http-nio-63040-exec-6][Logger.java:49] - Releasing transactional SqlSession [org.apache.ibatis.session.defaults.DefaultSqlSession@252a3452]
2025-04-15 21:03:25,171 DEBUG [http-nio-63040-exec-6][Logger.java:49] - Fetched SqlSession [org.apache.ibatis.session.defaults.DefaultSqlSession@252a3452] from current transaction
2025-04-15 21:03:25,171 DEBUG [http-nio-63040-exec-6][Logger.java:49] - Fetched SqlSession [org.apache.ibatis.session.defaults.DefaultSqlSession@252a3452] from current transaction
2025-04-15 21:03:25,172 DEBUG [http-nio-63040-exec-6][BaseJdbcLogger.java:137] - ==>  Preparing: SELECT id,charge,price,original_price,qq,wechat,phone,valid_days FROM course_market WHERE id=?
2025-04-15 21:03:25,172 DEBUG [http-nio-63040-exec-6][BaseJdbcLogger.java:137] - ==>  Preparing: SELECT id,charge,price,original_price,qq,wechat,phone,valid_days FROM course_market WHERE id=?
2025-04-15 21:03:25,172 DEBUG [http-nio-63040-exec-6][BaseJdbcLogger.java:137] - ==> Parameters: 127(Long)
2025-04-15 21:03:25,172 DEBUG [http-nio-63040-exec-6][BaseJdbcLogger.java:137] - ==> Parameters: 127(Long)
2025-04-15 21:03:25,175 DEBUG [http-nio-63040-exec-6][BaseJdbcLogger.java:137] - <==      Total: 0
2025-04-15 21:03:25,175 DEBUG [http-nio-63040-exec-6][BaseJdbcLogger.java:137] - <==      Total: 0
2025-04-15 21:03:25,175 DEBUG [http-nio-63040-exec-6][Logger.java:49] - Releasing transactional SqlSession [org.apache.ibatis.session.defaults.DefaultSqlSession@252a3452]
2025-04-15 21:03:25,175 DEBUG [http-nio-63040-exec-6][Logger.java:49] - Releasing transactional SqlSession [org.apache.ibatis.session.defaults.DefaultSqlSession@252a3452]
2025-04-15 21:03:25,175 DEBUG [http-nio-63040-exec-6][Logger.java:49] - Fetched SqlSession [org.apache.ibatis.session.defaults.DefaultSqlSession@252a3452] from current transaction
2025-04-15 21:03:25,175 DEBUG [http-nio-63040-exec-6][Logger.java:49] - Fetched SqlSession [org.apache.ibatis.session.defaults.DefaultSqlSession@252a3452] from current transaction
2025-04-15 21:03:25,178 DEBUG [http-nio-63040-exec-6][BaseJdbcLogger.java:137] - ==>  Preparing: INSERT INTO course_market ( id, charge, price, original_price, qq, wechat, phone, valid_days ) VALUES ( ?, ?, ?, ?, ?, ?, ?, ? )
2025-04-15 21:03:25,178 DEBUG [http-nio-63040-exec-6][BaseJdbcLogger.java:137] - ==>  Preparing: INSERT INTO course_market ( id, charge, price, original_price, qq, wechat, phone, valid_days ) VALUES ( ?, ?, ?, ?, ?, ?, ?, ? )
2025-04-15 21:03:25,179 DEBUG [http-nio-63040-exec-6][BaseJdbcLogger.java:137] - ==> Parameters: 127(Long), 201001(String), 10.0(Float), 100.0(Float), 22333(String), 223344(String), 13333333(String), 365(Integer)
2025-04-15 21:03:25,179 DEBUG [http-nio-63040-exec-6][BaseJdbcLogger.java:137] - ==> Parameters: 127(Long), 201001(String), 10.0(Float), 100.0(Float), 22333(String), 223344(String), 13333333(String), 365(Integer)
2025-04-15 21:03:25,182 DEBUG [http-nio-63040-exec-6][BaseJdbcLogger.java:137] - <==    Updates: 1
2025-04-15 21:03:25,182 DEBUG [http-nio-63040-exec-6][BaseJdbcLogger.java:137] - <==    Updates: 1
2025-04-15 21:03:25,183 DEBUG [http-nio-63040-exec-6][Logger.java:49] - Releasing transactional SqlSession [org.apache.ibatis.session.defaults.DefaultSqlSession@252a3452]
2025-04-15 21:03:25,183 DEBUG [http-nio-63040-exec-6][Logger.java:49] - Releasing transactional SqlSession [org.apache.ibatis.session.defaults.DefaultSqlSession@252a3452]
2025-04-15 21:03:25,183 DEBUG [http-nio-63040-exec-6][Logger.java:49] - Fetched SqlSession [org.apache.ibatis.session.defaults.DefaultSqlSession@252a3452] from current transaction
2025-04-15 21:03:25,183 DEBUG [http-nio-63040-exec-6][Logger.java:49] - Fetched SqlSession [org.apache.ibatis.session.defaults.DefaultSqlSession@252a3452] from current transaction
2025-04-15 21:03:25,184 DEBUG [http-nio-63040-exec-6][BaseJdbcLogger.java:137] - ==>  Preparing: SELECT id,company_id,company_name,name,users,tags,mt,st,grade,teachmode,description,pic,create_date,change_date,create_people,change_people,audit_status,status FROM course_base WHERE id=?
2025-04-15 21:03:25,184 DEBUG [http-nio-63040-exec-6][BaseJdbcLogger.java:137] - ==>  Preparing: SELECT id,company_id,company_name,name,users,tags,mt,st,grade,teachmode,description,pic,create_date,change_date,create_people,change_people,audit_status,status FROM course_base WHERE id=?
2025-04-15 21:03:25,184 DEBUG [http-nio-63040-exec-6][BaseJdbcLogger.java:137] - ==> Parameters: 127(Long)
2025-04-15 21:03:25,184 DEBUG [http-nio-63040-exec-6][BaseJdbcLogger.java:137] - ==> Parameters: 127(Long)
2025-04-15 21:03:25,188 DEBUG [http-nio-63040-exec-6][BaseJdbcLogger.java:137] - <==      Total: 1
2025-04-15 21:03:25,188 DEBUG [http-nio-63040-exec-6][BaseJdbcLogger.java:137] - <==      Total: 1
2025-04-15 21:03:25,188 DEBUG [http-nio-63040-exec-6][Logger.java:49] - Releasing transactional SqlSession [org.apache.ibatis.session.defaults.DefaultSqlSession@252a3452]
2025-04-15 21:03:25,188 DEBUG [http-nio-63040-exec-6][Logger.java:49] - Releasing transactional SqlSession [org.apache.ibatis.session.defaults.DefaultSqlSession@252a3452]
2025-04-15 21:03:25,189 DEBUG [http-nio-63040-exec-6][Logger.java:49] - Fetched SqlSession [org.apache.ibatis.session.defaults.DefaultSqlSession@252a3452] from current transaction
2025-04-15 21:03:25,189 DEBUG [http-nio-63040-exec-6][Logger.java:49] - Fetched SqlSession [org.apache.ibatis.session.defaults.DefaultSqlSession@252a3452] from current transaction
2025-04-15 21:03:25,189 DEBUG [http-nio-63040-exec-6][BaseJdbcLogger.java:137] - ==>  Preparing: SELECT id,charge,price,original_price,qq,wechat,phone,valid_days FROM course_market WHERE id=?
2025-04-15 21:03:25,189 DEBUG [http-nio-63040-exec-6][BaseJdbcLogger.java:137] - ==>  Preparing: SELECT id,charge,price,original_price,qq,wechat,phone,valid_days FROM course_market WHERE id=?
2025-04-15 21:03:25,190 DEBUG [http-nio-63040-exec-6][BaseJdbcLogger.java:137] - ==> Parameters: 127(Long)
2025-04-15 21:03:25,190 DEBUG [http-nio-63040-exec-6][BaseJdbcLogger.java:137] - ==> Parameters: 127(Long)
2025-04-15 21:03:25,191 DEBUG [http-nio-63040-exec-6][BaseJdbcLogger.java:137] - <==      Total: 1
2025-04-15 21:03:25,191 DEBUG [http-nio-63040-exec-6][BaseJdbcLogger.java:137] - <==      Total: 1
2025-04-15 21:03:25,191 DEBUG [http-nio-63040-exec-6][Logger.java:49] - Releasing transactional SqlSession [org.apache.ibatis.session.defaults.DefaultSqlSession@252a3452]
2025-04-15 21:03:25,191 DEBUG [http-nio-63040-exec-6][Logger.java:49] - Releasing transactional SqlSession [org.apache.ibatis.session.defaults.DefaultSqlSession@252a3452]
2025-04-15 21:03:25,195 DEBUG [http-nio-63040-exec-6][Logger.java:49] - Fetched SqlSession [org.apache.ibatis.session.defaults.DefaultSqlSession@252a3452] from current transaction
2025-04-15 21:03:25,195 DEBUG [http-nio-63040-exec-6][Logger.java:49] - Fetched SqlSession [org.apache.ibatis.session.defaults.DefaultSqlSession@252a3452] from current transaction
2025-04-15 21:03:25,195 DEBUG [http-nio-63040-exec-6][BaseJdbcLogger.java:137] - ==>  Preparing: SELECT id,name,label,parentid,is_show,orderby,is_leaf FROM course_category WHERE id=?
2025-04-15 21:03:25,195 DEBUG [http-nio-63040-exec-6][BaseJdbcLogger.java:137] - ==>  Preparing: SELECT id,name,label,parentid,is_show,orderby,is_leaf FROM course_category WHERE id=?
2025-04-15 21:03:25,196 DEBUG [http-nio-63040-exec-6][BaseJdbcLogger.java:137] - ==> Parameters: 1-1-1(String)
2025-04-15 21:03:25,196 DEBUG [http-nio-63040-exec-6][BaseJdbcLogger.java:137] - ==> Parameters: 1-1-1(String)
2025-04-15 21:03:25,198 DEBUG [http-nio-63040-exec-6][BaseJdbcLogger.java:137] - <==      Total: 1
2025-04-15 21:03:25,198 DEBUG [http-nio-63040-exec-6][BaseJdbcLogger.java:137] - <==      Total: 1
2025-04-15 21:03:25,199 DEBUG [http-nio-63040-exec-6][Logger.java:49] - Releasing transactional SqlSession [org.apache.ibatis.session.defaults.DefaultSqlSession@252a3452]
2025-04-15 21:03:25,199 DEBUG [http-nio-63040-exec-6][Logger.java:49] - Releasing transactional SqlSession [org.apache.ibatis.session.defaults.DefaultSqlSession@252a3452]
2025-04-15 21:03:25,199 DEBUG [http-nio-63040-exec-6][Logger.java:49] - Fetched SqlSession [org.apache.ibatis.session.defaults.DefaultSqlSession@252a3452] from current transaction
2025-04-15 21:03:25,199 DEBUG [http-nio-63040-exec-6][Logger.java:49] - Fetched SqlSession [org.apache.ibatis.session.defaults.DefaultSqlSession@252a3452] from current transaction
2025-04-15 21:03:25,200 DEBUG [http-nio-63040-exec-6][BaseJdbcLogger.java:137] - ==>  Preparing: SELECT id,name,label,parentid,is_show,orderby,is_leaf FROM course_category WHERE id=?
2025-04-15 21:03:25,200 DEBUG [http-nio-63040-exec-6][BaseJdbcLogger.java:137] - ==>  Preparing: SELECT id,name,label,parentid,is_show,orderby,is_leaf FROM course_category WHERE id=?
2025-04-15 21:03:25,200 DEBUG [http-nio-63040-exec-6][BaseJdbcLogger.java:137] - ==> Parameters: 1-1(String)
2025-04-15 21:03:25,200 DEBUG [http-nio-63040-exec-6][BaseJdbcLogger.java:137] - ==> Parameters: 1-1(String)
2025-04-15 21:03:25,203 DEBUG [http-nio-63040-exec-6][BaseJdbcLogger.java:137] - <==      Total: 1
2025-04-15 21:03:25,203 DEBUG [http-nio-63040-exec-6][BaseJdbcLogger.java:137] - <==      Total: 1
2025-04-15 21:03:25,203 DEBUG [http-nio-63040-exec-6][Logger.java:49] - Releasing transactional SqlSession [org.apache.ibatis.session.defaults.DefaultSqlSession@252a3452]
2025-04-15 21:03:25,203 DEBUG [http-nio-63040-exec-6][Logger.java:49] - Releasing transactional SqlSession [org.apache.ibatis.session.defaults.DefaultSqlSession@252a3452]
2025-04-15 21:03:25,204 DEBUG [http-nio-63040-exec-6][Logger.java:49] - Transaction synchronization committing SqlSession [org.apache.ibatis.session.defaults.DefaultSqlSession@252a3452]
2025-04-15 21:03:25,204 DEBUG [http-nio-63040-exec-6][Logger.java:49] - Transaction synchronization committing SqlSession [org.apache.ibatis.session.defaults.DefaultSqlSession@252a3452]
2025-04-15 21:03:25,205 DEBUG [http-nio-63040-exec-6][Logger.java:49] - Transaction synchronization deregistering SqlSession [org.apache.ibatis.session.defaults.DefaultSqlSession@252a3452]
2025-04-15 21:03:25,205 DEBUG [http-nio-63040-exec-6][Logger.java:49] - Transaction synchronization deregistering SqlSession [org.apache.ibatis.session.defaults.DefaultSqlSession@252a3452]
2025-04-15 21:03:25,205 DEBUG [http-nio-63040-exec-6][Logger.java:49] - Transaction synchronization closing SqlSession [org.apache.ibatis.session.defaults.DefaultSqlSession@252a3452]
2025-04-15 21:03:25,205 DEBUG [http-nio-63040-exec-6][Logger.java:49] - Transaction synchronization closing SqlSession [org.apache.ibatis.session.defaults.DefaultSqlSession@252a3452]
2025-04-15 21:03:25,205 DEBUG [http-nio-63040-exec-6][AbstractPlatformTransactionManager.java:740] - Initiating transaction commit
2025-04-15 21:03:25,205 DEBUG [http-nio-63040-exec-6][AbstractPlatformTransactionManager.java:740] - Initiating transaction commit
2025-04-15 21:03:25,205 DEBUG [http-nio-63040-exec-6][DataSourceTransactionManager.java:326] - Committing JDBC transaction on Connection [HikariProxyConnection@1222718899 wrapping com.mysql.cj.jdbc.ConnectionImpl@742f0ad9]
2025-04-15 21:03:25,205 DEBUG [http-nio-63040-exec-6][DataSourceTransactionManager.java:326] - Committing JDBC transaction on Connection [HikariProxyConnection@1222718899 wrapping com.mysql.cj.jdbc.ConnectionImpl@742f0ad9]
2025-04-15 21:03:25,211 DEBUG [http-nio-63040-exec-6][DataSourceTransactionManager.java:385] - Releasing JDBC Connection [HikariProxyConnection@1222718899 wrapping com.mysql.cj.jdbc.ConnectionImpl@742f0ad9] after transaction
2025-04-15 21:03:25,211 DEBUG [http-nio-63040-exec-6][DataSourceTransactionManager.java:385] - Releasing JDBC Connection [HikariProxyConnection@1222718899 wrapping com.mysql.cj.jdbc.ConnectionImpl@742f0ad9] after transaction
2025-04-15 21:03:25,217 DEBUG [http-nio-63040-exec-6][AbstractMessageConverterMethodProcessor.java:255] - Using 'application/json', given [*/*] and supported [application/json, application/*+json, application/json, application/*+json]
2025-04-15 21:03:25,217 DEBUG [http-nio-63040-exec-6][AbstractMessageConverterMethodProcessor.java:255] - Using 'application/json', given [*/*] and supported [application/json, application/*+json, application/json, application/*+json]
2025-04-15 21:03:25,218 DEBUG [http-nio-63040-exec-6][LogFormatUtils.java:91] - Writing [CourseBaseInfoDto(charge=201001, price=10.0, originalPrice=100.0, qq=22333, wechat=223344, phone=133 (truncated)...]
2025-04-15 21:03:25,218 DEBUG [http-nio-63040-exec-6][LogFormatUtils.java:91] - Writing [CourseBaseInfoDto(charge=201001, price=10.0, originalPrice=100.0, qq=22333, wechat=223344, phone=133 (truncated)...]
2025-04-15 21:03:25,219 DEBUG [http-nio-63040-exec-6][FrameworkServlet.java:1131] - Completed 200 OK
2025-04-15 21:03:25,219 DEBUG [http-nio-63040-exec-6][FrameworkServlet.java:1131] - Completed 200 OK
2025-04-15 21:03:32,504 DEBUG [HikariPool-1 housekeeper][HikariPool.java:421] - HikariPool-1 - Pool stats (total=10, active=0, idle=10, waiting=0)
2025-04-15 21:03:32,504 DEBUG [HikariPool-1 housekeeper][HikariPool.java:421] - HikariPool-1 - Pool stats (total=10, active=0, idle=10, waiting=0)
2025-04-15 21:03:32,504 DEBUG [HikariPool-1 housekeeper][HikariPool.java:517] - HikariPool-1 - Fill pool skipped, pool is at sufficient level.
2025-04-15 21:03:32,504 DEBUG [HikariPool-1 housekeeper][HikariPool.java:517] - HikariPool-1 - Fill pool skipped, pool is at sufficient level.
2025-04-15 21:03:33,204 DEBUG [HikariPool-1 housekeeper][HikariPool.java:421] - HikariPool-1 - Pool stats (total=10, active=0, idle=10, waiting=0)
2025-04-15 21:03:33,204 DEBUG [HikariPool-1 housekeeper][HikariPool.java:421] - HikariPool-1 - Pool stats (total=10, active=0, idle=10, waiting=0)
2025-04-15 21:03:33,205 DEBUG [HikariPool-1 housekeeper][HikariPool.java:517] - HikariPool-1 - Fill pool skipped, pool is at sufficient level.
2025-04-15 21:03:33,205 DEBUG [HikariPool-1 housekeeper][HikariPool.java:517] - HikariPool-1 - Fill pool skipped, pool is at sufficient level.
2025-04-15 21:03:35,638 DEBUG [http-nio-63110-exec-4][BaseJdbcLogger.java:137] - ==>  Preparing: SELECT id,name,code,item_values FROM dictionary
2025-04-15 21:03:35,638 DEBUG [http-nio-63110-exec-4][BaseJdbcLogger.java:137] - ==>  Preparing: SELECT id,name,code,item_values FROM dictionary
2025-04-15 21:03:35,639 DEBUG [http-nio-63110-exec-4][BaseJdbcLogger.java:137] - ==> Parameters: 
2025-04-15 21:03:35,639 DEBUG [http-nio-63110-exec-4][BaseJdbcLogger.java:137] - ==> Parameters: 
2025-04-15 21:03:35,644 DEBUG [http-nio-63110-exec-4][BaseJdbcLogger.java:137] - <==      Total: 17
2025-04-15 21:03:35,644 DEBUG [http-nio-63110-exec-4][BaseJdbcLogger.java:137] - <==      Total: 17
2025-04-15 21:03:35,824 DEBUG [http-nio-63040-exec-7][LogFormatUtils.java:91] - POST "/content/course/list?pageNo=1&pageSize=10", parameters={masked}
2025-04-15 21:03:35,824 DEBUG [http-nio-63040-exec-7][LogFormatUtils.java:91] - POST "/content/course/list?pageNo=1&pageSize=10", parameters={masked}
2025-04-15 21:03:35,824 DEBUG [http-nio-63040-exec-7][AbstractHandlerMapping.java:415] - Mapped to com.xuecheng.content.api.CourseBaseInfoController#list(PageParams, QueryCourseParamsDto)
2025-04-15 21:03:35,824 DEBUG [http-nio-63040-exec-7][AbstractHandlerMapping.java:415] - Mapped to com.xuecheng.content.api.CourseBaseInfoController#list(PageParams, QueryCourseParamsDto)
2025-04-15 21:03:35,825 DEBUG [http-nio-63040-exec-7][LogFormatUtils.java:91] - Read "application/json;charset=UTF-8" to [QueryCourseParamsDto(auditStatus=, courseName=, publishStatus=null)]
2025-04-15 21:03:35,825 DEBUG [http-nio-63040-exec-7][LogFormatUtils.java:91] - Read "application/json;charset=UTF-8" to [QueryCourseParamsDto(auditStatus=, courseName=, publishStatus=null)]
2025-04-15 21:03:35,825 DEBUG [http-nio-63040-exec-7][Logger.java:49] - Creating a new SqlSession
2025-04-15 21:03:35,825 DEBUG [http-nio-63040-exec-7][Logger.java:49] - Creating a new SqlSession
2025-04-15 21:03:35,825 DEBUG [http-nio-63040-exec-7][Logger.java:49] - SqlSession [org.apache.ibatis.session.defaults.DefaultSqlSession@7c3c97bb] was not registered for synchronization because synchronization is not active
2025-04-15 21:03:35,825 DEBUG [http-nio-63040-exec-7][Logger.java:49] - SqlSession [org.apache.ibatis.session.defaults.DefaultSqlSession@7c3c97bb] was not registered for synchronization because synchronization is not active
2025-04-15 21:03:35,827 DEBUG [http-nio-63040-exec-7][DataSourceUtils.java:115] - Fetching JDBC Connection from DataSource
2025-04-15 21:03:35,827 DEBUG [http-nio-63040-exec-7][DataSourceUtils.java:115] - Fetching JDBC Connection from DataSource
2025-04-15 21:03:35,836 DEBUG [http-nio-63040-exec-7][Logger.java:49] - JDBC Connection [HikariProxyConnection@1399517251 wrapping com.mysql.cj.jdbc.ConnectionImpl@742f0ad9] will not be managed by Spring
2025-04-15 21:03:35,836 DEBUG [http-nio-63040-exec-7][Logger.java:49] - JDBC Connection [HikariProxyConnection@1399517251 wrapping com.mysql.cj.jdbc.ConnectionImpl@742f0ad9] will not be managed by Spring
2025-04-15 21:03:35,836 DEBUG [http-nio-63040-exec-7][BaseJdbcLogger.java:137] - ==>  Preparing: SELECT COUNT(*) FROM course_base
2025-04-15 21:03:35,836 DEBUG [http-nio-63040-exec-7][BaseJdbcLogger.java:137] - ==>  Preparing: SELECT COUNT(*) FROM course_base
2025-04-15 21:03:35,838 DEBUG [http-nio-63040-exec-7][BaseJdbcLogger.java:137] - ==> Parameters: 
2025-04-15 21:03:35,838 DEBUG [http-nio-63040-exec-7][BaseJdbcLogger.java:137] - ==> Parameters: 
2025-04-15 21:03:35,881 DEBUG [http-nio-63040-exec-7][BaseJdbcLogger.java:137] - <==      Total: 1
2025-04-15 21:03:35,881 DEBUG [http-nio-63040-exec-7][BaseJdbcLogger.java:137] - <==      Total: 1
2025-04-15 21:03:35,883 DEBUG [http-nio-63040-exec-7][BaseJdbcLogger.java:137] - ==>  Preparing: SELECT id,company_id,company_name,name,users,tags,mt,st,grade,teachmode,description,pic,create_date,change_date,create_people,change_people,audit_status,status FROM course_base LIMIT ?
2025-04-15 21:03:35,883 DEBUG [http-nio-63040-exec-7][BaseJdbcLogger.java:137] - ==>  Preparing: SELECT id,company_id,company_name,name,users,tags,mt,st,grade,teachmode,description,pic,create_date,change_date,create_people,change_people,audit_status,status FROM course_base LIMIT ?
2025-04-15 21:03:35,886 DEBUG [http-nio-63040-exec-7][BaseJdbcLogger.java:137] - ==> Parameters: 10(Long)
2025-04-15 21:03:35,886 DEBUG [http-nio-63040-exec-7][BaseJdbcLogger.java:137] - ==> Parameters: 10(Long)
2025-04-15 21:03:35,896 DEBUG [http-nio-63040-exec-7][BaseJdbcLogger.java:137] - <==      Total: 10
2025-04-15 21:03:35,896 DEBUG [http-nio-63040-exec-7][BaseJdbcLogger.java:137] - <==      Total: 10
2025-04-15 21:03:35,897 DEBUG [http-nio-63040-exec-7][Logger.java:49] - Closing non transactional SqlSession [org.apache.ibatis.session.defaults.DefaultSqlSession@7c3c97bb]
2025-04-15 21:03:35,897 DEBUG [http-nio-63040-exec-7][Logger.java:49] - Closing non transactional SqlSession [org.apache.ibatis.session.defaults.DefaultSqlSession@7c3c97bb]
2025-04-15 21:03:35,899 DEBUG [http-nio-63040-exec-7][AbstractMessageConverterMethodProcessor.java:255] - Using 'application/json', given [application/json, text/plain, */*] and supported [application/json, application/*+json, application/json, application/*+json]
2025-04-15 21:03:35,899 DEBUG [http-nio-63040-exec-7][AbstractMessageConverterMethodProcessor.java:255] - Using 'application/json', given [application/json, text/plain, */*] and supported [application/json, application/*+json, application/json, application/*+json]
2025-04-15 21:03:35,899 DEBUG [http-nio-63040-exec-7][LogFormatUtils.java:91] - Writing [PageResult(items=[CourseBase(id=1, companyId=1232141425, companyName=, name=JAVA8/9/10新特性讲解, users=j (truncated)...]
2025-04-15 21:03:35,899 DEBUG [http-nio-63040-exec-7][LogFormatUtils.java:91] - Writing [PageResult(items=[CourseBase(id=1, companyId=1232141425, companyName=, name=JAVA8/9/10新特性讲解, users=j (truncated)...]
2025-04-15 21:03:35,901 DEBUG [http-nio-63040-exec-7][FrameworkServlet.java:1131] - Completed 200 OK
2025-04-15 21:03:35,901 DEBUG [http-nio-63040-exec-7][FrameworkServlet.java:1131] - Completed 200 OK
2025-04-15 21:03:38,364 DEBUG [http-nio-63040-exec-8][LogFormatUtils.java:91] - POST "/content/course/list?pageNo=1&pageSize=10", parameters={masked}
2025-04-15 21:03:38,364 DEBUG [http-nio-63040-exec-8][LogFormatUtils.java:91] - POST "/content/course/list?pageNo=1&pageSize=10", parameters={masked}
2025-04-15 21:03:38,365 DEBUG [http-nio-63040-exec-8][AbstractHandlerMapping.java:415] - Mapped to com.xuecheng.content.api.CourseBaseInfoController#list(PageParams, QueryCourseParamsDto)
2025-04-15 21:03:38,365 DEBUG [http-nio-63040-exec-8][AbstractHandlerMapping.java:415] - Mapped to com.xuecheng.content.api.CourseBaseInfoController#list(PageParams, QueryCourseParamsDto)
2025-04-15 21:03:38,366 DEBUG [http-nio-63040-exec-8][LogFormatUtils.java:91] - Read "application/json;charset=UTF-8" to [QueryCourseParamsDto(auditStatus=, courseName=j, publishStatus=null)]
2025-04-15 21:03:38,366 DEBUG [http-nio-63040-exec-8][LogFormatUtils.java:91] - Read "application/json;charset=UTF-8" to [QueryCourseParamsDto(auditStatus=, courseName=j, publishStatus=null)]
2025-04-15 21:03:38,366 DEBUG [http-nio-63040-exec-8][Logger.java:49] - Creating a new SqlSession
2025-04-15 21:03:38,366 DEBUG [http-nio-63040-exec-8][Logger.java:49] - Creating a new SqlSession
2025-04-15 21:03:38,366 DEBUG [http-nio-63040-exec-8][Logger.java:49] - SqlSession [org.apache.ibatis.session.defaults.DefaultSqlSession@5b361b16] was not registered for synchronization because synchronization is not active
2025-04-15 21:03:38,366 DEBUG [http-nio-63040-exec-8][Logger.java:49] - SqlSession [org.apache.ibatis.session.defaults.DefaultSqlSession@5b361b16] was not registered for synchronization because synchronization is not active
2025-04-15 21:03:38,371 DEBUG [http-nio-63040-exec-8][DataSourceUtils.java:115] - Fetching JDBC Connection from DataSource
2025-04-15 21:03:38,371 DEBUG [http-nio-63040-exec-8][DataSourceUtils.java:115] - Fetching JDBC Connection from DataSource
2025-04-15 21:03:38,372 DEBUG [http-nio-63040-exec-8][Logger.java:49] - JDBC Connection [HikariProxyConnection@1417003777 wrapping com.mysql.cj.jdbc.ConnectionImpl@742f0ad9] will not be managed by Spring
2025-04-15 21:03:38,372 DEBUG [http-nio-63040-exec-8][Logger.java:49] - JDBC Connection [HikariProxyConnection@1417003777 wrapping com.mysql.cj.jdbc.ConnectionImpl@742f0ad9] will not be managed by Spring
2025-04-15 21:03:38,373 DEBUG [http-nio-63040-exec-8][BaseJdbcLogger.java:137] - ==>  Preparing: SELECT COUNT(*) FROM course_base WHERE (name LIKE ?)
2025-04-15 21:03:38,373 DEBUG [http-nio-63040-exec-8][BaseJdbcLogger.java:137] - ==>  Preparing: SELECT COUNT(*) FROM course_base WHERE (name LIKE ?)
2025-04-15 21:03:38,373 DEBUG [http-nio-63040-exec-8][BaseJdbcLogger.java:137] - ==> Parameters: %j%(String)
2025-04-15 21:03:38,373 DEBUG [http-nio-63040-exec-8][BaseJdbcLogger.java:137] - ==> Parameters: %j%(String)
2025-04-15 21:03:38,374 DEBUG [http-nio-63040-exec-8][BaseJdbcLogger.java:137] - <==      Total: 1
2025-04-15 21:03:38,374 DEBUG [http-nio-63040-exec-8][BaseJdbcLogger.java:137] - <==      Total: 1
2025-04-15 21:03:38,375 DEBUG [http-nio-63040-exec-8][BaseJdbcLogger.java:137] - ==>  Preparing: SELECT id,company_id,company_name,name,users,tags,mt,st,grade,teachmode,description,pic,create_date,change_date,create_people,change_people,audit_status,status FROM course_base WHERE (name LIKE ?) LIMIT ?
2025-04-15 21:03:38,375 DEBUG [http-nio-63040-exec-8][BaseJdbcLogger.java:137] - ==>  Preparing: SELECT id,company_id,company_name,name,users,tags,mt,st,grade,teachmode,description,pic,create_date,change_date,create_people,change_people,audit_status,status FROM course_base WHERE (name LIKE ?) LIMIT ?
2025-04-15 21:03:38,375 DEBUG [http-nio-63040-exec-8][BaseJdbcLogger.java:137] - ==> Parameters: %j%(String), 10(Long)
2025-04-15 21:03:38,375 DEBUG [http-nio-63040-exec-8][BaseJdbcLogger.java:137] - ==> Parameters: %j%(String), 10(Long)
2025-04-15 21:03:38,378 DEBUG [http-nio-63040-exec-8][BaseJdbcLogger.java:137] - <==      Total: 7
2025-04-15 21:03:38,378 DEBUG [http-nio-63040-exec-8][BaseJdbcLogger.java:137] - <==      Total: 7
2025-04-15 21:03:38,378 DEBUG [http-nio-63040-exec-8][Logger.java:49] - Closing non transactional SqlSession [org.apache.ibatis.session.defaults.DefaultSqlSession@5b361b16]
2025-04-15 21:03:38,378 DEBUG [http-nio-63040-exec-8][Logger.java:49] - Closing non transactional SqlSession [org.apache.ibatis.session.defaults.DefaultSqlSession@5b361b16]
2025-04-15 21:03:38,379 DEBUG [http-nio-63040-exec-8][AbstractMessageConverterMethodProcessor.java:255] - Using 'application/json', given [application/json, text/plain, */*] and supported [application/json, application/*+json, application/json, application/*+json]
2025-04-15 21:03:38,379 DEBUG [http-nio-63040-exec-8][AbstractMessageConverterMethodProcessor.java:255] - Using 'application/json', given [application/json, text/plain, */*] and supported [application/json, application/*+json, application/json, application/*+json]
2025-04-15 21:03:38,379 DEBUG [http-nio-63040-exec-8][LogFormatUtils.java:91] - Writing [PageResult(items=[CourseBase(id=1, companyId=1232141425, companyName=, name=JAVA8/9/10新特性讲解, users=j (truncated)...]
2025-04-15 21:03:38,379 DEBUG [http-nio-63040-exec-8][LogFormatUtils.java:91] - Writing [PageResult(items=[CourseBase(id=1, companyId=1232141425, companyName=, name=JAVA8/9/10新特性讲解, users=j (truncated)...]
2025-04-15 21:03:38,379 DEBUG [http-nio-63040-exec-8][FrameworkServlet.java:1131] - Completed 200 OK
2025-04-15 21:03:38,379 DEBUG [http-nio-63040-exec-8][FrameworkServlet.java:1131] - Completed 200 OK
2025-04-15 21:03:38,421 DEBUG [http-nio-63040-exec-9][LogFormatUtils.java:91] - POST "/content/course/list?pageNo=1&pageSize=10", parameters={masked}
2025-04-15 21:03:38,421 DEBUG [http-nio-63040-exec-9][LogFormatUtils.java:91] - POST "/content/course/list?pageNo=1&pageSize=10", parameters={masked}
2025-04-15 21:03:38,422 DEBUG [http-nio-63040-exec-9][AbstractHandlerMapping.java:415] - Mapped to com.xuecheng.content.api.CourseBaseInfoController#list(PageParams, QueryCourseParamsDto)
2025-04-15 21:03:38,422 DEBUG [http-nio-63040-exec-9][AbstractHandlerMapping.java:415] - Mapped to com.xuecheng.content.api.CourseBaseInfoController#list(PageParams, QueryCourseParamsDto)
2025-04-15 21:03:38,423 DEBUG [http-nio-63040-exec-9][LogFormatUtils.java:91] - Read "application/json;charset=UTF-8" to [QueryCourseParamsDto(auditStatus=, courseName=ja, publishStatus=null)]
2025-04-15 21:03:38,423 DEBUG [http-nio-63040-exec-9][LogFormatUtils.java:91] - Read "application/json;charset=UTF-8" to [QueryCourseParamsDto(auditStatus=, courseName=ja, publishStatus=null)]
2025-04-15 21:03:38,424 DEBUG [http-nio-63040-exec-9][Logger.java:49] - Creating a new SqlSession
2025-04-15 21:03:38,424 DEBUG [http-nio-63040-exec-9][Logger.java:49] - Creating a new SqlSession
2025-04-15 21:03:38,424 DEBUG [http-nio-63040-exec-9][Logger.java:49] - SqlSession [org.apache.ibatis.session.defaults.DefaultSqlSession@748af617] was not registered for synchronization because synchronization is not active
2025-04-15 21:03:38,424 DEBUG [http-nio-63040-exec-9][Logger.java:49] - SqlSession [org.apache.ibatis.session.defaults.DefaultSqlSession@748af617] was not registered for synchronization because synchronization is not active
2025-04-15 21:03:38,427 DEBUG [http-nio-63040-exec-9][DataSourceUtils.java:115] - Fetching JDBC Connection from DataSource
2025-04-15 21:03:38,427 DEBUG [http-nio-63040-exec-9][DataSourceUtils.java:115] - Fetching JDBC Connection from DataSource
2025-04-15 21:03:38,427 DEBUG [http-nio-63040-exec-9][Logger.java:49] - JDBC Connection [HikariProxyConnection@1056526729 wrapping com.mysql.cj.jdbc.ConnectionImpl@742f0ad9] will not be managed by Spring
2025-04-15 21:03:38,427 DEBUG [http-nio-63040-exec-9][Logger.java:49] - JDBC Connection [HikariProxyConnection@1056526729 wrapping com.mysql.cj.jdbc.ConnectionImpl@742f0ad9] will not be managed by Spring
2025-04-15 21:03:38,428 DEBUG [http-nio-63040-exec-9][BaseJdbcLogger.java:137] - ==>  Preparing: SELECT COUNT(*) FROM course_base WHERE (name LIKE ?)
2025-04-15 21:03:38,428 DEBUG [http-nio-63040-exec-9][BaseJdbcLogger.java:137] - ==>  Preparing: SELECT COUNT(*) FROM course_base WHERE (name LIKE ?)
2025-04-15 21:03:38,428 DEBUG [http-nio-63040-exec-9][BaseJdbcLogger.java:137] - ==> Parameters: %ja%(String)
2025-04-15 21:03:38,428 DEBUG [http-nio-63040-exec-9][BaseJdbcLogger.java:137] - ==> Parameters: %ja%(String)
2025-04-15 21:03:38,430 DEBUG [http-nio-63040-exec-9][BaseJdbcLogger.java:137] - <==      Total: 1
2025-04-15 21:03:38,430 DEBUG [http-nio-63040-exec-9][BaseJdbcLogger.java:137] - <==      Total: 1
2025-04-15 21:03:38,431 DEBUG [http-nio-63040-exec-9][BaseJdbcLogger.java:137] - ==>  Preparing: SELECT id,company_id,company_name,name,users,tags,mt,st,grade,teachmode,description,pic,create_date,change_date,create_people,change_people,audit_status,status FROM course_base WHERE (name LIKE ?) LIMIT ?
2025-04-15 21:03:38,431 DEBUG [http-nio-63040-exec-9][BaseJdbcLogger.java:137] - ==>  Preparing: SELECT id,company_id,company_name,name,users,tags,mt,st,grade,teachmode,description,pic,create_date,change_date,create_people,change_people,audit_status,status FROM course_base WHERE (name LIKE ?) LIMIT ?
2025-04-15 21:03:38,432 DEBUG [http-nio-63040-exec-9][BaseJdbcLogger.java:137] - ==> Parameters: %ja%(String), 10(Long)
2025-04-15 21:03:38,432 DEBUG [http-nio-63040-exec-9][BaseJdbcLogger.java:137] - ==> Parameters: %ja%(String), 10(Long)
2025-04-15 21:03:38,437 DEBUG [http-nio-63040-exec-9][BaseJdbcLogger.java:137] - <==      Total: 7
2025-04-15 21:03:38,437 DEBUG [http-nio-63040-exec-9][BaseJdbcLogger.java:137] - <==      Total: 7
2025-04-15 21:03:38,437 DEBUG [http-nio-63040-exec-9][Logger.java:49] - Closing non transactional SqlSession [org.apache.ibatis.session.defaults.DefaultSqlSession@748af617]
2025-04-15 21:03:38,437 DEBUG [http-nio-63040-exec-9][Logger.java:49] - Closing non transactional SqlSession [org.apache.ibatis.session.defaults.DefaultSqlSession@748af617]
2025-04-15 21:03:38,438 DEBUG [http-nio-63040-exec-9][AbstractMessageConverterMethodProcessor.java:255] - Using 'application/json', given [application/json, text/plain, */*] and supported [application/json, application/*+json, application/json, application/*+json]
2025-04-15 21:03:38,438 DEBUG [http-nio-63040-exec-9][AbstractMessageConverterMethodProcessor.java:255] - Using 'application/json', given [application/json, text/plain, */*] and supported [application/json, application/*+json, application/json, application/*+json]
2025-04-15 21:03:38,438 DEBUG [http-nio-63040-exec-9][LogFormatUtils.java:91] - Writing [PageResult(items=[CourseBase(id=1, companyId=1232141425, companyName=, name=JAVA8/9/10新特性讲解, users=j (truncated)...]
2025-04-15 21:03:38,438 DEBUG [http-nio-63040-exec-9][LogFormatUtils.java:91] - Writing [PageResult(items=[CourseBase(id=1, companyId=1232141425, companyName=, name=JAVA8/9/10新特性讲解, users=j (truncated)...]
2025-04-15 21:03:38,439 DEBUG [http-nio-63040-exec-9][FrameworkServlet.java:1131] - Completed 200 OK
2025-04-15 21:03:38,439 DEBUG [http-nio-63040-exec-9][FrameworkServlet.java:1131] - Completed 200 OK
2025-04-15 21:03:38,650 DEBUG [http-nio-63040-exec-10][LogFormatUtils.java:91] - POST "/content/course/list?pageNo=1&pageSize=10", parameters={masked}
2025-04-15 21:03:38,650 DEBUG [http-nio-63040-exec-10][LogFormatUtils.java:91] - POST "/content/course/list?pageNo=1&pageSize=10", parameters={masked}
2025-04-15 21:03:38,651 DEBUG [http-nio-63040-exec-10][AbstractHandlerMapping.java:415] - Mapped to com.xuecheng.content.api.CourseBaseInfoController#list(PageParams, QueryCourseParamsDto)
2025-04-15 21:03:38,651 DEBUG [http-nio-63040-exec-10][AbstractHandlerMapping.java:415] - Mapped to com.xuecheng.content.api.CourseBaseInfoController#list(PageParams, QueryCourseParamsDto)
2025-04-15 21:03:38,651 DEBUG [http-nio-63040-exec-10][LogFormatUtils.java:91] - Read "application/json;charset=UTF-8" to [QueryCourseParamsDto(auditStatus=, courseName=jav, publishStatus=null)]
2025-04-15 21:03:38,651 DEBUG [http-nio-63040-exec-10][LogFormatUtils.java:91] - Read "application/json;charset=UTF-8" to [QueryCourseParamsDto(auditStatus=, courseName=jav, publishStatus=null)]
2025-04-15 21:03:38,651 DEBUG [http-nio-63040-exec-10][Logger.java:49] - Creating a new SqlSession
2025-04-15 21:03:38,651 DEBUG [http-nio-63040-exec-10][Logger.java:49] - Creating a new SqlSession
2025-04-15 21:03:38,651 DEBUG [http-nio-63040-exec-10][Logger.java:49] - SqlSession [org.apache.ibatis.session.defaults.DefaultSqlSession@677cf3d5] was not registered for synchronization because synchronization is not active
2025-04-15 21:03:38,651 DEBUG [http-nio-63040-exec-10][Logger.java:49] - SqlSession [org.apache.ibatis.session.defaults.DefaultSqlSession@677cf3d5] was not registered for synchronization because synchronization is not active
2025-04-15 21:03:38,653 DEBUG [http-nio-63040-exec-10][DataSourceUtils.java:115] - Fetching JDBC Connection from DataSource
2025-04-15 21:03:38,653 DEBUG [http-nio-63040-exec-10][DataSourceUtils.java:115] - Fetching JDBC Connection from DataSource
2025-04-15 21:03:38,653 DEBUG [http-nio-63040-exec-10][Logger.java:49] - JDBC Connection [HikariProxyConnection@231422177 wrapping com.mysql.cj.jdbc.ConnectionImpl@742f0ad9] will not be managed by Spring
2025-04-15 21:03:38,653 DEBUG [http-nio-63040-exec-10][Logger.java:49] - JDBC Connection [HikariProxyConnection@231422177 wrapping com.mysql.cj.jdbc.ConnectionImpl@742f0ad9] will not be managed by Spring
2025-04-15 21:03:38,653 DEBUG [http-nio-63040-exec-10][BaseJdbcLogger.java:137] - ==>  Preparing: SELECT COUNT(*) FROM course_base WHERE (name LIKE ?)
2025-04-15 21:03:38,653 DEBUG [http-nio-63040-exec-10][BaseJdbcLogger.java:137] - ==>  Preparing: SELECT COUNT(*) FROM course_base WHERE (name LIKE ?)
2025-04-15 21:03:38,653 DEBUG [http-nio-63040-exec-10][BaseJdbcLogger.java:137] - ==> Parameters: %jav%(String)
2025-04-15 21:03:38,653 DEBUG [http-nio-63040-exec-10][BaseJdbcLogger.java:137] - ==> Parameters: %jav%(String)
2025-04-15 21:03:38,655 DEBUG [http-nio-63040-exec-10][BaseJdbcLogger.java:137] - <==      Total: 1
2025-04-15 21:03:38,655 DEBUG [http-nio-63040-exec-10][BaseJdbcLogger.java:137] - <==      Total: 1
2025-04-15 21:03:38,656 DEBUG [http-nio-63040-exec-10][BaseJdbcLogger.java:137] - ==>  Preparing: SELECT id,company_id,company_name,name,users,tags,mt,st,grade,teachmode,description,pic,create_date,change_date,create_people,change_people,audit_status,status FROM course_base WHERE (name LIKE ?) LIMIT ?
2025-04-15 21:03:38,656 DEBUG [http-nio-63040-exec-10][BaseJdbcLogger.java:137] - ==>  Preparing: SELECT id,company_id,company_name,name,users,tags,mt,st,grade,teachmode,description,pic,create_date,change_date,create_people,change_people,audit_status,status FROM course_base WHERE (name LIKE ?) LIMIT ?
2025-04-15 21:03:38,656 DEBUG [http-nio-63040-exec-10][BaseJdbcLogger.java:137] - ==> Parameters: %jav%(String), 10(Long)
2025-04-15 21:03:38,656 DEBUG [http-nio-63040-exec-10][BaseJdbcLogger.java:137] - ==> Parameters: %jav%(String), 10(Long)
2025-04-15 21:03:38,659 DEBUG [http-nio-63040-exec-10][BaseJdbcLogger.java:137] - <==      Total: 7
2025-04-15 21:03:38,659 DEBUG [http-nio-63040-exec-10][BaseJdbcLogger.java:137] - <==      Total: 7
2025-04-15 21:03:38,660 DEBUG [http-nio-63040-exec-10][Logger.java:49] - Closing non transactional SqlSession [org.apache.ibatis.session.defaults.DefaultSqlSession@677cf3d5]
2025-04-15 21:03:38,660 DEBUG [http-nio-63040-exec-10][Logger.java:49] - Closing non transactional SqlSession [org.apache.ibatis.session.defaults.DefaultSqlSession@677cf3d5]
2025-04-15 21:03:38,660 DEBUG [http-nio-63040-exec-10][AbstractMessageConverterMethodProcessor.java:255] - Using 'application/json', given [application/json, text/plain, */*] and supported [application/json, application/*+json, application/json, application/*+json]
2025-04-15 21:03:38,660 DEBUG [http-nio-63040-exec-10][AbstractMessageConverterMethodProcessor.java:255] - Using 'application/json', given [application/json, text/plain, */*] and supported [application/json, application/*+json, application/json, application/*+json]
2025-04-15 21:03:38,660 DEBUG [http-nio-63040-exec-10][LogFormatUtils.java:91] - Writing [PageResult(items=[CourseBase(id=1, companyId=1232141425, companyName=, name=JAVA8/9/10新特性讲解, users=j (truncated)...]
2025-04-15 21:03:38,660 DEBUG [http-nio-63040-exec-10][LogFormatUtils.java:91] - Writing [PageResult(items=[CourseBase(id=1, companyId=1232141425, companyName=, name=JAVA8/9/10新特性讲解, users=j (truncated)...]
2025-04-15 21:03:38,660 DEBUG [http-nio-63040-exec-10][FrameworkServlet.java:1131] - Completed 200 OK
2025-04-15 21:03:38,660 DEBUG [http-nio-63040-exec-10][FrameworkServlet.java:1131] - Completed 200 OK
2025-04-15 21:03:38,766 DEBUG [http-nio-63040-exec-1][LogFormatUtils.java:91] - POST "/content/course/list?pageNo=1&pageSize=10", parameters={masked}
2025-04-15 21:03:38,766 DEBUG [http-nio-63040-exec-1][LogFormatUtils.java:91] - POST "/content/course/list?pageNo=1&pageSize=10", parameters={masked}
2025-04-15 21:03:38,766 DEBUG [http-nio-63040-exec-1][AbstractHandlerMapping.java:415] - Mapped to com.xuecheng.content.api.CourseBaseInfoController#list(PageParams, QueryCourseParamsDto)
2025-04-15 21:03:38,766 DEBUG [http-nio-63040-exec-1][AbstractHandlerMapping.java:415] - Mapped to com.xuecheng.content.api.CourseBaseInfoController#list(PageParams, QueryCourseParamsDto)
2025-04-15 21:03:38,767 DEBUG [http-nio-63040-exec-1][LogFormatUtils.java:91] - Read "application/json;charset=UTF-8" to [QueryCourseParamsDto(auditStatus=, courseName=java, publishStatus=null)]
2025-04-15 21:03:38,767 DEBUG [http-nio-63040-exec-1][LogFormatUtils.java:91] - Read "application/json;charset=UTF-8" to [QueryCourseParamsDto(auditStatus=, courseName=java, publishStatus=null)]
2025-04-15 21:03:38,767 DEBUG [http-nio-63040-exec-1][Logger.java:49] - Creating a new SqlSession
2025-04-15 21:03:38,767 DEBUG [http-nio-63040-exec-1][Logger.java:49] - Creating a new SqlSession
2025-04-15 21:03:38,767 DEBUG [http-nio-63040-exec-1][Logger.java:49] - SqlSession [org.apache.ibatis.session.defaults.DefaultSqlSession@6478fc96] was not registered for synchronization because synchronization is not active
2025-04-15 21:03:38,767 DEBUG [http-nio-63040-exec-1][Logger.java:49] - SqlSession [org.apache.ibatis.session.defaults.DefaultSqlSession@6478fc96] was not registered for synchronization because synchronization is not active
2025-04-15 21:03:38,769 DEBUG [http-nio-63040-exec-1][DataSourceUtils.java:115] - Fetching JDBC Connection from DataSource
2025-04-15 21:03:38,769 DEBUG [http-nio-63040-exec-1][DataSourceUtils.java:115] - Fetching JDBC Connection from DataSource
2025-04-15 21:03:38,769 DEBUG [http-nio-63040-exec-1][Logger.java:49] - JDBC Connection [HikariProxyConnection@1617140281 wrapping com.mysql.cj.jdbc.ConnectionImpl@742f0ad9] will not be managed by Spring
2025-04-15 21:03:38,769 DEBUG [http-nio-63040-exec-1][Logger.java:49] - JDBC Connection [HikariProxyConnection@1617140281 wrapping com.mysql.cj.jdbc.ConnectionImpl@742f0ad9] will not be managed by Spring
2025-04-15 21:03:38,769 DEBUG [http-nio-63040-exec-1][BaseJdbcLogger.java:137] - ==>  Preparing: SELECT COUNT(*) FROM course_base WHERE (name LIKE ?)
2025-04-15 21:03:38,769 DEBUG [http-nio-63040-exec-1][BaseJdbcLogger.java:137] - ==>  Preparing: SELECT COUNT(*) FROM course_base WHERE (name LIKE ?)
2025-04-15 21:03:38,769 DEBUG [http-nio-63040-exec-1][BaseJdbcLogger.java:137] - ==> Parameters: %java%(String)
2025-04-15 21:03:38,769 DEBUG [http-nio-63040-exec-1][BaseJdbcLogger.java:137] - ==> Parameters: %java%(String)
2025-04-15 21:03:38,771 DEBUG [http-nio-63040-exec-1][BaseJdbcLogger.java:137] - <==      Total: 1
2025-04-15 21:03:38,771 DEBUG [http-nio-63040-exec-1][BaseJdbcLogger.java:137] - <==      Total: 1
2025-04-15 21:03:38,772 DEBUG [http-nio-63040-exec-1][BaseJdbcLogger.java:137] - ==>  Preparing: SELECT id,company_id,company_name,name,users,tags,mt,st,grade,teachmode,description,pic,create_date,change_date,create_people,change_people,audit_status,status FROM course_base WHERE (name LIKE ?) LIMIT ?
2025-04-15 21:03:38,772 DEBUG [http-nio-63040-exec-1][BaseJdbcLogger.java:137] - ==>  Preparing: SELECT id,company_id,company_name,name,users,tags,mt,st,grade,teachmode,description,pic,create_date,change_date,create_people,change_people,audit_status,status FROM course_base WHERE (name LIKE ?) LIMIT ?
2025-04-15 21:03:38,773 DEBUG [http-nio-63040-exec-1][BaseJdbcLogger.java:137] - ==> Parameters: %java%(String), 10(Long)
2025-04-15 21:03:38,773 DEBUG [http-nio-63040-exec-1][BaseJdbcLogger.java:137] - ==> Parameters: %java%(String), 10(Long)
2025-04-15 21:03:38,775 DEBUG [http-nio-63040-exec-1][BaseJdbcLogger.java:137] - <==      Total: 7
2025-04-15 21:03:38,775 DEBUG [http-nio-63040-exec-1][BaseJdbcLogger.java:137] - <==      Total: 7
2025-04-15 21:03:38,776 DEBUG [http-nio-63040-exec-1][Logger.java:49] - Closing non transactional SqlSession [org.apache.ibatis.session.defaults.DefaultSqlSession@6478fc96]
2025-04-15 21:03:38,776 DEBUG [http-nio-63040-exec-1][Logger.java:49] - Closing non transactional SqlSession [org.apache.ibatis.session.defaults.DefaultSqlSession@6478fc96]
2025-04-15 21:03:38,776 DEBUG [http-nio-63040-exec-1][AbstractMessageConverterMethodProcessor.java:255] - Using 'application/json', given [application/json, text/plain, */*] and supported [application/json, application/*+json, application/json, application/*+json]
2025-04-15 21:03:38,776 DEBUG [http-nio-63040-exec-1][AbstractMessageConverterMethodProcessor.java:255] - Using 'application/json', given [application/json, text/plain, */*] and supported [application/json, application/*+json, application/json, application/*+json]
2025-04-15 21:03:38,777 DEBUG [http-nio-63040-exec-1][LogFormatUtils.java:91] - Writing [PageResult(items=[CourseBase(id=1, companyId=1232141425, companyName=, name=JAVA8/9/10新特性讲解, users=j (truncated)...]
2025-04-15 21:03:38,777 DEBUG [http-nio-63040-exec-1][LogFormatUtils.java:91] - Writing [PageResult(items=[CourseBase(id=1, companyId=1232141425, companyName=, name=JAVA8/9/10新特性讲解, users=j (truncated)...]
2025-04-15 21:03:38,777 DEBUG [http-nio-63040-exec-1][FrameworkServlet.java:1131] - Completed 200 OK
2025-04-15 21:03:38,777 DEBUG [http-nio-63040-exec-1][FrameworkServlet.java:1131] - Completed 200 OK
2025-04-15 21:04:02,507 DEBUG [HikariPool-1 housekeeper][HikariPool.java:421] - HikariPool-1 - Pool stats (total=10, active=0, idle=10, waiting=0)
2025-04-15 21:04:02,507 DEBUG [HikariPool-1 housekeeper][HikariPool.java:421] - HikariPool-1 - Pool stats (total=10, active=0, idle=10, waiting=0)
2025-04-15 21:04:02,507 DEBUG [HikariPool-1 housekeeper][HikariPool.java:517] - HikariPool-1 - Fill pool skipped, pool is at sufficient level.
2025-04-15 21:04:02,507 DEBUG [HikariPool-1 housekeeper][HikariPool.java:517] - HikariPool-1 - Fill pool skipped, pool is at sufficient level.
2025-04-15 21:04:03,207 DEBUG [HikariPool-1 housekeeper][HikariPool.java:421] - HikariPool-1 - Pool stats (total=10, active=0, idle=10, waiting=0)
2025-04-15 21:04:03,207 DEBUG [HikariPool-1 housekeeper][HikariPool.java:421] - HikariPool-1 - Pool stats (total=10, active=0, idle=10, waiting=0)
2025-04-15 21:04:03,207 DEBUG [HikariPool-1 housekeeper][HikariPool.java:517] - HikariPool-1 - Fill pool skipped, pool is at sufficient level.
2025-04-15 21:04:03,207 DEBUG [HikariPool-1 housekeeper][HikariPool.java:517] - HikariPool-1 - Fill pool skipped, pool is at sufficient level.
2025-04-15 21:04:32,519 DEBUG [HikariPool-1 housekeeper][HikariPool.java:421] - HikariPool-1 - Pool stats (total=10, active=0, idle=10, waiting=0)
2025-04-15 21:04:32,519 DEBUG [HikariPool-1 housekeeper][HikariPool.java:421] - HikariPool-1 - Pool stats (total=10, active=0, idle=10, waiting=0)
2025-04-15 21:04:32,519 DEBUG [HikariPool-1 housekeeper][HikariPool.java:517] - HikariPool-1 - Fill pool skipped, pool is at sufficient level.
2025-04-15 21:04:32,519 DEBUG [HikariPool-1 housekeeper][HikariPool.java:517] - HikariPool-1 - Fill pool skipped, pool is at sufficient level.
2025-04-15 21:04:33,217 DEBUG [HikariPool-1 housekeeper][HikariPool.java:421] - HikariPool-1 - Pool stats (total=10, active=0, idle=10, waiting=0)
2025-04-15 21:04:33,217 DEBUG [HikariPool-1 housekeeper][HikariPool.java:421] - HikariPool-1 - Pool stats (total=10, active=0, idle=10, waiting=0)
2025-04-15 21:04:33,217 DEBUG [HikariPool-1 housekeeper][HikariPool.java:517] - HikariPool-1 - Fill pool skipped, pool is at sufficient level.
2025-04-15 21:04:33,217 DEBUG [HikariPool-1 housekeeper][HikariPool.java:517] - HikariPool-1 - Fill pool skipped, pool is at sufficient level.
2025-04-15 21:05:02,533 DEBUG [HikariPool-1 housekeeper][HikariPool.java:421] - HikariPool-1 - Pool stats (total=10, active=0, idle=10, waiting=0)
2025-04-15 21:05:02,533 DEBUG [HikariPool-1 housekeeper][HikariPool.java:421] - HikariPool-1 - Pool stats (total=10, active=0, idle=10, waiting=0)
2025-04-15 21:05:02,533 DEBUG [HikariPool-1 housekeeper][HikariPool.java:517] - HikariPool-1 - Fill pool skipped, pool is at sufficient level.
2025-04-15 21:05:02,533 DEBUG [HikariPool-1 housekeeper][HikariPool.java:517] - HikariPool-1 - Fill pool skipped, pool is at sufficient level.
2025-04-15 21:05:03,232 DEBUG [HikariPool-1 housekeeper][HikariPool.java:421] - HikariPool-1 - Pool stats (total=10, active=0, idle=10, waiting=0)
2025-04-15 21:05:03,232 DEBUG [HikariPool-1 housekeeper][HikariPool.java:517] - HikariPool-1 - Fill pool skipped, pool is at sufficient level.
2025-04-15 21:05:03,232 DEBUG [HikariPool-1 housekeeper][HikariPool.java:421] - HikariPool-1 - Pool stats (total=10, active=0, idle=10, waiting=0)
2025-04-15 21:05:03,232 DEBUG [HikariPool-1 housekeeper][HikariPool.java:517] - HikariPool-1 - Fill pool skipped, pool is at sufficient level.
2025-04-15 21:05:32,537 DEBUG [HikariPool-1 housekeeper][HikariPool.java:421] - HikariPool-1 - Pool stats (total=10, active=0, idle=10, waiting=0)
2025-04-15 21:05:32,537 DEBUG [HikariPool-1 housekeeper][HikariPool.java:421] - HikariPool-1 - Pool stats (total=10, active=0, idle=10, waiting=0)
2025-04-15 21:05:32,537 DEBUG [HikariPool-1 housekeeper][HikariPool.java:517] - HikariPool-1 - Fill pool skipped, pool is at sufficient level.
2025-04-15 21:05:32,537 DEBUG [HikariPool-1 housekeeper][HikariPool.java:517] - HikariPool-1 - Fill pool skipped, pool is at sufficient level.
2025-04-15 21:05:33,236 DEBUG [HikariPool-1 housekeeper][HikariPool.java:421] - HikariPool-1 - Pool stats (total=10, active=0, idle=10, waiting=0)
2025-04-15 21:05:33,236 DEBUG [HikariPool-1 housekeeper][HikariPool.java:421] - HikariPool-1 - Pool stats (total=10, active=0, idle=10, waiting=0)
2025-04-15 21:05:33,236 DEBUG [HikariPool-1 housekeeper][HikariPool.java:517] - HikariPool-1 - Fill pool skipped, pool is at sufficient level.
2025-04-15 21:05:33,236 DEBUG [HikariPool-1 housekeeper][HikariPool.java:517] - HikariPool-1 - Fill pool skipped, pool is at sufficient level.
2025-04-15 21:06:02,547 DEBUG [HikariPool-1 housekeeper][HikariPool.java:421] - HikariPool-1 - Pool stats (total=10, active=0, idle=10, waiting=0)
2025-04-15 21:06:02,547 DEBUG [HikariPool-1 housekeeper][HikariPool.java:421] - HikariPool-1 - Pool stats (total=10, active=0, idle=10, waiting=0)
2025-04-15 21:06:02,547 DEBUG [HikariPool-1 housekeeper][HikariPool.java:517] - HikariPool-1 - Fill pool skipped, pool is at sufficient level.
2025-04-15 21:06:02,547 DEBUG [HikariPool-1 housekeeper][HikariPool.java:517] - HikariPool-1 - Fill pool skipped, pool is at sufficient level.
2025-04-15 21:06:03,244 DEBUG [HikariPool-1 housekeeper][HikariPool.java:421] - HikariPool-1 - Pool stats (total=10, active=0, idle=10, waiting=0)
2025-04-15 21:06:03,244 DEBUG [HikariPool-1 housekeeper][HikariPool.java:421] - HikariPool-1 - Pool stats (total=10, active=0, idle=10, waiting=0)
2025-04-15 21:06:03,244 DEBUG [HikariPool-1 housekeeper][HikariPool.java:517] - HikariPool-1 - Fill pool skipped, pool is at sufficient level.
2025-04-15 21:06:03,244 DEBUG [HikariPool-1 housekeeper][HikariPool.java:517] - HikariPool-1 - Fill pool skipped, pool is at sufficient level.
2025-04-15 21:06:32,553 DEBUG [HikariPool-1 housekeeper][HikariPool.java:421] - HikariPool-1 - Pool stats (total=10, active=0, idle=10, waiting=0)
2025-04-15 21:06:32,553 DEBUG [HikariPool-1 housekeeper][HikariPool.java:421] - HikariPool-1 - Pool stats (total=10, active=0, idle=10, waiting=0)
2025-04-15 21:06:32,553 DEBUG [HikariPool-1 housekeeper][HikariPool.java:517] - HikariPool-1 - Fill pool skipped, pool is at sufficient level.
2025-04-15 21:06:32,553 DEBUG [HikariPool-1 housekeeper][HikariPool.java:517] - HikariPool-1 - Fill pool skipped, pool is at sufficient level.
2025-04-15 21:06:33,254 DEBUG [HikariPool-1 housekeeper][HikariPool.java:421] - HikariPool-1 - Pool stats (total=10, active=0, idle=10, waiting=0)
2025-04-15 21:06:33,254 DEBUG [HikariPool-1 housekeeper][HikariPool.java:421] - HikariPool-1 - Pool stats (total=10, active=0, idle=10, waiting=0)
2025-04-15 21:06:33,254 DEBUG [HikariPool-1 housekeeper][HikariPool.java:517] - HikariPool-1 - Fill pool skipped, pool is at sufficient level.
2025-04-15 21:06:33,254 DEBUG [HikariPool-1 housekeeper][HikariPool.java:517] - HikariPool-1 - Fill pool skipped, pool is at sufficient level.
2025-04-15 21:07:02,556 DEBUG [HikariPool-1 housekeeper][HikariPool.java:421] - HikariPool-1 - Pool stats (total=10, active=0, idle=10, waiting=0)
2025-04-15 21:07:02,556 DEBUG [HikariPool-1 housekeeper][HikariPool.java:421] - HikariPool-1 - Pool stats (total=10, active=0, idle=10, waiting=0)
2025-04-15 21:07:02,556 DEBUG [HikariPool-1 housekeeper][HikariPool.java:517] - HikariPool-1 - Fill pool skipped, pool is at sufficient level.
2025-04-15 21:07:02,556 DEBUG [HikariPool-1 housekeeper][HikariPool.java:517] - HikariPool-1 - Fill pool skipped, pool is at sufficient level.
2025-04-15 21:07:03,258 DEBUG [HikariPool-1 housekeeper][HikariPool.java:421] - HikariPool-1 - Pool stats (total=10, active=0, idle=10, waiting=0)
2025-04-15 21:07:03,258 DEBUG [HikariPool-1 housekeeper][HikariPool.java:421] - HikariPool-1 - Pool stats (total=10, active=0, idle=10, waiting=0)
2025-04-15 21:07:03,258 DEBUG [HikariPool-1 housekeeper][HikariPool.java:517] - HikariPool-1 - Fill pool skipped, pool is at sufficient level.
2025-04-15 21:07:03,258 DEBUG [HikariPool-1 housekeeper][HikariPool.java:517] - HikariPool-1 - Fill pool skipped, pool is at sufficient level.
2025-04-15 21:07:26,748 DEBUG [http-nio-63040-exec-3][LogFormatUtils.java:91] - POST "/content/course/list?pageNo=1&pageSize=10", parameters={masked}
2025-04-15 21:07:26,748 DEBUG [http-nio-63040-exec-3][LogFormatUtils.java:91] - POST "/content/course/list?pageNo=1&pageSize=10", parameters={masked}
2025-04-15 21:07:26,750 DEBUG [http-nio-63040-exec-3][AbstractHandlerMapping.java:415] - Mapped to com.xuecheng.content.api.CourseBaseInfoController#list(PageParams, QueryCourseParamsDto)
2025-04-15 21:07:26,750 DEBUG [http-nio-63040-exec-3][AbstractHandlerMapping.java:415] - Mapped to com.xuecheng.content.api.CourseBaseInfoController#list(PageParams, QueryCourseParamsDto)
2025-04-15 21:07:26,750 DEBUG [http-nio-63040-exec-3][LogFormatUtils.java:91] - Read "application/json;charset=UTF-8" to [QueryCourseParamsDto(auditStatus=, courseName=jav, publishStatus=null)]
2025-04-15 21:07:26,750 DEBUG [http-nio-63040-exec-3][LogFormatUtils.java:91] - Read "application/json;charset=UTF-8" to [QueryCourseParamsDto(auditStatus=, courseName=jav, publishStatus=null)]
2025-04-15 21:07:26,750 DEBUG [http-nio-63040-exec-3][Logger.java:49] - Creating a new SqlSession
2025-04-15 21:07:26,750 DEBUG [http-nio-63040-exec-3][Logger.java:49] - Creating a new SqlSession
2025-04-15 21:07:26,750 DEBUG [http-nio-63040-exec-3][Logger.java:49] - SqlSession [org.apache.ibatis.session.defaults.DefaultSqlSession@7d99e4a7] was not registered for synchronization because synchronization is not active
2025-04-15 21:07:26,750 DEBUG [http-nio-63040-exec-3][Logger.java:49] - SqlSession [org.apache.ibatis.session.defaults.DefaultSqlSession@7d99e4a7] was not registered for synchronization because synchronization is not active
2025-04-15 21:07:26,753 DEBUG [http-nio-63040-exec-3][DataSourceUtils.java:115] - Fetching JDBC Connection from DataSource
2025-04-15 21:07:26,753 DEBUG [http-nio-63040-exec-3][DataSourceUtils.java:115] - Fetching JDBC Connection from DataSource
2025-04-15 21:07:26,754 DEBUG [http-nio-63040-exec-3][Logger.java:49] - JDBC Connection [HikariProxyConnection@1280209443 wrapping com.mysql.cj.jdbc.ConnectionImpl@742f0ad9] will not be managed by Spring
2025-04-15 21:07:26,754 DEBUG [http-nio-63040-exec-3][Logger.java:49] - JDBC Connection [HikariProxyConnection@1280209443 wrapping com.mysql.cj.jdbc.ConnectionImpl@742f0ad9] will not be managed by Spring
2025-04-15 21:07:26,755 DEBUG [http-nio-63040-exec-3][BaseJdbcLogger.java:137] - ==>  Preparing: SELECT COUNT(*) FROM course_base WHERE (name LIKE ?)
2025-04-15 21:07:26,755 DEBUG [http-nio-63040-exec-3][BaseJdbcLogger.java:137] - ==>  Preparing: SELECT COUNT(*) FROM course_base WHERE (name LIKE ?)
2025-04-15 21:07:26,755 DEBUG [http-nio-63040-exec-3][BaseJdbcLogger.java:137] - ==> Parameters: %jav%(String)
2025-04-15 21:07:26,755 DEBUG [http-nio-63040-exec-3][BaseJdbcLogger.java:137] - ==> Parameters: %jav%(String)
2025-04-15 21:07:26,757 DEBUG [http-nio-63040-exec-3][BaseJdbcLogger.java:137] - <==      Total: 1
2025-04-15 21:07:26,757 DEBUG [http-nio-63040-exec-3][BaseJdbcLogger.java:137] - <==      Total: 1
2025-04-15 21:07:26,758 DEBUG [http-nio-63040-exec-3][BaseJdbcLogger.java:137] - ==>  Preparing: SELECT id,company_id,company_name,name,users,tags,mt,st,grade,teachmode,description,pic,create_date,change_date,create_people,change_people,audit_status,status FROM course_base WHERE (name LIKE ?) LIMIT ?
2025-04-15 21:07:26,758 DEBUG [http-nio-63040-exec-3][BaseJdbcLogger.java:137] - ==>  Preparing: SELECT id,company_id,company_name,name,users,tags,mt,st,grade,teachmode,description,pic,create_date,change_date,create_people,change_people,audit_status,status FROM course_base WHERE (name LIKE ?) LIMIT ?
2025-04-15 21:07:26,758 DEBUG [http-nio-63040-exec-3][BaseJdbcLogger.java:137] - ==> Parameters: %jav%(String), 10(Long)
2025-04-15 21:07:26,758 DEBUG [http-nio-63040-exec-3][BaseJdbcLogger.java:137] - ==> Parameters: %jav%(String), 10(Long)
2025-04-15 21:07:26,763 DEBUG [http-nio-63040-exec-3][BaseJdbcLogger.java:137] - <==      Total: 7
2025-04-15 21:07:26,763 DEBUG [http-nio-63040-exec-3][BaseJdbcLogger.java:137] - <==      Total: 7
2025-04-15 21:07:26,763 DEBUG [http-nio-63040-exec-3][Logger.java:49] - Closing non transactional SqlSession [org.apache.ibatis.session.defaults.DefaultSqlSession@7d99e4a7]
2025-04-15 21:07:26,763 DEBUG [http-nio-63040-exec-3][Logger.java:49] - Closing non transactional SqlSession [org.apache.ibatis.session.defaults.DefaultSqlSession@7d99e4a7]
2025-04-15 21:07:26,764 DEBUG [http-nio-63040-exec-3][AbstractMessageConverterMethodProcessor.java:255] - Using 'application/json', given [application/json, text/plain, */*] and supported [application/json, application/*+json, application/json, application/*+json]
2025-04-15 21:07:26,764 DEBUG [http-nio-63040-exec-3][AbstractMessageConverterMethodProcessor.java:255] - Using 'application/json', given [application/json, text/plain, */*] and supported [application/json, application/*+json, application/json, application/*+json]
2025-04-15 21:07:26,764 DEBUG [http-nio-63040-exec-3][LogFormatUtils.java:91] - Writing [PageResult(items=[CourseBase(id=1, companyId=1232141425, companyName=, name=JAVA8/9/10新特性讲解, users=j (truncated)...]
2025-04-15 21:07:26,764 DEBUG [http-nio-63040-exec-3][LogFormatUtils.java:91] - Writing [PageResult(items=[CourseBase(id=1, companyId=1232141425, companyName=, name=JAVA8/9/10新特性讲解, users=j (truncated)...]
2025-04-15 21:07:26,765 DEBUG [http-nio-63040-exec-3][FrameworkServlet.java:1131] - Completed 200 OK
2025-04-15 21:07:26,765 DEBUG [http-nio-63040-exec-3][FrameworkServlet.java:1131] - Completed 200 OK
2025-04-15 21:07:26,886 DEBUG [http-nio-63040-exec-4][LogFormatUtils.java:91] - POST "/content/course/list?pageNo=1&pageSize=10", parameters={masked}
2025-04-15 21:07:26,886 DEBUG [http-nio-63040-exec-4][LogFormatUtils.java:91] - POST "/content/course/list?pageNo=1&pageSize=10", parameters={masked}
2025-04-15 21:07:26,886 DEBUG [http-nio-63040-exec-4][AbstractHandlerMapping.java:415] - Mapped to com.xuecheng.content.api.CourseBaseInfoController#list(PageParams, QueryCourseParamsDto)
2025-04-15 21:07:26,886 DEBUG [http-nio-63040-exec-4][AbstractHandlerMapping.java:415] - Mapped to com.xuecheng.content.api.CourseBaseInfoController#list(PageParams, QueryCourseParamsDto)
2025-04-15 21:07:26,888 DEBUG [http-nio-63040-exec-4][LogFormatUtils.java:91] - Read "application/json;charset=UTF-8" to [QueryCourseParamsDto(auditStatus=, courseName=ja, publishStatus=null)]
2025-04-15 21:07:26,888 DEBUG [http-nio-63040-exec-4][LogFormatUtils.java:91] - Read "application/json;charset=UTF-8" to [QueryCourseParamsDto(auditStatus=, courseName=ja, publishStatus=null)]
2025-04-15 21:07:26,888 DEBUG [http-nio-63040-exec-4][Logger.java:49] - Creating a new SqlSession
2025-04-15 21:07:26,888 DEBUG [http-nio-63040-exec-4][Logger.java:49] - Creating a new SqlSession
2025-04-15 21:07:26,888 DEBUG [http-nio-63040-exec-4][Logger.java:49] - SqlSession [org.apache.ibatis.session.defaults.DefaultSqlSession@2f6a6d5d] was not registered for synchronization because synchronization is not active
2025-04-15 21:07:26,888 DEBUG [http-nio-63040-exec-4][Logger.java:49] - SqlSession [org.apache.ibatis.session.defaults.DefaultSqlSession@2f6a6d5d] was not registered for synchronization because synchronization is not active
2025-04-15 21:07:26,889 DEBUG [http-nio-63040-exec-4][DataSourceUtils.java:115] - Fetching JDBC Connection from DataSource
2025-04-15 21:07:26,889 DEBUG [http-nio-63040-exec-4][DataSourceUtils.java:115] - Fetching JDBC Connection from DataSource
2025-04-15 21:07:26,890 DEBUG [http-nio-63040-exec-4][Logger.java:49] - JDBC Connection [HikariProxyConnection@466797887 wrapping com.mysql.cj.jdbc.ConnectionImpl@742f0ad9] will not be managed by Spring
2025-04-15 21:07:26,890 DEBUG [http-nio-63040-exec-4][Logger.java:49] - JDBC Connection [HikariProxyConnection@466797887 wrapping com.mysql.cj.jdbc.ConnectionImpl@742f0ad9] will not be managed by Spring
2025-04-15 21:07:26,890 DEBUG [http-nio-63040-exec-4][BaseJdbcLogger.java:137] - ==>  Preparing: SELECT COUNT(*) FROM course_base WHERE (name LIKE ?)
2025-04-15 21:07:26,890 DEBUG [http-nio-63040-exec-4][BaseJdbcLogger.java:137] - ==>  Preparing: SELECT COUNT(*) FROM course_base WHERE (name LIKE ?)
2025-04-15 21:07:26,890 DEBUG [http-nio-63040-exec-4][BaseJdbcLogger.java:137] - ==> Parameters: %ja%(String)
2025-04-15 21:07:26,890 DEBUG [http-nio-63040-exec-4][BaseJdbcLogger.java:137] - ==> Parameters: %ja%(String)
2025-04-15 21:07:26,891 DEBUG [http-nio-63040-exec-4][BaseJdbcLogger.java:137] - <==      Total: 1
2025-04-15 21:07:26,891 DEBUG [http-nio-63040-exec-4][BaseJdbcLogger.java:137] - <==      Total: 1
2025-04-15 21:07:26,891 DEBUG [http-nio-63040-exec-4][BaseJdbcLogger.java:137] - ==>  Preparing: SELECT id,company_id,company_name,name,users,tags,mt,st,grade,teachmode,description,pic,create_date,change_date,create_people,change_people,audit_status,status FROM course_base WHERE (name LIKE ?) LIMIT ?
2025-04-15 21:07:26,891 DEBUG [http-nio-63040-exec-4][BaseJdbcLogger.java:137] - ==>  Preparing: SELECT id,company_id,company_name,name,users,tags,mt,st,grade,teachmode,description,pic,create_date,change_date,create_people,change_people,audit_status,status FROM course_base WHERE (name LIKE ?) LIMIT ?
2025-04-15 21:07:26,892 DEBUG [http-nio-63040-exec-4][BaseJdbcLogger.java:137] - ==> Parameters: %ja%(String), 10(Long)
2025-04-15 21:07:26,892 DEBUG [http-nio-63040-exec-4][BaseJdbcLogger.java:137] - ==> Parameters: %ja%(String), 10(Long)
2025-04-15 21:07:26,895 DEBUG [http-nio-63040-exec-4][BaseJdbcLogger.java:137] - <==      Total: 7
2025-04-15 21:07:26,895 DEBUG [http-nio-63040-exec-4][BaseJdbcLogger.java:137] - <==      Total: 7
2025-04-15 21:07:26,896 DEBUG [http-nio-63040-exec-4][Logger.java:49] - Closing non transactional SqlSession [org.apache.ibatis.session.defaults.DefaultSqlSession@2f6a6d5d]
2025-04-15 21:07:26,896 DEBUG [http-nio-63040-exec-4][Logger.java:49] - Closing non transactional SqlSession [org.apache.ibatis.session.defaults.DefaultSqlSession@2f6a6d5d]
2025-04-15 21:07:26,896 DEBUG [http-nio-63040-exec-4][AbstractMessageConverterMethodProcessor.java:255] - Using 'application/json', given [application/json, text/plain, */*] and supported [application/json, application/*+json, application/json, application/*+json]
2025-04-15 21:07:26,896 DEBUG [http-nio-63040-exec-4][AbstractMessageConverterMethodProcessor.java:255] - Using 'application/json', given [application/json, text/plain, */*] and supported [application/json, application/*+json, application/json, application/*+json]
2025-04-15 21:07:26,897 DEBUG [http-nio-63040-exec-4][LogFormatUtils.java:91] - Writing [PageResult(items=[CourseBase(id=1, companyId=1232141425, companyName=, name=JAVA8/9/10新特性讲解, users=j (truncated)...]
2025-04-15 21:07:26,897 DEBUG [http-nio-63040-exec-4][LogFormatUtils.java:91] - Writing [PageResult(items=[CourseBase(id=1, companyId=1232141425, companyName=, name=JAVA8/9/10新特性讲解, users=j (truncated)...]
2025-04-15 21:07:26,897 DEBUG [http-nio-63040-exec-4][FrameworkServlet.java:1131] - Completed 200 OK
2025-04-15 21:07:26,897 DEBUG [http-nio-63040-exec-4][FrameworkServlet.java:1131] - Completed 200 OK
2025-04-15 21:07:27,011 DEBUG [http-nio-63040-exec-5][LogFormatUtils.java:91] - POST "/content/course/list?pageNo=1&pageSize=10", parameters={masked}
2025-04-15 21:07:27,011 DEBUG [http-nio-63040-exec-5][LogFormatUtils.java:91] - POST "/content/course/list?pageNo=1&pageSize=10", parameters={masked}
2025-04-15 21:07:27,011 DEBUG [http-nio-63040-exec-5][AbstractHandlerMapping.java:415] - Mapped to com.xuecheng.content.api.CourseBaseInfoController#list(PageParams, QueryCourseParamsDto)
2025-04-15 21:07:27,011 DEBUG [http-nio-63040-exec-5][AbstractHandlerMapping.java:415] - Mapped to com.xuecheng.content.api.CourseBaseInfoController#list(PageParams, QueryCourseParamsDto)
2025-04-15 21:07:27,012 DEBUG [http-nio-63040-exec-5][LogFormatUtils.java:91] - Read "application/json;charset=UTF-8" to [QueryCourseParamsDto(auditStatus=, courseName=j, publishStatus=null)]
2025-04-15 21:07:27,012 DEBUG [http-nio-63040-exec-5][LogFormatUtils.java:91] - Read "application/json;charset=UTF-8" to [QueryCourseParamsDto(auditStatus=, courseName=j, publishStatus=null)]
2025-04-15 21:07:27,012 DEBUG [http-nio-63040-exec-5][Logger.java:49] - Creating a new SqlSession
2025-04-15 21:07:27,012 DEBUG [http-nio-63040-exec-5][Logger.java:49] - Creating a new SqlSession
2025-04-15 21:07:27,013 DEBUG [http-nio-63040-exec-5][Logger.java:49] - SqlSession [org.apache.ibatis.session.defaults.DefaultSqlSession@601e65fe] was not registered for synchronization because synchronization is not active
2025-04-15 21:07:27,013 DEBUG [http-nio-63040-exec-5][Logger.java:49] - SqlSession [org.apache.ibatis.session.defaults.DefaultSqlSession@601e65fe] was not registered for synchronization because synchronization is not active
2025-04-15 21:07:27,014 DEBUG [http-nio-63040-exec-5][DataSourceUtils.java:115] - Fetching JDBC Connection from DataSource
2025-04-15 21:07:27,014 DEBUG [http-nio-63040-exec-5][DataSourceUtils.java:115] - Fetching JDBC Connection from DataSource
2025-04-15 21:07:27,014 DEBUG [http-nio-63040-exec-5][Logger.java:49] - JDBC Connection [HikariProxyConnection@1953032838 wrapping com.mysql.cj.jdbc.ConnectionImpl@742f0ad9] will not be managed by Spring
2025-04-15 21:07:27,014 DEBUG [http-nio-63040-exec-5][Logger.java:49] - JDBC Connection [HikariProxyConnection@1953032838 wrapping com.mysql.cj.jdbc.ConnectionImpl@742f0ad9] will not be managed by Spring
2025-04-15 21:07:27,014 DEBUG [http-nio-63040-exec-5][BaseJdbcLogger.java:137] - ==>  Preparing: SELECT COUNT(*) FROM course_base WHERE (name LIKE ?)
2025-04-15 21:07:27,014 DEBUG [http-nio-63040-exec-5][BaseJdbcLogger.java:137] - ==>  Preparing: SELECT COUNT(*) FROM course_base WHERE (name LIKE ?)
2025-04-15 21:07:27,014 DEBUG [http-nio-63040-exec-5][BaseJdbcLogger.java:137] - ==> Parameters: %j%(String)
2025-04-15 21:07:27,014 DEBUG [http-nio-63040-exec-5][BaseJdbcLogger.java:137] - ==> Parameters: %j%(String)
2025-04-15 21:07:27,016 DEBUG [http-nio-63040-exec-5][BaseJdbcLogger.java:137] - <==      Total: 1
2025-04-15 21:07:27,016 DEBUG [http-nio-63040-exec-5][BaseJdbcLogger.java:137] - <==      Total: 1
2025-04-15 21:07:27,016 DEBUG [http-nio-63040-exec-5][BaseJdbcLogger.java:137] - ==>  Preparing: SELECT id,company_id,company_name,name,users,tags,mt,st,grade,teachmode,description,pic,create_date,change_date,create_people,change_people,audit_status,status FROM course_base WHERE (name LIKE ?) LIMIT ?
2025-04-15 21:07:27,016 DEBUG [http-nio-63040-exec-5][BaseJdbcLogger.java:137] - ==>  Preparing: SELECT id,company_id,company_name,name,users,tags,mt,st,grade,teachmode,description,pic,create_date,change_date,create_people,change_people,audit_status,status FROM course_base WHERE (name LIKE ?) LIMIT ?
2025-04-15 21:07:27,016 DEBUG [http-nio-63040-exec-5][BaseJdbcLogger.java:137] - ==> Parameters: %j%(String), 10(Long)
2025-04-15 21:07:27,016 DEBUG [http-nio-63040-exec-5][BaseJdbcLogger.java:137] - ==> Parameters: %j%(String), 10(Long)
2025-04-15 21:07:27,019 DEBUG [http-nio-63040-exec-5][BaseJdbcLogger.java:137] - <==      Total: 7
2025-04-15 21:07:27,019 DEBUG [http-nio-63040-exec-5][BaseJdbcLogger.java:137] - <==      Total: 7
2025-04-15 21:07:27,019 DEBUG [http-nio-63040-exec-5][Logger.java:49] - Closing non transactional SqlSession [org.apache.ibatis.session.defaults.DefaultSqlSession@601e65fe]
2025-04-15 21:07:27,019 DEBUG [http-nio-63040-exec-5][Logger.java:49] - Closing non transactional SqlSession [org.apache.ibatis.session.defaults.DefaultSqlSession@601e65fe]
2025-04-15 21:07:27,020 DEBUG [http-nio-63040-exec-5][AbstractMessageConverterMethodProcessor.java:255] - Using 'application/json', given [application/json, text/plain, */*] and supported [application/json, application/*+json, application/json, application/*+json]
2025-04-15 21:07:27,020 DEBUG [http-nio-63040-exec-5][AbstractMessageConverterMethodProcessor.java:255] - Using 'application/json', given [application/json, text/plain, */*] and supported [application/json, application/*+json, application/json, application/*+json]
2025-04-15 21:07:27,020 DEBUG [http-nio-63040-exec-5][LogFormatUtils.java:91] - Writing [PageResult(items=[CourseBase(id=1, companyId=1232141425, companyName=, name=JAVA8/9/10新特性讲解, users=j (truncated)...]
2025-04-15 21:07:27,020 DEBUG [http-nio-63040-exec-5][LogFormatUtils.java:91] - Writing [PageResult(items=[CourseBase(id=1, companyId=1232141425, companyName=, name=JAVA8/9/10新特性讲解, users=j (truncated)...]
2025-04-15 21:07:27,021 DEBUG [http-nio-63040-exec-5][FrameworkServlet.java:1131] - Completed 200 OK
2025-04-15 21:07:27,021 DEBUG [http-nio-63040-exec-5][FrameworkServlet.java:1131] - Completed 200 OK
2025-04-15 21:07:27,074 DEBUG [http-nio-63040-exec-6][LogFormatUtils.java:91] - POST "/content/course/list?pageNo=1&pageSize=10", parameters={masked}
2025-04-15 21:07:27,074 DEBUG [http-nio-63040-exec-6][LogFormatUtils.java:91] - POST "/content/course/list?pageNo=1&pageSize=10", parameters={masked}
2025-04-15 21:07:27,074 DEBUG [http-nio-63040-exec-6][AbstractHandlerMapping.java:415] - Mapped to com.xuecheng.content.api.CourseBaseInfoController#list(PageParams, QueryCourseParamsDto)
2025-04-15 21:07:27,074 DEBUG [http-nio-63040-exec-6][AbstractHandlerMapping.java:415] - Mapped to com.xuecheng.content.api.CourseBaseInfoController#list(PageParams, QueryCourseParamsDto)
2025-04-15 21:07:27,075 DEBUG [http-nio-63040-exec-6][LogFormatUtils.java:91] - Read "application/json;charset=UTF-8" to [QueryCourseParamsDto(auditStatus=, courseName=, publishStatus=null)]
2025-04-15 21:07:27,075 DEBUG [http-nio-63040-exec-6][LogFormatUtils.java:91] - Read "application/json;charset=UTF-8" to [QueryCourseParamsDto(auditStatus=, courseName=, publishStatus=null)]
2025-04-15 21:07:27,075 DEBUG [http-nio-63040-exec-6][Logger.java:49] - Creating a new SqlSession
2025-04-15 21:07:27,075 DEBUG [http-nio-63040-exec-6][Logger.java:49] - Creating a new SqlSession
2025-04-15 21:07:27,075 DEBUG [http-nio-63040-exec-6][Logger.java:49] - SqlSession [org.apache.ibatis.session.defaults.DefaultSqlSession@4d42ac0b] was not registered for synchronization because synchronization is not active
2025-04-15 21:07:27,075 DEBUG [http-nio-63040-exec-6][Logger.java:49] - SqlSession [org.apache.ibatis.session.defaults.DefaultSqlSession@4d42ac0b] was not registered for synchronization because synchronization is not active
2025-04-15 21:07:27,076 DEBUG [http-nio-63040-exec-6][DataSourceUtils.java:115] - Fetching JDBC Connection from DataSource
2025-04-15 21:07:27,076 DEBUG [http-nio-63040-exec-6][DataSourceUtils.java:115] - Fetching JDBC Connection from DataSource
2025-04-15 21:07:27,076 DEBUG [http-nio-63040-exec-6][Logger.java:49] - JDBC Connection [HikariProxyConnection@536795526 wrapping com.mysql.cj.jdbc.ConnectionImpl@742f0ad9] will not be managed by Spring
2025-04-15 21:07:27,076 DEBUG [http-nio-63040-exec-6][Logger.java:49] - JDBC Connection [HikariProxyConnection@536795526 wrapping com.mysql.cj.jdbc.ConnectionImpl@742f0ad9] will not be managed by Spring
2025-04-15 21:07:27,076 DEBUG [http-nio-63040-exec-6][BaseJdbcLogger.java:137] - ==>  Preparing: SELECT COUNT(*) FROM course_base
2025-04-15 21:07:27,076 DEBUG [http-nio-63040-exec-6][BaseJdbcLogger.java:137] - ==>  Preparing: SELECT COUNT(*) FROM course_base
2025-04-15 21:07:27,076 DEBUG [http-nio-63040-exec-6][BaseJdbcLogger.java:137] - ==> Parameters: 
2025-04-15 21:07:27,076 DEBUG [http-nio-63040-exec-6][BaseJdbcLogger.java:137] - ==> Parameters: 
2025-04-15 21:07:27,080 DEBUG [http-nio-63040-exec-6][BaseJdbcLogger.java:137] - <==      Total: 1
2025-04-15 21:07:27,080 DEBUG [http-nio-63040-exec-6][BaseJdbcLogger.java:137] - <==      Total: 1
2025-04-15 21:07:27,080 DEBUG [http-nio-63040-exec-6][BaseJdbcLogger.java:137] - ==>  Preparing: SELECT id,company_id,company_name,name,users,tags,mt,st,grade,teachmode,description,pic,create_date,change_date,create_people,change_people,audit_status,status FROM course_base LIMIT ?
2025-04-15 21:07:27,080 DEBUG [http-nio-63040-exec-6][BaseJdbcLogger.java:137] - ==>  Preparing: SELECT id,company_id,company_name,name,users,tags,mt,st,grade,teachmode,description,pic,create_date,change_date,create_people,change_people,audit_status,status FROM course_base LIMIT ?
2025-04-15 21:07:27,081 DEBUG [http-nio-63040-exec-6][BaseJdbcLogger.java:137] - ==> Parameters: 10(Long)
2025-04-15 21:07:27,081 DEBUG [http-nio-63040-exec-6][BaseJdbcLogger.java:137] - ==> Parameters: 10(Long)
2025-04-15 21:07:27,083 DEBUG [http-nio-63040-exec-6][BaseJdbcLogger.java:137] - <==      Total: 10
2025-04-15 21:07:27,083 DEBUG [http-nio-63040-exec-6][BaseJdbcLogger.java:137] - <==      Total: 10
2025-04-15 21:07:27,083 DEBUG [http-nio-63040-exec-6][Logger.java:49] - Closing non transactional SqlSession [org.apache.ibatis.session.defaults.DefaultSqlSession@4d42ac0b]
2025-04-15 21:07:27,083 DEBUG [http-nio-63040-exec-6][Logger.java:49] - Closing non transactional SqlSession [org.apache.ibatis.session.defaults.DefaultSqlSession@4d42ac0b]
2025-04-15 21:07:27,084 DEBUG [http-nio-63040-exec-6][AbstractMessageConverterMethodProcessor.java:255] - Using 'application/json', given [application/json, text/plain, */*] and supported [application/json, application/*+json, application/json, application/*+json]
2025-04-15 21:07:27,084 DEBUG [http-nio-63040-exec-6][AbstractMessageConverterMethodProcessor.java:255] - Using 'application/json', given [application/json, text/plain, */*] and supported [application/json, application/*+json, application/json, application/*+json]
2025-04-15 21:07:27,084 DEBUG [http-nio-63040-exec-6][LogFormatUtils.java:91] - Writing [PageResult(items=[CourseBase(id=1, companyId=1232141425, companyName=, name=JAVA8/9/10新特性讲解, users=j (truncated)...]
2025-04-15 21:07:27,084 DEBUG [http-nio-63040-exec-6][LogFormatUtils.java:91] - Writing [PageResult(items=[CourseBase(id=1, companyId=1232141425, companyName=, name=JAVA8/9/10新特性讲解, users=j (truncated)...]
2025-04-15 21:07:27,085 DEBUG [http-nio-63040-exec-6][FrameworkServlet.java:1131] - Completed 200 OK
2025-04-15 21:07:27,085 DEBUG [http-nio-63040-exec-6][FrameworkServlet.java:1131] - Completed 200 OK
2025-04-15 21:07:28,541 DEBUG [http-nio-63040-exec-7][LogFormatUtils.java:91] - POST "/content/course/list?pageNo=1&pageSize=10", parameters={masked}
2025-04-15 21:07:28,541 DEBUG [http-nio-63040-exec-7][LogFormatUtils.java:91] - POST "/content/course/list?pageNo=1&pageSize=10", parameters={masked}
2025-04-15 21:07:28,541 DEBUG [http-nio-63040-exec-7][AbstractHandlerMapping.java:415] - Mapped to com.xuecheng.content.api.CourseBaseInfoController#list(PageParams, QueryCourseParamsDto)
2025-04-15 21:07:28,541 DEBUG [http-nio-63040-exec-7][AbstractHandlerMapping.java:415] - Mapped to com.xuecheng.content.api.CourseBaseInfoController#list(PageParams, QueryCourseParamsDto)
2025-04-15 21:07:28,542 DEBUG [http-nio-63040-exec-7][LogFormatUtils.java:91] - Read "application/json;charset=UTF-8" to [QueryCourseParamsDto(auditStatus=, courseName=j, publishStatus=null)]
2025-04-15 21:07:28,542 DEBUG [http-nio-63040-exec-7][LogFormatUtils.java:91] - Read "application/json;charset=UTF-8" to [QueryCourseParamsDto(auditStatus=, courseName=j, publishStatus=null)]
2025-04-15 21:07:28,542 DEBUG [http-nio-63040-exec-7][Logger.java:49] - Creating a new SqlSession
2025-04-15 21:07:28,542 DEBUG [http-nio-63040-exec-7][Logger.java:49] - Creating a new SqlSession
2025-04-15 21:07:28,543 DEBUG [http-nio-63040-exec-7][Logger.java:49] - SqlSession [org.apache.ibatis.session.defaults.DefaultSqlSession@556d3f4b] was not registered for synchronization because synchronization is not active
2025-04-15 21:07:28,543 DEBUG [http-nio-63040-exec-7][Logger.java:49] - SqlSession [org.apache.ibatis.session.defaults.DefaultSqlSession@556d3f4b] was not registered for synchronization because synchronization is not active
2025-04-15 21:07:28,544 DEBUG [http-nio-63040-exec-7][DataSourceUtils.java:115] - Fetching JDBC Connection from DataSource
2025-04-15 21:07:28,544 DEBUG [http-nio-63040-exec-7][DataSourceUtils.java:115] - Fetching JDBC Connection from DataSource
2025-04-15 21:07:28,546 DEBUG [http-nio-63040-exec-7][Logger.java:49] - JDBC Connection [HikariProxyConnection@1359033677 wrapping com.mysql.cj.jdbc.ConnectionImpl@742f0ad9] will not be managed by Spring
2025-04-15 21:07:28,546 DEBUG [http-nio-63040-exec-7][Logger.java:49] - JDBC Connection [HikariProxyConnection@1359033677 wrapping com.mysql.cj.jdbc.ConnectionImpl@742f0ad9] will not be managed by Spring
2025-04-15 21:07:28,547 DEBUG [http-nio-63040-exec-7][BaseJdbcLogger.java:137] - ==>  Preparing: SELECT COUNT(*) FROM course_base WHERE (name LIKE ?)
2025-04-15 21:07:28,547 DEBUG [http-nio-63040-exec-7][BaseJdbcLogger.java:137] - ==>  Preparing: SELECT COUNT(*) FROM course_base WHERE (name LIKE ?)
2025-04-15 21:07:28,547 DEBUG [http-nio-63040-exec-7][BaseJdbcLogger.java:137] - ==> Parameters: %j%(String)
2025-04-15 21:07:28,547 DEBUG [http-nio-63040-exec-7][BaseJdbcLogger.java:137] - ==> Parameters: %j%(String)
2025-04-15 21:07:28,548 DEBUG [http-nio-63040-exec-7][BaseJdbcLogger.java:137] - <==      Total: 1
2025-04-15 21:07:28,548 DEBUG [http-nio-63040-exec-7][BaseJdbcLogger.java:137] - <==      Total: 1
2025-04-15 21:07:28,548 DEBUG [http-nio-63040-exec-7][BaseJdbcLogger.java:137] - ==>  Preparing: SELECT id,company_id,company_name,name,users,tags,mt,st,grade,teachmode,description,pic,create_date,change_date,create_people,change_people,audit_status,status FROM course_base WHERE (name LIKE ?) LIMIT ?
2025-04-15 21:07:28,548 DEBUG [http-nio-63040-exec-7][BaseJdbcLogger.java:137] - ==>  Preparing: SELECT id,company_id,company_name,name,users,tags,mt,st,grade,teachmode,description,pic,create_date,change_date,create_people,change_people,audit_status,status FROM course_base WHERE (name LIKE ?) LIMIT ?
2025-04-15 21:07:28,548 DEBUG [http-nio-63040-exec-7][BaseJdbcLogger.java:137] - ==> Parameters: %j%(String), 10(Long)
2025-04-15 21:07:28,548 DEBUG [http-nio-63040-exec-7][BaseJdbcLogger.java:137] - ==> Parameters: %j%(String), 10(Long)
2025-04-15 21:07:28,552 DEBUG [http-nio-63040-exec-7][BaseJdbcLogger.java:137] - <==      Total: 7
2025-04-15 21:07:28,552 DEBUG [http-nio-63040-exec-7][BaseJdbcLogger.java:137] - <==      Total: 7
2025-04-15 21:07:28,553 DEBUG [http-nio-63040-exec-7][Logger.java:49] - Closing non transactional SqlSession [org.apache.ibatis.session.defaults.DefaultSqlSession@556d3f4b]
2025-04-15 21:07:28,553 DEBUG [http-nio-63040-exec-7][Logger.java:49] - Closing non transactional SqlSession [org.apache.ibatis.session.defaults.DefaultSqlSession@556d3f4b]
2025-04-15 21:07:28,553 DEBUG [http-nio-63040-exec-7][AbstractMessageConverterMethodProcessor.java:255] - Using 'application/json', given [application/json, text/plain, */*] and supported [application/json, application/*+json, application/json, application/*+json]
2025-04-15 21:07:28,553 DEBUG [http-nio-63040-exec-7][AbstractMessageConverterMethodProcessor.java:255] - Using 'application/json', given [application/json, text/plain, */*] and supported [application/json, application/*+json, application/json, application/*+json]
2025-04-15 21:07:28,553 DEBUG [http-nio-63040-exec-7][LogFormatUtils.java:91] - Writing [PageResult(items=[CourseBase(id=1, companyId=1232141425, companyName=, name=JAVA8/9/10新特性讲解, users=j (truncated)...]
2025-04-15 21:07:28,553 DEBUG [http-nio-63040-exec-7][LogFormatUtils.java:91] - Writing [PageResult(items=[CourseBase(id=1, companyId=1232141425, companyName=, name=JAVA8/9/10新特性讲解, users=j (truncated)...]
2025-04-15 21:07:28,554 DEBUG [http-nio-63040-exec-7][FrameworkServlet.java:1131] - Completed 200 OK
2025-04-15 21:07:28,554 DEBUG [http-nio-63040-exec-7][FrameworkServlet.java:1131] - Completed 200 OK
2025-04-15 21:07:28,961 DEBUG [http-nio-63040-exec-8][LogFormatUtils.java:91] - POST "/content/course/list?pageNo=1&pageSize=10", parameters={masked}
2025-04-15 21:07:28,961 DEBUG [http-nio-63040-exec-8][LogFormatUtils.java:91] - POST "/content/course/list?pageNo=1&pageSize=10", parameters={masked}
2025-04-15 21:07:28,961 DEBUG [http-nio-63040-exec-8][AbstractHandlerMapping.java:415] - Mapped to com.xuecheng.content.api.CourseBaseInfoController#list(PageParams, QueryCourseParamsDto)
2025-04-15 21:07:28,961 DEBUG [http-nio-63040-exec-8][AbstractHandlerMapping.java:415] - Mapped to com.xuecheng.content.api.CourseBaseInfoController#list(PageParams, QueryCourseParamsDto)
2025-04-15 21:07:28,962 DEBUG [http-nio-63040-exec-8][LogFormatUtils.java:91] - Read "application/json;charset=UTF-8" to [QueryCourseParamsDto(auditStatus=, courseName=ja, publishStatus=null)]
2025-04-15 21:07:28,962 DEBUG [http-nio-63040-exec-8][LogFormatUtils.java:91] - Read "application/json;charset=UTF-8" to [QueryCourseParamsDto(auditStatus=, courseName=ja, publishStatus=null)]
2025-04-15 21:07:28,963 DEBUG [http-nio-63040-exec-8][Logger.java:49] - Creating a new SqlSession
2025-04-15 21:07:28,963 DEBUG [http-nio-63040-exec-8][Logger.java:49] - Creating a new SqlSession
2025-04-15 21:07:28,963 DEBUG [http-nio-63040-exec-8][Logger.java:49] - SqlSession [org.apache.ibatis.session.defaults.DefaultSqlSession@593d2378] was not registered for synchronization because synchronization is not active
2025-04-15 21:07:28,963 DEBUG [http-nio-63040-exec-8][Logger.java:49] - SqlSession [org.apache.ibatis.session.defaults.DefaultSqlSession@593d2378] was not registered for synchronization because synchronization is not active
2025-04-15 21:07:28,965 DEBUG [http-nio-63040-exec-8][DataSourceUtils.java:115] - Fetching JDBC Connection from DataSource
2025-04-15 21:07:28,965 DEBUG [http-nio-63040-exec-8][DataSourceUtils.java:115] - Fetching JDBC Connection from DataSource
2025-04-15 21:07:28,965 DEBUG [http-nio-63040-exec-8][Logger.java:49] - JDBC Connection [HikariProxyConnection@598384277 wrapping com.mysql.cj.jdbc.ConnectionImpl@742f0ad9] will not be managed by Spring
2025-04-15 21:07:28,965 DEBUG [http-nio-63040-exec-8][Logger.java:49] - JDBC Connection [HikariProxyConnection@598384277 wrapping com.mysql.cj.jdbc.ConnectionImpl@742f0ad9] will not be managed by Spring
2025-04-15 21:07:28,965 DEBUG [http-nio-63040-exec-8][BaseJdbcLogger.java:137] - ==>  Preparing: SELECT COUNT(*) FROM course_base WHERE (name LIKE ?)
2025-04-15 21:07:28,965 DEBUG [http-nio-63040-exec-8][BaseJdbcLogger.java:137] - ==>  Preparing: SELECT COUNT(*) FROM course_base WHERE (name LIKE ?)
2025-04-15 21:07:28,965 DEBUG [http-nio-63040-exec-8][BaseJdbcLogger.java:137] - ==> Parameters: %ja%(String)
2025-04-15 21:07:28,965 DEBUG [http-nio-63040-exec-8][BaseJdbcLogger.java:137] - ==> Parameters: %ja%(String)
2025-04-15 21:07:28,967 DEBUG [http-nio-63040-exec-8][BaseJdbcLogger.java:137] - <==      Total: 1
2025-04-15 21:07:28,967 DEBUG [http-nio-63040-exec-8][BaseJdbcLogger.java:137] - <==      Total: 1
2025-04-15 21:07:28,967 DEBUG [http-nio-63040-exec-8][BaseJdbcLogger.java:137] - ==>  Preparing: SELECT id,company_id,company_name,name,users,tags,mt,st,grade,teachmode,description,pic,create_date,change_date,create_people,change_people,audit_status,status FROM course_base WHERE (name LIKE ?) LIMIT ?
2025-04-15 21:07:28,967 DEBUG [http-nio-63040-exec-8][BaseJdbcLogger.java:137] - ==>  Preparing: SELECT id,company_id,company_name,name,users,tags,mt,st,grade,teachmode,description,pic,create_date,change_date,create_people,change_people,audit_status,status FROM course_base WHERE (name LIKE ?) LIMIT ?
2025-04-15 21:07:28,967 DEBUG [http-nio-63040-exec-8][BaseJdbcLogger.java:137] - ==> Parameters: %ja%(String), 10(Long)
2025-04-15 21:07:28,967 DEBUG [http-nio-63040-exec-8][BaseJdbcLogger.java:137] - ==> Parameters: %ja%(String), 10(Long)
2025-04-15 21:07:28,971 DEBUG [http-nio-63040-exec-8][BaseJdbcLogger.java:137] - <==      Total: 7
2025-04-15 21:07:28,971 DEBUG [http-nio-63040-exec-8][BaseJdbcLogger.java:137] - <==      Total: 7
2025-04-15 21:07:28,972 DEBUG [http-nio-63040-exec-8][Logger.java:49] - Closing non transactional SqlSession [org.apache.ibatis.session.defaults.DefaultSqlSession@593d2378]
2025-04-15 21:07:28,972 DEBUG [http-nio-63040-exec-8][Logger.java:49] - Closing non transactional SqlSession [org.apache.ibatis.session.defaults.DefaultSqlSession@593d2378]
2025-04-15 21:07:28,972 DEBUG [http-nio-63040-exec-8][AbstractMessageConverterMethodProcessor.java:255] - Using 'application/json', given [application/json, text/plain, */*] and supported [application/json, application/*+json, application/json, application/*+json]
2025-04-15 21:07:28,972 DEBUG [http-nio-63040-exec-8][AbstractMessageConverterMethodProcessor.java:255] - Using 'application/json', given [application/json, text/plain, */*] and supported [application/json, application/*+json, application/json, application/*+json]
2025-04-15 21:07:28,972 DEBUG [http-nio-63040-exec-8][LogFormatUtils.java:91] - Writing [PageResult(items=[CourseBase(id=1, companyId=1232141425, companyName=, name=JAVA8/9/10新特性讲解, users=j (truncated)...]
2025-04-15 21:07:28,972 DEBUG [http-nio-63040-exec-8][LogFormatUtils.java:91] - Writing [PageResult(items=[CourseBase(id=1, companyId=1232141425, companyName=, name=JAVA8/9/10新特性讲解, users=j (truncated)...]
2025-04-15 21:07:28,973 DEBUG [http-nio-63040-exec-8][FrameworkServlet.java:1131] - Completed 200 OK
2025-04-15 21:07:28,973 DEBUG [http-nio-63040-exec-8][FrameworkServlet.java:1131] - Completed 200 OK
2025-04-15 21:07:29,132 DEBUG [http-nio-63040-exec-9][LogFormatUtils.java:91] - POST "/content/course/list?pageNo=1&pageSize=10", parameters={masked}
2025-04-15 21:07:29,132 DEBUG [http-nio-63040-exec-9][LogFormatUtils.java:91] - POST "/content/course/list?pageNo=1&pageSize=10", parameters={masked}
2025-04-15 21:07:29,133 DEBUG [http-nio-63040-exec-9][AbstractHandlerMapping.java:415] - Mapped to com.xuecheng.content.api.CourseBaseInfoController#list(PageParams, QueryCourseParamsDto)
2025-04-15 21:07:29,133 DEBUG [http-nio-63040-exec-9][AbstractHandlerMapping.java:415] - Mapped to com.xuecheng.content.api.CourseBaseInfoController#list(PageParams, QueryCourseParamsDto)
2025-04-15 21:07:29,133 DEBUG [http-nio-63040-exec-9][LogFormatUtils.java:91] - Read "application/json;charset=UTF-8" to [QueryCourseParamsDto(auditStatus=, courseName=jav, publishStatus=null)]
2025-04-15 21:07:29,133 DEBUG [http-nio-63040-exec-9][LogFormatUtils.java:91] - Read "application/json;charset=UTF-8" to [QueryCourseParamsDto(auditStatus=, courseName=jav, publishStatus=null)]
2025-04-15 21:07:29,133 DEBUG [http-nio-63040-exec-9][Logger.java:49] - Creating a new SqlSession
2025-04-15 21:07:29,133 DEBUG [http-nio-63040-exec-9][Logger.java:49] - Creating a new SqlSession
2025-04-15 21:07:29,134 DEBUG [http-nio-63040-exec-9][Logger.java:49] - SqlSession [org.apache.ibatis.session.defaults.DefaultSqlSession@229713f9] was not registered for synchronization because synchronization is not active
2025-04-15 21:07:29,134 DEBUG [http-nio-63040-exec-9][Logger.java:49] - SqlSession [org.apache.ibatis.session.defaults.DefaultSqlSession@229713f9] was not registered for synchronization because synchronization is not active
2025-04-15 21:07:29,136 DEBUG [http-nio-63040-exec-9][DataSourceUtils.java:115] - Fetching JDBC Connection from DataSource
2025-04-15 21:07:29,136 DEBUG [http-nio-63040-exec-9][DataSourceUtils.java:115] - Fetching JDBC Connection from DataSource
2025-04-15 21:07:29,138 DEBUG [http-nio-63040-exec-9][Logger.java:49] - JDBC Connection [HikariProxyConnection@1452698427 wrapping com.mysql.cj.jdbc.ConnectionImpl@742f0ad9] will not be managed by Spring
2025-04-15 21:07:29,138 DEBUG [http-nio-63040-exec-9][Logger.java:49] - JDBC Connection [HikariProxyConnection@1452698427 wrapping com.mysql.cj.jdbc.ConnectionImpl@742f0ad9] will not be managed by Spring
2025-04-15 21:07:29,138 DEBUG [http-nio-63040-exec-9][BaseJdbcLogger.java:137] - ==>  Preparing: SELECT COUNT(*) FROM course_base WHERE (name LIKE ?)
2025-04-15 21:07:29,138 DEBUG [http-nio-63040-exec-9][BaseJdbcLogger.java:137] - ==>  Preparing: SELECT COUNT(*) FROM course_base WHERE (name LIKE ?)
2025-04-15 21:07:29,138 DEBUG [http-nio-63040-exec-9][BaseJdbcLogger.java:137] - ==> Parameters: %jav%(String)
2025-04-15 21:07:29,138 DEBUG [http-nio-63040-exec-9][BaseJdbcLogger.java:137] - ==> Parameters: %jav%(String)
2025-04-15 21:07:29,140 DEBUG [http-nio-63040-exec-9][BaseJdbcLogger.java:137] - <==      Total: 1
2025-04-15 21:07:29,140 DEBUG [http-nio-63040-exec-9][BaseJdbcLogger.java:137] - <==      Total: 1
2025-04-15 21:07:29,141 DEBUG [http-nio-63040-exec-9][BaseJdbcLogger.java:137] - ==>  Preparing: SELECT id,company_id,company_name,name,users,tags,mt,st,grade,teachmode,description,pic,create_date,change_date,create_people,change_people,audit_status,status FROM course_base WHERE (name LIKE ?) LIMIT ?
2025-04-15 21:07:29,141 DEBUG [http-nio-63040-exec-9][BaseJdbcLogger.java:137] - ==>  Preparing: SELECT id,company_id,company_name,name,users,tags,mt,st,grade,teachmode,description,pic,create_date,change_date,create_people,change_people,audit_status,status FROM course_base WHERE (name LIKE ?) LIMIT ?
2025-04-15 21:07:29,141 DEBUG [http-nio-63040-exec-9][BaseJdbcLogger.java:137] - ==> Parameters: %jav%(String), 10(Long)
2025-04-15 21:07:29,141 DEBUG [http-nio-63040-exec-9][BaseJdbcLogger.java:137] - ==> Parameters: %jav%(String), 10(Long)
2025-04-15 21:07:29,147 DEBUG [http-nio-63040-exec-9][BaseJdbcLogger.java:137] - <==      Total: 7
2025-04-15 21:07:29,147 DEBUG [http-nio-63040-exec-9][BaseJdbcLogger.java:137] - <==      Total: 7
2025-04-15 21:07:29,147 DEBUG [http-nio-63040-exec-9][Logger.java:49] - Closing non transactional SqlSession [org.apache.ibatis.session.defaults.DefaultSqlSession@229713f9]
2025-04-15 21:07:29,147 DEBUG [http-nio-63040-exec-9][Logger.java:49] - Closing non transactional SqlSession [org.apache.ibatis.session.defaults.DefaultSqlSession@229713f9]
2025-04-15 21:07:29,148 DEBUG [http-nio-63040-exec-9][AbstractMessageConverterMethodProcessor.java:255] - Using 'application/json', given [application/json, text/plain, */*] and supported [application/json, application/*+json, application/json, application/*+json]
2025-04-15 21:07:29,148 DEBUG [http-nio-63040-exec-9][AbstractMessageConverterMethodProcessor.java:255] - Using 'application/json', given [application/json, text/plain, */*] and supported [application/json, application/*+json, application/json, application/*+json]
2025-04-15 21:07:29,148 DEBUG [http-nio-63040-exec-9][LogFormatUtils.java:91] - Writing [PageResult(items=[CourseBase(id=1, companyId=1232141425, companyName=, name=JAVA8/9/10新特性讲解, users=j (truncated)...]
2025-04-15 21:07:29,148 DEBUG [http-nio-63040-exec-9][LogFormatUtils.java:91] - Writing [PageResult(items=[CourseBase(id=1, companyId=1232141425, companyName=, name=JAVA8/9/10新特性讲解, users=j (truncated)...]
2025-04-15 21:07:29,148 DEBUG [http-nio-63040-exec-9][FrameworkServlet.java:1131] - Completed 200 OK
2025-04-15 21:07:29,148 DEBUG [http-nio-63040-exec-9][FrameworkServlet.java:1131] - Completed 200 OK
2025-04-15 21:07:29,207 DEBUG [http-nio-63040-exec-10][LogFormatUtils.java:91] - POST "/content/course/list?pageNo=1&pageSize=10", parameters={masked}
2025-04-15 21:07:29,207 DEBUG [http-nio-63040-exec-10][LogFormatUtils.java:91] - POST "/content/course/list?pageNo=1&pageSize=10", parameters={masked}
2025-04-15 21:07:29,208 DEBUG [http-nio-63040-exec-10][AbstractHandlerMapping.java:415] - Mapped to com.xuecheng.content.api.CourseBaseInfoController#list(PageParams, QueryCourseParamsDto)
2025-04-15 21:07:29,208 DEBUG [http-nio-63040-exec-10][AbstractHandlerMapping.java:415] - Mapped to com.xuecheng.content.api.CourseBaseInfoController#list(PageParams, QueryCourseParamsDto)
2025-04-15 21:07:29,208 DEBUG [http-nio-63040-exec-10][LogFormatUtils.java:91] - Read "application/json;charset=UTF-8" to [QueryCourseParamsDto(auditStatus=, courseName=java, publishStatus=null)]
2025-04-15 21:07:29,208 DEBUG [http-nio-63040-exec-10][LogFormatUtils.java:91] - Read "application/json;charset=UTF-8" to [QueryCourseParamsDto(auditStatus=, courseName=java, publishStatus=null)]
2025-04-15 21:07:29,208 DEBUG [http-nio-63040-exec-10][Logger.java:49] - Creating a new SqlSession
2025-04-15 21:07:29,208 DEBUG [http-nio-63040-exec-10][Logger.java:49] - Creating a new SqlSession
2025-04-15 21:07:29,210 DEBUG [http-nio-63040-exec-10][Logger.java:49] - SqlSession [org.apache.ibatis.session.defaults.DefaultSqlSession@7d5e0005] was not registered for synchronization because synchronization is not active
2025-04-15 21:07:29,210 DEBUG [http-nio-63040-exec-10][Logger.java:49] - SqlSession [org.apache.ibatis.session.defaults.DefaultSqlSession@7d5e0005] was not registered for synchronization because synchronization is not active
2025-04-15 21:07:29,211 DEBUG [http-nio-63040-exec-10][DataSourceUtils.java:115] - Fetching JDBC Connection from DataSource
2025-04-15 21:07:29,211 DEBUG [http-nio-63040-exec-10][DataSourceUtils.java:115] - Fetching JDBC Connection from DataSource
2025-04-15 21:07:29,212 DEBUG [http-nio-63040-exec-10][Logger.java:49] - JDBC Connection [HikariProxyConnection@136302627 wrapping com.mysql.cj.jdbc.ConnectionImpl@742f0ad9] will not be managed by Spring
2025-04-15 21:07:29,212 DEBUG [http-nio-63040-exec-10][Logger.java:49] - JDBC Connection [HikariProxyConnection@136302627 wrapping com.mysql.cj.jdbc.ConnectionImpl@742f0ad9] will not be managed by Spring
2025-04-15 21:07:29,213 DEBUG [http-nio-63040-exec-10][BaseJdbcLogger.java:137] - ==>  Preparing: SELECT COUNT(*) FROM course_base WHERE (name LIKE ?)
2025-04-15 21:07:29,213 DEBUG [http-nio-63040-exec-10][BaseJdbcLogger.java:137] - ==>  Preparing: SELECT COUNT(*) FROM course_base WHERE (name LIKE ?)
2025-04-15 21:07:29,213 DEBUG [http-nio-63040-exec-10][BaseJdbcLogger.java:137] - ==> Parameters: %java%(String)
2025-04-15 21:07:29,213 DEBUG [http-nio-63040-exec-10][BaseJdbcLogger.java:137] - ==> Parameters: %java%(String)
2025-04-15 21:07:29,215 DEBUG [http-nio-63040-exec-10][BaseJdbcLogger.java:137] - <==      Total: 1
2025-04-15 21:07:29,215 DEBUG [http-nio-63040-exec-10][BaseJdbcLogger.java:137] - <==      Total: 1
2025-04-15 21:07:29,216 DEBUG [http-nio-63040-exec-10][BaseJdbcLogger.java:137] - ==>  Preparing: SELECT id,company_id,company_name,name,users,tags,mt,st,grade,teachmode,description,pic,create_date,change_date,create_people,change_people,audit_status,status FROM course_base WHERE (name LIKE ?) LIMIT ?
2025-04-15 21:07:29,216 DEBUG [http-nio-63040-exec-10][BaseJdbcLogger.java:137] - ==>  Preparing: SELECT id,company_id,company_name,name,users,tags,mt,st,grade,teachmode,description,pic,create_date,change_date,create_people,change_people,audit_status,status FROM course_base WHERE (name LIKE ?) LIMIT ?
2025-04-15 21:07:29,217 DEBUG [http-nio-63040-exec-10][BaseJdbcLogger.java:137] - ==> Parameters: %java%(String), 10(Long)
2025-04-15 21:07:29,217 DEBUG [http-nio-63040-exec-10][BaseJdbcLogger.java:137] - ==> Parameters: %java%(String), 10(Long)
2025-04-15 21:07:29,220 DEBUG [http-nio-63040-exec-10][BaseJdbcLogger.java:137] - <==      Total: 7
2025-04-15 21:07:29,220 DEBUG [http-nio-63040-exec-10][BaseJdbcLogger.java:137] - <==      Total: 7
2025-04-15 21:07:29,221 DEBUG [http-nio-63040-exec-10][Logger.java:49] - Closing non transactional SqlSession [org.apache.ibatis.session.defaults.DefaultSqlSession@7d5e0005]
2025-04-15 21:07:29,221 DEBUG [http-nio-63040-exec-10][Logger.java:49] - Closing non transactional SqlSession [org.apache.ibatis.session.defaults.DefaultSqlSession@7d5e0005]
2025-04-15 21:07:29,221 DEBUG [http-nio-63040-exec-10][AbstractMessageConverterMethodProcessor.java:255] - Using 'application/json', given [application/json, text/plain, */*] and supported [application/json, application/*+json, application/json, application/*+json]
2025-04-15 21:07:29,221 DEBUG [http-nio-63040-exec-10][AbstractMessageConverterMethodProcessor.java:255] - Using 'application/json', given [application/json, text/plain, */*] and supported [application/json, application/*+json, application/json, application/*+json]
2025-04-15 21:07:29,222 DEBUG [http-nio-63040-exec-10][LogFormatUtils.java:91] - Writing [PageResult(items=[CourseBase(id=1, companyId=1232141425, companyName=, name=JAVA8/9/10新特性讲解, users=j (truncated)...]
2025-04-15 21:07:29,222 DEBUG [http-nio-63040-exec-10][LogFormatUtils.java:91] - Writing [PageResult(items=[CourseBase(id=1, companyId=1232141425, companyName=, name=JAVA8/9/10新特性讲解, users=j (truncated)...]
2025-04-15 21:07:29,222 DEBUG [http-nio-63040-exec-10][FrameworkServlet.java:1131] - Completed 200 OK
2025-04-15 21:07:29,222 DEBUG [http-nio-63040-exec-10][FrameworkServlet.java:1131] - Completed 200 OK
2025-04-15 21:07:31,444 DEBUG [http-nio-63040-exec-1][LogFormatUtils.java:91] - GET "/content/course-category/tree-nodes", parameters={}
2025-04-15 21:07:31,444 DEBUG [http-nio-63040-exec-1][LogFormatUtils.java:91] - GET "/content/course-category/tree-nodes", parameters={}
2025-04-15 21:07:31,445 DEBUG [http-nio-63040-exec-1][AbstractHandlerMapping.java:415] - Mapped to com.xuecheng.content.api.CourseCategotyController#queryTreeNodes()
2025-04-15 21:07:31,445 DEBUG [http-nio-63040-exec-1][AbstractHandlerMapping.java:415] - Mapped to com.xuecheng.content.api.CourseCategotyController#queryTreeNodes()
2025-04-15 21:07:31,446 DEBUG [http-nio-63040-exec-1][Logger.java:49] - Creating a new SqlSession
2025-04-15 21:07:31,446 DEBUG [http-nio-63040-exec-1][Logger.java:49] - Creating a new SqlSession
2025-04-15 21:07:31,447 DEBUG [http-nio-63040-exec-1][Logger.java:49] - SqlSession [org.apache.ibatis.session.defaults.DefaultSqlSession@2a7403e] was not registered for synchronization because synchronization is not active
2025-04-15 21:07:31,447 DEBUG [http-nio-63040-exec-1][Logger.java:49] - SqlSession [org.apache.ibatis.session.defaults.DefaultSqlSession@2a7403e] was not registered for synchronization because synchronization is not active
2025-04-15 21:07:31,447 DEBUG [http-nio-63040-exec-1][DataSourceUtils.java:115] - Fetching JDBC Connection from DataSource
2025-04-15 21:07:31,447 DEBUG [http-nio-63040-exec-1][DataSourceUtils.java:115] - Fetching JDBC Connection from DataSource
2025-04-15 21:07:31,448 DEBUG [http-nio-63040-exec-1][Logger.java:49] - JDBC Connection [HikariProxyConnection@688214398 wrapping com.mysql.cj.jdbc.ConnectionImpl@742f0ad9] will not be managed by Spring
2025-04-15 21:07:31,448 DEBUG [http-nio-63040-exec-1][Logger.java:49] - JDBC Connection [HikariProxyConnection@688214398 wrapping com.mysql.cj.jdbc.ConnectionImpl@742f0ad9] will not be managed by Spring
2025-04-15 21:07:31,448 DEBUG [http-nio-63040-exec-1][BaseJdbcLogger.java:137] - ==>  Preparing: with recursive t1 as( select * from course_category p where id = ? union all select t.* from course_category t join t1 on t1.id=t.parentid ) select * from t1 order by t1.id,t1.orderby
2025-04-15 21:07:31,448 DEBUG [http-nio-63040-exec-1][BaseJdbcLogger.java:137] - ==>  Preparing: with recursive t1 as( select * from course_category p where id = ? union all select t.* from course_category t join t1 on t1.id=t.parentid ) select * from t1 order by t1.id,t1.orderby
2025-04-15 21:07:31,449 DEBUG [http-nio-63040-exec-1][BaseJdbcLogger.java:137] - ==> Parameters: 1(String)
2025-04-15 21:07:31,449 DEBUG [http-nio-63040-exec-1][BaseJdbcLogger.java:137] - ==> Parameters: 1(String)
2025-04-15 21:07:31,455 DEBUG [http-nio-63040-exec-1][BaseJdbcLogger.java:137] - <==      Total: 144
2025-04-15 21:07:31,455 DEBUG [http-nio-63040-exec-1][BaseJdbcLogger.java:137] - <==      Total: 144
2025-04-15 21:07:31,456 DEBUG [http-nio-63040-exec-1][Logger.java:49] - Closing non transactional SqlSession [org.apache.ibatis.session.defaults.DefaultSqlSession@2a7403e]
2025-04-15 21:07:31,456 DEBUG [http-nio-63040-exec-1][Logger.java:49] - Closing non transactional SqlSession [org.apache.ibatis.session.defaults.DefaultSqlSession@2a7403e]
2025-04-15 21:07:31,458 DEBUG [http-nio-63040-exec-1][AbstractMessageConverterMethodProcessor.java:255] - Using 'application/json', given [application/json, text/plain, */*] and supported [application/json, application/*+json, application/json, application/*+json]
2025-04-15 21:07:31,458 DEBUG [http-nio-63040-exec-1][AbstractMessageConverterMethodProcessor.java:255] - Using 'application/json', given [application/json, text/plain, */*] and supported [application/json, application/*+json, application/json, application/*+json]
2025-04-15 21:07:31,458 DEBUG [http-nio-63040-exec-1][LogFormatUtils.java:91] - Writing [[CourseCategoryTreeDto(childrenTreeNodes=[CourseCategoryTreeDto(childrenTreeNodes=null), CourseCateg (truncated)...]
2025-04-15 21:07:31,458 DEBUG [http-nio-63040-exec-1][LogFormatUtils.java:91] - Writing [[CourseCategoryTreeDto(childrenTreeNodes=[CourseCategoryTreeDto(childrenTreeNodes=null), CourseCateg (truncated)...]
2025-04-15 21:07:31,463 DEBUG [http-nio-63040-exec-1][FrameworkServlet.java:1131] - Completed 200 OK
2025-04-15 21:07:31,463 DEBUG [http-nio-63040-exec-1][FrameworkServlet.java:1131] - Completed 200 OK
2025-04-15 21:07:31,617 DEBUG [http-nio-63040-exec-2][LogFormatUtils.java:91] - GET "/content/course/127", parameters={}
2025-04-15 21:07:31,617 DEBUG [http-nio-63040-exec-2][LogFormatUtils.java:91] - GET "/content/course/127", parameters={}
2025-04-15 21:07:31,619 DEBUG [http-nio-63040-exec-2][AbstractHandlerMapping.java:415] - Mapped to ResourceHttpRequestHandler ["classpath:/META-INF/resources/", "classpath:/resources/", "classpath:/static/", "classpath:/public/", "/"]
2025-04-15 21:07:31,619 DEBUG [http-nio-63040-exec-2][AbstractHandlerMapping.java:415] - Mapped to ResourceHttpRequestHandler ["classpath:/META-INF/resources/", "classpath:/resources/", "classpath:/static/", "classpath:/public/", "/"]
2025-04-15 21:07:31,647 DEBUG [http-nio-63040-exec-2][ResourceHttpRequestHandler.java:487] - Resource not found
2025-04-15 21:07:31,647 DEBUG [http-nio-63040-exec-2][ResourceHttpRequestHandler.java:487] - Resource not found
2025-04-15 21:07:31,647 DEBUG [http-nio-63040-exec-2][FrameworkServlet.java:1131] - Completed 404 NOT_FOUND
2025-04-15 21:07:31,647 DEBUG [http-nio-63040-exec-2][FrameworkServlet.java:1131] - Completed 404 NOT_FOUND
2025-04-15 21:07:31,647 DEBUG [http-nio-63040-exec-2][LogFormatUtils.java:91] - "ERROR" dispatch for GET "/content/error", parameters={}
2025-04-15 21:07:31,647 DEBUG [http-nio-63040-exec-2][LogFormatUtils.java:91] - "ERROR" dispatch for GET "/content/error", parameters={}
2025-04-15 21:07:31,647 DEBUG [http-nio-63040-exec-2][AbstractHandlerMapping.java:415] - Mapped to org.springframework.boot.autoconfigure.web.servlet.error.BasicErrorController#error(HttpServletRequest)
2025-04-15 21:07:31,647 DEBUG [http-nio-63040-exec-2][AbstractHandlerMapping.java:415] - Mapped to org.springframework.boot.autoconfigure.web.servlet.error.BasicErrorController#error(HttpServletRequest)
2025-04-15 21:07:31,648 DEBUG [http-nio-63040-exec-2][AbstractMessageConverterMethodProcessor.java:255] - Using 'application/json', given [application/json, text/plain, */*] and supported [application/json, application/*+json, application/json, application/*+json]
2025-04-15 21:07:31,648 DEBUG [http-nio-63040-exec-2][AbstractMessageConverterMethodProcessor.java:255] - Using 'application/json', given [application/json, text/plain, */*] and supported [application/json, application/*+json, application/json, application/*+json]
2025-04-15 21:07:31,648 DEBUG [http-nio-63040-exec-2][LogFormatUtils.java:91] - Writing [{timestamp=Tue Apr 15 21:07:31 CST 2025, status=404, error=Not Found, message=, path=/content/course (truncated)...]
2025-04-15 21:07:31,648 DEBUG [http-nio-63040-exec-2][LogFormatUtils.java:91] - Writing [{timestamp=Tue Apr 15 21:07:31 CST 2025, status=404, error=Not Found, message=, path=/content/course (truncated)...]
2025-04-15 21:07:31,648 DEBUG [http-nio-63040-exec-2][FrameworkServlet.java:1127] - Exiting from "ERROR" dispatch, status 404
2025-04-15 21:07:31,648 DEBUG [http-nio-63040-exec-2][FrameworkServlet.java:1127] - Exiting from "ERROR" dispatch, status 404
2025-04-15 21:07:32,566 DEBUG [HikariPool-1 housekeeper][HikariPool.java:421] - HikariPool-1 - Pool stats (total=10, active=0, idle=10, waiting=0)
2025-04-15 21:07:32,566 DEBUG [HikariPool-1 housekeeper][HikariPool.java:421] - HikariPool-1 - Pool stats (total=10, active=0, idle=10, waiting=0)
2025-04-15 21:07:32,566 DEBUG [HikariPool-1 housekeeper][HikariPool.java:517] - HikariPool-1 - Fill pool skipped, pool is at sufficient level.
2025-04-15 21:07:32,566 DEBUG [HikariPool-1 housekeeper][HikariPool.java:517] - HikariPool-1 - Fill pool skipped, pool is at sufficient level.
2025-04-15 21:07:33,270 DEBUG [HikariPool-1 housekeeper][HikariPool.java:421] - HikariPool-1 - Pool stats (total=10, active=0, idle=10, waiting=0)
2025-04-15 21:07:33,270 DEBUG [HikariPool-1 housekeeper][HikariPool.java:421] - HikariPool-1 - Pool stats (total=10, active=0, idle=10, waiting=0)
2025-04-15 21:07:33,270 DEBUG [HikariPool-1 housekeeper][HikariPool.java:517] - HikariPool-1 - Fill pool skipped, pool is at sufficient level.
2025-04-15 21:07:33,270 DEBUG [HikariPool-1 housekeeper][HikariPool.java:517] - HikariPool-1 - Fill pool skipped, pool is at sufficient level.
2025-04-15 21:07:34,410 DEBUG [http-nio-63040-exec-3][LogFormatUtils.java:91] - POST "/content/course/list?pageNo=1&pageSize=10", parameters={masked}
2025-04-15 21:07:34,410 DEBUG [http-nio-63040-exec-3][LogFormatUtils.java:91] - POST "/content/course/list?pageNo=1&pageSize=10", parameters={masked}
2025-04-15 21:07:34,411 DEBUG [http-nio-63040-exec-3][AbstractHandlerMapping.java:415] - Mapped to com.xuecheng.content.api.CourseBaseInfoController#list(PageParams, QueryCourseParamsDto)
2025-04-15 21:07:34,411 DEBUG [http-nio-63040-exec-3][AbstractHandlerMapping.java:415] - Mapped to com.xuecheng.content.api.CourseBaseInfoController#list(PageParams, QueryCourseParamsDto)
2025-04-15 21:07:34,412 DEBUG [http-nio-63040-exec-3][LogFormatUtils.java:91] - Read "application/json;charset=UTF-8" to [QueryCourseParamsDto(auditStatus=, courseName=, publishStatus=null)]
2025-04-15 21:07:34,412 DEBUG [http-nio-63040-exec-3][LogFormatUtils.java:91] - Read "application/json;charset=UTF-8" to [QueryCourseParamsDto(auditStatus=, courseName=, publishStatus=null)]
2025-04-15 21:07:34,413 DEBUG [http-nio-63040-exec-3][Logger.java:49] - Creating a new SqlSession
2025-04-15 21:07:34,413 DEBUG [http-nio-63040-exec-3][Logger.java:49] - Creating a new SqlSession
2025-04-15 21:07:34,413 DEBUG [http-nio-63040-exec-3][Logger.java:49] - SqlSession [org.apache.ibatis.session.defaults.DefaultSqlSession@ab09ab3] was not registered for synchronization because synchronization is not active
2025-04-15 21:07:34,413 DEBUG [http-nio-63040-exec-3][Logger.java:49] - SqlSession [org.apache.ibatis.session.defaults.DefaultSqlSession@ab09ab3] was not registered for synchronization because synchronization is not active
2025-04-15 21:07:34,415 DEBUG [http-nio-63040-exec-3][DataSourceUtils.java:115] - Fetching JDBC Connection from DataSource
2025-04-15 21:07:34,415 DEBUG [http-nio-63040-exec-3][DataSourceUtils.java:115] - Fetching JDBC Connection from DataSource
2025-04-15 21:07:34,417 DEBUG [http-nio-63040-exec-3][Logger.java:49] - JDBC Connection [HikariProxyConnection@894451372 wrapping com.mysql.cj.jdbc.ConnectionImpl@742f0ad9] will not be managed by Spring
2025-04-15 21:07:34,417 DEBUG [http-nio-63040-exec-3][Logger.java:49] - JDBC Connection [HikariProxyConnection@894451372 wrapping com.mysql.cj.jdbc.ConnectionImpl@742f0ad9] will not be managed by Spring
2025-04-15 21:07:34,417 DEBUG [http-nio-63040-exec-3][BaseJdbcLogger.java:137] - ==>  Preparing: SELECT COUNT(*) FROM course_base
2025-04-15 21:07:34,417 DEBUG [http-nio-63040-exec-3][BaseJdbcLogger.java:137] - ==>  Preparing: SELECT COUNT(*) FROM course_base
2025-04-15 21:07:34,418 DEBUG [http-nio-63040-exec-3][BaseJdbcLogger.java:137] - ==> Parameters: 
2025-04-15 21:07:34,418 DEBUG [http-nio-63040-exec-3][BaseJdbcLogger.java:137] - ==> Parameters: 
2025-04-15 21:07:34,422 DEBUG [http-nio-63040-exec-3][BaseJdbcLogger.java:137] - <==      Total: 1
2025-04-15 21:07:34,422 DEBUG [http-nio-63040-exec-3][BaseJdbcLogger.java:137] - <==      Total: 1
2025-04-15 21:07:34,423 DEBUG [http-nio-63040-exec-3][BaseJdbcLogger.java:137] - ==>  Preparing: SELECT id,company_id,company_name,name,users,tags,mt,st,grade,teachmode,description,pic,create_date,change_date,create_people,change_people,audit_status,status FROM course_base LIMIT ?
2025-04-15 21:07:34,423 DEBUG [http-nio-63040-exec-3][BaseJdbcLogger.java:137] - ==>  Preparing: SELECT id,company_id,company_name,name,users,tags,mt,st,grade,teachmode,description,pic,create_date,change_date,create_people,change_people,audit_status,status FROM course_base LIMIT ?
2025-04-15 21:07:34,424 DEBUG [http-nio-63040-exec-3][BaseJdbcLogger.java:137] - ==> Parameters: 10(Long)
2025-04-15 21:07:34,424 DEBUG [http-nio-63040-exec-3][BaseJdbcLogger.java:137] - ==> Parameters: 10(Long)
2025-04-15 21:07:34,426 DEBUG [http-nio-63040-exec-3][BaseJdbcLogger.java:137] - <==      Total: 10
2025-04-15 21:07:34,426 DEBUG [http-nio-63040-exec-3][BaseJdbcLogger.java:137] - <==      Total: 10
2025-04-15 21:07:34,427 DEBUG [http-nio-63040-exec-3][Logger.java:49] - Closing non transactional SqlSession [org.apache.ibatis.session.defaults.DefaultSqlSession@ab09ab3]
2025-04-15 21:07:34,427 DEBUG [http-nio-63040-exec-3][Logger.java:49] - Closing non transactional SqlSession [org.apache.ibatis.session.defaults.DefaultSqlSession@ab09ab3]
2025-04-15 21:07:34,428 DEBUG [http-nio-63040-exec-3][AbstractMessageConverterMethodProcessor.java:255] - Using 'application/json', given [application/json, text/plain, */*] and supported [application/json, application/*+json, application/json, application/*+json]
2025-04-15 21:07:34,428 DEBUG [http-nio-63040-exec-3][AbstractMessageConverterMethodProcessor.java:255] - Using 'application/json', given [application/json, text/plain, */*] and supported [application/json, application/*+json, application/json, application/*+json]
2025-04-15 21:07:34,428 DEBUG [http-nio-63040-exec-3][LogFormatUtils.java:91] - Writing [PageResult(items=[CourseBase(id=1, companyId=1232141425, companyName=, name=JAVA8/9/10新特性讲解, users=j (truncated)...]
2025-04-15 21:07:34,428 DEBUG [http-nio-63040-exec-3][LogFormatUtils.java:91] - Writing [PageResult(items=[CourseBase(id=1, companyId=1232141425, companyName=, name=JAVA8/9/10新特性讲解, users=j (truncated)...]
2025-04-15 21:07:34,430 DEBUG [http-nio-63040-exec-3][FrameworkServlet.java:1131] - Completed 200 OK
2025-04-15 21:07:34,430 DEBUG [http-nio-63040-exec-3][FrameworkServlet.java:1131] - Completed 200 OK
2025-04-15 21:07:39,361 DEBUG [http-nio-63040-exec-4][LogFormatUtils.java:91] - POST "/content/course/list?pageNo=1&pageSize=10", parameters={masked}
2025-04-15 21:07:39,361 DEBUG [http-nio-63040-exec-4][LogFormatUtils.java:91] - POST "/content/course/list?pageNo=1&pageSize=10", parameters={masked}
2025-04-15 21:07:39,361 DEBUG [http-nio-63040-exec-4][AbstractHandlerMapping.java:415] - Mapped to com.xuecheng.content.api.CourseBaseInfoController#list(PageParams, QueryCourseParamsDto)
2025-04-15 21:07:39,361 DEBUG [http-nio-63040-exec-4][AbstractHandlerMapping.java:415] - Mapped to com.xuecheng.content.api.CourseBaseInfoController#list(PageParams, QueryCourseParamsDto)
2025-04-15 21:07:39,362 DEBUG [http-nio-63040-exec-4][LogFormatUtils.java:91] - Read "application/json;charset=UTF-8" to [QueryCourseParamsDto(auditStatus=, courseName=j, publishStatus=null)]
2025-04-15 21:07:39,362 DEBUG [http-nio-63040-exec-4][LogFormatUtils.java:91] - Read "application/json;charset=UTF-8" to [QueryCourseParamsDto(auditStatus=, courseName=j, publishStatus=null)]
2025-04-15 21:07:39,363 DEBUG [http-nio-63040-exec-4][Logger.java:49] - Creating a new SqlSession
2025-04-15 21:07:39,363 DEBUG [http-nio-63040-exec-4][Logger.java:49] - Creating a new SqlSession
2025-04-15 21:07:39,363 DEBUG [http-nio-63040-exec-4][Logger.java:49] - SqlSession [org.apache.ibatis.session.defaults.DefaultSqlSession@26ecd1ff] was not registered for synchronization because synchronization is not active
2025-04-15 21:07:39,363 DEBUG [http-nio-63040-exec-4][Logger.java:49] - SqlSession [org.apache.ibatis.session.defaults.DefaultSqlSession@26ecd1ff] was not registered for synchronization because synchronization is not active
2025-04-15 21:07:39,365 DEBUG [http-nio-63040-exec-4][DataSourceUtils.java:115] - Fetching JDBC Connection from DataSource
2025-04-15 21:07:39,365 DEBUG [http-nio-63040-exec-4][DataSourceUtils.java:115] - Fetching JDBC Connection from DataSource
2025-04-15 21:07:39,367 DEBUG [http-nio-63040-exec-4][Logger.java:49] - JDBC Connection [HikariProxyConnection@723125024 wrapping com.mysql.cj.jdbc.ConnectionImpl@742f0ad9] will not be managed by Spring
2025-04-15 21:07:39,367 DEBUG [http-nio-63040-exec-4][Logger.java:49] - JDBC Connection [HikariProxyConnection@723125024 wrapping com.mysql.cj.jdbc.ConnectionImpl@742f0ad9] will not be managed by Spring
2025-04-15 21:07:39,367 DEBUG [http-nio-63040-exec-4][BaseJdbcLogger.java:137] - ==>  Preparing: SELECT COUNT(*) FROM course_base WHERE (name LIKE ?)
2025-04-15 21:07:39,367 DEBUG [http-nio-63040-exec-4][BaseJdbcLogger.java:137] - ==>  Preparing: SELECT COUNT(*) FROM course_base WHERE (name LIKE ?)
2025-04-15 21:07:39,368 DEBUG [http-nio-63040-exec-4][BaseJdbcLogger.java:137] - ==> Parameters: %j%(String)
2025-04-15 21:07:39,368 DEBUG [http-nio-63040-exec-4][BaseJdbcLogger.java:137] - ==> Parameters: %j%(String)
2025-04-15 21:07:39,370 DEBUG [http-nio-63040-exec-4][BaseJdbcLogger.java:137] - <==      Total: 1
2025-04-15 21:07:39,370 DEBUG [http-nio-63040-exec-4][BaseJdbcLogger.java:137] - <==      Total: 1
2025-04-15 21:07:39,371 DEBUG [http-nio-63040-exec-4][BaseJdbcLogger.java:137] - ==>  Preparing: SELECT id,company_id,company_name,name,users,tags,mt,st,grade,teachmode,description,pic,create_date,change_date,create_people,change_people,audit_status,status FROM course_base WHERE (name LIKE ?) LIMIT ?
2025-04-15 21:07:39,371 DEBUG [http-nio-63040-exec-4][BaseJdbcLogger.java:137] - ==>  Preparing: SELECT id,company_id,company_name,name,users,tags,mt,st,grade,teachmode,description,pic,create_date,change_date,create_people,change_people,audit_status,status FROM course_base WHERE (name LIKE ?) LIMIT ?
2025-04-15 21:07:39,371 DEBUG [http-nio-63040-exec-4][BaseJdbcLogger.java:137] - ==> Parameters: %j%(String), 10(Long)
2025-04-15 21:07:39,371 DEBUG [http-nio-63040-exec-4][BaseJdbcLogger.java:137] - ==> Parameters: %j%(String), 10(Long)
2025-04-15 21:07:39,374 DEBUG [http-nio-63040-exec-4][BaseJdbcLogger.java:137] - <==      Total: 7
2025-04-15 21:07:39,374 DEBUG [http-nio-63040-exec-4][BaseJdbcLogger.java:137] - <==      Total: 7
2025-04-15 21:07:39,374 DEBUG [http-nio-63040-exec-4][Logger.java:49] - Closing non transactional SqlSession [org.apache.ibatis.session.defaults.DefaultSqlSession@26ecd1ff]
2025-04-15 21:07:39,374 DEBUG [http-nio-63040-exec-4][Logger.java:49] - Closing non transactional SqlSession [org.apache.ibatis.session.defaults.DefaultSqlSession@26ecd1ff]
2025-04-15 21:07:39,374 DEBUG [http-nio-63040-exec-4][AbstractMessageConverterMethodProcessor.java:255] - Using 'application/json', given [application/json, text/plain, */*] and supported [application/json, application/*+json, application/json, application/*+json]
2025-04-15 21:07:39,374 DEBUG [http-nio-63040-exec-4][AbstractMessageConverterMethodProcessor.java:255] - Using 'application/json', given [application/json, text/plain, */*] and supported [application/json, application/*+json, application/json, application/*+json]
2025-04-15 21:07:39,375 DEBUG [http-nio-63040-exec-4][LogFormatUtils.java:91] - Writing [PageResult(items=[CourseBase(id=1, companyId=1232141425, companyName=, name=JAVA8/9/10新特性讲解, users=j (truncated)...]
2025-04-15 21:07:39,375 DEBUG [http-nio-63040-exec-4][LogFormatUtils.java:91] - Writing [PageResult(items=[CourseBase(id=1, companyId=1232141425, companyName=, name=JAVA8/9/10新特性讲解, users=j (truncated)...]
2025-04-15 21:07:39,375 DEBUG [http-nio-63040-exec-4][FrameworkServlet.java:1131] - Completed 200 OK
2025-04-15 21:07:39,375 DEBUG [http-nio-63040-exec-4][FrameworkServlet.java:1131] - Completed 200 OK
2025-04-15 21:07:39,767 DEBUG [http-nio-63040-exec-5][LogFormatUtils.java:91] - POST "/content/course/list?pageNo=1&pageSize=10", parameters={masked}
2025-04-15 21:07:39,767 DEBUG [http-nio-63040-exec-5][LogFormatUtils.java:91] - POST "/content/course/list?pageNo=1&pageSize=10", parameters={masked}
2025-04-15 21:07:39,768 DEBUG [http-nio-63040-exec-5][AbstractHandlerMapping.java:415] - Mapped to com.xuecheng.content.api.CourseBaseInfoController#list(PageParams, QueryCourseParamsDto)
2025-04-15 21:07:39,768 DEBUG [http-nio-63040-exec-5][AbstractHandlerMapping.java:415] - Mapped to com.xuecheng.content.api.CourseBaseInfoController#list(PageParams, QueryCourseParamsDto)
2025-04-15 21:07:39,768 DEBUG [http-nio-63040-exec-5][LogFormatUtils.java:91] - Read "application/json;charset=UTF-8" to [QueryCourseParamsDto(auditStatus=, courseName=ja, publishStatus=null)]
2025-04-15 21:07:39,768 DEBUG [http-nio-63040-exec-5][LogFormatUtils.java:91] - Read "application/json;charset=UTF-8" to [QueryCourseParamsDto(auditStatus=, courseName=ja, publishStatus=null)]
2025-04-15 21:07:39,768 DEBUG [http-nio-63040-exec-5][Logger.java:49] - Creating a new SqlSession
2025-04-15 21:07:39,768 DEBUG [http-nio-63040-exec-5][Logger.java:49] - Creating a new SqlSession
2025-04-15 21:07:39,768 DEBUG [http-nio-63040-exec-5][Logger.java:49] - SqlSession [org.apache.ibatis.session.defaults.DefaultSqlSession@b6714b5] was not registered for synchronization because synchronization is not active
2025-04-15 21:07:39,768 DEBUG [http-nio-63040-exec-5][Logger.java:49] - SqlSession [org.apache.ibatis.session.defaults.DefaultSqlSession@b6714b5] was not registered for synchronization because synchronization is not active
2025-04-15 21:07:39,771 DEBUG [http-nio-63040-exec-5][DataSourceUtils.java:115] - Fetching JDBC Connection from DataSource
2025-04-15 21:07:39,771 DEBUG [http-nio-63040-exec-5][DataSourceUtils.java:115] - Fetching JDBC Connection from DataSource
2025-04-15 21:07:39,771 DEBUG [http-nio-63040-exec-5][Logger.java:49] - JDBC Connection [HikariProxyConnection@946402181 wrapping com.mysql.cj.jdbc.ConnectionImpl@742f0ad9] will not be managed by Spring
2025-04-15 21:07:39,771 DEBUG [http-nio-63040-exec-5][Logger.java:49] - JDBC Connection [HikariProxyConnection@946402181 wrapping com.mysql.cj.jdbc.ConnectionImpl@742f0ad9] will not be managed by Spring
2025-04-15 21:07:39,771 DEBUG [http-nio-63040-exec-5][BaseJdbcLogger.java:137] - ==>  Preparing: SELECT COUNT(*) FROM course_base WHERE (name LIKE ?)
2025-04-15 21:07:39,771 DEBUG [http-nio-63040-exec-5][BaseJdbcLogger.java:137] - ==>  Preparing: SELECT COUNT(*) FROM course_base WHERE (name LIKE ?)
2025-04-15 21:07:39,771 DEBUG [http-nio-63040-exec-5][BaseJdbcLogger.java:137] - ==> Parameters: %ja%(String)
2025-04-15 21:07:39,771 DEBUG [http-nio-63040-exec-5][BaseJdbcLogger.java:137] - ==> Parameters: %ja%(String)
2025-04-15 21:07:39,773 DEBUG [http-nio-63040-exec-5][BaseJdbcLogger.java:137] - <==      Total: 1
2025-04-15 21:07:39,773 DEBUG [http-nio-63040-exec-5][BaseJdbcLogger.java:137] - <==      Total: 1
2025-04-15 21:07:39,773 DEBUG [http-nio-63040-exec-5][BaseJdbcLogger.java:137] - ==>  Preparing: SELECT id,company_id,company_name,name,users,tags,mt,st,grade,teachmode,description,pic,create_date,change_date,create_people,change_people,audit_status,status FROM course_base WHERE (name LIKE ?) LIMIT ?
2025-04-15 21:07:39,773 DEBUG [http-nio-63040-exec-5][BaseJdbcLogger.java:137] - ==>  Preparing: SELECT id,company_id,company_name,name,users,tags,mt,st,grade,teachmode,description,pic,create_date,change_date,create_people,change_people,audit_status,status FROM course_base WHERE (name LIKE ?) LIMIT ?
2025-04-15 21:07:39,774 DEBUG [http-nio-63040-exec-5][BaseJdbcLogger.java:137] - ==> Parameters: %ja%(String), 10(Long)
2025-04-15 21:07:39,774 DEBUG [http-nio-63040-exec-5][BaseJdbcLogger.java:137] - ==> Parameters: %ja%(String), 10(Long)
2025-04-15 21:07:39,776 DEBUG [http-nio-63040-exec-5][BaseJdbcLogger.java:137] - <==      Total: 7
2025-04-15 21:07:39,776 DEBUG [http-nio-63040-exec-5][BaseJdbcLogger.java:137] - <==      Total: 7
2025-04-15 21:07:39,777 DEBUG [http-nio-63040-exec-5][Logger.java:49] - Closing non transactional SqlSession [org.apache.ibatis.session.defaults.DefaultSqlSession@b6714b5]
2025-04-15 21:07:39,777 DEBUG [http-nio-63040-exec-5][Logger.java:49] - Closing non transactional SqlSession [org.apache.ibatis.session.defaults.DefaultSqlSession@b6714b5]
2025-04-15 21:07:39,777 DEBUG [http-nio-63040-exec-5][AbstractMessageConverterMethodProcessor.java:255] - Using 'application/json', given [application/json, text/plain, */*] and supported [application/json, application/*+json, application/json, application/*+json]
2025-04-15 21:07:39,777 DEBUG [http-nio-63040-exec-5][AbstractMessageConverterMethodProcessor.java:255] - Using 'application/json', given [application/json, text/plain, */*] and supported [application/json, application/*+json, application/json, application/*+json]
2025-04-15 21:07:39,778 DEBUG [http-nio-63040-exec-5][LogFormatUtils.java:91] - Writing [PageResult(items=[CourseBase(id=1, companyId=1232141425, companyName=, name=JAVA8/9/10新特性讲解, users=j (truncated)...]
2025-04-15 21:07:39,778 DEBUG [http-nio-63040-exec-5][LogFormatUtils.java:91] - Writing [PageResult(items=[CourseBase(id=1, companyId=1232141425, companyName=, name=JAVA8/9/10新特性讲解, users=j (truncated)...]
2025-04-15 21:07:39,779 DEBUG [http-nio-63040-exec-5][FrameworkServlet.java:1131] - Completed 200 OK
2025-04-15 21:07:39,779 DEBUG [http-nio-63040-exec-5][FrameworkServlet.java:1131] - Completed 200 OK
2025-04-15 21:07:39,985 DEBUG [http-nio-63040-exec-6][LogFormatUtils.java:91] - POST "/content/course/list?pageNo=1&pageSize=10", parameters={masked}
2025-04-15 21:07:39,985 DEBUG [http-nio-63040-exec-6][LogFormatUtils.java:91] - POST "/content/course/list?pageNo=1&pageSize=10", parameters={masked}
2025-04-15 21:07:39,986 DEBUG [http-nio-63040-exec-6][AbstractHandlerMapping.java:415] - Mapped to com.xuecheng.content.api.CourseBaseInfoController#list(PageParams, QueryCourseParamsDto)
2025-04-15 21:07:39,986 DEBUG [http-nio-63040-exec-6][AbstractHandlerMapping.java:415] - Mapped to com.xuecheng.content.api.CourseBaseInfoController#list(PageParams, QueryCourseParamsDto)
2025-04-15 21:07:39,986 DEBUG [http-nio-63040-exec-6][LogFormatUtils.java:91] - Read "application/json;charset=UTF-8" to [QueryCourseParamsDto(auditStatus=, courseName=jav, publishStatus=null)]
2025-04-15 21:07:39,986 DEBUG [http-nio-63040-exec-6][LogFormatUtils.java:91] - Read "application/json;charset=UTF-8" to [QueryCourseParamsDto(auditStatus=, courseName=jav, publishStatus=null)]
2025-04-15 21:07:39,987 DEBUG [http-nio-63040-exec-6][Logger.java:49] - Creating a new SqlSession
2025-04-15 21:07:39,987 DEBUG [http-nio-63040-exec-6][Logger.java:49] - Creating a new SqlSession
2025-04-15 21:07:39,987 DEBUG [http-nio-63040-exec-6][Logger.java:49] - SqlSession [org.apache.ibatis.session.defaults.DefaultSqlSession@862b6d6] was not registered for synchronization because synchronization is not active
2025-04-15 21:07:39,987 DEBUG [http-nio-63040-exec-6][Logger.java:49] - SqlSession [org.apache.ibatis.session.defaults.DefaultSqlSession@862b6d6] was not registered for synchronization because synchronization is not active
2025-04-15 21:07:39,988 DEBUG [http-nio-63040-exec-6][DataSourceUtils.java:115] - Fetching JDBC Connection from DataSource
2025-04-15 21:07:39,988 DEBUG [http-nio-63040-exec-6][DataSourceUtils.java:115] - Fetching JDBC Connection from DataSource
2025-04-15 21:07:39,988 DEBUG [http-nio-63040-exec-6][Logger.java:49] - JDBC Connection [HikariProxyConnection@1639546037 wrapping com.mysql.cj.jdbc.ConnectionImpl@742f0ad9] will not be managed by Spring
2025-04-15 21:07:39,988 DEBUG [http-nio-63040-exec-6][Logger.java:49] - JDBC Connection [HikariProxyConnection@1639546037 wrapping com.mysql.cj.jdbc.ConnectionImpl@742f0ad9] will not be managed by Spring
2025-04-15 21:07:39,988 DEBUG [http-nio-63040-exec-6][BaseJdbcLogger.java:137] - ==>  Preparing: SELECT COUNT(*) FROM course_base WHERE (name LIKE ?)
2025-04-15 21:07:39,988 DEBUG [http-nio-63040-exec-6][BaseJdbcLogger.java:137] - ==>  Preparing: SELECT COUNT(*) FROM course_base WHERE (name LIKE ?)
2025-04-15 21:07:39,988 DEBUG [http-nio-63040-exec-6][BaseJdbcLogger.java:137] - ==> Parameters: %jav%(String)
2025-04-15 21:07:39,988 DEBUG [http-nio-63040-exec-6][BaseJdbcLogger.java:137] - ==> Parameters: %jav%(String)
2025-04-15 21:07:39,989 DEBUG [http-nio-63040-exec-6][BaseJdbcLogger.java:137] - <==      Total: 1
2025-04-15 21:07:39,989 DEBUG [http-nio-63040-exec-6][BaseJdbcLogger.java:137] - <==      Total: 1
2025-04-15 21:07:39,989 DEBUG [http-nio-63040-exec-6][BaseJdbcLogger.java:137] - ==>  Preparing: SELECT id,company_id,company_name,name,users,tags,mt,st,grade,teachmode,description,pic,create_date,change_date,create_people,change_people,audit_status,status FROM course_base WHERE (name LIKE ?) LIMIT ?
2025-04-15 21:07:39,989 DEBUG [http-nio-63040-exec-6][BaseJdbcLogger.java:137] - ==>  Preparing: SELECT id,company_id,company_name,name,users,tags,mt,st,grade,teachmode,description,pic,create_date,change_date,create_people,change_people,audit_status,status FROM course_base WHERE (name LIKE ?) LIMIT ?
2025-04-15 21:07:39,990 DEBUG [http-nio-63040-exec-6][BaseJdbcLogger.java:137] - ==> Parameters: %jav%(String), 10(Long)
2025-04-15 21:07:39,990 DEBUG [http-nio-63040-exec-6][BaseJdbcLogger.java:137] - ==> Parameters: %jav%(String), 10(Long)
2025-04-15 21:07:39,992 DEBUG [http-nio-63040-exec-6][BaseJdbcLogger.java:137] - <==      Total: 7
2025-04-15 21:07:39,992 DEBUG [http-nio-63040-exec-6][BaseJdbcLogger.java:137] - <==      Total: 7
2025-04-15 21:07:39,992 DEBUG [http-nio-63040-exec-6][Logger.java:49] - Closing non transactional SqlSession [org.apache.ibatis.session.defaults.DefaultSqlSession@862b6d6]
2025-04-15 21:07:39,992 DEBUG [http-nio-63040-exec-6][Logger.java:49] - Closing non transactional SqlSession [org.apache.ibatis.session.defaults.DefaultSqlSession@862b6d6]
2025-04-15 21:07:39,992 DEBUG [http-nio-63040-exec-6][AbstractMessageConverterMethodProcessor.java:255] - Using 'application/json', given [application/json, text/plain, */*] and supported [application/json, application/*+json, application/json, application/*+json]
2025-04-15 21:07:39,992 DEBUG [http-nio-63040-exec-6][AbstractMessageConverterMethodProcessor.java:255] - Using 'application/json', given [application/json, text/plain, */*] and supported [application/json, application/*+json, application/json, application/*+json]
2025-04-15 21:07:39,992 DEBUG [http-nio-63040-exec-6][LogFormatUtils.java:91] - Writing [PageResult(items=[CourseBase(id=1, companyId=1232141425, companyName=, name=JAVA8/9/10新特性讲解, users=j (truncated)...]
2025-04-15 21:07:39,992 DEBUG [http-nio-63040-exec-6][LogFormatUtils.java:91] - Writing [PageResult(items=[CourseBase(id=1, companyId=1232141425, companyName=, name=JAVA8/9/10新特性讲解, users=j (truncated)...]
2025-04-15 21:07:39,993 DEBUG [http-nio-63040-exec-6][FrameworkServlet.java:1131] - Completed 200 OK
2025-04-15 21:07:39,993 DEBUG [http-nio-63040-exec-6][FrameworkServlet.java:1131] - Completed 200 OK
2025-04-15 21:07:40,032 DEBUG [http-nio-63040-exec-7][LogFormatUtils.java:91] - POST "/content/course/list?pageNo=1&pageSize=10", parameters={masked}
2025-04-15 21:07:40,032 DEBUG [http-nio-63040-exec-7][LogFormatUtils.java:91] - POST "/content/course/list?pageNo=1&pageSize=10", parameters={masked}
2025-04-15 21:07:40,033 DEBUG [http-nio-63040-exec-7][AbstractHandlerMapping.java:415] - Mapped to com.xuecheng.content.api.CourseBaseInfoController#list(PageParams, QueryCourseParamsDto)
2025-04-15 21:07:40,033 DEBUG [http-nio-63040-exec-7][AbstractHandlerMapping.java:415] - Mapped to com.xuecheng.content.api.CourseBaseInfoController#list(PageParams, QueryCourseParamsDto)
2025-04-15 21:07:40,033 DEBUG [http-nio-63040-exec-7][LogFormatUtils.java:91] - Read "application/json;charset=UTF-8" to [QueryCourseParamsDto(auditStatus=, courseName=java, publishStatus=null)]
2025-04-15 21:07:40,033 DEBUG [http-nio-63040-exec-7][LogFormatUtils.java:91] - Read "application/json;charset=UTF-8" to [QueryCourseParamsDto(auditStatus=, courseName=java, publishStatus=null)]
2025-04-15 21:07:40,033 DEBUG [http-nio-63040-exec-7][Logger.java:49] - Creating a new SqlSession
2025-04-15 21:07:40,033 DEBUG [http-nio-63040-exec-7][Logger.java:49] - Creating a new SqlSession
2025-04-15 21:07:40,033 DEBUG [http-nio-63040-exec-7][Logger.java:49] - SqlSession [org.apache.ibatis.session.defaults.DefaultSqlSession@3ebe0cc3] was not registered for synchronization because synchronization is not active
2025-04-15 21:07:40,033 DEBUG [http-nio-63040-exec-7][Logger.java:49] - SqlSession [org.apache.ibatis.session.defaults.DefaultSqlSession@3ebe0cc3] was not registered for synchronization because synchronization is not active
2025-04-15 21:07:40,035 DEBUG [http-nio-63040-exec-7][DataSourceUtils.java:115] - Fetching JDBC Connection from DataSource
2025-04-15 21:07:40,035 DEBUG [http-nio-63040-exec-7][DataSourceUtils.java:115] - Fetching JDBC Connection from DataSource
2025-04-15 21:07:40,035 DEBUG [http-nio-63040-exec-7][Logger.java:49] - JDBC Connection [HikariProxyConnection@1724775684 wrapping com.mysql.cj.jdbc.ConnectionImpl@742f0ad9] will not be managed by Spring
2025-04-15 21:07:40,035 DEBUG [http-nio-63040-exec-7][Logger.java:49] - JDBC Connection [HikariProxyConnection@1724775684 wrapping com.mysql.cj.jdbc.ConnectionImpl@742f0ad9] will not be managed by Spring
2025-04-15 21:07:40,035 DEBUG [http-nio-63040-exec-7][BaseJdbcLogger.java:137] - ==>  Preparing: SELECT COUNT(*) FROM course_base WHERE (name LIKE ?)
2025-04-15 21:07:40,035 DEBUG [http-nio-63040-exec-7][BaseJdbcLogger.java:137] - ==>  Preparing: SELECT COUNT(*) FROM course_base WHERE (name LIKE ?)
2025-04-15 21:07:40,036 DEBUG [http-nio-63040-exec-7][BaseJdbcLogger.java:137] - ==> Parameters: %java%(String)
2025-04-15 21:07:40,036 DEBUG [http-nio-63040-exec-7][BaseJdbcLogger.java:137] - ==> Parameters: %java%(String)
2025-04-15 21:07:40,037 DEBUG [http-nio-63040-exec-7][BaseJdbcLogger.java:137] - <==      Total: 1
2025-04-15 21:07:40,037 DEBUG [http-nio-63040-exec-7][BaseJdbcLogger.java:137] - <==      Total: 1
2025-04-15 21:07:40,038 DEBUG [http-nio-63040-exec-7][BaseJdbcLogger.java:137] - ==>  Preparing: SELECT id,company_id,company_name,name,users,tags,mt,st,grade,teachmode,description,pic,create_date,change_date,create_people,change_people,audit_status,status FROM course_base WHERE (name LIKE ?) LIMIT ?
2025-04-15 21:07:40,038 DEBUG [http-nio-63040-exec-7][BaseJdbcLogger.java:137] - ==>  Preparing: SELECT id,company_id,company_name,name,users,tags,mt,st,grade,teachmode,description,pic,create_date,change_date,create_people,change_people,audit_status,status FROM course_base WHERE (name LIKE ?) LIMIT ?
2025-04-15 21:07:40,038 DEBUG [http-nio-63040-exec-7][BaseJdbcLogger.java:137] - ==> Parameters: %java%(String), 10(Long)
2025-04-15 21:07:40,038 DEBUG [http-nio-63040-exec-7][BaseJdbcLogger.java:137] - ==> Parameters: %java%(String), 10(Long)
2025-04-15 21:07:40,040 DEBUG [http-nio-63040-exec-7][BaseJdbcLogger.java:137] - <==      Total: 7
2025-04-15 21:07:40,040 DEBUG [http-nio-63040-exec-7][BaseJdbcLogger.java:137] - <==      Total: 7
2025-04-15 21:07:40,040 DEBUG [http-nio-63040-exec-7][Logger.java:49] - Closing non transactional SqlSession [org.apache.ibatis.session.defaults.DefaultSqlSession@3ebe0cc3]
2025-04-15 21:07:40,040 DEBUG [http-nio-63040-exec-7][Logger.java:49] - Closing non transactional SqlSession [org.apache.ibatis.session.defaults.DefaultSqlSession@3ebe0cc3]
2025-04-15 21:07:40,040 DEBUG [http-nio-63040-exec-7][AbstractMessageConverterMethodProcessor.java:255] - Using 'application/json', given [application/json, text/plain, */*] and supported [application/json, application/*+json, application/json, application/*+json]
2025-04-15 21:07:40,040 DEBUG [http-nio-63040-exec-7][AbstractMessageConverterMethodProcessor.java:255] - Using 'application/json', given [application/json, text/plain, */*] and supported [application/json, application/*+json, application/json, application/*+json]
2025-04-15 21:07:40,041 DEBUG [http-nio-63040-exec-7][LogFormatUtils.java:91] - Writing [PageResult(items=[CourseBase(id=1, companyId=1232141425, companyName=, name=JAVA8/9/10新特性讲解, users=j (truncated)...]
2025-04-15 21:07:40,041 DEBUG [http-nio-63040-exec-7][LogFormatUtils.java:91] - Writing [PageResult(items=[CourseBase(id=1, companyId=1232141425, companyName=, name=JAVA8/9/10新特性讲解, users=j (truncated)...]
2025-04-15 21:07:40,041 DEBUG [http-nio-63040-exec-7][FrameworkServlet.java:1131] - Completed 200 OK
2025-04-15 21:07:40,041 DEBUG [http-nio-63040-exec-7][FrameworkServlet.java:1131] - Completed 200 OK
2025-04-15 21:08:02,579 DEBUG [HikariPool-1 housekeeper][HikariPool.java:421] - HikariPool-1 - Pool stats (total=10, active=0, idle=10, waiting=0)
2025-04-15 21:08:02,579 DEBUG [HikariPool-1 housekeeper][HikariPool.java:421] - HikariPool-1 - Pool stats (total=10, active=0, idle=10, waiting=0)
2025-04-15 21:08:02,579 DEBUG [HikariPool-1 housekeeper][HikariPool.java:517] - HikariPool-1 - Fill pool skipped, pool is at sufficient level.
2025-04-15 21:08:02,579 DEBUG [HikariPool-1 housekeeper][HikariPool.java:517] - HikariPool-1 - Fill pool skipped, pool is at sufficient level.
2025-04-15 21:08:03,279 DEBUG [HikariPool-1 housekeeper][HikariPool.java:421] - HikariPool-1 - Pool stats (total=10, active=0, idle=10, waiting=0)
2025-04-15 21:08:03,279 DEBUG [HikariPool-1 housekeeper][HikariPool.java:421] - HikariPool-1 - Pool stats (total=10, active=0, idle=10, waiting=0)
2025-04-15 21:08:03,279 DEBUG [HikariPool-1 housekeeper][HikariPool.java:517] - HikariPool-1 - Fill pool skipped, pool is at sufficient level.
2025-04-15 21:08:03,279 DEBUG [HikariPool-1 housekeeper][HikariPool.java:517] - HikariPool-1 - Fill pool skipped, pool is at sufficient level.
2025-04-15 21:08:24,821 DEBUG [http-nio-63040-exec-8][LogFormatUtils.java:91] - GET "/content/course-category/tree-nodes", parameters={}
2025-04-15 21:08:24,821 DEBUG [http-nio-63040-exec-8][LogFormatUtils.java:91] - GET "/content/course-category/tree-nodes", parameters={}
2025-04-15 21:08:24,822 DEBUG [http-nio-63040-exec-8][AbstractHandlerMapping.java:415] - Mapped to com.xuecheng.content.api.CourseCategotyController#queryTreeNodes()
2025-04-15 21:08:24,822 DEBUG [http-nio-63040-exec-8][AbstractHandlerMapping.java:415] - Mapped to com.xuecheng.content.api.CourseCategotyController#queryTreeNodes()
2025-04-15 21:08:24,823 DEBUG [http-nio-63040-exec-8][Logger.java:49] - Creating a new SqlSession
2025-04-15 21:08:24,823 DEBUG [http-nio-63040-exec-8][Logger.java:49] - Creating a new SqlSession
2025-04-15 21:08:24,824 DEBUG [http-nio-63040-exec-8][Logger.java:49] - SqlSession [org.apache.ibatis.session.defaults.DefaultSqlSession@3e8c8cdc] was not registered for synchronization because synchronization is not active
2025-04-15 21:08:24,824 DEBUG [http-nio-63040-exec-8][Logger.java:49] - SqlSession [org.apache.ibatis.session.defaults.DefaultSqlSession@3e8c8cdc] was not registered for synchronization because synchronization is not active
2025-04-15 21:08:24,824 DEBUG [http-nio-63040-exec-8][DataSourceUtils.java:115] - Fetching JDBC Connection from DataSource
2025-04-15 21:08:24,824 DEBUG [http-nio-63040-exec-8][DataSourceUtils.java:115] - Fetching JDBC Connection from DataSource
2025-04-15 21:08:24,827 DEBUG [http-nio-63040-exec-8][Logger.java:49] - JDBC Connection [HikariProxyConnection@1235612590 wrapping com.mysql.cj.jdbc.ConnectionImpl@742f0ad9] will not be managed by Spring
2025-04-15 21:08:24,827 DEBUG [http-nio-63040-exec-8][Logger.java:49] - JDBC Connection [HikariProxyConnection@1235612590 wrapping com.mysql.cj.jdbc.ConnectionImpl@742f0ad9] will not be managed by Spring
2025-04-15 21:08:24,827 DEBUG [http-nio-63040-exec-8][BaseJdbcLogger.java:137] - ==>  Preparing: with recursive t1 as( select * from course_category p where id = ? union all select t.* from course_category t join t1 on t1.id=t.parentid ) select * from t1 order by t1.id,t1.orderby
2025-04-15 21:08:24,827 DEBUG [http-nio-63040-exec-8][BaseJdbcLogger.java:137] - ==>  Preparing: with recursive t1 as( select * from course_category p where id = ? union all select t.* from course_category t join t1 on t1.id=t.parentid ) select * from t1 order by t1.id,t1.orderby
2025-04-15 21:08:24,829 DEBUG [http-nio-63040-exec-8][BaseJdbcLogger.java:137] - ==> Parameters: 1(String)
2025-04-15 21:08:24,829 DEBUG [http-nio-63040-exec-8][BaseJdbcLogger.java:137] - ==> Parameters: 1(String)
2025-04-15 21:08:24,833 DEBUG [http-nio-63040-exec-8][BaseJdbcLogger.java:137] - <==      Total: 144
2025-04-15 21:08:24,833 DEBUG [http-nio-63040-exec-8][BaseJdbcLogger.java:137] - <==      Total: 144
2025-04-15 21:08:24,834 DEBUG [http-nio-63040-exec-8][Logger.java:49] - Closing non transactional SqlSession [org.apache.ibatis.session.defaults.DefaultSqlSession@3e8c8cdc]
2025-04-15 21:08:24,834 DEBUG [http-nio-63040-exec-8][Logger.java:49] - Closing non transactional SqlSession [org.apache.ibatis.session.defaults.DefaultSqlSession@3e8c8cdc]
2025-04-15 21:08:24,835 DEBUG [http-nio-63040-exec-8][AbstractMessageConverterMethodProcessor.java:255] - Using 'application/json', given [application/json, text/plain, */*] and supported [application/json, application/*+json, application/json, application/*+json]
2025-04-15 21:08:24,835 DEBUG [http-nio-63040-exec-8][AbstractMessageConverterMethodProcessor.java:255] - Using 'application/json', given [application/json, text/plain, */*] and supported [application/json, application/*+json, application/json, application/*+json]
2025-04-15 21:08:24,835 DEBUG [http-nio-63040-exec-8][LogFormatUtils.java:91] - Writing [[CourseCategoryTreeDto(childrenTreeNodes=[CourseCategoryTreeDto(childrenTreeNodes=null), CourseCateg (truncated)...]
2025-04-15 21:08:24,835 DEBUG [http-nio-63040-exec-8][LogFormatUtils.java:91] - Writing [[CourseCategoryTreeDto(childrenTreeNodes=[CourseCategoryTreeDto(childrenTreeNodes=null), CourseCateg (truncated)...]
2025-04-15 21:08:24,837 DEBUG [http-nio-63040-exec-8][FrameworkServlet.java:1131] - Completed 200 OK
2025-04-15 21:08:24,837 DEBUG [http-nio-63040-exec-8][FrameworkServlet.java:1131] - Completed 200 OK
2025-04-15 21:08:32,581 DEBUG [HikariPool-1 housekeeper][HikariPool.java:421] - HikariPool-1 - Pool stats (total=10, active=0, idle=10, waiting=0)
2025-04-15 21:08:32,581 DEBUG [HikariPool-1 housekeeper][HikariPool.java:421] - HikariPool-1 - Pool stats (total=10, active=0, idle=10, waiting=0)
2025-04-15 21:08:32,581 DEBUG [HikariPool-1 housekeeper][HikariPool.java:517] - HikariPool-1 - Fill pool skipped, pool is at sufficient level.
2025-04-15 21:08:32,581 DEBUG [HikariPool-1 housekeeper][HikariPool.java:517] - HikariPool-1 - Fill pool skipped, pool is at sufficient level.
2025-04-15 21:08:33,292 DEBUG [HikariPool-1 housekeeper][HikariPool.java:421] - HikariPool-1 - Pool stats (total=10, active=0, idle=10, waiting=0)
2025-04-15 21:08:33,292 DEBUG [HikariPool-1 housekeeper][HikariPool.java:421] - HikariPool-1 - Pool stats (total=10, active=0, idle=10, waiting=0)
2025-04-15 21:08:33,292 DEBUG [HikariPool-1 housekeeper][HikariPool.java:517] - HikariPool-1 - Fill pool skipped, pool is at sufficient level.
2025-04-15 21:08:33,292 DEBUG [HikariPool-1 housekeeper][HikariPool.java:517] - HikariPool-1 - Fill pool skipped, pool is at sufficient level.
2025-04-15 21:09:02,581 DEBUG [HikariPool-1 housekeeper][HikariPool.java:421] - HikariPool-1 - Pool stats (total=10, active=0, idle=10, waiting=0)
2025-04-15 21:09:02,581 DEBUG [HikariPool-1 housekeeper][HikariPool.java:421] - HikariPool-1 - Pool stats (total=10, active=0, idle=10, waiting=0)
2025-04-15 21:09:02,582 DEBUG [HikariPool-1 housekeeper][HikariPool.java:517] - HikariPool-1 - Fill pool skipped, pool is at sufficient level.
2025-04-15 21:09:02,582 DEBUG [HikariPool-1 housekeeper][HikariPool.java:517] - HikariPool-1 - Fill pool skipped, pool is at sufficient level.
2025-04-15 21:09:03,299 DEBUG [HikariPool-1 housekeeper][HikariPool.java:421] - HikariPool-1 - Pool stats (total=10, active=0, idle=10, waiting=0)
2025-04-15 21:09:03,299 DEBUG [HikariPool-1 housekeeper][HikariPool.java:421] - HikariPool-1 - Pool stats (total=10, active=0, idle=10, waiting=0)
2025-04-15 21:09:03,299 DEBUG [HikariPool-1 housekeeper][HikariPool.java:517] - HikariPool-1 - Fill pool skipped, pool is at sufficient level.
2025-04-15 21:09:03,299 DEBUG [HikariPool-1 housekeeper][HikariPool.java:517] - HikariPool-1 - Fill pool skipped, pool is at sufficient level.
2025-04-15 21:09:17,923 DEBUG [http-nio-63040-exec-9][LogFormatUtils.java:91] - POST "/content/course", parameters={}
2025-04-15 21:09:17,923 DEBUG [http-nio-63040-exec-9][LogFormatUtils.java:91] - POST "/content/course", parameters={}
2025-04-15 21:09:17,924 DEBUG [http-nio-63040-exec-9][AbstractHandlerMapping.java:415] - Mapped to com.xuecheng.content.api.CourseBaseInfoController#createCourseBase(AddCourseDto)
2025-04-15 21:09:17,924 DEBUG [http-nio-63040-exec-9][AbstractHandlerMapping.java:415] - Mapped to com.xuecheng.content.api.CourseBaseInfoController#createCourseBase(AddCourseDto)
2025-04-15 21:09:17,924 DEBUG [http-nio-63040-exec-9][LogFormatUtils.java:91] - Read "application/json;charset=UTF-8" to [AddCourseDto(name=马梓涵, users=3~6岁儿童, tags=666, mt=1-8, st=1-8-2, grade=204001, teachmode=200002, des (truncated)...]
2025-04-15 21:09:17,924 DEBUG [http-nio-63040-exec-9][LogFormatUtils.java:91] - Read "application/json;charset=UTF-8" to [AddCourseDto(name=马梓涵, users=3~6岁儿童, tags=666, mt=1-8, st=1-8-2, grade=204001, teachmode=200002, des (truncated)...]
2025-04-15 21:09:17,925 DEBUG [http-nio-63040-exec-9][AbstractPlatformTransactionManager.java:370] - Creating new transaction with name [com.xuecheng.content.service.impl.CourseBaseInfoServiceImpl.createCourseBase]: PROPAGATION_REQUIRED,ISOLATION_DEFAULT
2025-04-15 21:09:17,925 DEBUG [http-nio-63040-exec-9][AbstractPlatformTransactionManager.java:370] - Creating new transaction with name [com.xuecheng.content.service.impl.CourseBaseInfoServiceImpl.createCourseBase]: PROPAGATION_REQUIRED,ISOLATION_DEFAULT
2025-04-15 21:09:17,926 DEBUG [http-nio-63040-exec-9][DataSourceTransactionManager.java:263] - Acquired Connection [HikariProxyConnection@2064387204 wrapping com.mysql.cj.jdbc.ConnectionImpl@742f0ad9] for JDBC transaction
2025-04-15 21:09:17,926 DEBUG [http-nio-63040-exec-9][DataSourceTransactionManager.java:263] - Acquired Connection [HikariProxyConnection@2064387204 wrapping com.mysql.cj.jdbc.ConnectionImpl@742f0ad9] for JDBC transaction
2025-04-15 21:09:17,926 DEBUG [http-nio-63040-exec-9][DataSourceTransactionManager.java:281] - Switching JDBC Connection [HikariProxyConnection@2064387204 wrapping com.mysql.cj.jdbc.ConnectionImpl@742f0ad9] to manual commit
2025-04-15 21:09:17,926 DEBUG [http-nio-63040-exec-9][DataSourceTransactionManager.java:281] - Switching JDBC Connection [HikariProxyConnection@2064387204 wrapping com.mysql.cj.jdbc.ConnectionImpl@742f0ad9] to manual commit
2025-04-15 21:09:17,928 DEBUG [http-nio-63040-exec-9][Logger.java:49] - Creating a new SqlSession
2025-04-15 21:09:17,928 DEBUG [http-nio-63040-exec-9][Logger.java:49] - Creating a new SqlSession
2025-04-15 21:09:17,929 DEBUG [http-nio-63040-exec-9][Logger.java:49] - Registering transaction synchronization for SqlSession [org.apache.ibatis.session.defaults.DefaultSqlSession@1ea66f6d]
2025-04-15 21:09:17,929 DEBUG [http-nio-63040-exec-9][Logger.java:49] - Registering transaction synchronization for SqlSession [org.apache.ibatis.session.defaults.DefaultSqlSession@1ea66f6d]
2025-04-15 21:09:17,929 DEBUG [http-nio-63040-exec-9][Logger.java:49] - JDBC Connection [HikariProxyConnection@2064387204 wrapping com.mysql.cj.jdbc.ConnectionImpl@742f0ad9] will be managed by Spring
2025-04-15 21:09:17,929 DEBUG [http-nio-63040-exec-9][Logger.java:49] - JDBC Connection [HikariProxyConnection@2064387204 wrapping com.mysql.cj.jdbc.ConnectionImpl@742f0ad9] will be managed by Spring
2025-04-15 21:09:17,929 DEBUG [http-nio-63040-exec-9][BaseJdbcLogger.java:137] - ==>  Preparing: INSERT INTO course_base ( company_id, name, users, tags, mt, st, grade, teachmode, description, pic, create_date, change_date, audit_status, status ) VALUES ( ?, ?, ?, ?, ?, ?, ?, ?, ?, ?, ?, ?, ?, ? )
2025-04-15 21:09:17,929 DEBUG [http-nio-63040-exec-9][BaseJdbcLogger.java:137] - ==>  Preparing: INSERT INTO course_base ( company_id, name, users, tags, mt, st, grade, teachmode, description, pic, create_date, change_date, audit_status, status ) VALUES ( ?, ?, ?, ?, ?, ?, ?, ?, ?, ?, ?, ?, ?, ? )
2025-04-15 21:09:17,930 DEBUG [http-nio-63040-exec-9][BaseJdbcLogger.java:137] - ==> Parameters: 1232141425(Long), 马梓涵(String), 3~6岁儿童(String), 666(String), 1-8(String), 1-8-2(String), 204001(String), 200002(String), 马梓涵工作室(String), (String), 2025-04-15T21:09:17.928(LocalDateTime), null, 202002(String), 203001(String)
2025-04-15 21:09:17,930 DEBUG [http-nio-63040-exec-9][BaseJdbcLogger.java:137] - ==> Parameters: 1232141425(Long), 马梓涵(String), 3~6岁儿童(String), 666(String), 1-8(String), 1-8-2(String), 204001(String), 200002(String), 马梓涵工作室(String), (String), 2025-04-15T21:09:17.928(LocalDateTime), null, 202002(String), 203001(String)
2025-04-15 21:09:17,932 DEBUG [http-nio-63040-exec-9][BaseJdbcLogger.java:137] - <==    Updates: 1
2025-04-15 21:09:17,932 DEBUG [http-nio-63040-exec-9][BaseJdbcLogger.java:137] - <==    Updates: 1
2025-04-15 21:09:17,933 DEBUG [http-nio-63040-exec-9][Logger.java:49] - Releasing transactional SqlSession [org.apache.ibatis.session.defaults.DefaultSqlSession@1ea66f6d]
2025-04-15 21:09:17,933 DEBUG [http-nio-63040-exec-9][Logger.java:49] - Releasing transactional SqlSession [org.apache.ibatis.session.defaults.DefaultSqlSession@1ea66f6d]
2025-04-15 21:09:17,933 DEBUG [http-nio-63040-exec-9][Logger.java:49] - Fetched SqlSession [org.apache.ibatis.session.defaults.DefaultSqlSession@1ea66f6d] from current transaction
2025-04-15 21:09:17,933 DEBUG [http-nio-63040-exec-9][Logger.java:49] - Fetched SqlSession [org.apache.ibatis.session.defaults.DefaultSqlSession@1ea66f6d] from current transaction
2025-04-15 21:09:17,933 DEBUG [http-nio-63040-exec-9][BaseJdbcLogger.java:137] - ==>  Preparing: SELECT id,charge,price,original_price,qq,wechat,phone,valid_days FROM course_market WHERE id=?
2025-04-15 21:09:17,933 DEBUG [http-nio-63040-exec-9][BaseJdbcLogger.java:137] - ==>  Preparing: SELECT id,charge,price,original_price,qq,wechat,phone,valid_days FROM course_market WHERE id=?
2025-04-15 21:09:17,934 DEBUG [http-nio-63040-exec-9][BaseJdbcLogger.java:137] - ==> Parameters: 128(Long)
2025-04-15 21:09:17,934 DEBUG [http-nio-63040-exec-9][BaseJdbcLogger.java:137] - ==> Parameters: 128(Long)
2025-04-15 21:09:17,936 DEBUG [http-nio-63040-exec-9][BaseJdbcLogger.java:137] - <==      Total: 0
2025-04-15 21:09:17,936 DEBUG [http-nio-63040-exec-9][BaseJdbcLogger.java:137] - <==      Total: 0
2025-04-15 21:09:17,936 DEBUG [http-nio-63040-exec-9][Logger.java:49] - Releasing transactional SqlSession [org.apache.ibatis.session.defaults.DefaultSqlSession@1ea66f6d]
2025-04-15 21:09:17,936 DEBUG [http-nio-63040-exec-9][Logger.java:49] - Releasing transactional SqlSession [org.apache.ibatis.session.defaults.DefaultSqlSession@1ea66f6d]
2025-04-15 21:09:17,936 DEBUG [http-nio-63040-exec-9][Logger.java:49] - Fetched SqlSession [org.apache.ibatis.session.defaults.DefaultSqlSession@1ea66f6d] from current transaction
2025-04-15 21:09:17,936 DEBUG [http-nio-63040-exec-9][Logger.java:49] - Fetched SqlSession [org.apache.ibatis.session.defaults.DefaultSqlSession@1ea66f6d] from current transaction
2025-04-15 21:09:17,936 DEBUG [http-nio-63040-exec-9][BaseJdbcLogger.java:137] - ==>  Preparing: INSERT INTO course_market ( id, charge, price, original_price, qq, wechat, phone, valid_days ) VALUES ( ?, ?, ?, ?, ?, ?, ?, ? )
2025-04-15 21:09:17,936 DEBUG [http-nio-63040-exec-9][BaseJdbcLogger.java:137] - ==>  Preparing: INSERT INTO course_market ( id, charge, price, original_price, qq, wechat, phone, valid_days ) VALUES ( ?, ?, ?, ?, ?, ?, ?, ? )
2025-04-15 21:09:17,937 DEBUG [http-nio-63040-exec-9][BaseJdbcLogger.java:137] - ==> Parameters: 128(Long), 201000(String), 1.0(Float), 999.0(Float), 2222(String), 22222(String), 21231232(String), 365(Integer)
2025-04-15 21:09:17,937 DEBUG [http-nio-63040-exec-9][BaseJdbcLogger.java:137] - ==> Parameters: 128(Long), 201000(String), 1.0(Float), 999.0(Float), 2222(String), 22222(String), 21231232(String), 365(Integer)
2025-04-15 21:09:17,939 DEBUG [http-nio-63040-exec-9][BaseJdbcLogger.java:137] - <==    Updates: 1
2025-04-15 21:09:17,939 DEBUG [http-nio-63040-exec-9][BaseJdbcLogger.java:137] - <==    Updates: 1
2025-04-15 21:09:17,939 DEBUG [http-nio-63040-exec-9][Logger.java:49] - Releasing transactional SqlSession [org.apache.ibatis.session.defaults.DefaultSqlSession@1ea66f6d]
2025-04-15 21:09:17,939 DEBUG [http-nio-63040-exec-9][Logger.java:49] - Releasing transactional SqlSession [org.apache.ibatis.session.defaults.DefaultSqlSession@1ea66f6d]
2025-04-15 21:09:17,939 DEBUG [http-nio-63040-exec-9][Logger.java:49] - Fetched SqlSession [org.apache.ibatis.session.defaults.DefaultSqlSession@1ea66f6d] from current transaction
2025-04-15 21:09:17,939 DEBUG [http-nio-63040-exec-9][Logger.java:49] - Fetched SqlSession [org.apache.ibatis.session.defaults.DefaultSqlSession@1ea66f6d] from current transaction
2025-04-15 21:09:17,939 DEBUG [http-nio-63040-exec-9][BaseJdbcLogger.java:137] - ==>  Preparing: SELECT id,company_id,company_name,name,users,tags,mt,st,grade,teachmode,description,pic,create_date,change_date,create_people,change_people,audit_status,status FROM course_base WHERE id=?
2025-04-15 21:09:17,939 DEBUG [http-nio-63040-exec-9][BaseJdbcLogger.java:137] - ==>  Preparing: SELECT id,company_id,company_name,name,users,tags,mt,st,grade,teachmode,description,pic,create_date,change_date,create_people,change_people,audit_status,status FROM course_base WHERE id=?
2025-04-15 21:09:17,939 DEBUG [http-nio-63040-exec-9][BaseJdbcLogger.java:137] - ==> Parameters: 128(Long)
2025-04-15 21:09:17,939 DEBUG [http-nio-63040-exec-9][BaseJdbcLogger.java:137] - ==> Parameters: 128(Long)
2025-04-15 21:09:17,941 DEBUG [http-nio-63040-exec-9][BaseJdbcLogger.java:137] - <==      Total: 1
2025-04-15 21:09:17,941 DEBUG [http-nio-63040-exec-9][BaseJdbcLogger.java:137] - <==      Total: 1
2025-04-15 21:09:17,941 DEBUG [http-nio-63040-exec-9][Logger.java:49] - Releasing transactional SqlSession [org.apache.ibatis.session.defaults.DefaultSqlSession@1ea66f6d]
2025-04-15 21:09:17,941 DEBUG [http-nio-63040-exec-9][Logger.java:49] - Releasing transactional SqlSession [org.apache.ibatis.session.defaults.DefaultSqlSession@1ea66f6d]
2025-04-15 21:09:17,941 DEBUG [http-nio-63040-exec-9][Logger.java:49] - Fetched SqlSession [org.apache.ibatis.session.defaults.DefaultSqlSession@1ea66f6d] from current transaction
2025-04-15 21:09:17,941 DEBUG [http-nio-63040-exec-9][Logger.java:49] - Fetched SqlSession [org.apache.ibatis.session.defaults.DefaultSqlSession@1ea66f6d] from current transaction
2025-04-15 21:09:17,941 DEBUG [http-nio-63040-exec-9][BaseJdbcLogger.java:137] - ==>  Preparing: SELECT id,charge,price,original_price,qq,wechat,phone,valid_days FROM course_market WHERE id=?
2025-04-15 21:09:17,941 DEBUG [http-nio-63040-exec-9][BaseJdbcLogger.java:137] - ==>  Preparing: SELECT id,charge,price,original_price,qq,wechat,phone,valid_days FROM course_market WHERE id=?
2025-04-15 21:09:17,941 DEBUG [http-nio-63040-exec-9][BaseJdbcLogger.java:137] - ==> Parameters: 128(Long)
2025-04-15 21:09:17,941 DEBUG [http-nio-63040-exec-9][BaseJdbcLogger.java:137] - ==> Parameters: 128(Long)
2025-04-15 21:09:17,944 DEBUG [http-nio-63040-exec-9][BaseJdbcLogger.java:137] - <==      Total: 1
2025-04-15 21:09:17,944 DEBUG [http-nio-63040-exec-9][BaseJdbcLogger.java:137] - <==      Total: 1
2025-04-15 21:09:17,945 DEBUG [http-nio-63040-exec-9][Logger.java:49] - Releasing transactional SqlSession [org.apache.ibatis.session.defaults.DefaultSqlSession@1ea66f6d]
2025-04-15 21:09:17,945 DEBUG [http-nio-63040-exec-9][Logger.java:49] - Releasing transactional SqlSession [org.apache.ibatis.session.defaults.DefaultSqlSession@1ea66f6d]
2025-04-15 21:09:17,945 DEBUG [http-nio-63040-exec-9][Logger.java:49] - Fetched SqlSession [org.apache.ibatis.session.defaults.DefaultSqlSession@1ea66f6d] from current transaction
2025-04-15 21:09:17,945 DEBUG [http-nio-63040-exec-9][Logger.java:49] - Fetched SqlSession [org.apache.ibatis.session.defaults.DefaultSqlSession@1ea66f6d] from current transaction
2025-04-15 21:09:17,945 DEBUG [http-nio-63040-exec-9][BaseJdbcLogger.java:137] - ==>  Preparing: SELECT id,name,label,parentid,is_show,orderby,is_leaf FROM course_category WHERE id=?
2025-04-15 21:09:17,945 DEBUG [http-nio-63040-exec-9][BaseJdbcLogger.java:137] - ==>  Preparing: SELECT id,name,label,parentid,is_show,orderby,is_leaf FROM course_category WHERE id=?
2025-04-15 21:09:17,945 DEBUG [http-nio-63040-exec-9][BaseJdbcLogger.java:137] - ==> Parameters: 1-8-2(String)
2025-04-15 21:09:17,945 DEBUG [http-nio-63040-exec-9][BaseJdbcLogger.java:137] - ==> Parameters: 1-8-2(String)
2025-04-15 21:09:17,946 DEBUG [http-nio-63040-exec-9][BaseJdbcLogger.java:137] - <==      Total: 1
2025-04-15 21:09:17,946 DEBUG [http-nio-63040-exec-9][BaseJdbcLogger.java:137] - <==      Total: 1
2025-04-15 21:09:17,946 DEBUG [http-nio-63040-exec-9][Logger.java:49] - Releasing transactional SqlSession [org.apache.ibatis.session.defaults.DefaultSqlSession@1ea66f6d]
2025-04-15 21:09:17,946 DEBUG [http-nio-63040-exec-9][Logger.java:49] - Releasing transactional SqlSession [org.apache.ibatis.session.defaults.DefaultSqlSession@1ea66f6d]
2025-04-15 21:09:17,946 DEBUG [http-nio-63040-exec-9][Logger.java:49] - Fetched SqlSession [org.apache.ibatis.session.defaults.DefaultSqlSession@1ea66f6d] from current transaction
2025-04-15 21:09:17,946 DEBUG [http-nio-63040-exec-9][Logger.java:49] - Fetched SqlSession [org.apache.ibatis.session.defaults.DefaultSqlSession@1ea66f6d] from current transaction
2025-04-15 21:09:17,947 DEBUG [http-nio-63040-exec-9][BaseJdbcLogger.java:137] - ==>  Preparing: SELECT id,name,label,parentid,is_show,orderby,is_leaf FROM course_category WHERE id=?
2025-04-15 21:09:17,947 DEBUG [http-nio-63040-exec-9][BaseJdbcLogger.java:137] - ==>  Preparing: SELECT id,name,label,parentid,is_show,orderby,is_leaf FROM course_category WHERE id=?
2025-04-15 21:09:17,947 DEBUG [http-nio-63040-exec-9][BaseJdbcLogger.java:137] - ==> Parameters: 1-8(String)
2025-04-15 21:09:17,947 DEBUG [http-nio-63040-exec-9][BaseJdbcLogger.java:137] - ==> Parameters: 1-8(String)
2025-04-15 21:09:17,948 DEBUG [http-nio-63040-exec-9][BaseJdbcLogger.java:137] - <==      Total: 1
2025-04-15 21:09:17,948 DEBUG [http-nio-63040-exec-9][BaseJdbcLogger.java:137] - <==      Total: 1
2025-04-15 21:09:17,948 DEBUG [http-nio-63040-exec-9][Logger.java:49] - Releasing transactional SqlSession [org.apache.ibatis.session.defaults.DefaultSqlSession@1ea66f6d]
2025-04-15 21:09:17,948 DEBUG [http-nio-63040-exec-9][Logger.java:49] - Releasing transactional SqlSession [org.apache.ibatis.session.defaults.DefaultSqlSession@1ea66f6d]
2025-04-15 21:09:17,948 DEBUG [http-nio-63040-exec-9][Logger.java:49] - Transaction synchronization committing SqlSession [org.apache.ibatis.session.defaults.DefaultSqlSession@1ea66f6d]
2025-04-15 21:09:17,948 DEBUG [http-nio-63040-exec-9][Logger.java:49] - Transaction synchronization committing SqlSession [org.apache.ibatis.session.defaults.DefaultSqlSession@1ea66f6d]
2025-04-15 21:09:17,948 DEBUG [http-nio-63040-exec-9][Logger.java:49] - Transaction synchronization deregistering SqlSession [org.apache.ibatis.session.defaults.DefaultSqlSession@1ea66f6d]
2025-04-15 21:09:17,948 DEBUG [http-nio-63040-exec-9][Logger.java:49] - Transaction synchronization deregistering SqlSession [org.apache.ibatis.session.defaults.DefaultSqlSession@1ea66f6d]
2025-04-15 21:09:17,948 DEBUG [http-nio-63040-exec-9][Logger.java:49] - Transaction synchronization closing SqlSession [org.apache.ibatis.session.defaults.DefaultSqlSession@1ea66f6d]
2025-04-15 21:09:17,948 DEBUG [http-nio-63040-exec-9][Logger.java:49] - Transaction synchronization closing SqlSession [org.apache.ibatis.session.defaults.DefaultSqlSession@1ea66f6d]
2025-04-15 21:09:17,949 DEBUG [http-nio-63040-exec-9][AbstractPlatformTransactionManager.java:740] - Initiating transaction commit
2025-04-15 21:09:17,949 DEBUG [http-nio-63040-exec-9][AbstractPlatformTransactionManager.java:740] - Initiating transaction commit
2025-04-15 21:09:17,949 DEBUG [http-nio-63040-exec-9][DataSourceTransactionManager.java:326] - Committing JDBC transaction on Connection [HikariProxyConnection@2064387204 wrapping com.mysql.cj.jdbc.ConnectionImpl@742f0ad9]
2025-04-15 21:09:17,949 DEBUG [http-nio-63040-exec-9][DataSourceTransactionManager.java:326] - Committing JDBC transaction on Connection [HikariProxyConnection@2064387204 wrapping com.mysql.cj.jdbc.ConnectionImpl@742f0ad9]
2025-04-15 21:09:17,954 DEBUG [http-nio-63040-exec-9][DataSourceTransactionManager.java:385] - Releasing JDBC Connection [HikariProxyConnection@2064387204 wrapping com.mysql.cj.jdbc.ConnectionImpl@742f0ad9] after transaction
2025-04-15 21:09:17,954 DEBUG [http-nio-63040-exec-9][DataSourceTransactionManager.java:385] - Releasing JDBC Connection [HikariProxyConnection@2064387204 wrapping com.mysql.cj.jdbc.ConnectionImpl@742f0ad9] after transaction
2025-04-15 21:09:17,956 DEBUG [http-nio-63040-exec-9][AbstractMessageConverterMethodProcessor.java:255] - Using 'application/json', given [application/json, text/plain, */*] and supported [application/json, application/*+json, application/json, application/*+json]
2025-04-15 21:09:17,956 DEBUG [http-nio-63040-exec-9][AbstractMessageConverterMethodProcessor.java:255] - Using 'application/json', given [application/json, text/plain, */*] and supported [application/json, application/*+json, application/json, application/*+json]
2025-04-15 21:09:17,956 DEBUG [http-nio-63040-exec-9][LogFormatUtils.java:91] - Writing [CourseBaseInfoDto(charge=201000, price=1.0, originalPrice=999.0, qq=2222, wechat=22222, phone=212312 (truncated)...]
2025-04-15 21:09:17,956 DEBUG [http-nio-63040-exec-9][LogFormatUtils.java:91] - Writing [CourseBaseInfoDto(charge=201000, price=1.0, originalPrice=999.0, qq=2222, wechat=22222, phone=212312 (truncated)...]
2025-04-15 21:09:17,956 DEBUG [http-nio-63040-exec-9][FrameworkServlet.java:1131] - Completed 200 OK
2025-04-15 21:09:17,956 DEBUG [http-nio-63040-exec-9][FrameworkServlet.java:1131] - Completed 200 OK
2025-04-15 21:09:18,281 DEBUG [http-nio-63040-exec-10][LogFormatUtils.java:91] - GET "/content/teachplan/128/tree-nodes", parameters={}
2025-04-15 21:09:18,281 DEBUG [http-nio-63040-exec-10][LogFormatUtils.java:91] - GET "/content/teachplan/128/tree-nodes", parameters={}
2025-04-15 21:09:18,281 DEBUG [http-nio-63040-exec-10][AbstractHandlerMapping.java:415] - Mapped to ResourceHttpRequestHandler ["classpath:/META-INF/resources/", "classpath:/resources/", "classpath:/static/", "classpath:/public/", "/"]
2025-04-15 21:09:18,281 DEBUG [http-nio-63040-exec-10][AbstractHandlerMapping.java:415] - Mapped to ResourceHttpRequestHandler ["classpath:/META-INF/resources/", "classpath:/resources/", "classpath:/static/", "classpath:/public/", "/"]
2025-04-15 21:09:18,282 DEBUG [http-nio-63040-exec-10][ResourceHttpRequestHandler.java:487] - Resource not found
2025-04-15 21:09:18,282 DEBUG [http-nio-63040-exec-10][ResourceHttpRequestHandler.java:487] - Resource not found
2025-04-15 21:09:18,282 DEBUG [http-nio-63040-exec-10][FrameworkServlet.java:1131] - Completed 404 NOT_FOUND
2025-04-15 21:09:18,282 DEBUG [http-nio-63040-exec-10][FrameworkServlet.java:1131] - Completed 404 NOT_FOUND
2025-04-15 21:09:18,282 DEBUG [http-nio-63040-exec-10][LogFormatUtils.java:91] - "ERROR" dispatch for GET "/content/error", parameters={}
2025-04-15 21:09:18,282 DEBUG [http-nio-63040-exec-10][LogFormatUtils.java:91] - "ERROR" dispatch for GET "/content/error", parameters={}
2025-04-15 21:09:18,283 DEBUG [http-nio-63040-exec-10][AbstractHandlerMapping.java:415] - Mapped to org.springframework.boot.autoconfigure.web.servlet.error.BasicErrorController#error(HttpServletRequest)
2025-04-15 21:09:18,283 DEBUG [http-nio-63040-exec-10][AbstractHandlerMapping.java:415] - Mapped to org.springframework.boot.autoconfigure.web.servlet.error.BasicErrorController#error(HttpServletRequest)
2025-04-15 21:09:18,283 DEBUG [http-nio-63040-exec-10][AbstractMessageConverterMethodProcessor.java:255] - Using 'application/json', given [application/json, text/plain, */*] and supported [application/json, application/*+json, application/json, application/*+json]
2025-04-15 21:09:18,283 DEBUG [http-nio-63040-exec-10][AbstractMessageConverterMethodProcessor.java:255] - Using 'application/json', given [application/json, text/plain, */*] and supported [application/json, application/*+json, application/json, application/*+json]
2025-04-15 21:09:18,283 DEBUG [http-nio-63040-exec-10][LogFormatUtils.java:91] - Writing [{timestamp=Tue Apr 15 21:09:18 CST 2025, status=404, error=Not Found, message=, path=/content/teachp (truncated)...]
2025-04-15 21:09:18,283 DEBUG [http-nio-63040-exec-10][LogFormatUtils.java:91] - Writing [{timestamp=Tue Apr 15 21:09:18 CST 2025, status=404, error=Not Found, message=, path=/content/teachp (truncated)...]
2025-04-15 21:09:18,284 DEBUG [http-nio-63040-exec-10][FrameworkServlet.java:1127] - Exiting from "ERROR" dispatch, status 404
2025-04-15 21:09:18,284 DEBUG [http-nio-63040-exec-10][FrameworkServlet.java:1127] - Exiting from "ERROR" dispatch, status 404
2025-04-15 21:09:32,585 DEBUG [HikariPool-1 housekeeper][HikariPool.java:421] - HikariPool-1 - Pool stats (total=10, active=0, idle=10, waiting=0)
2025-04-15 21:09:32,585 DEBUG [HikariPool-1 housekeeper][HikariPool.java:421] - HikariPool-1 - Pool stats (total=10, active=0, idle=10, waiting=0)
2025-04-15 21:09:32,585 DEBUG [HikariPool-1 housekeeper][HikariPool.java:517] - HikariPool-1 - Fill pool skipped, pool is at sufficient level.
2025-04-15 21:09:32,585 DEBUG [HikariPool-1 housekeeper][HikariPool.java:517] - HikariPool-1 - Fill pool skipped, pool is at sufficient level.
2025-04-15 21:09:33,300 DEBUG [HikariPool-1 housekeeper][HikariPool.java:421] - HikariPool-1 - Pool stats (total=10, active=0, idle=10, waiting=0)
2025-04-15 21:09:33,300 DEBUG [HikariPool-1 housekeeper][HikariPool.java:421] - HikariPool-1 - Pool stats (total=10, active=0, idle=10, waiting=0)
2025-04-15 21:09:33,300 DEBUG [HikariPool-1 housekeeper][HikariPool.java:517] - HikariPool-1 - Fill pool skipped, pool is at sufficient level.
2025-04-15 21:09:33,300 DEBUG [HikariPool-1 housekeeper][HikariPool.java:517] - HikariPool-1 - Fill pool skipped, pool is at sufficient level.
2025-04-15 21:09:40,390 DEBUG [http-nio-63040-exec-1][LogFormatUtils.java:91] - POST "/content/course", parameters={}
2025-04-15 21:09:40,390 DEBUG [http-nio-63040-exec-1][LogFormatUtils.java:91] - POST "/content/course", parameters={}
2025-04-15 21:09:40,390 DEBUG [http-nio-63040-exec-1][AbstractHandlerMapping.java:415] - Mapped to com.xuecheng.content.api.CourseBaseInfoController#createCourseBase(AddCourseDto)
2025-04-15 21:09:40,390 DEBUG [http-nio-63040-exec-1][AbstractHandlerMapping.java:415] - Mapped to com.xuecheng.content.api.CourseBaseInfoController#createCourseBase(AddCourseDto)
2025-04-15 21:09:40,391 DEBUG [http-nio-63040-exec-1][LogFormatUtils.java:91] - Read "application/json;charset=UTF-8" to [AddCourseDto(name=马梓涵, users=3~6岁儿童, tags=666, mt=1-8, st=1-8-2, grade=204001, teachmode=200002, des (truncated)...]
2025-04-15 21:09:40,391 DEBUG [http-nio-63040-exec-1][LogFormatUtils.java:91] - Read "application/json;charset=UTF-8" to [AddCourseDto(name=马梓涵, users=3~6岁儿童, tags=666, mt=1-8, st=1-8-2, grade=204001, teachmode=200002, des (truncated)...]
2025-04-15 21:09:40,392 DEBUG [http-nio-63040-exec-1][AbstractPlatformTransactionManager.java:370] - Creating new transaction with name [com.xuecheng.content.service.impl.CourseBaseInfoServiceImpl.createCourseBase]: PROPAGATION_REQUIRED,ISOLATION_DEFAULT
2025-04-15 21:09:40,392 DEBUG [http-nio-63040-exec-1][AbstractPlatformTransactionManager.java:370] - Creating new transaction with name [com.xuecheng.content.service.impl.CourseBaseInfoServiceImpl.createCourseBase]: PROPAGATION_REQUIRED,ISOLATION_DEFAULT
2025-04-15 21:09:40,393 DEBUG [http-nio-63040-exec-1][DataSourceTransactionManager.java:263] - Acquired Connection [HikariProxyConnection@1115042895 wrapping com.mysql.cj.jdbc.ConnectionImpl@742f0ad9] for JDBC transaction
2025-04-15 21:09:40,393 DEBUG [http-nio-63040-exec-1][DataSourceTransactionManager.java:263] - Acquired Connection [HikariProxyConnection@1115042895 wrapping com.mysql.cj.jdbc.ConnectionImpl@742f0ad9] for JDBC transaction
2025-04-15 21:09:40,394 DEBUG [http-nio-63040-exec-1][DataSourceTransactionManager.java:281] - Switching JDBC Connection [HikariProxyConnection@1115042895 wrapping com.mysql.cj.jdbc.ConnectionImpl@742f0ad9] to manual commit
2025-04-15 21:09:40,394 DEBUG [http-nio-63040-exec-1][DataSourceTransactionManager.java:281] - Switching JDBC Connection [HikariProxyConnection@1115042895 wrapping com.mysql.cj.jdbc.ConnectionImpl@742f0ad9] to manual commit
2025-04-15 21:09:40,396 DEBUG [http-nio-63040-exec-1][Logger.java:49] - Creating a new SqlSession
2025-04-15 21:09:40,396 DEBUG [http-nio-63040-exec-1][Logger.java:49] - Creating a new SqlSession
2025-04-15 21:09:40,397 DEBUG [http-nio-63040-exec-1][Logger.java:49] - Registering transaction synchronization for SqlSession [org.apache.ibatis.session.defaults.DefaultSqlSession@28cb617]
2025-04-15 21:09:40,397 DEBUG [http-nio-63040-exec-1][Logger.java:49] - Registering transaction synchronization for SqlSession [org.apache.ibatis.session.defaults.DefaultSqlSession@28cb617]
2025-04-15 21:09:40,397 DEBUG [http-nio-63040-exec-1][Logger.java:49] - JDBC Connection [HikariProxyConnection@1115042895 wrapping com.mysql.cj.jdbc.ConnectionImpl@742f0ad9] will be managed by Spring
2025-04-15 21:09:40,397 DEBUG [http-nio-63040-exec-1][Logger.java:49] - JDBC Connection [HikariProxyConnection@1115042895 wrapping com.mysql.cj.jdbc.ConnectionImpl@742f0ad9] will be managed by Spring
2025-04-15 21:09:40,398 DEBUG [http-nio-63040-exec-1][BaseJdbcLogger.java:137] - ==>  Preparing: INSERT INTO course_base ( company_id, name, users, tags, mt, st, grade, teachmode, description, pic, create_date, change_date, audit_status, status ) VALUES ( ?, ?, ?, ?, ?, ?, ?, ?, ?, ?, ?, ?, ?, ? )
2025-04-15 21:09:40,398 DEBUG [http-nio-63040-exec-1][BaseJdbcLogger.java:137] - ==>  Preparing: INSERT INTO course_base ( company_id, name, users, tags, mt, st, grade, teachmode, description, pic, create_date, change_date, audit_status, status ) VALUES ( ?, ?, ?, ?, ?, ?, ?, ?, ?, ?, ?, ?, ?, ? )
2025-04-15 21:09:40,399 DEBUG [http-nio-63040-exec-1][BaseJdbcLogger.java:137] - ==> Parameters: 1232141425(Long), 马梓涵(String), 3~6岁儿童(String), 666(String), 1-8(String), 1-8-2(String), 204001(String), 200002(String), 马梓涵工作室(String), (String), 2025-04-15T21:09:40.396(LocalDateTime), null, 202002(String), 203001(String)
2025-04-15 21:09:40,399 DEBUG [http-nio-63040-exec-1][BaseJdbcLogger.java:137] - ==> Parameters: 1232141425(Long), 马梓涵(String), 3~6岁儿童(String), 666(String), 1-8(String), 1-8-2(String), 204001(String), 200002(String), 马梓涵工作室(String), (String), 2025-04-15T21:09:40.396(LocalDateTime), null, 202002(String), 203001(String)
2025-04-15 21:09:40,403 DEBUG [http-nio-63040-exec-1][BaseJdbcLogger.java:137] - <==    Updates: 1
2025-04-15 21:09:40,403 DEBUG [http-nio-63040-exec-1][BaseJdbcLogger.java:137] - <==    Updates: 1
2025-04-15 21:09:40,403 DEBUG [http-nio-63040-exec-1][Logger.java:49] - Releasing transactional SqlSession [org.apache.ibatis.session.defaults.DefaultSqlSession@28cb617]
2025-04-15 21:09:40,403 DEBUG [http-nio-63040-exec-1][Logger.java:49] - Releasing transactional SqlSession [org.apache.ibatis.session.defaults.DefaultSqlSession@28cb617]
2025-04-15 21:09:40,404 DEBUG [http-nio-63040-exec-1][Logger.java:49] - Fetched SqlSession [org.apache.ibatis.session.defaults.DefaultSqlSession@28cb617] from current transaction
2025-04-15 21:09:40,404 DEBUG [http-nio-63040-exec-1][Logger.java:49] - Fetched SqlSession [org.apache.ibatis.session.defaults.DefaultSqlSession@28cb617] from current transaction
2025-04-15 21:09:40,404 DEBUG [http-nio-63040-exec-1][BaseJdbcLogger.java:137] - ==>  Preparing: SELECT id,charge,price,original_price,qq,wechat,phone,valid_days FROM course_market WHERE id=?
2025-04-15 21:09:40,404 DEBUG [http-nio-63040-exec-1][BaseJdbcLogger.java:137] - ==>  Preparing: SELECT id,charge,price,original_price,qq,wechat,phone,valid_days FROM course_market WHERE id=?
2025-04-15 21:09:40,404 DEBUG [http-nio-63040-exec-1][BaseJdbcLogger.java:137] - ==> Parameters: 129(Long)
2025-04-15 21:09:40,404 DEBUG [http-nio-63040-exec-1][BaseJdbcLogger.java:137] - ==> Parameters: 129(Long)
2025-04-15 21:09:40,406 DEBUG [http-nio-63040-exec-1][BaseJdbcLogger.java:137] - <==      Total: 0
2025-04-15 21:09:40,406 DEBUG [http-nio-63040-exec-1][BaseJdbcLogger.java:137] - <==      Total: 0
2025-04-15 21:09:40,407 DEBUG [http-nio-63040-exec-1][Logger.java:49] - Releasing transactional SqlSession [org.apache.ibatis.session.defaults.DefaultSqlSession@28cb617]
2025-04-15 21:09:40,407 DEBUG [http-nio-63040-exec-1][Logger.java:49] - Releasing transactional SqlSession [org.apache.ibatis.session.defaults.DefaultSqlSession@28cb617]
2025-04-15 21:09:40,407 DEBUG [http-nio-63040-exec-1][Logger.java:49] - Fetched SqlSession [org.apache.ibatis.session.defaults.DefaultSqlSession@28cb617] from current transaction
2025-04-15 21:09:40,407 DEBUG [http-nio-63040-exec-1][Logger.java:49] - Fetched SqlSession [org.apache.ibatis.session.defaults.DefaultSqlSession@28cb617] from current transaction
2025-04-15 21:09:40,407 DEBUG [http-nio-63040-exec-1][BaseJdbcLogger.java:137] - ==>  Preparing: INSERT INTO course_market ( id, charge, price, original_price, qq, wechat, phone, valid_days ) VALUES ( ?, ?, ?, ?, ?, ?, ?, ? )
2025-04-15 21:09:40,407 DEBUG [http-nio-63040-exec-1][BaseJdbcLogger.java:137] - ==>  Preparing: INSERT INTO course_market ( id, charge, price, original_price, qq, wechat, phone, valid_days ) VALUES ( ?, ?, ?, ?, ?, ?, ?, ? )
2025-04-15 21:09:40,408 DEBUG [http-nio-63040-exec-1][BaseJdbcLogger.java:137] - ==> Parameters: 129(Long), 201001(String), 1.0(Float), 999.0(Float), 2222(String), 22222(String), 21231232(String), 365(Integer)
2025-04-15 21:09:40,408 DEBUG [http-nio-63040-exec-1][BaseJdbcLogger.java:137] - ==> Parameters: 129(Long), 201001(String), 1.0(Float), 999.0(Float), 2222(String), 22222(String), 21231232(String), 365(Integer)
2025-04-15 21:09:40,413 DEBUG [http-nio-63040-exec-1][BaseJdbcLogger.java:137] - <==    Updates: 1
2025-04-15 21:09:40,413 DEBUG [http-nio-63040-exec-1][BaseJdbcLogger.java:137] - <==    Updates: 1
2025-04-15 21:09:40,413 DEBUG [http-nio-63040-exec-1][Logger.java:49] - Releasing transactional SqlSession [org.apache.ibatis.session.defaults.DefaultSqlSession@28cb617]
2025-04-15 21:09:40,413 DEBUG [http-nio-63040-exec-1][Logger.java:49] - Releasing transactional SqlSession [org.apache.ibatis.session.defaults.DefaultSqlSession@28cb617]
2025-04-15 21:09:40,413 DEBUG [http-nio-63040-exec-1][Logger.java:49] - Fetched SqlSession [org.apache.ibatis.session.defaults.DefaultSqlSession@28cb617] from current transaction
2025-04-15 21:09:40,413 DEBUG [http-nio-63040-exec-1][Logger.java:49] - Fetched SqlSession [org.apache.ibatis.session.defaults.DefaultSqlSession@28cb617] from current transaction
2025-04-15 21:09:40,414 DEBUG [http-nio-63040-exec-1][BaseJdbcLogger.java:137] - ==>  Preparing: SELECT id,company_id,company_name,name,users,tags,mt,st,grade,teachmode,description,pic,create_date,change_date,create_people,change_people,audit_status,status FROM course_base WHERE id=?
2025-04-15 21:09:40,414 DEBUG [http-nio-63040-exec-1][BaseJdbcLogger.java:137] - ==>  Preparing: SELECT id,company_id,company_name,name,users,tags,mt,st,grade,teachmode,description,pic,create_date,change_date,create_people,change_people,audit_status,status FROM course_base WHERE id=?
2025-04-15 21:09:40,414 DEBUG [http-nio-63040-exec-1][BaseJdbcLogger.java:137] - ==> Parameters: 129(Long)
2025-04-15 21:09:40,414 DEBUG [http-nio-63040-exec-1][BaseJdbcLogger.java:137] - ==> Parameters: 129(Long)
2025-04-15 21:09:40,419 DEBUG [http-nio-63040-exec-1][BaseJdbcLogger.java:137] - <==      Total: 1
2025-04-15 21:09:40,419 DEBUG [http-nio-63040-exec-1][BaseJdbcLogger.java:137] - <==      Total: 1
2025-04-15 21:09:40,419 DEBUG [http-nio-63040-exec-1][Logger.java:49] - Releasing transactional SqlSession [org.apache.ibatis.session.defaults.DefaultSqlSession@28cb617]
2025-04-15 21:09:40,419 DEBUG [http-nio-63040-exec-1][Logger.java:49] - Releasing transactional SqlSession [org.apache.ibatis.session.defaults.DefaultSqlSession@28cb617]
2025-04-15 21:09:40,419 DEBUG [http-nio-63040-exec-1][Logger.java:49] - Fetched SqlSession [org.apache.ibatis.session.defaults.DefaultSqlSession@28cb617] from current transaction
2025-04-15 21:09:40,419 DEBUG [http-nio-63040-exec-1][Logger.java:49] - Fetched SqlSession [org.apache.ibatis.session.defaults.DefaultSqlSession@28cb617] from current transaction
2025-04-15 21:09:40,419 DEBUG [http-nio-63040-exec-1][BaseJdbcLogger.java:137] - ==>  Preparing: SELECT id,charge,price,original_price,qq,wechat,phone,valid_days FROM course_market WHERE id=?
2025-04-15 21:09:40,419 DEBUG [http-nio-63040-exec-1][BaseJdbcLogger.java:137] - ==>  Preparing: SELECT id,charge,price,original_price,qq,wechat,phone,valid_days FROM course_market WHERE id=?
2025-04-15 21:09:40,420 DEBUG [http-nio-63040-exec-1][BaseJdbcLogger.java:137] - ==> Parameters: 129(Long)
2025-04-15 21:09:40,420 DEBUG [http-nio-63040-exec-1][BaseJdbcLogger.java:137] - ==> Parameters: 129(Long)
2025-04-15 21:09:40,421 DEBUG [http-nio-63040-exec-1][BaseJdbcLogger.java:137] - <==      Total: 1
2025-04-15 21:09:40,421 DEBUG [http-nio-63040-exec-1][BaseJdbcLogger.java:137] - <==      Total: 1
2025-04-15 21:09:40,422 DEBUG [http-nio-63040-exec-1][Logger.java:49] - Releasing transactional SqlSession [org.apache.ibatis.session.defaults.DefaultSqlSession@28cb617]
2025-04-15 21:09:40,422 DEBUG [http-nio-63040-exec-1][Logger.java:49] - Releasing transactional SqlSession [org.apache.ibatis.session.defaults.DefaultSqlSession@28cb617]
2025-04-15 21:09:40,422 DEBUG [http-nio-63040-exec-1][Logger.java:49] - Fetched SqlSession [org.apache.ibatis.session.defaults.DefaultSqlSession@28cb617] from current transaction
2025-04-15 21:09:40,422 DEBUG [http-nio-63040-exec-1][Logger.java:49] - Fetched SqlSession [org.apache.ibatis.session.defaults.DefaultSqlSession@28cb617] from current transaction
2025-04-15 21:09:40,422 DEBUG [http-nio-63040-exec-1][BaseJdbcLogger.java:137] - ==>  Preparing: SELECT id,name,label,parentid,is_show,orderby,is_leaf FROM course_category WHERE id=?
2025-04-15 21:09:40,422 DEBUG [http-nio-63040-exec-1][BaseJdbcLogger.java:137] - ==>  Preparing: SELECT id,name,label,parentid,is_show,orderby,is_leaf FROM course_category WHERE id=?
2025-04-15 21:09:40,423 DEBUG [http-nio-63040-exec-1][BaseJdbcLogger.java:137] - ==> Parameters: 1-8-2(String)
2025-04-15 21:09:40,423 DEBUG [http-nio-63040-exec-1][BaseJdbcLogger.java:137] - ==> Parameters: 1-8-2(String)
2025-04-15 21:09:40,425 DEBUG [http-nio-63040-exec-1][BaseJdbcLogger.java:137] - <==      Total: 1
2025-04-15 21:09:40,425 DEBUG [http-nio-63040-exec-1][BaseJdbcLogger.java:137] - <==      Total: 1
2025-04-15 21:09:40,425 DEBUG [http-nio-63040-exec-1][Logger.java:49] - Releasing transactional SqlSession [org.apache.ibatis.session.defaults.DefaultSqlSession@28cb617]
2025-04-15 21:09:40,425 DEBUG [http-nio-63040-exec-1][Logger.java:49] - Releasing transactional SqlSession [org.apache.ibatis.session.defaults.DefaultSqlSession@28cb617]
2025-04-15 21:09:40,426 DEBUG [http-nio-63040-exec-1][Logger.java:49] - Fetched SqlSession [org.apache.ibatis.session.defaults.DefaultSqlSession@28cb617] from current transaction
2025-04-15 21:09:40,426 DEBUG [http-nio-63040-exec-1][Logger.java:49] - Fetched SqlSession [org.apache.ibatis.session.defaults.DefaultSqlSession@28cb617] from current transaction
2025-04-15 21:09:40,426 DEBUG [http-nio-63040-exec-1][BaseJdbcLogger.java:137] - ==>  Preparing: SELECT id,name,label,parentid,is_show,orderby,is_leaf FROM course_category WHERE id=?
2025-04-15 21:09:40,426 DEBUG [http-nio-63040-exec-1][BaseJdbcLogger.java:137] - ==>  Preparing: SELECT id,name,label,parentid,is_show,orderby,is_leaf FROM course_category WHERE id=?
2025-04-15 21:09:40,428 DEBUG [http-nio-63040-exec-1][BaseJdbcLogger.java:137] - ==> Parameters: 1-8(String)
2025-04-15 21:09:40,428 DEBUG [http-nio-63040-exec-1][BaseJdbcLogger.java:137] - ==> Parameters: 1-8(String)
2025-04-15 21:09:40,430 DEBUG [http-nio-63040-exec-1][BaseJdbcLogger.java:137] - <==      Total: 1
2025-04-15 21:09:40,430 DEBUG [http-nio-63040-exec-1][BaseJdbcLogger.java:137] - <==      Total: 1
2025-04-15 21:09:40,431 DEBUG [http-nio-63040-exec-1][Logger.java:49] - Releasing transactional SqlSession [org.apache.ibatis.session.defaults.DefaultSqlSession@28cb617]
2025-04-15 21:09:40,431 DEBUG [http-nio-63040-exec-1][Logger.java:49] - Releasing transactional SqlSession [org.apache.ibatis.session.defaults.DefaultSqlSession@28cb617]
2025-04-15 21:09:40,431 DEBUG [http-nio-63040-exec-1][Logger.java:49] - Transaction synchronization committing SqlSession [org.apache.ibatis.session.defaults.DefaultSqlSession@28cb617]
2025-04-15 21:09:40,431 DEBUG [http-nio-63040-exec-1][Logger.java:49] - Transaction synchronization committing SqlSession [org.apache.ibatis.session.defaults.DefaultSqlSession@28cb617]
2025-04-15 21:09:40,431 DEBUG [http-nio-63040-exec-1][Logger.java:49] - Transaction synchronization deregistering SqlSession [org.apache.ibatis.session.defaults.DefaultSqlSession@28cb617]
2025-04-15 21:09:40,431 DEBUG [http-nio-63040-exec-1][Logger.java:49] - Transaction synchronization deregistering SqlSession [org.apache.ibatis.session.defaults.DefaultSqlSession@28cb617]
2025-04-15 21:09:40,431 DEBUG [http-nio-63040-exec-1][Logger.java:49] - Transaction synchronization closing SqlSession [org.apache.ibatis.session.defaults.DefaultSqlSession@28cb617]
2025-04-15 21:09:40,431 DEBUG [http-nio-63040-exec-1][Logger.java:49] - Transaction synchronization closing SqlSession [org.apache.ibatis.session.defaults.DefaultSqlSession@28cb617]
2025-04-15 21:09:40,432 DEBUG [http-nio-63040-exec-1][AbstractPlatformTransactionManager.java:740] - Initiating transaction commit
2025-04-15 21:09:40,432 DEBUG [http-nio-63040-exec-1][AbstractPlatformTransactionManager.java:740] - Initiating transaction commit
2025-04-15 21:09:40,432 DEBUG [http-nio-63040-exec-1][DataSourceTransactionManager.java:326] - Committing JDBC transaction on Connection [HikariProxyConnection@1115042895 wrapping com.mysql.cj.jdbc.ConnectionImpl@742f0ad9]
2025-04-15 21:09:40,432 DEBUG [http-nio-63040-exec-1][DataSourceTransactionManager.java:326] - Committing JDBC transaction on Connection [HikariProxyConnection@1115042895 wrapping com.mysql.cj.jdbc.ConnectionImpl@742f0ad9]
2025-04-15 21:09:40,437 DEBUG [http-nio-63040-exec-1][DataSourceTransactionManager.java:385] - Releasing JDBC Connection [HikariProxyConnection@1115042895 wrapping com.mysql.cj.jdbc.ConnectionImpl@742f0ad9] after transaction
2025-04-15 21:09:40,437 DEBUG [http-nio-63040-exec-1][DataSourceTransactionManager.java:385] - Releasing JDBC Connection [HikariProxyConnection@1115042895 wrapping com.mysql.cj.jdbc.ConnectionImpl@742f0ad9] after transaction
2025-04-15 21:09:40,437 DEBUG [http-nio-63040-exec-1][AbstractMessageConverterMethodProcessor.java:255] - Using 'application/json', given [application/json, text/plain, */*] and supported [application/json, application/*+json, application/json, application/*+json]
2025-04-15 21:09:40,437 DEBUG [http-nio-63040-exec-1][AbstractMessageConverterMethodProcessor.java:255] - Using 'application/json', given [application/json, text/plain, */*] and supported [application/json, application/*+json, application/json, application/*+json]
2025-04-15 21:09:40,438 DEBUG [http-nio-63040-exec-1][LogFormatUtils.java:91] - Writing [CourseBaseInfoDto(charge=201001, price=1.0, originalPrice=999.0, qq=2222, wechat=22222, phone=212312 (truncated)...]
2025-04-15 21:09:40,438 DEBUG [http-nio-63040-exec-1][LogFormatUtils.java:91] - Writing [CourseBaseInfoDto(charge=201001, price=1.0, originalPrice=999.0, qq=2222, wechat=22222, phone=212312 (truncated)...]
2025-04-15 21:09:40,438 DEBUG [http-nio-63040-exec-1][FrameworkServlet.java:1131] - Completed 200 OK
2025-04-15 21:09:40,438 DEBUG [http-nio-63040-exec-1][FrameworkServlet.java:1131] - Completed 200 OK
2025-04-15 21:09:40,759 DEBUG [http-nio-63040-exec-2][LogFormatUtils.java:91] - GET "/content/teachplan/129/tree-nodes", parameters={}
2025-04-15 21:09:40,759 DEBUG [http-nio-63040-exec-2][LogFormatUtils.java:91] - GET "/content/teachplan/129/tree-nodes", parameters={}
2025-04-15 21:09:40,759 DEBUG [http-nio-63040-exec-2][AbstractHandlerMapping.java:415] - Mapped to ResourceHttpRequestHandler ["classpath:/META-INF/resources/", "classpath:/resources/", "classpath:/static/", "classpath:/public/", "/"]
2025-04-15 21:09:40,759 DEBUG [http-nio-63040-exec-2][AbstractHandlerMapping.java:415] - Mapped to ResourceHttpRequestHandler ["classpath:/META-INF/resources/", "classpath:/resources/", "classpath:/static/", "classpath:/public/", "/"]
2025-04-15 21:09:40,762 DEBUG [http-nio-63040-exec-2][ResourceHttpRequestHandler.java:487] - Resource not found
2025-04-15 21:09:40,762 DEBUG [http-nio-63040-exec-2][ResourceHttpRequestHandler.java:487] - Resource not found
2025-04-15 21:09:40,762 DEBUG [http-nio-63040-exec-2][FrameworkServlet.java:1131] - Completed 404 NOT_FOUND
2025-04-15 21:09:40,762 DEBUG [http-nio-63040-exec-2][FrameworkServlet.java:1131] - Completed 404 NOT_FOUND
2025-04-15 21:09:40,763 DEBUG [http-nio-63040-exec-2][LogFormatUtils.java:91] - "ERROR" dispatch for GET "/content/error", parameters={}
2025-04-15 21:09:40,763 DEBUG [http-nio-63040-exec-2][LogFormatUtils.java:91] - "ERROR" dispatch for GET "/content/error", parameters={}
2025-04-15 21:09:40,763 DEBUG [http-nio-63040-exec-2][AbstractHandlerMapping.java:415] - Mapped to org.springframework.boot.autoconfigure.web.servlet.error.BasicErrorController#error(HttpServletRequest)
2025-04-15 21:09:40,763 DEBUG [http-nio-63040-exec-2][AbstractHandlerMapping.java:415] - Mapped to org.springframework.boot.autoconfigure.web.servlet.error.BasicErrorController#error(HttpServletRequest)
2025-04-15 21:09:40,764 DEBUG [http-nio-63040-exec-2][AbstractMessageConverterMethodProcessor.java:255] - Using 'application/json', given [application/json, text/plain, */*] and supported [application/json, application/*+json, application/json, application/*+json]
2025-04-15 21:09:40,764 DEBUG [http-nio-63040-exec-2][AbstractMessageConverterMethodProcessor.java:255] - Using 'application/json', given [application/json, text/plain, */*] and supported [application/json, application/*+json, application/json, application/*+json]
2025-04-15 21:09:40,764 DEBUG [http-nio-63040-exec-2][LogFormatUtils.java:91] - Writing [{timestamp=Tue Apr 15 21:09:40 CST 2025, status=404, error=Not Found, message=, path=/content/teachp (truncated)...]
2025-04-15 21:09:40,764 DEBUG [http-nio-63040-exec-2][LogFormatUtils.java:91] - Writing [{timestamp=Tue Apr 15 21:09:40 CST 2025, status=404, error=Not Found, message=, path=/content/teachp (truncated)...]
2025-04-15 21:09:40,765 DEBUG [http-nio-63040-exec-2][FrameworkServlet.java:1127] - Exiting from "ERROR" dispatch, status 404
2025-04-15 21:09:40,765 DEBUG [http-nio-63040-exec-2][FrameworkServlet.java:1127] - Exiting from "ERROR" dispatch, status 404
2025-04-15 21:10:02,589 DEBUG [HikariPool-1 housekeeper][HikariPool.java:421] - HikariPool-1 - Pool stats (total=10, active=0, idle=10, waiting=0)
2025-04-15 21:10:02,589 DEBUG [HikariPool-1 housekeeper][HikariPool.java:421] - HikariPool-1 - Pool stats (total=10, active=0, idle=10, waiting=0)
2025-04-15 21:10:02,589 DEBUG [HikariPool-1 housekeeper][HikariPool.java:517] - HikariPool-1 - Fill pool skipped, pool is at sufficient level.
2025-04-15 21:10:02,589 DEBUG [HikariPool-1 housekeeper][HikariPool.java:517] - HikariPool-1 - Fill pool skipped, pool is at sufficient level.
2025-04-15 21:10:03,304 DEBUG [HikariPool-1 housekeeper][HikariPool.java:421] - HikariPool-1 - Pool stats (total=10, active=0, idle=10, waiting=0)
2025-04-15 21:10:03,304 DEBUG [HikariPool-1 housekeeper][HikariPool.java:421] - HikariPool-1 - Pool stats (total=10, active=0, idle=10, waiting=0)
2025-04-15 21:10:03,304 DEBUG [HikariPool-1 housekeeper][HikariPool.java:517] - HikariPool-1 - Fill pool skipped, pool is at sufficient level.
2025-04-15 21:10:03,304 DEBUG [HikariPool-1 housekeeper][HikariPool.java:517] - HikariPool-1 - Fill pool skipped, pool is at sufficient level.
2025-04-15 21:10:32,601 DEBUG [HikariPool-1 housekeeper][HikariPool.java:421] - HikariPool-1 - Pool stats (total=10, active=0, idle=10, waiting=0)
2025-04-15 21:10:32,601 DEBUG [HikariPool-1 housekeeper][HikariPool.java:421] - HikariPool-1 - Pool stats (total=10, active=0, idle=10, waiting=0)
2025-04-15 21:10:32,601 DEBUG [HikariPool-1 housekeeper][HikariPool.java:517] - HikariPool-1 - Fill pool skipped, pool is at sufficient level.
2025-04-15 21:10:32,601 DEBUG [HikariPool-1 housekeeper][HikariPool.java:517] - HikariPool-1 - Fill pool skipped, pool is at sufficient level.
2025-04-15 21:10:33,318 DEBUG [HikariPool-1 housekeeper][HikariPool.java:421] - HikariPool-1 - Pool stats (total=10, active=0, idle=10, waiting=0)
2025-04-15 21:10:33,318 DEBUG [HikariPool-1 housekeeper][HikariPool.java:421] - HikariPool-1 - Pool stats (total=10, active=0, idle=10, waiting=0)
2025-04-15 21:10:33,318 DEBUG [HikariPool-1 housekeeper][HikariPool.java:517] - HikariPool-1 - Fill pool skipped, pool is at sufficient level.
2025-04-15 21:10:33,318 DEBUG [HikariPool-1 housekeeper][HikariPool.java:517] - HikariPool-1 - Fill pool skipped, pool is at sufficient level.
2025-04-15 21:10:35,145 DEBUG [http-nio-63040-exec-3][LogFormatUtils.java:91] - POST "/content/course/list?pageNo=1&pageSize=10", parameters={masked}
2025-04-15 21:10:35,145 DEBUG [http-nio-63040-exec-3][LogFormatUtils.java:91] - POST "/content/course/list?pageNo=1&pageSize=10", parameters={masked}
2025-04-15 21:10:35,145 DEBUG [http-nio-63040-exec-3][AbstractHandlerMapping.java:415] - Mapped to com.xuecheng.content.api.CourseBaseInfoController#list(PageParams, QueryCourseParamsDto)
2025-04-15 21:10:35,145 DEBUG [http-nio-63040-exec-3][AbstractHandlerMapping.java:415] - Mapped to com.xuecheng.content.api.CourseBaseInfoController#list(PageParams, QueryCourseParamsDto)
2025-04-15 21:10:35,146 DEBUG [http-nio-63040-exec-3][LogFormatUtils.java:91] - Read "application/json;charset=UTF-8" to [QueryCourseParamsDto(auditStatus=, courseName=, publishStatus=null)]
2025-04-15 21:10:35,146 DEBUG [http-nio-63040-exec-3][LogFormatUtils.java:91] - Read "application/json;charset=UTF-8" to [QueryCourseParamsDto(auditStatus=, courseName=, publishStatus=null)]
2025-04-15 21:10:35,147 DEBUG [http-nio-63040-exec-3][Logger.java:49] - Creating a new SqlSession
2025-04-15 21:10:35,147 DEBUG [http-nio-63040-exec-3][Logger.java:49] - Creating a new SqlSession
2025-04-15 21:10:35,147 DEBUG [http-nio-63040-exec-3][Logger.java:49] - SqlSession [org.apache.ibatis.session.defaults.DefaultSqlSession@43bb7995] was not registered for synchronization because synchronization is not active
2025-04-15 21:10:35,147 DEBUG [http-nio-63040-exec-3][Logger.java:49] - SqlSession [org.apache.ibatis.session.defaults.DefaultSqlSession@43bb7995] was not registered for synchronization because synchronization is not active
2025-04-15 21:10:35,149 DEBUG [http-nio-63040-exec-3][DataSourceUtils.java:115] - Fetching JDBC Connection from DataSource
2025-04-15 21:10:35,149 DEBUG [http-nio-63040-exec-3][DataSourceUtils.java:115] - Fetching JDBC Connection from DataSource
2025-04-15 21:10:35,151 DEBUG [http-nio-63040-exec-3][Logger.java:49] - JDBC Connection [HikariProxyConnection@1999276560 wrapping com.mysql.cj.jdbc.ConnectionImpl@742f0ad9] will not be managed by Spring
2025-04-15 21:10:35,151 DEBUG [http-nio-63040-exec-3][Logger.java:49] - JDBC Connection [HikariProxyConnection@1999276560 wrapping com.mysql.cj.jdbc.ConnectionImpl@742f0ad9] will not be managed by Spring
2025-04-15 21:10:35,151 DEBUG [http-nio-63040-exec-3][BaseJdbcLogger.java:137] - ==>  Preparing: SELECT COUNT(*) FROM course_base
2025-04-15 21:10:35,151 DEBUG [http-nio-63040-exec-3][BaseJdbcLogger.java:137] - ==>  Preparing: SELECT COUNT(*) FROM course_base
2025-04-15 21:10:35,151 DEBUG [http-nio-63040-exec-3][BaseJdbcLogger.java:137] - ==> Parameters: 
2025-04-15 21:10:35,151 DEBUG [http-nio-63040-exec-3][BaseJdbcLogger.java:137] - ==> Parameters: 
2025-04-15 21:10:35,157 DEBUG [http-nio-63040-exec-3][BaseJdbcLogger.java:137] - <==      Total: 1
2025-04-15 21:10:35,157 DEBUG [http-nio-63040-exec-3][BaseJdbcLogger.java:137] - <==      Total: 1
2025-04-15 21:10:35,158 DEBUG [http-nio-63040-exec-3][BaseJdbcLogger.java:137] - ==>  Preparing: SELECT id,company_id,company_name,name,users,tags,mt,st,grade,teachmode,description,pic,create_date,change_date,create_people,change_people,audit_status,status FROM course_base LIMIT ?
2025-04-15 21:10:35,158 DEBUG [http-nio-63040-exec-3][BaseJdbcLogger.java:137] - ==>  Preparing: SELECT id,company_id,company_name,name,users,tags,mt,st,grade,teachmode,description,pic,create_date,change_date,create_people,change_people,audit_status,status FROM course_base LIMIT ?
2025-04-15 21:10:35,158 DEBUG [http-nio-63040-exec-3][BaseJdbcLogger.java:137] - ==> Parameters: 10(Long)
2025-04-15 21:10:35,158 DEBUG [http-nio-63040-exec-3][BaseJdbcLogger.java:137] - ==> Parameters: 10(Long)
2025-04-15 21:10:35,169 DEBUG [http-nio-63040-exec-3][BaseJdbcLogger.java:137] - <==      Total: 10
2025-04-15 21:10:35,169 DEBUG [http-nio-63040-exec-3][BaseJdbcLogger.java:137] - <==      Total: 10
2025-04-15 21:10:35,170 DEBUG [http-nio-63040-exec-3][Logger.java:49] - Closing non transactional SqlSession [org.apache.ibatis.session.defaults.DefaultSqlSession@43bb7995]
2025-04-15 21:10:35,170 DEBUG [http-nio-63040-exec-3][Logger.java:49] - Closing non transactional SqlSession [org.apache.ibatis.session.defaults.DefaultSqlSession@43bb7995]
2025-04-15 21:10:35,171 DEBUG [http-nio-63040-exec-3][AbstractMessageConverterMethodProcessor.java:255] - Using 'application/json', given [application/json, text/plain, */*] and supported [application/json, application/*+json, application/json, application/*+json]
2025-04-15 21:10:35,171 DEBUG [http-nio-63040-exec-3][AbstractMessageConverterMethodProcessor.java:255] - Using 'application/json', given [application/json, text/plain, */*] and supported [application/json, application/*+json, application/json, application/*+json]
2025-04-15 21:10:35,172 DEBUG [http-nio-63040-exec-3][LogFormatUtils.java:91] - Writing [PageResult(items=[CourseBase(id=1, companyId=1232141425, companyName=, name=JAVA8/9/10新特性讲解, users=j (truncated)...]
2025-04-15 21:10:35,172 DEBUG [http-nio-63040-exec-3][LogFormatUtils.java:91] - Writing [PageResult(items=[CourseBase(id=1, companyId=1232141425, companyName=, name=JAVA8/9/10新特性讲解, users=j (truncated)...]
2025-04-15 21:10:35,173 DEBUG [http-nio-63040-exec-3][FrameworkServlet.java:1131] - Completed 200 OK
2025-04-15 21:10:35,173 DEBUG [http-nio-63040-exec-3][FrameworkServlet.java:1131] - Completed 200 OK
2025-04-15 21:10:38,481 DEBUG [http-nio-63040-exec-4][LogFormatUtils.java:91] - POST "/content/course/list?pageNo=1&pageSize=10", parameters={masked}
2025-04-15 21:10:38,481 DEBUG [http-nio-63040-exec-4][LogFormatUtils.java:91] - POST "/content/course/list?pageNo=1&pageSize=10", parameters={masked}
2025-04-15 21:10:38,482 DEBUG [http-nio-63040-exec-4][AbstractHandlerMapping.java:415] - Mapped to com.xuecheng.content.api.CourseBaseInfoController#list(PageParams, QueryCourseParamsDto)
2025-04-15 21:10:38,482 DEBUG [http-nio-63040-exec-4][AbstractHandlerMapping.java:415] - Mapped to com.xuecheng.content.api.CourseBaseInfoController#list(PageParams, QueryCourseParamsDto)
2025-04-15 21:10:38,483 DEBUG [http-nio-63040-exec-4][LogFormatUtils.java:91] - Read "application/json;charset=UTF-8" to [QueryCourseParamsDto(auditStatus=, courseName=马梓涵, publishStatus=null)]
2025-04-15 21:10:38,483 DEBUG [http-nio-63040-exec-4][LogFormatUtils.java:91] - Read "application/json;charset=UTF-8" to [QueryCourseParamsDto(auditStatus=, courseName=马梓涵, publishStatus=null)]
2025-04-15 21:10:38,483 DEBUG [http-nio-63040-exec-4][Logger.java:49] - Creating a new SqlSession
2025-04-15 21:10:38,483 DEBUG [http-nio-63040-exec-4][Logger.java:49] - Creating a new SqlSession
2025-04-15 21:10:38,483 DEBUG [http-nio-63040-exec-4][Logger.java:49] - SqlSession [org.apache.ibatis.session.defaults.DefaultSqlSession@2fd8bda3] was not registered for synchronization because synchronization is not active
2025-04-15 21:10:38,483 DEBUG [http-nio-63040-exec-4][Logger.java:49] - SqlSession [org.apache.ibatis.session.defaults.DefaultSqlSession@2fd8bda3] was not registered for synchronization because synchronization is not active
2025-04-15 21:10:38,487 DEBUG [http-nio-63040-exec-4][DataSourceUtils.java:115] - Fetching JDBC Connection from DataSource
2025-04-15 21:10:38,487 DEBUG [http-nio-63040-exec-4][DataSourceUtils.java:115] - Fetching JDBC Connection from DataSource
2025-04-15 21:10:38,489 DEBUG [http-nio-63040-exec-4][Logger.java:49] - JDBC Connection [HikariProxyConnection@1419815035 wrapping com.mysql.cj.jdbc.ConnectionImpl@742f0ad9] will not be managed by Spring
2025-04-15 21:10:38,489 DEBUG [http-nio-63040-exec-4][Logger.java:49] - JDBC Connection [HikariProxyConnection@1419815035 wrapping com.mysql.cj.jdbc.ConnectionImpl@742f0ad9] will not be managed by Spring
2025-04-15 21:10:38,489 DEBUG [http-nio-63040-exec-4][BaseJdbcLogger.java:137] - ==>  Preparing: SELECT COUNT(*) FROM course_base WHERE (name LIKE ?)
2025-04-15 21:10:38,489 DEBUG [http-nio-63040-exec-4][BaseJdbcLogger.java:137] - ==>  Preparing: SELECT COUNT(*) FROM course_base WHERE (name LIKE ?)
2025-04-15 21:10:38,489 DEBUG [http-nio-63040-exec-4][BaseJdbcLogger.java:137] - ==> Parameters: %马梓涵%(String)
2025-04-15 21:10:38,489 DEBUG [http-nio-63040-exec-4][BaseJdbcLogger.java:137] - ==> Parameters: %马梓涵%(String)
2025-04-15 21:10:38,493 DEBUG [http-nio-63040-exec-4][BaseJdbcLogger.java:137] - <==      Total: 1
2025-04-15 21:10:38,493 DEBUG [http-nio-63040-exec-4][BaseJdbcLogger.java:137] - <==      Total: 1
2025-04-15 21:10:38,494 DEBUG [http-nio-63040-exec-4][BaseJdbcLogger.java:137] - ==>  Preparing: SELECT id,company_id,company_name,name,users,tags,mt,st,grade,teachmode,description,pic,create_date,change_date,create_people,change_people,audit_status,status FROM course_base WHERE (name LIKE ?) LIMIT ?
2025-04-15 21:10:38,494 DEBUG [http-nio-63040-exec-4][BaseJdbcLogger.java:137] - ==>  Preparing: SELECT id,company_id,company_name,name,users,tags,mt,st,grade,teachmode,description,pic,create_date,change_date,create_people,change_people,audit_status,status FROM course_base WHERE (name LIKE ?) LIMIT ?
2025-04-15 21:10:38,495 DEBUG [http-nio-63040-exec-4][BaseJdbcLogger.java:137] - ==> Parameters: %马梓涵%(String), 10(Long)
2025-04-15 21:10:38,495 DEBUG [http-nio-63040-exec-4][BaseJdbcLogger.java:137] - ==> Parameters: %马梓涵%(String), 10(Long)
2025-04-15 21:10:38,500 DEBUG [http-nio-63040-exec-4][BaseJdbcLogger.java:137] - <==      Total: 2
2025-04-15 21:10:38,500 DEBUG [http-nio-63040-exec-4][BaseJdbcLogger.java:137] - <==      Total: 2
2025-04-15 21:10:38,501 DEBUG [http-nio-63040-exec-4][Logger.java:49] - Closing non transactional SqlSession [org.apache.ibatis.session.defaults.DefaultSqlSession@2fd8bda3]
2025-04-15 21:10:38,501 DEBUG [http-nio-63040-exec-4][Logger.java:49] - Closing non transactional SqlSession [org.apache.ibatis.session.defaults.DefaultSqlSession@2fd8bda3]
2025-04-15 21:10:38,501 DEBUG [http-nio-63040-exec-4][AbstractMessageConverterMethodProcessor.java:255] - Using 'application/json', given [application/json, text/plain, */*] and supported [application/json, application/*+json, application/json, application/*+json]
2025-04-15 21:10:38,501 DEBUG [http-nio-63040-exec-4][AbstractMessageConverterMethodProcessor.java:255] - Using 'application/json', given [application/json, text/plain, */*] and supported [application/json, application/*+json, application/json, application/*+json]
2025-04-15 21:10:38,501 DEBUG [http-nio-63040-exec-4][LogFormatUtils.java:91] - Writing [PageResult(items=[CourseBase(id=128, companyId=1232141425, companyName=null, name=马梓涵, users=3~6岁儿童, (truncated)...]
2025-04-15 21:10:38,501 DEBUG [http-nio-63040-exec-4][LogFormatUtils.java:91] - Writing [PageResult(items=[CourseBase(id=128, companyId=1232141425, companyName=null, name=马梓涵, users=3~6岁儿童, (truncated)...]
2025-04-15 21:10:38,502 DEBUG [http-nio-63040-exec-4][FrameworkServlet.java:1131] - Completed 200 OK
2025-04-15 21:10:38,502 DEBUG [http-nio-63040-exec-4][FrameworkServlet.java:1131] - Completed 200 OK
2025-04-15 21:11:02,611 DEBUG [HikariPool-1 housekeeper][HikariPool.java:421] - HikariPool-1 - Pool stats (total=10, active=0, idle=10, waiting=0)
2025-04-15 21:11:02,611 DEBUG [HikariPool-1 housekeeper][HikariPool.java:421] - HikariPool-1 - Pool stats (total=10, active=0, idle=10, waiting=0)
2025-04-15 21:11:02,611 DEBUG [HikariPool-1 housekeeper][HikariPool.java:517] - HikariPool-1 - Fill pool skipped, pool is at sufficient level.
2025-04-15 21:11:02,611 DEBUG [HikariPool-1 housekeeper][HikariPool.java:517] - HikariPool-1 - Fill pool skipped, pool is at sufficient level.
2025-04-15 21:11:03,331 DEBUG [HikariPool-1 housekeeper][HikariPool.java:421] - HikariPool-1 - Pool stats (total=10, active=0, idle=10, waiting=0)
2025-04-15 21:11:03,331 DEBUG [HikariPool-1 housekeeper][HikariPool.java:421] - HikariPool-1 - Pool stats (total=10, active=0, idle=10, waiting=0)
2025-04-15 21:11:03,331 DEBUG [HikariPool-1 housekeeper][HikariPool.java:517] - HikariPool-1 - Fill pool skipped, pool is at sufficient level.
2025-04-15 21:11:03,331 DEBUG [HikariPool-1 housekeeper][HikariPool.java:517] - HikariPool-1 - Fill pool skipped, pool is at sufficient level.
2025-04-15 21:11:32,625 DEBUG [HikariPool-1 housekeeper][HikariPool.java:421] - HikariPool-1 - Pool stats (total=10, active=0, idle=10, waiting=0)
2025-04-15 21:11:32,625 DEBUG [HikariPool-1 housekeeper][HikariPool.java:421] - HikariPool-1 - Pool stats (total=10, active=0, idle=10, waiting=0)
2025-04-15 21:11:32,625 DEBUG [HikariPool-1 housekeeper][HikariPool.java:517] - HikariPool-1 - Fill pool skipped, pool is at sufficient level.
2025-04-15 21:11:32,625 DEBUG [HikariPool-1 housekeeper][HikariPool.java:517] - HikariPool-1 - Fill pool skipped, pool is at sufficient level.
2025-04-15 21:11:33,342 DEBUG [HikariPool-1 housekeeper][HikariPool.java:421] - HikariPool-1 - Pool stats (total=10, active=0, idle=10, waiting=0)
2025-04-15 21:11:33,342 DEBUG [HikariPool-1 housekeeper][HikariPool.java:421] - HikariPool-1 - Pool stats (total=10, active=0, idle=10, waiting=0)
2025-04-15 21:11:33,342 DEBUG [HikariPool-1 housekeeper][HikariPool.java:517] - HikariPool-1 - Fill pool skipped, pool is at sufficient level.
2025-04-15 21:11:33,342 DEBUG [HikariPool-1 housekeeper][HikariPool.java:517] - HikariPool-1 - Fill pool skipped, pool is at sufficient level.
2025-04-15 21:12:02,633 DEBUG [HikariPool-1 housekeeper][HikariPool.java:421] - HikariPool-1 - Pool stats (total=10, active=0, idle=10, waiting=0)
2025-04-15 21:12:02,633 DEBUG [HikariPool-1 housekeeper][HikariPool.java:421] - HikariPool-1 - Pool stats (total=10, active=0, idle=10, waiting=0)
2025-04-15 21:12:02,633 DEBUG [HikariPool-1 housekeeper][HikariPool.java:517] - HikariPool-1 - Fill pool skipped, pool is at sufficient level.
2025-04-15 21:12:02,633 DEBUG [HikariPool-1 housekeeper][HikariPool.java:517] - HikariPool-1 - Fill pool skipped, pool is at sufficient level.
2025-04-15 21:12:03,353 DEBUG [HikariPool-1 housekeeper][HikariPool.java:421] - HikariPool-1 - Pool stats (total=10, active=0, idle=10, waiting=0)
2025-04-15 21:12:03,353 DEBUG [HikariPool-1 housekeeper][HikariPool.java:421] - HikariPool-1 - Pool stats (total=10, active=0, idle=10, waiting=0)
2025-04-15 21:12:03,353 DEBUG [HikariPool-1 housekeeper][HikariPool.java:517] - HikariPool-1 - Fill pool skipped, pool is at sufficient level.
2025-04-15 21:12:03,353 DEBUG [HikariPool-1 housekeeper][HikariPool.java:517] - HikariPool-1 - Fill pool skipped, pool is at sufficient level.
2025-04-15 21:12:32,644 DEBUG [HikariPool-1 housekeeper][HikariPool.java:421] - HikariPool-1 - Pool stats (total=10, active=0, idle=10, waiting=0)
2025-04-15 21:12:32,644 DEBUG [HikariPool-1 housekeeper][HikariPool.java:421] - HikariPool-1 - Pool stats (total=10, active=0, idle=10, waiting=0)
2025-04-15 21:12:32,644 DEBUG [HikariPool-1 housekeeper][HikariPool.java:517] - HikariPool-1 - Fill pool skipped, pool is at sufficient level.
2025-04-15 21:12:32,644 DEBUG [HikariPool-1 housekeeper][HikariPool.java:517] - HikariPool-1 - Fill pool skipped, pool is at sufficient level.
2025-04-15 21:12:33,361 DEBUG [HikariPool-1 housekeeper][HikariPool.java:421] - HikariPool-1 - Pool stats (total=10, active=0, idle=10, waiting=0)
2025-04-15 21:12:33,361 DEBUG [HikariPool-1 housekeeper][HikariPool.java:421] - HikariPool-1 - Pool stats (total=10, active=0, idle=10, waiting=0)
2025-04-15 21:12:33,361 DEBUG [HikariPool-1 housekeeper][HikariPool.java:517] - HikariPool-1 - Fill pool skipped, pool is at sufficient level.
2025-04-15 21:12:33,361 DEBUG [HikariPool-1 housekeeper][HikariPool.java:517] - HikariPool-1 - Fill pool skipped, pool is at sufficient level.
2025-04-15 21:13:02,655 DEBUG [HikariPool-1 housekeeper][HikariPool.java:421] - HikariPool-1 - Pool stats (total=10, active=0, idle=10, waiting=0)
2025-04-15 21:13:02,655 DEBUG [HikariPool-1 housekeeper][HikariPool.java:421] - HikariPool-1 - Pool stats (total=10, active=0, idle=10, waiting=0)
2025-04-15 21:13:02,655 DEBUG [HikariPool-1 housekeeper][HikariPool.java:517] - HikariPool-1 - Fill pool skipped, pool is at sufficient level.
2025-04-15 21:13:02,655 DEBUG [HikariPool-1 housekeeper][HikariPool.java:517] - HikariPool-1 - Fill pool skipped, pool is at sufficient level.
2025-04-15 21:13:03,376 DEBUG [HikariPool-1 housekeeper][HikariPool.java:421] - HikariPool-1 - Pool stats (total=10, active=0, idle=10, waiting=0)
2025-04-15 21:13:03,376 DEBUG [HikariPool-1 housekeeper][HikariPool.java:517] - HikariPool-1 - Fill pool skipped, pool is at sufficient level.
2025-04-15 21:13:03,376 DEBUG [HikariPool-1 housekeeper][HikariPool.java:421] - HikariPool-1 - Pool stats (total=10, active=0, idle=10, waiting=0)
2025-04-15 21:13:03,376 DEBUG [HikariPool-1 housekeeper][HikariPool.java:517] - HikariPool-1 - Fill pool skipped, pool is at sufficient level.
2025-04-15 21:13:32,658 DEBUG [HikariPool-1 housekeeper][HikariPool.java:421] - HikariPool-1 - Pool stats (total=10, active=0, idle=10, waiting=0)
2025-04-15 21:13:32,658 DEBUG [HikariPool-1 housekeeper][HikariPool.java:421] - HikariPool-1 - Pool stats (total=10, active=0, idle=10, waiting=0)
2025-04-15 21:13:32,658 DEBUG [HikariPool-1 housekeeper][HikariPool.java:517] - HikariPool-1 - Fill pool skipped, pool is at sufficient level.
2025-04-15 21:13:32,658 DEBUG [HikariPool-1 housekeeper][HikariPool.java:517] - HikariPool-1 - Fill pool skipped, pool is at sufficient level.
2025-04-15 21:13:33,387 DEBUG [HikariPool-1 housekeeper][HikariPool.java:421] - HikariPool-1 - Pool stats (total=10, active=0, idle=10, waiting=0)
2025-04-15 21:13:33,387 DEBUG [HikariPool-1 housekeeper][HikariPool.java:421] - HikariPool-1 - Pool stats (total=10, active=0, idle=10, waiting=0)
2025-04-15 21:13:33,387 DEBUG [HikariPool-1 housekeeper][HikariPool.java:517] - HikariPool-1 - Fill pool skipped, pool is at sufficient level.
2025-04-15 21:13:33,387 DEBUG [HikariPool-1 housekeeper][HikariPool.java:517] - HikariPool-1 - Fill pool skipped, pool is at sufficient level.
2025-04-15 21:14:02,668 DEBUG [HikariPool-1 housekeeper][HikariPool.java:421] - HikariPool-1 - Pool stats (total=10, active=0, idle=10, waiting=0)
2025-04-15 21:14:02,668 DEBUG [HikariPool-1 housekeeper][HikariPool.java:421] - HikariPool-1 - Pool stats (total=10, active=0, idle=10, waiting=0)
2025-04-15 21:14:02,668 DEBUG [HikariPool-1 housekeeper][HikariPool.java:517] - HikariPool-1 - Fill pool skipped, pool is at sufficient level.
2025-04-15 21:14:02,668 DEBUG [HikariPool-1 housekeeper][HikariPool.java:517] - HikariPool-1 - Fill pool skipped, pool is at sufficient level.
2025-04-15 21:14:03,400 DEBUG [HikariPool-1 housekeeper][HikariPool.java:421] - HikariPool-1 - Pool stats (total=10, active=0, idle=10, waiting=0)
2025-04-15 21:14:03,400 DEBUG [HikariPool-1 housekeeper][HikariPool.java:421] - HikariPool-1 - Pool stats (total=10, active=0, idle=10, waiting=0)
2025-04-15 21:14:03,400 DEBUG [HikariPool-1 housekeeper][HikariPool.java:517] - HikariPool-1 - Fill pool skipped, pool is at sufficient level.
2025-04-15 21:14:03,400 DEBUG [HikariPool-1 housekeeper][HikariPool.java:517] - HikariPool-1 - Fill pool skipped, pool is at sufficient level.
2025-04-15 21:14:32,668 DEBUG [HikariPool-1 housekeeper][HikariPool.java:421] - HikariPool-1 - Pool stats (total=10, active=0, idle=10, waiting=0)
2025-04-15 21:14:32,668 DEBUG [HikariPool-1 housekeeper][HikariPool.java:421] - HikariPool-1 - Pool stats (total=10, active=0, idle=10, waiting=0)
2025-04-15 21:14:32,668 DEBUG [HikariPool-1 housekeeper][HikariPool.java:517] - HikariPool-1 - Fill pool skipped, pool is at sufficient level.
2025-04-15 21:14:32,668 DEBUG [HikariPool-1 housekeeper][HikariPool.java:517] - HikariPool-1 - Fill pool skipped, pool is at sufficient level.
2025-04-15 21:14:33,400 DEBUG [HikariPool-1 housekeeper][HikariPool.java:421] - HikariPool-1 - Pool stats (total=10, active=0, idle=10, waiting=0)
2025-04-15 21:14:33,400 DEBUG [HikariPool-1 housekeeper][HikariPool.java:517] - HikariPool-1 - Fill pool skipped, pool is at sufficient level.
2025-04-15 21:14:33,400 DEBUG [HikariPool-1 housekeeper][HikariPool.java:421] - HikariPool-1 - Pool stats (total=10, active=0, idle=10, waiting=0)
2025-04-15 21:14:33,400 DEBUG [HikariPool-1 housekeeper][HikariPool.java:517] - HikariPool-1 - Fill pool skipped, pool is at sufficient level.
2025-04-15 21:15:02,677 DEBUG [HikariPool-1 housekeeper][HikariPool.java:421] - HikariPool-1 - Pool stats (total=10, active=0, idle=10, waiting=0)
2025-04-15 21:15:02,677 DEBUG [HikariPool-1 housekeeper][HikariPool.java:421] - HikariPool-1 - Pool stats (total=10, active=0, idle=10, waiting=0)
2025-04-15 21:15:02,677 DEBUG [HikariPool-1 housekeeper][HikariPool.java:517] - HikariPool-1 - Fill pool skipped, pool is at sufficient level.
2025-04-15 21:15:02,677 DEBUG [HikariPool-1 housekeeper][HikariPool.java:517] - HikariPool-1 - Fill pool skipped, pool is at sufficient level.
2025-04-15 21:15:03,412 DEBUG [HikariPool-1 housekeeper][HikariPool.java:421] - HikariPool-1 - Pool stats (total=10, active=0, idle=10, waiting=0)
2025-04-15 21:15:03,412 DEBUG [HikariPool-1 housekeeper][HikariPool.java:421] - HikariPool-1 - Pool stats (total=10, active=0, idle=10, waiting=0)
2025-04-15 21:15:03,412 DEBUG [HikariPool-1 housekeeper][HikariPool.java:517] - HikariPool-1 - Fill pool skipped, pool is at sufficient level.
2025-04-15 21:15:03,412 DEBUG [HikariPool-1 housekeeper][HikariPool.java:517] - HikariPool-1 - Fill pool skipped, pool is at sufficient level.
2025-04-15 21:15:32,681 DEBUG [HikariPool-1 housekeeper][HikariPool.java:421] - HikariPool-1 - Pool stats (total=10, active=0, idle=10, waiting=0)
2025-04-15 21:15:32,681 DEBUG [HikariPool-1 housekeeper][HikariPool.java:421] - HikariPool-1 - Pool stats (total=10, active=0, idle=10, waiting=0)
2025-04-15 21:15:32,681 DEBUG [HikariPool-1 housekeeper][HikariPool.java:517] - HikariPool-1 - Fill pool skipped, pool is at sufficient level.
2025-04-15 21:15:32,681 DEBUG [HikariPool-1 housekeeper][HikariPool.java:517] - HikariPool-1 - Fill pool skipped, pool is at sufficient level.
2025-04-15 21:15:33,412 DEBUG [HikariPool-1 housekeeper][HikariPool.java:421] - HikariPool-1 - Pool stats (total=10, active=0, idle=10, waiting=0)
2025-04-15 21:15:33,412 DEBUG [HikariPool-1 housekeeper][HikariPool.java:421] - HikariPool-1 - Pool stats (total=10, active=0, idle=10, waiting=0)
2025-04-15 21:15:33,412 DEBUG [HikariPool-1 housekeeper][HikariPool.java:517] - HikariPool-1 - Fill pool skipped, pool is at sufficient level.
2025-04-15 21:15:33,412 DEBUG [HikariPool-1 housekeeper][HikariPool.java:517] - HikariPool-1 - Fill pool skipped, pool is at sufficient level.
2025-04-15 21:16:02,688 DEBUG [HikariPool-1 housekeeper][HikariPool.java:421] - HikariPool-1 - Pool stats (total=10, active=0, idle=10, waiting=0)
2025-04-15 21:16:02,688 DEBUG [HikariPool-1 housekeeper][HikariPool.java:421] - HikariPool-1 - Pool stats (total=10, active=0, idle=10, waiting=0)
2025-04-15 21:16:02,688 DEBUG [HikariPool-1 housekeeper][HikariPool.java:517] - HikariPool-1 - Fill pool skipped, pool is at sufficient level.
2025-04-15 21:16:02,688 DEBUG [HikariPool-1 housekeeper][HikariPool.java:517] - HikariPool-1 - Fill pool skipped, pool is at sufficient level.
2025-04-15 21:16:03,418 DEBUG [HikariPool-1 housekeeper][HikariPool.java:421] - HikariPool-1 - Pool stats (total=10, active=0, idle=10, waiting=0)
2025-04-15 21:16:03,418 DEBUG [HikariPool-1 housekeeper][HikariPool.java:517] - HikariPool-1 - Fill pool skipped, pool is at sufficient level.
2025-04-15 21:16:03,418 DEBUG [HikariPool-1 housekeeper][HikariPool.java:421] - HikariPool-1 - Pool stats (total=10, active=0, idle=10, waiting=0)
2025-04-15 21:16:03,418 DEBUG [HikariPool-1 housekeeper][HikariPool.java:517] - HikariPool-1 - Fill pool skipped, pool is at sufficient level.
2025-04-15 21:16:32,698 DEBUG [HikariPool-1 housekeeper][HikariPool.java:421] - HikariPool-1 - Pool stats (total=10, active=0, idle=10, waiting=0)
2025-04-15 21:16:32,698 DEBUG [HikariPool-1 housekeeper][HikariPool.java:421] - HikariPool-1 - Pool stats (total=10, active=0, idle=10, waiting=0)
2025-04-15 21:16:32,698 DEBUG [HikariPool-1 housekeeper][HikariPool.java:517] - HikariPool-1 - Fill pool skipped, pool is at sufficient level.
2025-04-15 21:16:32,698 DEBUG [HikariPool-1 housekeeper][HikariPool.java:517] - HikariPool-1 - Fill pool skipped, pool is at sufficient level.
2025-04-15 21:16:33,430 DEBUG [HikariPool-1 housekeeper][HikariPool.java:421] - HikariPool-1 - Pool stats (total=10, active=0, idle=10, waiting=0)
2025-04-15 21:16:33,430 DEBUG [HikariPool-1 housekeeper][HikariPool.java:517] - HikariPool-1 - Fill pool skipped, pool is at sufficient level.
2025-04-15 21:16:33,430 DEBUG [HikariPool-1 housekeeper][HikariPool.java:421] - HikariPool-1 - Pool stats (total=10, active=0, idle=10, waiting=0)
2025-04-15 21:16:33,430 DEBUG [HikariPool-1 housekeeper][HikariPool.java:517] - HikariPool-1 - Fill pool skipped, pool is at sufficient level.
2025-04-15 21:17:02,701 DEBUG [HikariPool-1 housekeeper][HikariPool.java:421] - HikariPool-1 - Pool stats (total=10, active=0, idle=10, waiting=0)
2025-04-15 21:17:02,701 DEBUG [HikariPool-1 housekeeper][HikariPool.java:421] - HikariPool-1 - Pool stats (total=10, active=0, idle=10, waiting=0)
2025-04-15 21:17:02,701 DEBUG [HikariPool-1 housekeeper][HikariPool.java:517] - HikariPool-1 - Fill pool skipped, pool is at sufficient level.
2025-04-15 21:17:02,701 DEBUG [HikariPool-1 housekeeper][HikariPool.java:517] - HikariPool-1 - Fill pool skipped, pool is at sufficient level.
2025-04-15 21:17:03,435 DEBUG [HikariPool-1 housekeeper][HikariPool.java:421] - HikariPool-1 - Pool stats (total=10, active=0, idle=10, waiting=0)
2025-04-15 21:17:03,435 DEBUG [HikariPool-1 housekeeper][HikariPool.java:421] - HikariPool-1 - Pool stats (total=10, active=0, idle=10, waiting=0)
2025-04-15 21:17:03,435 DEBUG [HikariPool-1 housekeeper][HikariPool.java:517] - HikariPool-1 - Fill pool skipped, pool is at sufficient level.
2025-04-15 21:17:03,435 DEBUG [HikariPool-1 housekeeper][HikariPool.java:517] - HikariPool-1 - Fill pool skipped, pool is at sufficient level.
2025-04-15 21:17:32,706 DEBUG [HikariPool-1 housekeeper][HikariPool.java:421] - HikariPool-1 - Pool stats (total=10, active=0, idle=10, waiting=0)
2025-04-15 21:17:32,706 DEBUG [HikariPool-1 housekeeper][HikariPool.java:421] - HikariPool-1 - Pool stats (total=10, active=0, idle=10, waiting=0)
2025-04-15 21:17:32,706 DEBUG [HikariPool-1 housekeeper][HikariPool.java:517] - HikariPool-1 - Fill pool skipped, pool is at sufficient level.
2025-04-15 21:17:32,706 DEBUG [HikariPool-1 housekeeper][HikariPool.java:517] - HikariPool-1 - Fill pool skipped, pool is at sufficient level.
2025-04-15 21:17:33,448 DEBUG [HikariPool-1 housekeeper][HikariPool.java:421] - HikariPool-1 - Pool stats (total=10, active=0, idle=10, waiting=0)
2025-04-15 21:17:33,448 DEBUG [HikariPool-1 housekeeper][HikariPool.java:421] - HikariPool-1 - Pool stats (total=10, active=0, idle=10, waiting=0)
2025-04-15 21:17:33,448 DEBUG [HikariPool-1 housekeeper][HikariPool.java:517] - HikariPool-1 - Fill pool skipped, pool is at sufficient level.
2025-04-15 21:17:33,448 DEBUG [HikariPool-1 housekeeper][HikariPool.java:517] - HikariPool-1 - Fill pool skipped, pool is at sufficient level.
2025-04-15 21:18:02,716 DEBUG [HikariPool-1 housekeeper][HikariPool.java:421] - HikariPool-1 - Pool stats (total=10, active=0, idle=10, waiting=0)
2025-04-15 21:18:02,716 DEBUG [HikariPool-1 housekeeper][HikariPool.java:421] - HikariPool-1 - Pool stats (total=10, active=0, idle=10, waiting=0)
2025-04-15 21:18:02,716 DEBUG [HikariPool-1 housekeeper][HikariPool.java:517] - HikariPool-1 - Fill pool skipped, pool is at sufficient level.
2025-04-15 21:18:02,716 DEBUG [HikariPool-1 housekeeper][HikariPool.java:517] - HikariPool-1 - Fill pool skipped, pool is at sufficient level.
2025-04-15 21:18:03,449 DEBUG [HikariPool-1 housekeeper][HikariPool.java:421] - HikariPool-1 - Pool stats (total=10, active=0, idle=10, waiting=0)
2025-04-15 21:18:03,449 DEBUG [HikariPool-1 housekeeper][HikariPool.java:421] - HikariPool-1 - Pool stats (total=10, active=0, idle=10, waiting=0)
2025-04-15 21:18:03,449 DEBUG [HikariPool-1 housekeeper][HikariPool.java:517] - HikariPool-1 - Fill pool skipped, pool is at sufficient level.
2025-04-15 21:18:03,449 DEBUG [HikariPool-1 housekeeper][HikariPool.java:517] - HikariPool-1 - Fill pool skipped, pool is at sufficient level.
2025-04-15 21:18:32,723 DEBUG [HikariPool-1 housekeeper][HikariPool.java:421] - HikariPool-1 - Pool stats (total=10, active=0, idle=10, waiting=0)
2025-04-15 21:18:32,723 DEBUG [HikariPool-1 housekeeper][HikariPool.java:421] - HikariPool-1 - Pool stats (total=10, active=0, idle=10, waiting=0)
2025-04-15 21:18:32,723 DEBUG [HikariPool-1 housekeeper][HikariPool.java:517] - HikariPool-1 - Fill pool skipped, pool is at sufficient level.
2025-04-15 21:18:32,723 DEBUG [HikariPool-1 housekeeper][HikariPool.java:517] - HikariPool-1 - Fill pool skipped, pool is at sufficient level.
2025-04-15 21:18:33,458 DEBUG [HikariPool-1 housekeeper][HikariPool.java:421] - HikariPool-1 - Pool stats (total=10, active=0, idle=10, waiting=0)
2025-04-15 21:18:33,458 DEBUG [HikariPool-1 housekeeper][HikariPool.java:421] - HikariPool-1 - Pool stats (total=10, active=0, idle=10, waiting=0)
2025-04-15 21:18:33,458 DEBUG [HikariPool-1 housekeeper][HikariPool.java:517] - HikariPool-1 - Fill pool skipped, pool is at sufficient level.
2025-04-15 21:18:33,458 DEBUG [HikariPool-1 housekeeper][HikariPool.java:517] - HikariPool-1 - Fill pool skipped, pool is at sufficient level.
2025-04-15 21:19:02,726 DEBUG [HikariPool-1 housekeeper][HikariPool.java:421] - HikariPool-1 - Pool stats (total=10, active=0, idle=10, waiting=0)
2025-04-15 21:19:02,726 DEBUG [HikariPool-1 housekeeper][HikariPool.java:421] - HikariPool-1 - Pool stats (total=10, active=0, idle=10, waiting=0)
2025-04-15 21:19:02,726 DEBUG [HikariPool-1 housekeeper][HikariPool.java:517] - HikariPool-1 - Fill pool skipped, pool is at sufficient level.
2025-04-15 21:19:02,726 DEBUG [HikariPool-1 housekeeper][HikariPool.java:517] - HikariPool-1 - Fill pool skipped, pool is at sufficient level.
2025-04-15 21:19:03,460 DEBUG [HikariPool-1 housekeeper][HikariPool.java:421] - HikariPool-1 - Pool stats (total=10, active=0, idle=10, waiting=0)
2025-04-15 21:19:03,460 DEBUG [HikariPool-1 housekeeper][HikariPool.java:421] - HikariPool-1 - Pool stats (total=10, active=0, idle=10, waiting=0)
2025-04-15 21:19:03,460 DEBUG [HikariPool-1 housekeeper][HikariPool.java:517] - HikariPool-1 - Fill pool skipped, pool is at sufficient level.
2025-04-15 21:19:03,460 DEBUG [HikariPool-1 housekeeper][HikariPool.java:517] - HikariPool-1 - Fill pool skipped, pool is at sufficient level.
2025-04-15 21:19:32,731 DEBUG [HikariPool-1 housekeeper][HikariPool.java:421] - HikariPool-1 - Pool stats (total=10, active=0, idle=10, waiting=0)
2025-04-15 21:19:32,731 DEBUG [HikariPool-1 housekeeper][HikariPool.java:421] - HikariPool-1 - Pool stats (total=10, active=0, idle=10, waiting=0)
2025-04-15 21:19:32,731 DEBUG [HikariPool-1 housekeeper][HikariPool.java:517] - HikariPool-1 - Fill pool skipped, pool is at sufficient level.
2025-04-15 21:19:32,731 DEBUG [HikariPool-1 housekeeper][HikariPool.java:517] - HikariPool-1 - Fill pool skipped, pool is at sufficient level.
2025-04-15 21:19:33,467 DEBUG [HikariPool-1 housekeeper][HikariPool.java:421] - HikariPool-1 - Pool stats (total=10, active=0, idle=10, waiting=0)
2025-04-15 21:19:33,467 DEBUG [HikariPool-1 housekeeper][HikariPool.java:421] - HikariPool-1 - Pool stats (total=10, active=0, idle=10, waiting=0)
2025-04-15 21:19:33,467 DEBUG [HikariPool-1 housekeeper][HikariPool.java:517] - HikariPool-1 - Fill pool skipped, pool is at sufficient level.
2025-04-15 21:19:33,467 DEBUG [HikariPool-1 housekeeper][HikariPool.java:517] - HikariPool-1 - Fill pool skipped, pool is at sufficient level.
2025-04-15 21:20:02,731 DEBUG [HikariPool-1 housekeeper][HikariPool.java:421] - HikariPool-1 - Pool stats (total=10, active=0, idle=10, waiting=0)
2025-04-15 21:20:02,731 DEBUG [HikariPool-1 housekeeper][HikariPool.java:421] - HikariPool-1 - Pool stats (total=10, active=0, idle=10, waiting=0)
2025-04-15 21:20:02,731 DEBUG [HikariPool-1 housekeeper][HikariPool.java:517] - HikariPool-1 - Fill pool skipped, pool is at sufficient level.
2025-04-15 21:20:02,731 DEBUG [HikariPool-1 housekeeper][HikariPool.java:517] - HikariPool-1 - Fill pool skipped, pool is at sufficient level.
2025-04-15 21:20:03,478 DEBUG [HikariPool-1 housekeeper][HikariPool.java:421] - HikariPool-1 - Pool stats (total=10, active=0, idle=10, waiting=0)
2025-04-15 21:20:03,478 DEBUG [HikariPool-1 housekeeper][HikariPool.java:421] - HikariPool-1 - Pool stats (total=10, active=0, idle=10, waiting=0)
2025-04-15 21:20:03,478 DEBUG [HikariPool-1 housekeeper][HikariPool.java:517] - HikariPool-1 - Fill pool skipped, pool is at sufficient level.
2025-04-15 21:20:03,478 DEBUG [HikariPool-1 housekeeper][HikariPool.java:517] - HikariPool-1 - Fill pool skipped, pool is at sufficient level.
2025-04-15 21:20:32,737 DEBUG [HikariPool-1 housekeeper][HikariPool.java:421] - HikariPool-1 - Pool stats (total=10, active=0, idle=10, waiting=0)
2025-04-15 21:20:32,737 DEBUG [HikariPool-1 housekeeper][HikariPool.java:421] - HikariPool-1 - Pool stats (total=10, active=0, idle=10, waiting=0)
2025-04-15 21:20:32,738 DEBUG [HikariPool-1 housekeeper][HikariPool.java:517] - HikariPool-1 - Fill pool skipped, pool is at sufficient level.
2025-04-15 21:20:32,738 DEBUG [HikariPool-1 housekeeper][HikariPool.java:517] - HikariPool-1 - Fill pool skipped, pool is at sufficient level.
2025-04-15 21:20:33,485 DEBUG [HikariPool-1 housekeeper][HikariPool.java:421] - HikariPool-1 - Pool stats (total=10, active=0, idle=10, waiting=0)
2025-04-15 21:20:33,485 DEBUG [HikariPool-1 housekeeper][HikariPool.java:421] - HikariPool-1 - Pool stats (total=10, active=0, idle=10, waiting=0)
2025-04-15 21:20:33,485 DEBUG [HikariPool-1 housekeeper][HikariPool.java:517] - HikariPool-1 - Fill pool skipped, pool is at sufficient level.
2025-04-15 21:20:33,485 DEBUG [HikariPool-1 housekeeper][HikariPool.java:517] - HikariPool-1 - Fill pool skipped, pool is at sufficient level.
2025-04-15 21:21:02,746 DEBUG [HikariPool-1 housekeeper][HikariPool.java:421] - HikariPool-1 - Pool stats (total=10, active=0, idle=10, waiting=0)
2025-04-15 21:21:02,746 DEBUG [HikariPool-1 housekeeper][HikariPool.java:421] - HikariPool-1 - Pool stats (total=10, active=0, idle=10, waiting=0)
2025-04-15 21:21:02,747 DEBUG [HikariPool-1 housekeeper][HikariPool.java:517] - HikariPool-1 - Fill pool skipped, pool is at sufficient level.
2025-04-15 21:21:02,747 DEBUG [HikariPool-1 housekeeper][HikariPool.java:517] - HikariPool-1 - Fill pool skipped, pool is at sufficient level.
2025-04-15 21:21:03,493 DEBUG [HikariPool-1 housekeeper][HikariPool.java:421] - HikariPool-1 - Pool stats (total=10, active=0, idle=10, waiting=0)
2025-04-15 21:21:03,493 DEBUG [HikariPool-1 housekeeper][HikariPool.java:421] - HikariPool-1 - Pool stats (total=10, active=0, idle=10, waiting=0)
2025-04-15 21:21:03,493 DEBUG [HikariPool-1 housekeeper][HikariPool.java:517] - HikariPool-1 - Fill pool skipped, pool is at sufficient level.
2025-04-15 21:21:03,493 DEBUG [HikariPool-1 housekeeper][HikariPool.java:517] - HikariPool-1 - Fill pool skipped, pool is at sufficient level.
2025-04-15 21:21:32,758 DEBUG [HikariPool-1 housekeeper][HikariPool.java:421] - HikariPool-1 - Pool stats (total=10, active=0, idle=10, waiting=0)
2025-04-15 21:21:32,758 DEBUG [HikariPool-1 housekeeper][HikariPool.java:421] - HikariPool-1 - Pool stats (total=10, active=0, idle=10, waiting=0)
2025-04-15 21:21:32,758 DEBUG [HikariPool-1 housekeeper][HikariPool.java:517] - HikariPool-1 - Fill pool skipped, pool is at sufficient level.
2025-04-15 21:21:32,758 DEBUG [HikariPool-1 housekeeper][HikariPool.java:517] - HikariPool-1 - Fill pool skipped, pool is at sufficient level.
2025-04-15 21:21:33,508 DEBUG [HikariPool-1 housekeeper][HikariPool.java:421] - HikariPool-1 - Pool stats (total=10, active=0, idle=10, waiting=0)
2025-04-15 21:21:33,508 DEBUG [HikariPool-1 housekeeper][HikariPool.java:421] - HikariPool-1 - Pool stats (total=10, active=0, idle=10, waiting=0)
2025-04-15 21:21:33,508 DEBUG [HikariPool-1 housekeeper][HikariPool.java:517] - HikariPool-1 - Fill pool skipped, pool is at sufficient level.
2025-04-15 21:21:33,508 DEBUG [HikariPool-1 housekeeper][HikariPool.java:517] - HikariPool-1 - Fill pool skipped, pool is at sufficient level.
2025-04-15 21:21:48,663 DEBUG [HikariPool-1 connection closer][PoolBase.java:134] - HikariPool-1 - Closing connection com.mysql.cj.jdbc.ConnectionImpl@299fa449: (connection has passed maxLifetime)
2025-04-15 21:21:48,663 DEBUG [HikariPool-1 connection closer][PoolBase.java:134] - HikariPool-1 - Closing connection com.mysql.cj.jdbc.ConnectionImpl@299fa449: (connection has passed maxLifetime)
2025-04-15 21:21:48,670 DEBUG [HikariPool-1 connection adder][HikariPool.java:728] - HikariPool-1 - Added connection com.mysql.cj.jdbc.ConnectionImpl@39b06cb1
2025-04-15 21:21:48,670 DEBUG [HikariPool-1 connection adder][HikariPool.java:728] - HikariPool-1 - Added connection com.mysql.cj.jdbc.ConnectionImpl@39b06cb1
2025-04-15 21:21:48,865 DEBUG [HikariPool-1 connection closer][PoolBase.java:134] - HikariPool-1 - Closing connection com.mysql.cj.jdbc.ConnectionImpl@71355dae: (connection has passed maxLifetime)
2025-04-15 21:21:48,865 DEBUG [HikariPool-1 connection closer][PoolBase.java:134] - HikariPool-1 - Closing connection com.mysql.cj.jdbc.ConnectionImpl@71355dae: (connection has passed maxLifetime)
2025-04-15 21:21:48,873 DEBUG [HikariPool-1 connection adder][HikariPool.java:728] - HikariPool-1 - Added connection com.mysql.cj.jdbc.ConnectionImpl@788d668a
2025-04-15 21:21:48,873 DEBUG [HikariPool-1 connection adder][HikariPool.java:728] - HikariPool-1 - Added connection com.mysql.cj.jdbc.ConnectionImpl@788d668a
2025-04-15 21:21:49,612 DEBUG [HikariPool-1 connection closer][PoolBase.java:134] - HikariPool-1 - Closing connection com.mysql.cj.jdbc.ConnectionImpl@15545f52: (connection has passed maxLifetime)
2025-04-15 21:21:49,612 DEBUG [HikariPool-1 connection closer][PoolBase.java:134] - HikariPool-1 - Closing connection com.mysql.cj.jdbc.ConnectionImpl@15545f52: (connection has passed maxLifetime)
2025-04-15 21:21:49,622 DEBUG [HikariPool-1 connection adder][HikariPool.java:728] - HikariPool-1 - Added connection com.mysql.cj.jdbc.ConnectionImpl@49bffc67
2025-04-15 21:21:49,622 DEBUG [HikariPool-1 connection adder][HikariPool.java:728] - HikariPool-1 - Added connection com.mysql.cj.jdbc.ConnectionImpl@49bffc67
2025-04-15 21:21:50,796 DEBUG [HikariPool-1 connection closer][PoolBase.java:134] - HikariPool-1 - Closing connection com.mysql.cj.jdbc.ConnectionImpl@26c69ae4: (connection has passed maxLifetime)
2025-04-15 21:21:50,796 DEBUG [HikariPool-1 connection closer][PoolBase.java:134] - HikariPool-1 - Closing connection com.mysql.cj.jdbc.ConnectionImpl@26c69ae4: (connection has passed maxLifetime)
2025-04-15 21:21:50,804 DEBUG [HikariPool-1 connection adder][HikariPool.java:728] - HikariPool-1 - Added connection com.mysql.cj.jdbc.ConnectionImpl@673c0e90
2025-04-15 21:21:50,804 DEBUG [HikariPool-1 connection adder][HikariPool.java:728] - HikariPool-1 - Added connection com.mysql.cj.jdbc.ConnectionImpl@673c0e90
2025-04-15 21:21:52,303 DEBUG [HikariPool-1 connection closer][PoolBase.java:134] - HikariPool-1 - Closing connection com.mysql.cj.jdbc.ConnectionImpl@179b690d: (connection has passed maxLifetime)
2025-04-15 21:21:52,303 DEBUG [HikariPool-1 connection closer][PoolBase.java:134] - HikariPool-1 - Closing connection com.mysql.cj.jdbc.ConnectionImpl@179b690d: (connection has passed maxLifetime)
2025-04-15 21:21:52,309 DEBUG [HikariPool-1 connection adder][HikariPool.java:728] - HikariPool-1 - Added connection com.mysql.cj.jdbc.ConnectionImpl@260104ab
2025-04-15 21:21:52,309 DEBUG [HikariPool-1 connection adder][HikariPool.java:728] - HikariPool-1 - Added connection com.mysql.cj.jdbc.ConnectionImpl@260104ab
2025-04-15 21:21:52,318 DEBUG [HikariPool-1 connection closer][PoolBase.java:134] - HikariPool-1 - Closing connection com.mysql.cj.jdbc.ConnectionImpl@5e189a00: (connection has passed maxLifetime)
2025-04-15 21:21:52,318 DEBUG [HikariPool-1 connection closer][PoolBase.java:134] - HikariPool-1 - Closing connection com.mysql.cj.jdbc.ConnectionImpl@5e189a00: (connection has passed maxLifetime)
2025-04-15 21:21:52,325 DEBUG [HikariPool-1 connection adder][HikariPool.java:728] - HikariPool-1 - Added connection com.mysql.cj.jdbc.ConnectionImpl@18a299c5
2025-04-15 21:21:52,325 DEBUG [HikariPool-1 connection adder][HikariPool.java:728] - HikariPool-1 - Added connection com.mysql.cj.jdbc.ConnectionImpl@18a299c5
2025-04-15 21:21:53,442 DEBUG [HikariPool-1 connection closer][PoolBase.java:134] - HikariPool-1 - Closing connection com.mysql.cj.jdbc.ConnectionImpl@20e9359: (connection has passed maxLifetime)
2025-04-15 21:21:53,442 DEBUG [HikariPool-1 connection closer][PoolBase.java:134] - HikariPool-1 - Closing connection com.mysql.cj.jdbc.ConnectionImpl@20e9359: (connection has passed maxLifetime)
2025-04-15 21:21:53,449 DEBUG [HikariPool-1 connection adder][HikariPool.java:728] - HikariPool-1 - Added connection com.mysql.cj.jdbc.ConnectionImpl@5bf7560a
2025-04-15 21:21:53,449 DEBUG [HikariPool-1 connection adder][HikariPool.java:728] - HikariPool-1 - Added connection com.mysql.cj.jdbc.ConnectionImpl@5bf7560a
2025-04-15 21:21:55,631 DEBUG [HikariPool-1 connection closer][PoolBase.java:134] - HikariPool-1 - Closing connection com.mysql.cj.jdbc.ConnectionImpl@4621b924: (connection has passed maxLifetime)
2025-04-15 21:21:55,631 DEBUG [HikariPool-1 connection closer][PoolBase.java:134] - HikariPool-1 - Closing connection com.mysql.cj.jdbc.ConnectionImpl@4621b924: (connection has passed maxLifetime)
2025-04-15 21:21:55,637 DEBUG [HikariPool-1 connection adder][HikariPool.java:728] - HikariPool-1 - Added connection com.mysql.cj.jdbc.ConnectionImpl@176d44ab
2025-04-15 21:21:55,637 DEBUG [HikariPool-1 connection adder][HikariPool.java:728] - HikariPool-1 - Added connection com.mysql.cj.jdbc.ConnectionImpl@176d44ab
2025-04-15 21:21:55,646 DEBUG [HikariPool-1 connection closer][PoolBase.java:134] - HikariPool-1 - Closing connection com.mysql.cj.jdbc.ConnectionImpl@742f0ad9: (connection has passed maxLifetime)
2025-04-15 21:21:55,646 DEBUG [HikariPool-1 connection closer][PoolBase.java:134] - HikariPool-1 - Closing connection com.mysql.cj.jdbc.ConnectionImpl@742f0ad9: (connection has passed maxLifetime)
2025-04-15 21:21:55,655 DEBUG [HikariPool-1 connection adder][HikariPool.java:728] - HikariPool-1 - Added connection com.mysql.cj.jdbc.ConnectionImpl@462efbe4
2025-04-15 21:21:55,655 DEBUG [HikariPool-1 connection adder][HikariPool.java:728] - HikariPool-1 - Added connection com.mysql.cj.jdbc.ConnectionImpl@462efbe4
2025-04-15 21:21:56,654 DEBUG [HikariPool-1 connection closer][PoolBase.java:134] - HikariPool-1 - Closing connection com.mysql.cj.jdbc.ConnectionImpl@51755663: (connection has passed maxLifetime)
2025-04-15 21:21:56,654 DEBUG [HikariPool-1 connection closer][PoolBase.java:134] - HikariPool-1 - Closing connection com.mysql.cj.jdbc.ConnectionImpl@51755663: (connection has passed maxLifetime)
2025-04-15 21:21:56,662 DEBUG [HikariPool-1 connection adder][HikariPool.java:728] - HikariPool-1 - Added connection com.mysql.cj.jdbc.ConnectionImpl@7e4ca2bb
2025-04-15 21:21:56,662 DEBUG [HikariPool-1 connection adder][HikariPool.java:728] - HikariPool-1 - Added connection com.mysql.cj.jdbc.ConnectionImpl@7e4ca2bb
2025-04-15 21:22:00,614 DEBUG [HikariPool-1 connection closer][PoolBase.java:134] - HikariPool-1 - Closing connection com.mysql.cj.jdbc.ConnectionImpl@77b49642: (connection has passed maxLifetime)
2025-04-15 21:22:00,614 DEBUG [HikariPool-1 housekeeper][HikariPool.java:342] - HikariPool-1 - Add connection elided, waiting 0, queue 1
2025-04-15 21:22:00,614 DEBUG [HikariPool-1 housekeeper][HikariPool.java:342] - HikariPool-1 - Add connection elided, waiting 0, queue 1
2025-04-15 21:22:00,614 DEBUG [HikariPool-1 connection closer][PoolBase.java:134] - HikariPool-1 - Closing connection com.mysql.cj.jdbc.ConnectionImpl@77b49642: (connection has passed maxLifetime)
2025-04-15 21:22:00,615 DEBUG [HikariPool-1 connection closer][PoolBase.java:134] - HikariPool-1 - Closing connection com.mysql.cj.jdbc.ConnectionImpl@56a66336: (connection has passed maxLifetime)
2025-04-15 21:22:00,615 DEBUG [HikariPool-1 connection closer][PoolBase.java:134] - HikariPool-1 - Closing connection com.mysql.cj.jdbc.ConnectionImpl@56a66336: (connection has passed maxLifetime)
2025-04-15 21:22:00,615 DEBUG [HikariPool-1 connection closer][HikariPool.java:517] - HikariPool-1 - Fill pool skipped, pool is at sufficient level.
2025-04-15 21:22:00,615 DEBUG [HikariPool-1 connection closer][HikariPool.java:517] - HikariPool-1 - Fill pool skipped, pool is at sufficient level.
2025-04-15 21:22:00,622 DEBUG [HikariPool-1 connection adder][HikariPool.java:728] - HikariPool-1 - Added connection com.mysql.cj.jdbc.ConnectionImpl@3f3880ee
2025-04-15 21:22:00,622 DEBUG [HikariPool-1 connection adder][HikariPool.java:728] - HikariPool-1 - Added connection com.mysql.cj.jdbc.ConnectionImpl@3f3880ee
2025-04-15 21:22:00,629 DEBUG [HikariPool-1 connection adder][HikariPool.java:728] - HikariPool-1 - Added connection com.mysql.cj.jdbc.ConnectionImpl@15e5fa71
2025-04-15 21:22:00,629 DEBUG [HikariPool-1 connection adder][HikariPool.java:728] - HikariPool-1 - Added connection com.mysql.cj.jdbc.ConnectionImpl@15e5fa71
2025-04-15 21:22:02,760 DEBUG [HikariPool-1 housekeeper][HikariPool.java:421] - HikariPool-1 - Pool stats (total=10, active=0, idle=10, waiting=0)
2025-04-15 21:22:02,760 DEBUG [HikariPool-1 housekeeper][HikariPool.java:421] - HikariPool-1 - Pool stats (total=10, active=0, idle=10, waiting=0)
2025-04-15 21:22:02,760 DEBUG [HikariPool-1 housekeeper][HikariPool.java:517] - HikariPool-1 - Fill pool skipped, pool is at sufficient level.
2025-04-15 21:22:02,760 DEBUG [HikariPool-1 housekeeper][HikariPool.java:517] - HikariPool-1 - Fill pool skipped, pool is at sufficient level.
2025-04-15 21:22:03,520 DEBUG [HikariPool-1 housekeeper][HikariPool.java:421] - HikariPool-1 - Pool stats (total=10, active=0, idle=10, waiting=0)
2025-04-15 21:22:03,520 DEBUG [HikariPool-1 housekeeper][HikariPool.java:421] - HikariPool-1 - Pool stats (total=10, active=0, idle=10, waiting=0)
2025-04-15 21:22:03,520 DEBUG [HikariPool-1 housekeeper][HikariPool.java:517] - HikariPool-1 - Fill pool skipped, pool is at sufficient level.
2025-04-15 21:22:03,520 DEBUG [HikariPool-1 housekeeper][HikariPool.java:517] - HikariPool-1 - Fill pool skipped, pool is at sufficient level.
2025-04-15 21:22:06,839 DEBUG [HikariPool-1 connection closer][PoolBase.java:134] - HikariPool-1 - Closing connection com.mysql.cj.jdbc.ConnectionImpl@30085795: (connection has passed maxLifetime)
2025-04-15 21:22:06,839 DEBUG [HikariPool-1 connection closer][PoolBase.java:134] - HikariPool-1 - Closing connection com.mysql.cj.jdbc.ConnectionImpl@30085795: (connection has passed maxLifetime)
2025-04-15 21:22:06,847 DEBUG [HikariPool-1 connection adder][HikariPool.java:728] - HikariPool-1 - Added connection com.mysql.cj.jdbc.ConnectionImpl@b0299a5
2025-04-15 21:22:06,847 DEBUG [HikariPool-1 connection adder][HikariPool.java:728] - HikariPool-1 - Added connection com.mysql.cj.jdbc.ConnectionImpl@b0299a5
2025-04-15 21:22:08,820 DEBUG [HikariPool-1 connection closer][PoolBase.java:134] - HikariPool-1 - Closing connection com.mysql.cj.jdbc.ConnectionImpl@6015ee65: (connection has passed maxLifetime)
2025-04-15 21:22:08,820 DEBUG [HikariPool-1 connection closer][PoolBase.java:134] - HikariPool-1 - Closing connection com.mysql.cj.jdbc.ConnectionImpl@6015ee65: (connection has passed maxLifetime)
2025-04-15 21:22:08,827 DEBUG [HikariPool-1 connection adder][HikariPool.java:728] - HikariPool-1 - Added connection com.mysql.cj.jdbc.ConnectionImpl@28201a83
2025-04-15 21:22:08,827 DEBUG [HikariPool-1 connection adder][HikariPool.java:728] - HikariPool-1 - Added connection com.mysql.cj.jdbc.ConnectionImpl@28201a83
2025-04-15 21:22:15,199 DEBUG [HikariPool-1 connection closer][PoolBase.java:134] - HikariPool-1 - Closing connection com.mysql.cj.jdbc.ConnectionImpl@20c0fe1c: (connection has passed maxLifetime)
2025-04-15 21:22:15,199 DEBUG [HikariPool-1 connection closer][PoolBase.java:134] - HikariPool-1 - Closing connection com.mysql.cj.jdbc.ConnectionImpl@20c0fe1c: (connection has passed maxLifetime)
2025-04-15 21:22:15,207 DEBUG [HikariPool-1 connection adder][HikariPool.java:728] - HikariPool-1 - Added connection com.mysql.cj.jdbc.ConnectionImpl@2e3d7e96
2025-04-15 21:22:15,207 DEBUG [HikariPool-1 connection adder][HikariPool.java:728] - HikariPool-1 - Added connection com.mysql.cj.jdbc.ConnectionImpl@2e3d7e96
2025-04-15 21:22:16,479 DEBUG [HikariPool-1 connection closer][PoolBase.java:134] - HikariPool-1 - Closing connection com.mysql.cj.jdbc.ConnectionImpl@400e6ed9: (connection has passed maxLifetime)
2025-04-15 21:22:16,479 DEBUG [HikariPool-1 connection closer][PoolBase.java:134] - HikariPool-1 - Closing connection com.mysql.cj.jdbc.ConnectionImpl@400e6ed9: (connection has passed maxLifetime)
2025-04-15 21:22:16,488 DEBUG [HikariPool-1 connection adder][HikariPool.java:728] - HikariPool-1 - Added connection com.mysql.cj.jdbc.ConnectionImpl@26a94396
2025-04-15 21:22:16,488 DEBUG [HikariPool-1 connection adder][HikariPool.java:728] - HikariPool-1 - Added connection com.mysql.cj.jdbc.ConnectionImpl@26a94396
2025-04-15 21:22:18,650 DEBUG [HikariPool-1 connection closer][PoolBase.java:134] - HikariPool-1 - Closing connection com.mysql.cj.jdbc.ConnectionImpl@417ca809: (connection has passed maxLifetime)
2025-04-15 21:22:18,650 DEBUG [HikariPool-1 connection closer][PoolBase.java:134] - HikariPool-1 - Closing connection com.mysql.cj.jdbc.ConnectionImpl@417ca809: (connection has passed maxLifetime)
2025-04-15 21:22:18,656 DEBUG [HikariPool-1 connection adder][HikariPool.java:728] - HikariPool-1 - Added connection com.mysql.cj.jdbc.ConnectionImpl@6f0074ad
2025-04-15 21:22:18,656 DEBUG [HikariPool-1 connection adder][HikariPool.java:728] - HikariPool-1 - Added connection com.mysql.cj.jdbc.ConnectionImpl@6f0074ad
2025-04-15 21:22:23,939 DEBUG [HikariPool-1 connection closer][PoolBase.java:134] - HikariPool-1 - Closing connection com.mysql.cj.jdbc.ConnectionImpl@46d1342d: (connection has passed maxLifetime)
2025-04-15 21:22:23,939 DEBUG [HikariPool-1 connection closer][PoolBase.java:134] - HikariPool-1 - Closing connection com.mysql.cj.jdbc.ConnectionImpl@46d1342d: (connection has passed maxLifetime)
2025-04-15 21:22:23,946 DEBUG [HikariPool-1 connection adder][HikariPool.java:728] - HikariPool-1 - Added connection com.mysql.cj.jdbc.ConnectionImpl@254967ba
2025-04-15 21:22:23,946 DEBUG [HikariPool-1 connection adder][HikariPool.java:728] - HikariPool-1 - Added connection com.mysql.cj.jdbc.ConnectionImpl@254967ba
2025-04-15 21:22:30,167 DEBUG [HikariPool-1 connection closer][PoolBase.java:134] - HikariPool-1 - Closing connection com.mysql.cj.jdbc.ConnectionImpl@111aa2e1: (connection has passed maxLifetime)
2025-04-15 21:22:30,167 DEBUG [HikariPool-1 connection closer][PoolBase.java:134] - HikariPool-1 - Closing connection com.mysql.cj.jdbc.ConnectionImpl@111aa2e1: (connection has passed maxLifetime)
2025-04-15 21:22:30,175 DEBUG [HikariPool-1 connection adder][HikariPool.java:728] - HikariPool-1 - Added connection com.mysql.cj.jdbc.ConnectionImpl@13c26450
2025-04-15 21:22:30,175 DEBUG [HikariPool-1 connection adder][HikariPool.java:728] - HikariPool-1 - Added connection com.mysql.cj.jdbc.ConnectionImpl@13c26450
2025-04-15 21:22:30,308 DEBUG [HikariPool-1 connection closer][PoolBase.java:134] - HikariPool-1 - Closing connection com.mysql.cj.jdbc.ConnectionImpl@73fa0d57: (connection has passed maxLifetime)
2025-04-15 21:22:30,308 DEBUG [HikariPool-1 connection closer][PoolBase.java:134] - HikariPool-1 - Closing connection com.mysql.cj.jdbc.ConnectionImpl@73fa0d57: (connection has passed maxLifetime)
2025-04-15 21:22:30,315 DEBUG [HikariPool-1 connection adder][HikariPool.java:728] - HikariPool-1 - Added connection com.mysql.cj.jdbc.ConnectionImpl@1716b27
2025-04-15 21:22:30,315 DEBUG [HikariPool-1 connection adder][HikariPool.java:728] - HikariPool-1 - Added connection com.mysql.cj.jdbc.ConnectionImpl@1716b27
2025-04-15 21:22:32,765 DEBUG [HikariPool-1 housekeeper][HikariPool.java:421] - HikariPool-1 - Pool stats (total=10, active=0, idle=10, waiting=0)
2025-04-15 21:22:32,765 DEBUG [HikariPool-1 housekeeper][HikariPool.java:421] - HikariPool-1 - Pool stats (total=10, active=0, idle=10, waiting=0)
2025-04-15 21:22:32,765 DEBUG [HikariPool-1 housekeeper][HikariPool.java:517] - HikariPool-1 - Fill pool skipped, pool is at sufficient level.
2025-04-15 21:22:32,765 DEBUG [HikariPool-1 housekeeper][HikariPool.java:517] - HikariPool-1 - Fill pool skipped, pool is at sufficient level.
2025-04-15 21:22:33,528 DEBUG [HikariPool-1 housekeeper][HikariPool.java:421] - HikariPool-1 - Pool stats (total=10, active=0, idle=10, waiting=0)
2025-04-15 21:22:33,528 DEBUG [HikariPool-1 housekeeper][HikariPool.java:421] - HikariPool-1 - Pool stats (total=10, active=0, idle=10, waiting=0)
2025-04-15 21:22:33,528 DEBUG [HikariPool-1 housekeeper][HikariPool.java:517] - HikariPool-1 - Fill pool skipped, pool is at sufficient level.
2025-04-15 21:22:33,528 DEBUG [HikariPool-1 housekeeper][HikariPool.java:517] - HikariPool-1 - Fill pool skipped, pool is at sufficient level.
2025-04-15 21:23:02,777 DEBUG [HikariPool-1 housekeeper][HikariPool.java:421] - HikariPool-1 - Pool stats (total=10, active=0, idle=10, waiting=0)
2025-04-15 21:23:02,777 DEBUG [HikariPool-1 housekeeper][HikariPool.java:421] - HikariPool-1 - Pool stats (total=10, active=0, idle=10, waiting=0)
2025-04-15 21:23:02,777 DEBUG [HikariPool-1 housekeeper][HikariPool.java:517] - HikariPool-1 - Fill pool skipped, pool is at sufficient level.
2025-04-15 21:23:02,777 DEBUG [HikariPool-1 housekeeper][HikariPool.java:517] - HikariPool-1 - Fill pool skipped, pool is at sufficient level.
2025-04-15 21:23:03,541 DEBUG [HikariPool-1 housekeeper][HikariPool.java:421] - HikariPool-1 - Pool stats (total=10, active=0, idle=10, waiting=0)
2025-04-15 21:23:03,541 DEBUG [HikariPool-1 housekeeper][HikariPool.java:421] - HikariPool-1 - Pool stats (total=10, active=0, idle=10, waiting=0)
2025-04-15 21:23:03,541 DEBUG [HikariPool-1 housekeeper][HikariPool.java:517] - HikariPool-1 - Fill pool skipped, pool is at sufficient level.
2025-04-15 21:23:03,541 DEBUG [HikariPool-1 housekeeper][HikariPool.java:517] - HikariPool-1 - Fill pool skipped, pool is at sufficient level.
2025-04-15 21:23:32,786 DEBUG [HikariPool-1 housekeeper][HikariPool.java:421] - HikariPool-1 - Pool stats (total=10, active=0, idle=10, waiting=0)
2025-04-15 21:23:32,786 DEBUG [HikariPool-1 housekeeper][HikariPool.java:421] - HikariPool-1 - Pool stats (total=10, active=0, idle=10, waiting=0)
2025-04-15 21:23:32,786 DEBUG [HikariPool-1 housekeeper][HikariPool.java:517] - HikariPool-1 - Fill pool skipped, pool is at sufficient level.
2025-04-15 21:23:32,786 DEBUG [HikariPool-1 housekeeper][HikariPool.java:517] - HikariPool-1 - Fill pool skipped, pool is at sufficient level.
2025-04-15 21:23:33,551 DEBUG [HikariPool-1 housekeeper][HikariPool.java:421] - HikariPool-1 - Pool stats (total=10, active=0, idle=10, waiting=0)
2025-04-15 21:23:33,551 DEBUG [HikariPool-1 housekeeper][HikariPool.java:517] - HikariPool-1 - Fill pool skipped, pool is at sufficient level.
2025-04-15 21:23:33,551 DEBUG [HikariPool-1 housekeeper][HikariPool.java:421] - HikariPool-1 - Pool stats (total=10, active=0, idle=10, waiting=0)
2025-04-15 21:23:33,551 DEBUG [HikariPool-1 housekeeper][HikariPool.java:517] - HikariPool-1 - Fill pool skipped, pool is at sufficient level.
2025-04-15 21:24:02,796 DEBUG [HikariPool-1 housekeeper][HikariPool.java:421] - HikariPool-1 - Pool stats (total=10, active=0, idle=10, waiting=0)
2025-04-15 21:24:02,796 DEBUG [HikariPool-1 housekeeper][HikariPool.java:421] - HikariPool-1 - Pool stats (total=10, active=0, idle=10, waiting=0)
2025-04-15 21:24:02,797 DEBUG [HikariPool-1 housekeeper][HikariPool.java:517] - HikariPool-1 - Fill pool skipped, pool is at sufficient level.
2025-04-15 21:24:02,797 DEBUG [HikariPool-1 housekeeper][HikariPool.java:517] - HikariPool-1 - Fill pool skipped, pool is at sufficient level.
2025-04-15 21:24:03,561 DEBUG [HikariPool-1 housekeeper][HikariPool.java:421] - HikariPool-1 - Pool stats (total=10, active=0, idle=10, waiting=0)
2025-04-15 21:24:03,561 DEBUG [HikariPool-1 housekeeper][HikariPool.java:421] - HikariPool-1 - Pool stats (total=10, active=0, idle=10, waiting=0)
2025-04-15 21:24:03,561 DEBUG [HikariPool-1 housekeeper][HikariPool.java:517] - HikariPool-1 - Fill pool skipped, pool is at sufficient level.
2025-04-15 21:24:03,561 DEBUG [HikariPool-1 housekeeper][HikariPool.java:517] - HikariPool-1 - Fill pool skipped, pool is at sufficient level.
2025-04-15 21:24:32,798 DEBUG [HikariPool-1 housekeeper][HikariPool.java:421] - HikariPool-1 - Pool stats (total=10, active=0, idle=10, waiting=0)
2025-04-15 21:24:32,798 DEBUG [HikariPool-1 housekeeper][HikariPool.java:421] - HikariPool-1 - Pool stats (total=10, active=0, idle=10, waiting=0)
2025-04-15 21:24:32,798 DEBUG [HikariPool-1 housekeeper][HikariPool.java:517] - HikariPool-1 - Fill pool skipped, pool is at sufficient level.
2025-04-15 21:24:32,798 DEBUG [HikariPool-1 housekeeper][HikariPool.java:517] - HikariPool-1 - Fill pool skipped, pool is at sufficient level.
2025-04-15 21:24:33,563 DEBUG [HikariPool-1 housekeeper][HikariPool.java:421] - HikariPool-1 - Pool stats (total=10, active=0, idle=10, waiting=0)
2025-04-15 21:24:33,563 DEBUG [HikariPool-1 housekeeper][HikariPool.java:517] - HikariPool-1 - Fill pool skipped, pool is at sufficient level.
2025-04-15 21:24:33,563 DEBUG [HikariPool-1 housekeeper][HikariPool.java:421] - HikariPool-1 - Pool stats (total=10, active=0, idle=10, waiting=0)
2025-04-15 21:24:33,563 DEBUG [HikariPool-1 housekeeper][HikariPool.java:517] - HikariPool-1 - Fill pool skipped, pool is at sufficient level.
2025-04-15 21:25:02,798 DEBUG [HikariPool-1 housekeeper][HikariPool.java:421] - HikariPool-1 - Pool stats (total=10, active=0, idle=10, waiting=0)
2025-04-15 21:25:02,798 DEBUG [HikariPool-1 housekeeper][HikariPool.java:517] - HikariPool-1 - Fill pool skipped, pool is at sufficient level.
2025-04-15 21:25:02,798 DEBUG [HikariPool-1 housekeeper][HikariPool.java:421] - HikariPool-1 - Pool stats (total=10, active=0, idle=10, waiting=0)
2025-04-15 21:25:02,798 DEBUG [HikariPool-1 housekeeper][HikariPool.java:517] - HikariPool-1 - Fill pool skipped, pool is at sufficient level.
2025-04-15 21:25:03,564 DEBUG [HikariPool-1 housekeeper][HikariPool.java:421] - HikariPool-1 - Pool stats (total=10, active=0, idle=10, waiting=0)
2025-04-15 21:25:03,564 DEBUG [HikariPool-1 housekeeper][HikariPool.java:421] - HikariPool-1 - Pool stats (total=10, active=0, idle=10, waiting=0)
2025-04-15 21:25:03,564 DEBUG [HikariPool-1 housekeeper][HikariPool.java:517] - HikariPool-1 - Fill pool skipped, pool is at sufficient level.
2025-04-15 21:25:03,564 DEBUG [HikariPool-1 housekeeper][HikariPool.java:517] - HikariPool-1 - Fill pool skipped, pool is at sufficient level.
2025-04-15 21:25:32,801 DEBUG [HikariPool-1 housekeeper][HikariPool.java:421] - HikariPool-1 - Pool stats (total=10, active=0, idle=10, waiting=0)
2025-04-15 21:25:32,801 DEBUG [HikariPool-1 housekeeper][HikariPool.java:421] - HikariPool-1 - Pool stats (total=10, active=0, idle=10, waiting=0)
2025-04-15 21:25:32,801 DEBUG [HikariPool-1 housekeeper][HikariPool.java:517] - HikariPool-1 - Fill pool skipped, pool is at sufficient level.
2025-04-15 21:25:32,801 DEBUG [HikariPool-1 housekeeper][HikariPool.java:517] - HikariPool-1 - Fill pool skipped, pool is at sufficient level.
2025-04-15 21:25:33,565 DEBUG [HikariPool-1 housekeeper][HikariPool.java:421] - HikariPool-1 - Pool stats (total=10, active=0, idle=10, waiting=0)
2025-04-15 21:25:33,565 DEBUG [HikariPool-1 housekeeper][HikariPool.java:517] - HikariPool-1 - Fill pool skipped, pool is at sufficient level.
2025-04-15 21:25:33,565 DEBUG [HikariPool-1 housekeeper][HikariPool.java:421] - HikariPool-1 - Pool stats (total=10, active=0, idle=10, waiting=0)
2025-04-15 21:25:33,565 DEBUG [HikariPool-1 housekeeper][HikariPool.java:517] - HikariPool-1 - Fill pool skipped, pool is at sufficient level.
2025-04-15 21:26:02,812 DEBUG [HikariPool-1 housekeeper][HikariPool.java:421] - HikariPool-1 - Pool stats (total=10, active=0, idle=10, waiting=0)
2025-04-15 21:26:02,812 DEBUG [HikariPool-1 housekeeper][HikariPool.java:421] - HikariPool-1 - Pool stats (total=10, active=0, idle=10, waiting=0)
2025-04-15 21:26:02,812 DEBUG [HikariPool-1 housekeeper][HikariPool.java:517] - HikariPool-1 - Fill pool skipped, pool is at sufficient level.
2025-04-15 21:26:02,812 DEBUG [HikariPool-1 housekeeper][HikariPool.java:517] - HikariPool-1 - Fill pool skipped, pool is at sufficient level.
2025-04-15 21:26:03,573 DEBUG [HikariPool-1 housekeeper][HikariPool.java:421] - HikariPool-1 - Pool stats (total=10, active=0, idle=10, waiting=0)
2025-04-15 21:26:03,573 DEBUG [HikariPool-1 housekeeper][HikariPool.java:421] - HikariPool-1 - Pool stats (total=10, active=0, idle=10, waiting=0)
2025-04-15 21:26:03,573 DEBUG [HikariPool-1 housekeeper][HikariPool.java:517] - HikariPool-1 - Fill pool skipped, pool is at sufficient level.
2025-04-15 21:26:03,573 DEBUG [HikariPool-1 housekeeper][HikariPool.java:517] - HikariPool-1 - Fill pool skipped, pool is at sufficient level.
2025-04-15 21:26:32,812 DEBUG [HikariPool-1 housekeeper][HikariPool.java:421] - HikariPool-1 - Pool stats (total=10, active=0, idle=10, waiting=0)
2025-04-15 21:26:32,812 DEBUG [HikariPool-1 housekeeper][HikariPool.java:421] - HikariPool-1 - Pool stats (total=10, active=0, idle=10, waiting=0)
2025-04-15 21:26:32,812 DEBUG [HikariPool-1 housekeeper][HikariPool.java:517] - HikariPool-1 - Fill pool skipped, pool is at sufficient level.
2025-04-15 21:26:32,812 DEBUG [HikariPool-1 housekeeper][HikariPool.java:517] - HikariPool-1 - Fill pool skipped, pool is at sufficient level.
2025-04-15 21:26:33,574 DEBUG [HikariPool-1 housekeeper][HikariPool.java:421] - HikariPool-1 - Pool stats (total=10, active=0, idle=10, waiting=0)
2025-04-15 21:26:33,574 DEBUG [HikariPool-1 housekeeper][HikariPool.java:517] - HikariPool-1 - Fill pool skipped, pool is at sufficient level.
2025-04-15 21:26:33,574 DEBUG [HikariPool-1 housekeeper][HikariPool.java:421] - HikariPool-1 - Pool stats (total=10, active=0, idle=10, waiting=0)
2025-04-15 21:26:33,574 DEBUG [HikariPool-1 housekeeper][HikariPool.java:517] - HikariPool-1 - Fill pool skipped, pool is at sufficient level.
2025-04-15 21:27:02,818 DEBUG [HikariPool-1 housekeeper][HikariPool.java:421] - HikariPool-1 - Pool stats (total=10, active=0, idle=10, waiting=0)
2025-04-15 21:27:02,818 DEBUG [HikariPool-1 housekeeper][HikariPool.java:421] - HikariPool-1 - Pool stats (total=10, active=0, idle=10, waiting=0)
2025-04-15 21:27:02,818 DEBUG [HikariPool-1 housekeeper][HikariPool.java:517] - HikariPool-1 - Fill pool skipped, pool is at sufficient level.
2025-04-15 21:27:02,818 DEBUG [HikariPool-1 housekeeper][HikariPool.java:517] - HikariPool-1 - Fill pool skipped, pool is at sufficient level.
2025-04-15 21:27:03,576 DEBUG [HikariPool-1 housekeeper][HikariPool.java:421] - HikariPool-1 - Pool stats (total=10, active=0, idle=10, waiting=0)
2025-04-15 21:27:03,576 DEBUG [HikariPool-1 housekeeper][HikariPool.java:517] - HikariPool-1 - Fill pool skipped, pool is at sufficient level.
2025-04-15 21:27:03,576 DEBUG [HikariPool-1 housekeeper][HikariPool.java:421] - HikariPool-1 - Pool stats (total=10, active=0, idle=10, waiting=0)
2025-04-15 21:27:03,576 DEBUG [HikariPool-1 housekeeper][HikariPool.java:517] - HikariPool-1 - Fill pool skipped, pool is at sufficient level.
2025-04-15 21:27:32,820 DEBUG [HikariPool-1 housekeeper][HikariPool.java:421] - HikariPool-1 - Pool stats (total=10, active=0, idle=10, waiting=0)
2025-04-15 21:27:32,820 DEBUG [HikariPool-1 housekeeper][HikariPool.java:421] - HikariPool-1 - Pool stats (total=10, active=0, idle=10, waiting=0)
2025-04-15 21:27:32,820 DEBUG [HikariPool-1 housekeeper][HikariPool.java:517] - HikariPool-1 - Fill pool skipped, pool is at sufficient level.
2025-04-15 21:27:32,820 DEBUG [HikariPool-1 housekeeper][HikariPool.java:517] - HikariPool-1 - Fill pool skipped, pool is at sufficient level.
2025-04-15 21:27:33,582 DEBUG [HikariPool-1 housekeeper][HikariPool.java:421] - HikariPool-1 - Pool stats (total=10, active=0, idle=10, waiting=0)
2025-04-15 21:27:33,582 DEBUG [HikariPool-1 housekeeper][HikariPool.java:421] - HikariPool-1 - Pool stats (total=10, active=0, idle=10, waiting=0)
2025-04-15 21:27:33,582 DEBUG [HikariPool-1 housekeeper][HikariPool.java:517] - HikariPool-1 - Fill pool skipped, pool is at sufficient level.
2025-04-15 21:27:33,582 DEBUG [HikariPool-1 housekeeper][HikariPool.java:517] - HikariPool-1 - Fill pool skipped, pool is at sufficient level.
2025-04-15 21:28:02,826 DEBUG [HikariPool-1 housekeeper][HikariPool.java:421] - HikariPool-1 - Pool stats (total=10, active=0, idle=10, waiting=0)
2025-04-15 21:28:02,826 DEBUG [HikariPool-1 housekeeper][HikariPool.java:421] - HikariPool-1 - Pool stats (total=10, active=0, idle=10, waiting=0)
2025-04-15 21:28:02,826 DEBUG [HikariPool-1 housekeeper][HikariPool.java:517] - HikariPool-1 - Fill pool skipped, pool is at sufficient level.
2025-04-15 21:28:02,826 DEBUG [HikariPool-1 housekeeper][HikariPool.java:517] - HikariPool-1 - Fill pool skipped, pool is at sufficient level.
2025-04-15 21:28:03,591 DEBUG [HikariPool-1 housekeeper][HikariPool.java:421] - HikariPool-1 - Pool stats (total=10, active=0, idle=10, waiting=0)
2025-04-15 21:28:03,591 DEBUG [HikariPool-1 housekeeper][HikariPool.java:517] - HikariPool-1 - Fill pool skipped, pool is at sufficient level.
2025-04-15 21:28:03,591 DEBUG [HikariPool-1 housekeeper][HikariPool.java:421] - HikariPool-1 - Pool stats (total=10, active=0, idle=10, waiting=0)
2025-04-15 21:28:03,591 DEBUG [HikariPool-1 housekeeper][HikariPool.java:517] - HikariPool-1 - Fill pool skipped, pool is at sufficient level.
2025-04-15 21:28:32,839 DEBUG [HikariPool-1 housekeeper][HikariPool.java:421] - HikariPool-1 - Pool stats (total=10, active=0, idle=10, waiting=0)
2025-04-15 21:28:32,839 DEBUG [HikariPool-1 housekeeper][HikariPool.java:421] - HikariPool-1 - Pool stats (total=10, active=0, idle=10, waiting=0)
2025-04-15 21:28:32,839 DEBUG [HikariPool-1 housekeeper][HikariPool.java:517] - HikariPool-1 - Fill pool skipped, pool is at sufficient level.
2025-04-15 21:28:32,839 DEBUG [HikariPool-1 housekeeper][HikariPool.java:517] - HikariPool-1 - Fill pool skipped, pool is at sufficient level.
2025-04-15 21:28:33,602 DEBUG [HikariPool-1 housekeeper][HikariPool.java:421] - HikariPool-1 - Pool stats (total=10, active=0, idle=10, waiting=0)
2025-04-15 21:28:33,602 DEBUG [HikariPool-1 housekeeper][HikariPool.java:421] - HikariPool-1 - Pool stats (total=10, active=0, idle=10, waiting=0)
2025-04-15 21:28:33,602 DEBUG [HikariPool-1 housekeeper][HikariPool.java:517] - HikariPool-1 - Fill pool skipped, pool is at sufficient level.
2025-04-15 21:28:33,602 DEBUG [HikariPool-1 housekeeper][HikariPool.java:517] - HikariPool-1 - Fill pool skipped, pool is at sufficient level.
2025-04-15 21:29:02,853 DEBUG [HikariPool-1 housekeeper][HikariPool.java:421] - HikariPool-1 - Pool stats (total=10, active=0, idle=10, waiting=0)
2025-04-15 21:29:02,853 DEBUG [HikariPool-1 housekeeper][HikariPool.java:421] - HikariPool-1 - Pool stats (total=10, active=0, idle=10, waiting=0)
2025-04-15 21:29:02,853 DEBUG [HikariPool-1 housekeeper][HikariPool.java:517] - HikariPool-1 - Fill pool skipped, pool is at sufficient level.
2025-04-15 21:29:02,853 DEBUG [HikariPool-1 housekeeper][HikariPool.java:517] - HikariPool-1 - Fill pool skipped, pool is at sufficient level.
2025-04-15 21:29:03,614 DEBUG [HikariPool-1 housekeeper][HikariPool.java:421] - HikariPool-1 - Pool stats (total=10, active=0, idle=10, waiting=0)
2025-04-15 21:29:03,614 DEBUG [HikariPool-1 housekeeper][HikariPool.java:421] - HikariPool-1 - Pool stats (total=10, active=0, idle=10, waiting=0)
2025-04-15 21:29:03,614 DEBUG [HikariPool-1 housekeeper][HikariPool.java:517] - HikariPool-1 - Fill pool skipped, pool is at sufficient level.
2025-04-15 21:29:03,614 DEBUG [HikariPool-1 housekeeper][HikariPool.java:517] - HikariPool-1 - Fill pool skipped, pool is at sufficient level.
2025-04-15 21:29:32,862 DEBUG [HikariPool-1 housekeeper][HikariPool.java:421] - HikariPool-1 - Pool stats (total=10, active=0, idle=10, waiting=0)
2025-04-15 21:29:32,862 DEBUG [HikariPool-1 housekeeper][HikariPool.java:421] - HikariPool-1 - Pool stats (total=10, active=0, idle=10, waiting=0)
2025-04-15 21:29:32,862 DEBUG [HikariPool-1 housekeeper][HikariPool.java:517] - HikariPool-1 - Fill pool skipped, pool is at sufficient level.
2025-04-15 21:29:32,862 DEBUG [HikariPool-1 housekeeper][HikariPool.java:517] - HikariPool-1 - Fill pool skipped, pool is at sufficient level.
2025-04-15 21:29:33,623 DEBUG [HikariPool-1 housekeeper][HikariPool.java:421] - HikariPool-1 - Pool stats (total=10, active=0, idle=10, waiting=0)
2025-04-15 21:29:33,623 DEBUG [HikariPool-1 housekeeper][HikariPool.java:517] - HikariPool-1 - Fill pool skipped, pool is at sufficient level.
2025-04-15 21:29:33,623 DEBUG [HikariPool-1 housekeeper][HikariPool.java:421] - HikariPool-1 - Pool stats (total=10, active=0, idle=10, waiting=0)
2025-04-15 21:29:33,623 DEBUG [HikariPool-1 housekeeper][HikariPool.java:517] - HikariPool-1 - Fill pool skipped, pool is at sufficient level.
2025-04-15 21:30:02,865 DEBUG [HikariPool-1 housekeeper][HikariPool.java:421] - HikariPool-1 - Pool stats (total=10, active=0, idle=10, waiting=0)
2025-04-15 21:30:02,865 DEBUG [HikariPool-1 housekeeper][HikariPool.java:421] - HikariPool-1 - Pool stats (total=10, active=0, idle=10, waiting=0)
2025-04-15 21:30:02,865 DEBUG [HikariPool-1 housekeeper][HikariPool.java:517] - HikariPool-1 - Fill pool skipped, pool is at sufficient level.
2025-04-15 21:30:02,865 DEBUG [HikariPool-1 housekeeper][HikariPool.java:517] - HikariPool-1 - Fill pool skipped, pool is at sufficient level.
2025-04-15 21:30:03,629 DEBUG [HikariPool-1 housekeeper][HikariPool.java:421] - HikariPool-1 - Pool stats (total=10, active=0, idle=10, waiting=0)
2025-04-15 21:30:03,629 DEBUG [HikariPool-1 housekeeper][HikariPool.java:421] - HikariPool-1 - Pool stats (total=10, active=0, idle=10, waiting=0)
2025-04-15 21:30:03,629 DEBUG [HikariPool-1 housekeeper][HikariPool.java:517] - HikariPool-1 - Fill pool skipped, pool is at sufficient level.
2025-04-15 21:30:03,629 DEBUG [HikariPool-1 housekeeper][HikariPool.java:517] - HikariPool-1 - Fill pool skipped, pool is at sufficient level.
2025-04-15 21:30:32,878 DEBUG [HikariPool-1 housekeeper][HikariPool.java:421] - HikariPool-1 - Pool stats (total=10, active=0, idle=10, waiting=0)
2025-04-15 21:30:32,878 DEBUG [HikariPool-1 housekeeper][HikariPool.java:421] - HikariPool-1 - Pool stats (total=10, active=0, idle=10, waiting=0)
2025-04-15 21:30:32,878 DEBUG [HikariPool-1 housekeeper][HikariPool.java:517] - HikariPool-1 - Fill pool skipped, pool is at sufficient level.
2025-04-15 21:30:32,878 DEBUG [HikariPool-1 housekeeper][HikariPool.java:517] - HikariPool-1 - Fill pool skipped, pool is at sufficient level.
2025-04-15 21:30:33,642 DEBUG [HikariPool-1 housekeeper][HikariPool.java:421] - HikariPool-1 - Pool stats (total=10, active=0, idle=10, waiting=0)
2025-04-15 21:30:33,642 DEBUG [HikariPool-1 housekeeper][HikariPool.java:517] - HikariPool-1 - Fill pool skipped, pool is at sufficient level.
2025-04-15 21:30:33,642 DEBUG [HikariPool-1 housekeeper][HikariPool.java:421] - HikariPool-1 - Pool stats (total=10, active=0, idle=10, waiting=0)
2025-04-15 21:30:33,642 DEBUG [HikariPool-1 housekeeper][HikariPool.java:517] - HikariPool-1 - Fill pool skipped, pool is at sufficient level.
2025-04-15 21:31:02,883 DEBUG [HikariPool-1 housekeeper][HikariPool.java:421] - HikariPool-1 - Pool stats (total=10, active=0, idle=10, waiting=0)
2025-04-15 21:31:02,883 DEBUG [HikariPool-1 housekeeper][HikariPool.java:421] - HikariPool-1 - Pool stats (total=10, active=0, idle=10, waiting=0)
2025-04-15 21:31:02,883 DEBUG [HikariPool-1 housekeeper][HikariPool.java:517] - HikariPool-1 - Fill pool skipped, pool is at sufficient level.
2025-04-15 21:31:02,883 DEBUG [HikariPool-1 housekeeper][HikariPool.java:517] - HikariPool-1 - Fill pool skipped, pool is at sufficient level.
2025-04-15 21:31:03,646 DEBUG [HikariPool-1 housekeeper][HikariPool.java:421] - HikariPool-1 - Pool stats (total=10, active=0, idle=10, waiting=0)
2025-04-15 21:31:03,646 DEBUG [HikariPool-1 housekeeper][HikariPool.java:421] - HikariPool-1 - Pool stats (total=10, active=0, idle=10, waiting=0)
2025-04-15 21:31:03,646 DEBUG [HikariPool-1 housekeeper][HikariPool.java:517] - HikariPool-1 - Fill pool skipped, pool is at sufficient level.
2025-04-15 21:31:03,646 DEBUG [HikariPool-1 housekeeper][HikariPool.java:517] - HikariPool-1 - Fill pool skipped, pool is at sufficient level.
2025-04-15 21:31:32,893 DEBUG [HikariPool-1 housekeeper][HikariPool.java:421] - HikariPool-1 - Pool stats (total=10, active=0, idle=10, waiting=0)
2025-04-15 21:31:32,893 DEBUG [HikariPool-1 housekeeper][HikariPool.java:421] - HikariPool-1 - Pool stats (total=10, active=0, idle=10, waiting=0)
2025-04-15 21:31:32,893 DEBUG [HikariPool-1 housekeeper][HikariPool.java:517] - HikariPool-1 - Fill pool skipped, pool is at sufficient level.
2025-04-15 21:31:32,893 DEBUG [HikariPool-1 housekeeper][HikariPool.java:517] - HikariPool-1 - Fill pool skipped, pool is at sufficient level.
2025-04-15 21:31:33,650 DEBUG [HikariPool-1 housekeeper][HikariPool.java:421] - HikariPool-1 - Pool stats (total=10, active=0, idle=10, waiting=0)
2025-04-15 21:31:33,650 DEBUG [HikariPool-1 housekeeper][HikariPool.java:421] - HikariPool-1 - Pool stats (total=10, active=0, idle=10, waiting=0)
2025-04-15 21:31:33,650 DEBUG [HikariPool-1 housekeeper][HikariPool.java:517] - HikariPool-1 - Fill pool skipped, pool is at sufficient level.
2025-04-15 21:31:33,650 DEBUG [HikariPool-1 housekeeper][HikariPool.java:517] - HikariPool-1 - Fill pool skipped, pool is at sufficient level.
2025-04-15 21:32:02,901 DEBUG [HikariPool-1 housekeeper][HikariPool.java:421] - HikariPool-1 - Pool stats (total=10, active=0, idle=10, waiting=0)
2025-04-15 21:32:02,901 DEBUG [HikariPool-1 housekeeper][HikariPool.java:421] - HikariPool-1 - Pool stats (total=10, active=0, idle=10, waiting=0)
2025-04-15 21:32:02,901 DEBUG [HikariPool-1 housekeeper][HikariPool.java:517] - HikariPool-1 - Fill pool skipped, pool is at sufficient level.
2025-04-15 21:32:02,901 DEBUG [HikariPool-1 housekeeper][HikariPool.java:517] - HikariPool-1 - Fill pool skipped, pool is at sufficient level.
2025-04-15 21:32:03,663 DEBUG [HikariPool-1 housekeeper][HikariPool.java:421] - HikariPool-1 - Pool stats (total=10, active=0, idle=10, waiting=0)
2025-04-15 21:32:03,663 DEBUG [HikariPool-1 housekeeper][HikariPool.java:517] - HikariPool-1 - Fill pool skipped, pool is at sufficient level.
2025-04-15 21:32:03,663 DEBUG [HikariPool-1 housekeeper][HikariPool.java:421] - HikariPool-1 - Pool stats (total=10, active=0, idle=10, waiting=0)
2025-04-15 21:32:03,663 DEBUG [HikariPool-1 housekeeper][HikariPool.java:517] - HikariPool-1 - Fill pool skipped, pool is at sufficient level.
2025-04-15 21:32:32,914 DEBUG [HikariPool-1 housekeeper][HikariPool.java:421] - HikariPool-1 - Pool stats (total=10, active=0, idle=10, waiting=0)
2025-04-15 21:32:32,914 DEBUG [HikariPool-1 housekeeper][HikariPool.java:421] - HikariPool-1 - Pool stats (total=10, active=0, idle=10, waiting=0)
2025-04-15 21:32:32,914 DEBUG [HikariPool-1 housekeeper][HikariPool.java:517] - HikariPool-1 - Fill pool skipped, pool is at sufficient level.
2025-04-15 21:32:32,914 DEBUG [HikariPool-1 housekeeper][HikariPool.java:517] - HikariPool-1 - Fill pool skipped, pool is at sufficient level.
2025-04-15 21:32:33,677 DEBUG [HikariPool-1 housekeeper][HikariPool.java:421] - HikariPool-1 - Pool stats (total=10, active=0, idle=10, waiting=0)
2025-04-15 21:32:33,677 DEBUG [HikariPool-1 housekeeper][HikariPool.java:421] - HikariPool-1 - Pool stats (total=10, active=0, idle=10, waiting=0)
2025-04-15 21:32:33,677 DEBUG [HikariPool-1 housekeeper][HikariPool.java:517] - HikariPool-1 - Fill pool skipped, pool is at sufficient level.
2025-04-15 21:32:33,677 DEBUG [HikariPool-1 housekeeper][HikariPool.java:517] - HikariPool-1 - Fill pool skipped, pool is at sufficient level.
2025-04-15 21:33:02,930 DEBUG [HikariPool-1 housekeeper][HikariPool.java:421] - HikariPool-1 - Pool stats (total=10, active=0, idle=10, waiting=0)
2025-04-15 21:33:02,930 DEBUG [HikariPool-1 housekeeper][HikariPool.java:421] - HikariPool-1 - Pool stats (total=10, active=0, idle=10, waiting=0)
2025-04-15 21:33:02,930 DEBUG [HikariPool-1 housekeeper][HikariPool.java:517] - HikariPool-1 - Fill pool skipped, pool is at sufficient level.
2025-04-15 21:33:02,930 DEBUG [HikariPool-1 housekeeper][HikariPool.java:517] - HikariPool-1 - Fill pool skipped, pool is at sufficient level.
2025-04-15 21:33:03,678 DEBUG [HikariPool-1 housekeeper][HikariPool.java:421] - HikariPool-1 - Pool stats (total=10, active=0, idle=10, waiting=0)
2025-04-15 21:33:03,678 DEBUG [HikariPool-1 housekeeper][HikariPool.java:421] - HikariPool-1 - Pool stats (total=10, active=0, idle=10, waiting=0)
2025-04-15 21:33:03,678 DEBUG [HikariPool-1 housekeeper][HikariPool.java:517] - HikariPool-1 - Fill pool skipped, pool is at sufficient level.
2025-04-15 21:33:03,678 DEBUG [HikariPool-1 housekeeper][HikariPool.java:517] - HikariPool-1 - Fill pool skipped, pool is at sufficient level.
2025-04-15 21:33:32,934 DEBUG [HikariPool-1 housekeeper][HikariPool.java:421] - HikariPool-1 - Pool stats (total=10, active=0, idle=10, waiting=0)
2025-04-15 21:33:32,934 DEBUG [HikariPool-1 housekeeper][HikariPool.java:421] - HikariPool-1 - Pool stats (total=10, active=0, idle=10, waiting=0)
2025-04-15 21:33:32,934 DEBUG [HikariPool-1 housekeeper][HikariPool.java:517] - HikariPool-1 - Fill pool skipped, pool is at sufficient level.
2025-04-15 21:33:32,934 DEBUG [HikariPool-1 housekeeper][HikariPool.java:517] - HikariPool-1 - Fill pool skipped, pool is at sufficient level.
2025-04-15 21:33:33,692 DEBUG [HikariPool-1 housekeeper][HikariPool.java:421] - HikariPool-1 - Pool stats (total=10, active=0, idle=10, waiting=0)
2025-04-15 21:33:33,692 DEBUG [HikariPool-1 housekeeper][HikariPool.java:421] - HikariPool-1 - Pool stats (total=10, active=0, idle=10, waiting=0)
2025-04-15 21:33:33,692 DEBUG [HikariPool-1 housekeeper][HikariPool.java:517] - HikariPool-1 - Fill pool skipped, pool is at sufficient level.
2025-04-15 21:33:33,692 DEBUG [HikariPool-1 housekeeper][HikariPool.java:517] - HikariPool-1 - Fill pool skipped, pool is at sufficient level.
2025-04-15 21:34:02,943 DEBUG [HikariPool-1 housekeeper][HikariPool.java:421] - HikariPool-1 - Pool stats (total=10, active=0, idle=10, waiting=0)
2025-04-15 21:34:02,943 DEBUG [HikariPool-1 housekeeper][HikariPool.java:421] - HikariPool-1 - Pool stats (total=10, active=0, idle=10, waiting=0)
2025-04-15 21:34:02,943 DEBUG [HikariPool-1 housekeeper][HikariPool.java:517] - HikariPool-1 - Fill pool skipped, pool is at sufficient level.
2025-04-15 21:34:02,943 DEBUG [HikariPool-1 housekeeper][HikariPool.java:517] - HikariPool-1 - Fill pool skipped, pool is at sufficient level.
2025-04-15 21:34:03,705 DEBUG [HikariPool-1 housekeeper][HikariPool.java:421] - HikariPool-1 - Pool stats (total=10, active=0, idle=10, waiting=0)
2025-04-15 21:34:03,705 DEBUG [HikariPool-1 housekeeper][HikariPool.java:421] - HikariPool-1 - Pool stats (total=10, active=0, idle=10, waiting=0)
2025-04-15 21:34:03,705 DEBUG [HikariPool-1 housekeeper][HikariPool.java:517] - HikariPool-1 - Fill pool skipped, pool is at sufficient level.
2025-04-15 21:34:03,705 DEBUG [HikariPool-1 housekeeper][HikariPool.java:517] - HikariPool-1 - Fill pool skipped, pool is at sufficient level.
2025-04-15 21:34:32,949 DEBUG [HikariPool-1 housekeeper][HikariPool.java:421] - HikariPool-1 - Pool stats (total=10, active=0, idle=10, waiting=0)
2025-04-15 21:34:32,949 DEBUG [HikariPool-1 housekeeper][HikariPool.java:421] - HikariPool-1 - Pool stats (total=10, active=0, idle=10, waiting=0)
2025-04-15 21:34:32,949 DEBUG [HikariPool-1 housekeeper][HikariPool.java:517] - HikariPool-1 - Fill pool skipped, pool is at sufficient level.
2025-04-15 21:34:32,949 DEBUG [HikariPool-1 housekeeper][HikariPool.java:517] - HikariPool-1 - Fill pool skipped, pool is at sufficient level.
2025-04-15 21:34:33,715 DEBUG [HikariPool-1 housekeeper][HikariPool.java:421] - HikariPool-1 - Pool stats (total=10, active=0, idle=10, waiting=0)
2025-04-15 21:34:33,715 DEBUG [HikariPool-1 housekeeper][HikariPool.java:421] - HikariPool-1 - Pool stats (total=10, active=0, idle=10, waiting=0)
2025-04-15 21:34:33,715 DEBUG [HikariPool-1 housekeeper][HikariPool.java:517] - HikariPool-1 - Fill pool skipped, pool is at sufficient level.
2025-04-15 21:34:33,715 DEBUG [HikariPool-1 housekeeper][HikariPool.java:517] - HikariPool-1 - Fill pool skipped, pool is at sufficient level.
2025-04-15 21:35:02,960 DEBUG [HikariPool-1 housekeeper][HikariPool.java:421] - HikariPool-1 - Pool stats (total=10, active=0, idle=10, waiting=0)
2025-04-15 21:35:02,960 DEBUG [HikariPool-1 housekeeper][HikariPool.java:517] - HikariPool-1 - Fill pool skipped, pool is at sufficient level.
2025-04-15 21:35:02,960 DEBUG [HikariPool-1 housekeeper][HikariPool.java:421] - HikariPool-1 - Pool stats (total=10, active=0, idle=10, waiting=0)
2025-04-15 21:35:02,960 DEBUG [HikariPool-1 housekeeper][HikariPool.java:517] - HikariPool-1 - Fill pool skipped, pool is at sufficient level.
2025-04-15 21:35:03,726 DEBUG [HikariPool-1 housekeeper][HikariPool.java:421] - HikariPool-1 - Pool stats (total=10, active=0, idle=10, waiting=0)
2025-04-15 21:35:03,726 DEBUG [HikariPool-1 housekeeper][HikariPool.java:421] - HikariPool-1 - Pool stats (total=10, active=0, idle=10, waiting=0)
2025-04-15 21:35:03,726 DEBUG [HikariPool-1 housekeeper][HikariPool.java:517] - HikariPool-1 - Fill pool skipped, pool is at sufficient level.
2025-04-15 21:35:03,726 DEBUG [HikariPool-1 housekeeper][HikariPool.java:517] - HikariPool-1 - Fill pool skipped, pool is at sufficient level.
2025-04-15 21:35:32,966 DEBUG [HikariPool-1 housekeeper][HikariPool.java:421] - HikariPool-1 - Pool stats (total=10, active=0, idle=10, waiting=0)
2025-04-15 21:35:32,966 DEBUG [HikariPool-1 housekeeper][HikariPool.java:421] - HikariPool-1 - Pool stats (total=10, active=0, idle=10, waiting=0)
2025-04-15 21:35:32,966 DEBUG [HikariPool-1 housekeeper][HikariPool.java:517] - HikariPool-1 - Fill pool skipped, pool is at sufficient level.
2025-04-15 21:35:32,966 DEBUG [HikariPool-1 housekeeper][HikariPool.java:517] - HikariPool-1 - Fill pool skipped, pool is at sufficient level.
2025-04-15 21:35:33,729 DEBUG [HikariPool-1 housekeeper][HikariPool.java:421] - HikariPool-1 - Pool stats (total=10, active=0, idle=10, waiting=0)
2025-04-15 21:35:33,729 DEBUG [HikariPool-1 housekeeper][HikariPool.java:421] - HikariPool-1 - Pool stats (total=10, active=0, idle=10, waiting=0)
2025-04-15 21:35:33,729 DEBUG [HikariPool-1 housekeeper][HikariPool.java:517] - HikariPool-1 - Fill pool skipped, pool is at sufficient level.
2025-04-15 21:35:33,729 DEBUG [HikariPool-1 housekeeper][HikariPool.java:517] - HikariPool-1 - Fill pool skipped, pool is at sufficient level.
2025-04-15 21:36:02,977 DEBUG [HikariPool-1 housekeeper][HikariPool.java:421] - HikariPool-1 - Pool stats (total=10, active=0, idle=10, waiting=0)
2025-04-15 21:36:02,977 DEBUG [HikariPool-1 housekeeper][HikariPool.java:421] - HikariPool-1 - Pool stats (total=10, active=0, idle=10, waiting=0)
2025-04-15 21:36:02,977 DEBUG [HikariPool-1 housekeeper][HikariPool.java:517] - HikariPool-1 - Fill pool skipped, pool is at sufficient level.
2025-04-15 21:36:02,977 DEBUG [HikariPool-1 housekeeper][HikariPool.java:517] - HikariPool-1 - Fill pool skipped, pool is at sufficient level.
2025-04-15 21:36:03,730 DEBUG [HikariPool-1 housekeeper][HikariPool.java:421] - HikariPool-1 - Pool stats (total=10, active=0, idle=10, waiting=0)
2025-04-15 21:36:03,730 DEBUG [HikariPool-1 housekeeper][HikariPool.java:421] - HikariPool-1 - Pool stats (total=10, active=0, idle=10, waiting=0)
2025-04-15 21:36:03,730 DEBUG [HikariPool-1 housekeeper][HikariPool.java:517] - HikariPool-1 - Fill pool skipped, pool is at sufficient level.
2025-04-15 21:36:03,730 DEBUG [HikariPool-1 housekeeper][HikariPool.java:517] - HikariPool-1 - Fill pool skipped, pool is at sufficient level.
2025-04-15 21:36:32,981 DEBUG [HikariPool-1 housekeeper][HikariPool.java:421] - HikariPool-1 - Pool stats (total=10, active=0, idle=10, waiting=0)
2025-04-15 21:36:32,981 DEBUG [HikariPool-1 housekeeper][HikariPool.java:421] - HikariPool-1 - Pool stats (total=10, active=0, idle=10, waiting=0)
2025-04-15 21:36:32,981 DEBUG [HikariPool-1 housekeeper][HikariPool.java:517] - HikariPool-1 - Fill pool skipped, pool is at sufficient level.
2025-04-15 21:36:32,981 DEBUG [HikariPool-1 housekeeper][HikariPool.java:517] - HikariPool-1 - Fill pool skipped, pool is at sufficient level.
2025-04-15 21:36:33,744 DEBUG [HikariPool-1 housekeeper][HikariPool.java:421] - HikariPool-1 - Pool stats (total=10, active=0, idle=10, waiting=0)
2025-04-15 21:36:33,744 DEBUG [HikariPool-1 housekeeper][HikariPool.java:421] - HikariPool-1 - Pool stats (total=10, active=0, idle=10, waiting=0)
2025-04-15 21:36:33,744 DEBUG [HikariPool-1 housekeeper][HikariPool.java:517] - HikariPool-1 - Fill pool skipped, pool is at sufficient level.
2025-04-15 21:36:33,744 DEBUG [HikariPool-1 housekeeper][HikariPool.java:517] - HikariPool-1 - Fill pool skipped, pool is at sufficient level.
2025-04-15 21:37:02,986 DEBUG [HikariPool-1 housekeeper][HikariPool.java:421] - HikariPool-1 - Pool stats (total=10, active=0, idle=10, waiting=0)
2025-04-15 21:37:02,986 DEBUG [HikariPool-1 housekeeper][HikariPool.java:421] - HikariPool-1 - Pool stats (total=10, active=0, idle=10, waiting=0)
2025-04-15 21:37:02,986 DEBUG [HikariPool-1 housekeeper][HikariPool.java:517] - HikariPool-1 - Fill pool skipped, pool is at sufficient level.
2025-04-15 21:37:02,986 DEBUG [HikariPool-1 housekeeper][HikariPool.java:517] - HikariPool-1 - Fill pool skipped, pool is at sufficient level.
2025-04-15 21:37:03,752 DEBUG [HikariPool-1 housekeeper][HikariPool.java:421] - HikariPool-1 - Pool stats (total=10, active=0, idle=10, waiting=0)
2025-04-15 21:37:03,752 DEBUG [HikariPool-1 housekeeper][HikariPool.java:421] - HikariPool-1 - Pool stats (total=10, active=0, idle=10, waiting=0)
2025-04-15 21:37:03,752 DEBUG [HikariPool-1 housekeeper][HikariPool.java:517] - HikariPool-1 - Fill pool skipped, pool is at sufficient level.
2025-04-15 21:37:03,752 DEBUG [HikariPool-1 housekeeper][HikariPool.java:517] - HikariPool-1 - Fill pool skipped, pool is at sufficient level.
2025-04-15 21:37:32,993 DEBUG [HikariPool-1 housekeeper][HikariPool.java:421] - HikariPool-1 - Pool stats (total=10, active=0, idle=10, waiting=0)
2025-04-15 21:37:32,993 DEBUG [HikariPool-1 housekeeper][HikariPool.java:421] - HikariPool-1 - Pool stats (total=10, active=0, idle=10, waiting=0)
2025-04-15 21:37:32,993 DEBUG [HikariPool-1 housekeeper][HikariPool.java:517] - HikariPool-1 - Fill pool skipped, pool is at sufficient level.
2025-04-15 21:37:32,993 DEBUG [HikariPool-1 housekeeper][HikariPool.java:517] - HikariPool-1 - Fill pool skipped, pool is at sufficient level.
2025-04-15 21:37:33,757 DEBUG [HikariPool-1 housekeeper][HikariPool.java:421] - HikariPool-1 - Pool stats (total=10, active=0, idle=10, waiting=0)
2025-04-15 21:37:33,757 DEBUG [HikariPool-1 housekeeper][HikariPool.java:421] - HikariPool-1 - Pool stats (total=10, active=0, idle=10, waiting=0)
2025-04-15 21:37:33,757 DEBUG [HikariPool-1 housekeeper][HikariPool.java:517] - HikariPool-1 - Fill pool skipped, pool is at sufficient level.
2025-04-15 21:37:33,757 DEBUG [HikariPool-1 housekeeper][HikariPool.java:517] - HikariPool-1 - Fill pool skipped, pool is at sufficient level.
2025-04-15 21:38:02,997 DEBUG [HikariPool-1 housekeeper][HikariPool.java:421] - HikariPool-1 - Pool stats (total=10, active=0, idle=10, waiting=0)
2025-04-15 21:38:02,997 DEBUG [HikariPool-1 housekeeper][HikariPool.java:517] - HikariPool-1 - Fill pool skipped, pool is at sufficient level.
2025-04-15 21:38:02,997 DEBUG [HikariPool-1 housekeeper][HikariPool.java:421] - HikariPool-1 - Pool stats (total=10, active=0, idle=10, waiting=0)
2025-04-15 21:38:02,997 DEBUG [HikariPool-1 housekeeper][HikariPool.java:517] - HikariPool-1 - Fill pool skipped, pool is at sufficient level.
2025-04-15 21:38:03,761 DEBUG [HikariPool-1 housekeeper][HikariPool.java:421] - HikariPool-1 - Pool stats (total=10, active=0, idle=10, waiting=0)
2025-04-15 21:38:03,761 DEBUG [HikariPool-1 housekeeper][HikariPool.java:517] - HikariPool-1 - Fill pool skipped, pool is at sufficient level.
2025-04-15 21:38:03,761 DEBUG [HikariPool-1 housekeeper][HikariPool.java:421] - HikariPool-1 - Pool stats (total=10, active=0, idle=10, waiting=0)
2025-04-15 21:38:03,761 DEBUG [HikariPool-1 housekeeper][HikariPool.java:517] - HikariPool-1 - Fill pool skipped, pool is at sufficient level.
2025-04-15 21:38:33,004 DEBUG [HikariPool-1 housekeeper][HikariPool.java:421] - HikariPool-1 - Pool stats (total=10, active=0, idle=10, waiting=0)
2025-04-15 21:38:33,004 DEBUG [HikariPool-1 housekeeper][HikariPool.java:421] - HikariPool-1 - Pool stats (total=10, active=0, idle=10, waiting=0)
2025-04-15 21:38:33,004 DEBUG [HikariPool-1 housekeeper][HikariPool.java:517] - HikariPool-1 - Fill pool skipped, pool is at sufficient level.
2025-04-15 21:38:33,004 DEBUG [HikariPool-1 housekeeper][HikariPool.java:517] - HikariPool-1 - Fill pool skipped, pool is at sufficient level.
2025-04-15 21:38:33,766 DEBUG [HikariPool-1 housekeeper][HikariPool.java:421] - HikariPool-1 - Pool stats (total=10, active=0, idle=10, waiting=0)
2025-04-15 21:38:33,766 DEBUG [HikariPool-1 housekeeper][HikariPool.java:421] - HikariPool-1 - Pool stats (total=10, active=0, idle=10, waiting=0)
2025-04-15 21:38:33,766 DEBUG [HikariPool-1 housekeeper][HikariPool.java:517] - HikariPool-1 - Fill pool skipped, pool is at sufficient level.
2025-04-15 21:38:33,766 DEBUG [HikariPool-1 housekeeper][HikariPool.java:517] - HikariPool-1 - Fill pool skipped, pool is at sufficient level.
2025-04-15 21:39:03,013 DEBUG [HikariPool-1 housekeeper][HikariPool.java:421] - HikariPool-1 - Pool stats (total=10, active=0, idle=10, waiting=0)
2025-04-15 21:39:03,013 DEBUG [HikariPool-1 housekeeper][HikariPool.java:421] - HikariPool-1 - Pool stats (total=10, active=0, idle=10, waiting=0)
2025-04-15 21:39:03,013 DEBUG [HikariPool-1 housekeeper][HikariPool.java:517] - HikariPool-1 - Fill pool skipped, pool is at sufficient level.
2025-04-15 21:39:03,013 DEBUG [HikariPool-1 housekeeper][HikariPool.java:517] - HikariPool-1 - Fill pool skipped, pool is at sufficient level.
2025-04-15 21:39:03,778 DEBUG [HikariPool-1 housekeeper][HikariPool.java:421] - HikariPool-1 - Pool stats (total=10, active=0, idle=10, waiting=0)
2025-04-15 21:39:03,778 DEBUG [HikariPool-1 housekeeper][HikariPool.java:421] - HikariPool-1 - Pool stats (total=10, active=0, idle=10, waiting=0)
2025-04-15 21:39:03,778 DEBUG [HikariPool-1 housekeeper][HikariPool.java:517] - HikariPool-1 - Fill pool skipped, pool is at sufficient level.
2025-04-15 21:39:03,778 DEBUG [HikariPool-1 housekeeper][HikariPool.java:517] - HikariPool-1 - Fill pool skipped, pool is at sufficient level.
2025-04-15 21:39:33,016 DEBUG [HikariPool-1 housekeeper][HikariPool.java:421] - HikariPool-1 - Pool stats (total=10, active=0, idle=10, waiting=0)
2025-04-15 21:39:33,016 DEBUG [HikariPool-1 housekeeper][HikariPool.java:421] - HikariPool-1 - Pool stats (total=10, active=0, idle=10, waiting=0)
2025-04-15 21:39:33,017 DEBUG [HikariPool-1 housekeeper][HikariPool.java:517] - HikariPool-1 - Fill pool skipped, pool is at sufficient level.
2025-04-15 21:39:33,017 DEBUG [HikariPool-1 housekeeper][HikariPool.java:517] - HikariPool-1 - Fill pool skipped, pool is at sufficient level.
2025-04-15 21:39:33,794 DEBUG [HikariPool-1 housekeeper][HikariPool.java:421] - HikariPool-1 - Pool stats (total=10, active=0, idle=10, waiting=0)
2025-04-15 21:39:33,794 DEBUG [HikariPool-1 housekeeper][HikariPool.java:421] - HikariPool-1 - Pool stats (total=10, active=0, idle=10, waiting=0)
2025-04-15 21:39:33,794 DEBUG [HikariPool-1 housekeeper][HikariPool.java:517] - HikariPool-1 - Fill pool skipped, pool is at sufficient level.
2025-04-15 21:39:33,794 DEBUG [HikariPool-1 housekeeper][HikariPool.java:517] - HikariPool-1 - Fill pool skipped, pool is at sufficient level.
2025-04-15 21:40:03,019 DEBUG [HikariPool-1 housekeeper][HikariPool.java:421] - HikariPool-1 - Pool stats (total=10, active=0, idle=10, waiting=0)
2025-04-15 21:40:03,019 DEBUG [HikariPool-1 housekeeper][HikariPool.java:421] - HikariPool-1 - Pool stats (total=10, active=0, idle=10, waiting=0)
2025-04-15 21:40:03,019 DEBUG [HikariPool-1 housekeeper][HikariPool.java:517] - HikariPool-1 - Fill pool skipped, pool is at sufficient level.
2025-04-15 21:40:03,019 DEBUG [HikariPool-1 housekeeper][HikariPool.java:517] - HikariPool-1 - Fill pool skipped, pool is at sufficient level.
2025-04-15 21:40:03,798 DEBUG [HikariPool-1 housekeeper][HikariPool.java:421] - HikariPool-1 - Pool stats (total=10, active=0, idle=10, waiting=0)
2025-04-15 21:40:03,798 DEBUG [HikariPool-1 housekeeper][HikariPool.java:421] - HikariPool-1 - Pool stats (total=10, active=0, idle=10, waiting=0)
2025-04-15 21:40:03,798 DEBUG [HikariPool-1 housekeeper][HikariPool.java:517] - HikariPool-1 - Fill pool skipped, pool is at sufficient level.
2025-04-15 21:40:03,798 DEBUG [HikariPool-1 housekeeper][HikariPool.java:517] - HikariPool-1 - Fill pool skipped, pool is at sufficient level.
2025-04-15 21:40:33,027 DEBUG [HikariPool-1 housekeeper][HikariPool.java:421] - HikariPool-1 - Pool stats (total=10, active=0, idle=10, waiting=0)
2025-04-15 21:40:33,027 DEBUG [HikariPool-1 housekeeper][HikariPool.java:421] - HikariPool-1 - Pool stats (total=10, active=0, idle=10, waiting=0)
2025-04-15 21:40:33,027 DEBUG [HikariPool-1 housekeeper][HikariPool.java:517] - HikariPool-1 - Fill pool skipped, pool is at sufficient level.
2025-04-15 21:40:33,027 DEBUG [HikariPool-1 housekeeper][HikariPool.java:517] - HikariPool-1 - Fill pool skipped, pool is at sufficient level.
2025-04-15 21:40:33,808 DEBUG [HikariPool-1 housekeeper][HikariPool.java:421] - HikariPool-1 - Pool stats (total=10, active=0, idle=10, waiting=0)
2025-04-15 21:40:33,808 DEBUG [HikariPool-1 housekeeper][HikariPool.java:421] - HikariPool-1 - Pool stats (total=10, active=0, idle=10, waiting=0)
2025-04-15 21:40:33,808 DEBUG [HikariPool-1 housekeeper][HikariPool.java:517] - HikariPool-1 - Fill pool skipped, pool is at sufficient level.
2025-04-15 21:40:33,808 DEBUG [HikariPool-1 housekeeper][HikariPool.java:517] - HikariPool-1 - Fill pool skipped, pool is at sufficient level.
2025-04-15 21:41:03,029 DEBUG [HikariPool-1 housekeeper][HikariPool.java:421] - HikariPool-1 - Pool stats (total=10, active=0, idle=10, waiting=0)
2025-04-15 21:41:03,029 DEBUG [HikariPool-1 housekeeper][HikariPool.java:421] - HikariPool-1 - Pool stats (total=10, active=0, idle=10, waiting=0)
2025-04-15 21:41:03,029 DEBUG [HikariPool-1 housekeeper][HikariPool.java:517] - HikariPool-1 - Fill pool skipped, pool is at sufficient level.
2025-04-15 21:41:03,029 DEBUG [HikariPool-1 housekeeper][HikariPool.java:517] - HikariPool-1 - Fill pool skipped, pool is at sufficient level.
2025-04-15 21:41:03,822 DEBUG [HikariPool-1 housekeeper][HikariPool.java:421] - HikariPool-1 - Pool stats (total=10, active=0, idle=10, waiting=0)
2025-04-15 21:41:03,822 DEBUG [HikariPool-1 housekeeper][HikariPool.java:421] - HikariPool-1 - Pool stats (total=10, active=0, idle=10, waiting=0)
2025-04-15 21:41:03,822 DEBUG [HikariPool-1 housekeeper][HikariPool.java:517] - HikariPool-1 - Fill pool skipped, pool is at sufficient level.
2025-04-15 21:41:03,822 DEBUG [HikariPool-1 housekeeper][HikariPool.java:517] - HikariPool-1 - Fill pool skipped, pool is at sufficient level.
2025-04-15 21:41:33,037 DEBUG [HikariPool-1 housekeeper][HikariPool.java:421] - HikariPool-1 - Pool stats (total=10, active=0, idle=10, waiting=0)
2025-04-15 21:41:33,037 DEBUG [HikariPool-1 housekeeper][HikariPool.java:421] - HikariPool-1 - Pool stats (total=10, active=0, idle=10, waiting=0)
2025-04-15 21:41:33,037 DEBUG [HikariPool-1 housekeeper][HikariPool.java:517] - HikariPool-1 - Fill pool skipped, pool is at sufficient level.
2025-04-15 21:41:33,037 DEBUG [HikariPool-1 housekeeper][HikariPool.java:517] - HikariPool-1 - Fill pool skipped, pool is at sufficient level.
2025-04-15 21:41:33,826 DEBUG [HikariPool-1 housekeeper][HikariPool.java:421] - HikariPool-1 - Pool stats (total=10, active=0, idle=10, waiting=0)
2025-04-15 21:41:33,826 DEBUG [HikariPool-1 housekeeper][HikariPool.java:421] - HikariPool-1 - Pool stats (total=10, active=0, idle=10, waiting=0)
2025-04-15 21:41:33,826 DEBUG [HikariPool-1 housekeeper][HikariPool.java:517] - HikariPool-1 - Fill pool skipped, pool is at sufficient level.
2025-04-15 21:41:33,826 DEBUG [HikariPool-1 housekeeper][HikariPool.java:517] - HikariPool-1 - Fill pool skipped, pool is at sufficient level.
2025-04-15 21:42:03,045 DEBUG [HikariPool-1 housekeeper][HikariPool.java:421] - HikariPool-1 - Pool stats (total=10, active=0, idle=10, waiting=0)
2025-04-15 21:42:03,045 DEBUG [HikariPool-1 housekeeper][HikariPool.java:421] - HikariPool-1 - Pool stats (total=10, active=0, idle=10, waiting=0)
2025-04-15 21:42:03,045 DEBUG [HikariPool-1 housekeeper][HikariPool.java:517] - HikariPool-1 - Fill pool skipped, pool is at sufficient level.
2025-04-15 21:42:03,045 DEBUG [HikariPool-1 housekeeper][HikariPool.java:517] - HikariPool-1 - Fill pool skipped, pool is at sufficient level.
2025-04-15 21:42:03,842 DEBUG [HikariPool-1 housekeeper][HikariPool.java:421] - HikariPool-1 - Pool stats (total=10, active=0, idle=10, waiting=0)
2025-04-15 21:42:03,842 DEBUG [HikariPool-1 housekeeper][HikariPool.java:421] - HikariPool-1 - Pool stats (total=10, active=0, idle=10, waiting=0)
2025-04-15 21:42:03,842 DEBUG [HikariPool-1 housekeeper][HikariPool.java:517] - HikariPool-1 - Fill pool skipped, pool is at sufficient level.
2025-04-15 21:42:03,842 DEBUG [HikariPool-1 housekeeper][HikariPool.java:517] - HikariPool-1 - Fill pool skipped, pool is at sufficient level.
2025-04-15 21:42:33,048 DEBUG [HikariPool-1 housekeeper][HikariPool.java:421] - HikariPool-1 - Pool stats (total=10, active=0, idle=10, waiting=0)
2025-04-15 21:42:33,048 DEBUG [HikariPool-1 housekeeper][HikariPool.java:421] - HikariPool-1 - Pool stats (total=10, active=0, idle=10, waiting=0)
2025-04-15 21:42:33,048 DEBUG [HikariPool-1 housekeeper][HikariPool.java:517] - HikariPool-1 - Fill pool skipped, pool is at sufficient level.
2025-04-15 21:42:33,048 DEBUG [HikariPool-1 housekeeper][HikariPool.java:517] - HikariPool-1 - Fill pool skipped, pool is at sufficient level.
2025-04-15 21:42:33,856 DEBUG [HikariPool-1 housekeeper][HikariPool.java:421] - HikariPool-1 - Pool stats (total=10, active=0, idle=10, waiting=0)
2025-04-15 21:42:33,856 DEBUG [HikariPool-1 housekeeper][HikariPool.java:421] - HikariPool-1 - Pool stats (total=10, active=0, idle=10, waiting=0)
2025-04-15 21:42:33,856 DEBUG [HikariPool-1 housekeeper][HikariPool.java:517] - HikariPool-1 - Fill pool skipped, pool is at sufficient level.
2025-04-15 21:42:33,856 DEBUG [HikariPool-1 housekeeper][HikariPool.java:517] - HikariPool-1 - Fill pool skipped, pool is at sufficient level.
2025-04-15 21:43:03,050 DEBUG [HikariPool-1 housekeeper][HikariPool.java:421] - HikariPool-1 - Pool stats (total=10, active=0, idle=10, waiting=0)
2025-04-15 21:43:03,050 DEBUG [HikariPool-1 housekeeper][HikariPool.java:421] - HikariPool-1 - Pool stats (total=10, active=0, idle=10, waiting=0)
2025-04-15 21:43:03,050 DEBUG [HikariPool-1 housekeeper][HikariPool.java:517] - HikariPool-1 - Fill pool skipped, pool is at sufficient level.
2025-04-15 21:43:03,050 DEBUG [HikariPool-1 housekeeper][HikariPool.java:517] - HikariPool-1 - Fill pool skipped, pool is at sufficient level.
2025-04-15 21:43:03,872 DEBUG [HikariPool-1 housekeeper][HikariPool.java:421] - HikariPool-1 - Pool stats (total=10, active=0, idle=10, waiting=0)
2025-04-15 21:43:03,872 DEBUG [HikariPool-1 housekeeper][HikariPool.java:421] - HikariPool-1 - Pool stats (total=10, active=0, idle=10, waiting=0)
2025-04-15 21:43:03,872 DEBUG [HikariPool-1 housekeeper][HikariPool.java:517] - HikariPool-1 - Fill pool skipped, pool is at sufficient level.
2025-04-15 21:43:03,872 DEBUG [HikariPool-1 housekeeper][HikariPool.java:517] - HikariPool-1 - Fill pool skipped, pool is at sufficient level.
2025-04-15 21:43:33,055 DEBUG [HikariPool-1 housekeeper][HikariPool.java:421] - HikariPool-1 - Pool stats (total=10, active=0, idle=10, waiting=0)
2025-04-15 21:43:33,055 DEBUG [HikariPool-1 housekeeper][HikariPool.java:421] - HikariPool-1 - Pool stats (total=10, active=0, idle=10, waiting=0)
2025-04-15 21:43:33,055 DEBUG [HikariPool-1 housekeeper][HikariPool.java:517] - HikariPool-1 - Fill pool skipped, pool is at sufficient level.
2025-04-15 21:43:33,055 DEBUG [HikariPool-1 housekeeper][HikariPool.java:517] - HikariPool-1 - Fill pool skipped, pool is at sufficient level.
2025-04-15 21:43:33,880 DEBUG [HikariPool-1 housekeeper][HikariPool.java:421] - HikariPool-1 - Pool stats (total=10, active=0, idle=10, waiting=0)
2025-04-15 21:43:33,880 DEBUG [HikariPool-1 housekeeper][HikariPool.java:421] - HikariPool-1 - Pool stats (total=10, active=0, idle=10, waiting=0)
2025-04-15 21:43:33,880 DEBUG [HikariPool-1 housekeeper][HikariPool.java:517] - HikariPool-1 - Fill pool skipped, pool is at sufficient level.
2025-04-15 21:43:33,880 DEBUG [HikariPool-1 housekeeper][HikariPool.java:517] - HikariPool-1 - Fill pool skipped, pool is at sufficient level.
2025-04-15 21:44:03,065 DEBUG [HikariPool-1 housekeeper][HikariPool.java:421] - HikariPool-1 - Pool stats (total=10, active=0, idle=10, waiting=0)
2025-04-15 21:44:03,065 DEBUG [HikariPool-1 housekeeper][HikariPool.java:421] - HikariPool-1 - Pool stats (total=10, active=0, idle=10, waiting=0)
2025-04-15 21:44:03,065 DEBUG [HikariPool-1 housekeeper][HikariPool.java:517] - HikariPool-1 - Fill pool skipped, pool is at sufficient level.
2025-04-15 21:44:03,065 DEBUG [HikariPool-1 housekeeper][HikariPool.java:517] - HikariPool-1 - Fill pool skipped, pool is at sufficient level.
2025-04-15 21:44:03,888 DEBUG [HikariPool-1 housekeeper][HikariPool.java:421] - HikariPool-1 - Pool stats (total=10, active=0, idle=10, waiting=0)
2025-04-15 21:44:03,888 DEBUG [HikariPool-1 housekeeper][HikariPool.java:421] - HikariPool-1 - Pool stats (total=10, active=0, idle=10, waiting=0)
2025-04-15 21:44:03,888 DEBUG [HikariPool-1 housekeeper][HikariPool.java:517] - HikariPool-1 - Fill pool skipped, pool is at sufficient level.
2025-04-15 21:44:03,888 DEBUG [HikariPool-1 housekeeper][HikariPool.java:517] - HikariPool-1 - Fill pool skipped, pool is at sufficient level.
2025-04-15 21:44:33,080 DEBUG [HikariPool-1 housekeeper][HikariPool.java:421] - HikariPool-1 - Pool stats (total=10, active=0, idle=10, waiting=0)
2025-04-15 21:44:33,080 DEBUG [HikariPool-1 housekeeper][HikariPool.java:421] - HikariPool-1 - Pool stats (total=10, active=0, idle=10, waiting=0)
2025-04-15 21:44:33,080 DEBUG [HikariPool-1 housekeeper][HikariPool.java:517] - HikariPool-1 - Fill pool skipped, pool is at sufficient level.
2025-04-15 21:44:33,080 DEBUG [HikariPool-1 housekeeper][HikariPool.java:517] - HikariPool-1 - Fill pool skipped, pool is at sufficient level.
2025-04-15 21:44:33,904 DEBUG [HikariPool-1 housekeeper][HikariPool.java:421] - HikariPool-1 - Pool stats (total=10, active=0, idle=10, waiting=0)
2025-04-15 21:44:33,904 DEBUG [HikariPool-1 housekeeper][HikariPool.java:421] - HikariPool-1 - Pool stats (total=10, active=0, idle=10, waiting=0)
2025-04-15 21:44:33,904 DEBUG [HikariPool-1 housekeeper][HikariPool.java:517] - HikariPool-1 - Fill pool skipped, pool is at sufficient level.
2025-04-15 21:44:33,904 DEBUG [HikariPool-1 housekeeper][HikariPool.java:517] - HikariPool-1 - Fill pool skipped, pool is at sufficient level.
2025-04-15 21:45:03,095 DEBUG [HikariPool-1 housekeeper][HikariPool.java:421] - HikariPool-1 - Pool stats (total=10, active=0, idle=10, waiting=0)
2025-04-15 21:45:03,095 DEBUG [HikariPool-1 housekeeper][HikariPool.java:421] - HikariPool-1 - Pool stats (total=10, active=0, idle=10, waiting=0)
2025-04-15 21:45:03,095 DEBUG [HikariPool-1 housekeeper][HikariPool.java:517] - HikariPool-1 - Fill pool skipped, pool is at sufficient level.
2025-04-15 21:45:03,095 DEBUG [HikariPool-1 housekeeper][HikariPool.java:517] - HikariPool-1 - Fill pool skipped, pool is at sufficient level.
2025-04-15 21:45:03,916 DEBUG [HikariPool-1 housekeeper][HikariPool.java:421] - HikariPool-1 - Pool stats (total=10, active=0, idle=10, waiting=0)
2025-04-15 21:45:03,916 DEBUG [HikariPool-1 housekeeper][HikariPool.java:517] - HikariPool-1 - Fill pool skipped, pool is at sufficient level.
2025-04-15 21:45:03,916 DEBUG [HikariPool-1 housekeeper][HikariPool.java:421] - HikariPool-1 - Pool stats (total=10, active=0, idle=10, waiting=0)
2025-04-15 21:45:03,916 DEBUG [HikariPool-1 housekeeper][HikariPool.java:517] - HikariPool-1 - Fill pool skipped, pool is at sufficient level.
2025-04-15 21:45:33,110 DEBUG [HikariPool-1 housekeeper][HikariPool.java:421] - HikariPool-1 - Pool stats (total=10, active=0, idle=10, waiting=0)
2025-04-15 21:45:33,110 DEBUG [HikariPool-1 housekeeper][HikariPool.java:421] - HikariPool-1 - Pool stats (total=10, active=0, idle=10, waiting=0)
2025-04-15 21:45:33,110 DEBUG [HikariPool-1 housekeeper][HikariPool.java:517] - HikariPool-1 - Fill pool skipped, pool is at sufficient level.
2025-04-15 21:45:33,110 DEBUG [HikariPool-1 housekeeper][HikariPool.java:517] - HikariPool-1 - Fill pool skipped, pool is at sufficient level.
2025-04-15 21:45:33,921 DEBUG [HikariPool-1 housekeeper][HikariPool.java:421] - HikariPool-1 - Pool stats (total=10, active=0, idle=10, waiting=0)
2025-04-15 21:45:33,921 DEBUG [HikariPool-1 housekeeper][HikariPool.java:421] - HikariPool-1 - Pool stats (total=10, active=0, idle=10, waiting=0)
2025-04-15 21:45:33,921 DEBUG [HikariPool-1 housekeeper][HikariPool.java:517] - HikariPool-1 - Fill pool skipped, pool is at sufficient level.
2025-04-15 21:45:33,921 DEBUG [HikariPool-1 housekeeper][HikariPool.java:517] - HikariPool-1 - Fill pool skipped, pool is at sufficient level.
2025-04-15 21:45:42,429 DEBUG [SpringContextShutdownHook][AbstractApplicationContext.java:1006] - Closing org.springframework.boot.web.servlet.context.AnnotationConfigServletWebServerApplicationContext@2a7686a7, started on Tue Apr 15 20:51:17 CST 2025, parent: org.springframework.context.annotation.AnnotationConfigApplicationContext@72ef8d15
2025-04-15 21:45:42,429 DEBUG [SpringContextShutdownHook][AbstractApplicationContext.java:1006] - Closing org.springframework.boot.web.servlet.context.AnnotationConfigServletWebServerApplicationContext@2a7686a7, started on Tue Apr 15 20:51:17 CST 2025, parent: org.springframework.context.annotation.AnnotationConfigApplicationContext@72ef8d15
2025-04-15 21:45:42,431 DEBUG [SpringContextShutdownHook][DefaultLifecycleProcessor.java:369] - Stopping beans in phase 2147483647
2025-04-15 21:45:42,431 DEBUG [SpringContextShutdownHook][DefaultLifecycleProcessor.java:369] - Stopping beans in phase 2147483647
2025-04-15 21:45:42,433 DEBUG [SpringContextShutdownHook][DefaultLifecycleProcessor.java:242] - Bean 'documentationPluginsBootstrapper' completed its stop procedure
2025-04-15 21:45:42,433 DEBUG [SpringContextShutdownHook][DefaultLifecycleProcessor.java:242] - Bean 'documentationPluginsBootstrapper' completed its stop procedure
2025-04-15 21:45:42,434 DEBUG [SpringContextShutdownHook][DefaultLifecycleProcessor.java:242] - Bean 'webServerGracefulShutdown' completed its stop procedure
2025-04-15 21:45:42,434 DEBUG [SpringContextShutdownHook][DefaultLifecycleProcessor.java:242] - Bean 'webServerGracefulShutdown' completed its stop procedure
2025-04-15 21:45:42,434 DEBUG [SpringContextShutdownHook][DefaultLifecycleProcessor.java:369] - Stopping beans in phase 2147483646
2025-04-15 21:45:42,434 DEBUG [SpringContextShutdownHook][DefaultLifecycleProcessor.java:369] - Stopping beans in phase 2147483646
2025-04-15 21:45:42,532 DEBUG [SpringContextShutdownHook][DefaultLifecycleProcessor.java:242] - Bean 'webServerStartStop' completed its stop procedure
2025-04-15 21:45:42,532 DEBUG [SpringContextShutdownHook][DefaultLifecycleProcessor.java:242] - Bean 'webServerStartStop' completed its stop procedure
2025-04-15 21:45:42,533 DEBUG [SpringContextShutdownHook][MBeanExporter.java:452] - Unregistering JMX-exposed beans on shutdown
2025-04-15 21:45:42,533 DEBUG [SpringContextShutdownHook][MBeanExporter.java:452] - Unregistering JMX-exposed beans on shutdown
2025-04-15 21:45:42,533 DEBUG [SpringContextShutdownHook][MBeanRegistrationSupport.java:186] - Unregistering JMX-exposed beans
2025-04-15 21:45:42,533 DEBUG [SpringContextShutdownHook][MBeanRegistrationSupport.java:186] - Unregistering JMX-exposed beans
2025-04-15 21:45:42,534 INFO [SpringContextShutdownHook][ExecutorConfigurationSupport.java:218] - Shutting down ExecutorService 'applicationTaskExecutor'
2025-04-15 21:45:42,534 INFO [SpringContextShutdownHook][ExecutorConfigurationSupport.java:218] - Shutting down ExecutorService 'applicationTaskExecutor'
2025-04-15 21:45:42,536 INFO [SpringContextShutdownHook][HikariDataSource.java:350] - HikariPool-1 - Shutdown initiated...
2025-04-15 21:45:42,536 INFO [SpringContextShutdownHook][HikariDataSource.java:350] - HikariPool-1 - Shutdown initiated...
2025-04-15 21:45:42,536 DEBUG [SpringContextShutdownHook][HikariPool.java:421] - HikariPool-1 - Before shutdown stats (total=10, active=0, idle=10, waiting=0)
2025-04-15 21:45:42,536 DEBUG [SpringContextShutdownHook][HikariPool.java:421] - HikariPool-1 - Before shutdown stats (total=10, active=0, idle=10, waiting=0)
2025-04-15 21:45:42,536 DEBUG [HikariPool-1 connection closer][PoolBase.java:134] - HikariPool-1 - Closing connection com.mysql.cj.jdbc.ConnectionImpl@673c0e90: (connection evicted)
2025-04-15 21:45:42,536 DEBUG [HikariPool-1 connection closer][PoolBase.java:134] - HikariPool-1 - Closing connection com.mysql.cj.jdbc.ConnectionImpl@673c0e90: (connection evicted)
2025-04-15 21:45:42,537 DEBUG [HikariPool-1 connection closer][PoolBase.java:134] - HikariPool-1 - Closing connection com.mysql.cj.jdbc.ConnectionImpl@260104ab: (connection evicted)
2025-04-15 21:45:42,537 DEBUG [HikariPool-1 connection closer][PoolBase.java:134] - HikariPool-1 - Closing connection com.mysql.cj.jdbc.ConnectionImpl@260104ab: (connection evicted)
2025-04-15 21:45:42,537 DEBUG [HikariPool-1 connection closer][PoolBase.java:134] - HikariPool-1 - Closing connection com.mysql.cj.jdbc.ConnectionImpl@176d44ab: (connection evicted)
2025-04-15 21:45:42,537 DEBUG [HikariPool-1 connection closer][PoolBase.java:134] - HikariPool-1 - Closing connection com.mysql.cj.jdbc.ConnectionImpl@176d44ab: (connection evicted)
2025-04-15 21:45:42,538 DEBUG [HikariPool-1 connection closer][PoolBase.java:134] - HikariPool-1 - Closing connection com.mysql.cj.jdbc.ConnectionImpl@462efbe4: (connection evicted)
2025-04-15 21:45:42,538 DEBUG [HikariPool-1 connection closer][PoolBase.java:134] - HikariPool-1 - Closing connection com.mysql.cj.jdbc.ConnectionImpl@462efbe4: (connection evicted)
2025-04-15 21:45:42,538 DEBUG [HikariPool-1 connection closer][PoolBase.java:134] - HikariPool-1 - Closing connection com.mysql.cj.jdbc.ConnectionImpl@3f3880ee: (connection evicted)
2025-04-15 21:45:42,538 DEBUG [HikariPool-1 connection closer][PoolBase.java:134] - HikariPool-1 - Closing connection com.mysql.cj.jdbc.ConnectionImpl@3f3880ee: (connection evicted)
2025-04-15 21:45:42,538 DEBUG [HikariPool-1 connection closer][PoolBase.java:134] - HikariPool-1 - Closing connection com.mysql.cj.jdbc.ConnectionImpl@15e5fa71: (connection evicted)
2025-04-15 21:45:42,538 DEBUG [HikariPool-1 connection closer][PoolBase.java:134] - HikariPool-1 - Closing connection com.mysql.cj.jdbc.ConnectionImpl@15e5fa71: (connection evicted)
2025-04-15 21:45:42,538 DEBUG [HikariPool-1 connection closer][PoolBase.java:134] - HikariPool-1 - Closing connection com.mysql.cj.jdbc.ConnectionImpl@28201a83: (connection evicted)
2025-04-15 21:45:42,538 DEBUG [HikariPool-1 connection closer][PoolBase.java:134] - HikariPool-1 - Closing connection com.mysql.cj.jdbc.ConnectionImpl@28201a83: (connection evicted)
2025-04-15 21:45:42,539 DEBUG [HikariPool-1 connection closer][PoolBase.java:134] - HikariPool-1 - Closing connection com.mysql.cj.jdbc.ConnectionImpl@2e3d7e96: (connection evicted)
2025-04-15 21:45:42,539 DEBUG [HikariPool-1 connection closer][PoolBase.java:134] - HikariPool-1 - Closing connection com.mysql.cj.jdbc.ConnectionImpl@2e3d7e96: (connection evicted)
2025-04-15 21:45:42,540 DEBUG [HikariPool-1 connection closer][PoolBase.java:134] - HikariPool-1 - Closing connection com.mysql.cj.jdbc.ConnectionImpl@6f0074ad: (connection evicted)
2025-04-15 21:45:42,540 DEBUG [HikariPool-1 connection closer][PoolBase.java:134] - HikariPool-1 - Closing connection com.mysql.cj.jdbc.ConnectionImpl@6f0074ad: (connection evicted)
2025-04-15 21:45:42,540 DEBUG [HikariPool-1 connection closer][PoolBase.java:134] - HikariPool-1 - Closing connection com.mysql.cj.jdbc.ConnectionImpl@1716b27: (connection evicted)
2025-04-15 21:45:42,540 DEBUG [HikariPool-1 connection closer][PoolBase.java:134] - HikariPool-1 - Closing connection com.mysql.cj.jdbc.ConnectionImpl@1716b27: (connection evicted)
2025-04-15 21:45:42,541 DEBUG [SpringContextShutdownHook][HikariPool.java:421] - HikariPool-1 - After shutdown stats (total=0, active=0, idle=0, waiting=0)
2025-04-15 21:45:42,541 DEBUG [SpringContextShutdownHook][HikariPool.java:421] - HikariPool-1 - After shutdown stats (total=0, active=0, idle=0, waiting=0)
2025-04-15 21:45:42,541 INFO [SpringContextShutdownHook][HikariDataSource.java:352] - HikariPool-1 - Shutdown completed.
2025-04-15 21:45:42,541 INFO [SpringContextShutdownHook][HikariDataSource.java:352] - HikariPool-1 - Shutdown completed.
2025-04-15 21:45:42,552 INFO [SpringContextShutdownHook][ExecutorConfigurationSupport.java:218] - Shutting down ExecutorService 'taskScheduler'
2025-04-15 21:45:42,552 INFO [SpringContextShutdownHook][ExecutorConfigurationSupport.java:218] - Shutting down ExecutorService 'taskScheduler'
2025-04-15 21:45:42,553 INFO [SpringContextShutdownHook][ExecutorConfigurationSupport.java:218] - Shutting down ExecutorService 'applicationTaskExecutor'
2025-04-15 21:45:42,553 INFO [SpringContextShutdownHook][ExecutorConfigurationSupport.java:218] - Shutting down ExecutorService 'applicationTaskExecutor'
2025-04-15 21:45:42,556 INFO [SpringContextShutdownHook][HikariDataSource.java:350] - HikariPool-1 - Shutdown initiated...
2025-04-15 21:45:42,556 INFO [SpringContextShutdownHook][HikariDataSource.java:350] - HikariPool-1 - Shutdown initiated...
2025-04-15 21:45:42,556 DEBUG [SpringContextShutdownHook][HikariPool.java:421] - HikariPool-1 - Before shutdown stats (total=10, active=0, idle=10, waiting=0)
2025-04-15 21:45:42,556 DEBUG [SpringContextShutdownHook][HikariPool.java:421] - HikariPool-1 - Before shutdown stats (total=10, active=0, idle=10, waiting=0)
2025-04-15 21:45:42,557 DEBUG [HikariPool-1 connection closer][PoolBase.java:134] - HikariPool-1 - Closing connection com.mysql.cj.jdbc.ConnectionImpl@39b06cb1: (connection evicted)
2025-04-15 21:45:42,557 DEBUG [HikariPool-1 connection closer][PoolBase.java:134] - HikariPool-1 - Closing connection com.mysql.cj.jdbc.ConnectionImpl@39b06cb1: (connection evicted)
2025-04-15 21:45:42,558 DEBUG [HikariPool-1 connection closer][PoolBase.java:134] - HikariPool-1 - Closing connection com.mysql.cj.jdbc.ConnectionImpl@788d668a: (connection evicted)
2025-04-15 21:45:42,558 DEBUG [HikariPool-1 connection closer][PoolBase.java:134] - HikariPool-1 - Closing connection com.mysql.cj.jdbc.ConnectionImpl@788d668a: (connection evicted)
2025-04-15 21:45:42,558 DEBUG [HikariPool-1 connection closer][PoolBase.java:134] - HikariPool-1 - Closing connection com.mysql.cj.jdbc.ConnectionImpl@49bffc67: (connection evicted)
2025-04-15 21:45:42,558 DEBUG [HikariPool-1 connection closer][PoolBase.java:134] - HikariPool-1 - Closing connection com.mysql.cj.jdbc.ConnectionImpl@49bffc67: (connection evicted)
2025-04-15 21:45:42,558 DEBUG [HikariPool-1 connection closer][PoolBase.java:134] - HikariPool-1 - Closing connection com.mysql.cj.jdbc.ConnectionImpl@18a299c5: (connection evicted)
2025-04-15 21:45:42,558 DEBUG [HikariPool-1 connection closer][PoolBase.java:134] - HikariPool-1 - Closing connection com.mysql.cj.jdbc.ConnectionImpl@18a299c5: (connection evicted)
2025-04-15 21:45:42,559 DEBUG [HikariPool-1 connection closer][PoolBase.java:134] - HikariPool-1 - Closing connection com.mysql.cj.jdbc.ConnectionImpl@5bf7560a: (connection evicted)
2025-04-15 21:45:42,559 DEBUG [HikariPool-1 connection closer][PoolBase.java:134] - HikariPool-1 - Closing connection com.mysql.cj.jdbc.ConnectionImpl@5bf7560a: (connection evicted)
2025-04-15 21:45:42,559 DEBUG [HikariPool-1 connection closer][PoolBase.java:134] - HikariPool-1 - Closing connection com.mysql.cj.jdbc.ConnectionImpl@7e4ca2bb: (connection evicted)
2025-04-15 21:45:42,559 DEBUG [HikariPool-1 connection closer][PoolBase.java:134] - HikariPool-1 - Closing connection com.mysql.cj.jdbc.ConnectionImpl@7e4ca2bb: (connection evicted)
2025-04-15 21:45:42,560 DEBUG [HikariPool-1 connection closer][PoolBase.java:134] - HikariPool-1 - Closing connection com.mysql.cj.jdbc.ConnectionImpl@b0299a5: (connection evicted)
2025-04-15 21:45:42,560 DEBUG [HikariPool-1 connection closer][PoolBase.java:134] - HikariPool-1 - Closing connection com.mysql.cj.jdbc.ConnectionImpl@b0299a5: (connection evicted)
2025-04-15 21:45:42,560 DEBUG [HikariPool-1 connection closer][PoolBase.java:134] - HikariPool-1 - Closing connection com.mysql.cj.jdbc.ConnectionImpl@26a94396: (connection evicted)
2025-04-15 21:45:42,560 DEBUG [HikariPool-1 connection closer][PoolBase.java:134] - HikariPool-1 - Closing connection com.mysql.cj.jdbc.ConnectionImpl@26a94396: (connection evicted)
2025-04-15 21:45:42,560 DEBUG [HikariPool-1 connection closer][PoolBase.java:134] - HikariPool-1 - Closing connection com.mysql.cj.jdbc.ConnectionImpl@254967ba: (connection evicted)
2025-04-15 21:45:42,560 DEBUG [HikariPool-1 connection closer][PoolBase.java:134] - HikariPool-1 - Closing connection com.mysql.cj.jdbc.ConnectionImpl@254967ba: (connection evicted)
2025-04-15 21:45:42,562 DEBUG [HikariPool-1 connection closer][PoolBase.java:134] - HikariPool-1 - Closing connection com.mysql.cj.jdbc.ConnectionImpl@13c26450: (connection evicted)
2025-04-15 21:45:42,562 DEBUG [HikariPool-1 connection closer][PoolBase.java:134] - HikariPool-1 - Closing connection com.mysql.cj.jdbc.ConnectionImpl@13c26450: (connection evicted)
2025-04-15 21:45:42,562 DEBUG [SpringContextShutdownHook][HikariPool.java:421] - HikariPool-1 - After shutdown stats (total=0, active=0, idle=0, waiting=0)
2025-04-15 21:45:42,562 DEBUG [SpringContextShutdownHook][HikariPool.java:421] - HikariPool-1 - After shutdown stats (total=0, active=0, idle=0, waiting=0)
2025-04-15 21:45:42,562 INFO [SpringContextShutdownHook][HikariDataSource.java:352] - HikariPool-1 - Shutdown completed.
2025-04-15 21:45:42,562 INFO [SpringContextShutdownHook][HikariDataSource.java:352] - HikariPool-1 - Shutdown completed.
