2025-04-13 22:00:19,532 DEBUG [HikariPool-1 housekeeper][HikariPool.java:421] - HikariPool-1 - Pool stats (total=10, active=0, idle=10, waiting=0)
2025-04-13 22:00:19,532 DEBUG [HikariPool-1 housekeeper][HikariPool.java:421] - HikariPool-1 - Pool stats (total=10, active=0, idle=10, waiting=0)
2025-04-13 22:00:19,539 DEBUG [HikariPool-1 housekeeper][HikariPool.java:517] - HikariPool-1 - Fill pool skipped, pool is at sufficient level.
2025-04-13 22:00:19,539 DEBUG [HikariPool-1 housekeeper][HikariPool.java:517] - HikariPool-1 - Fill pool skipped, pool is at sufficient level.
2025-04-13 22:00:20,371 DEBUG [HikariPool-1 housekeeper][HikariPool.java:421] - HikariPool-1 - Pool stats (total=10, active=0, idle=10, waiting=0)
2025-04-13 22:00:20,371 DEBUG [HikariPool-1 housekeeper][HikariPool.java:421] - HikariPool-1 - Pool stats (total=10, active=0, idle=10, waiting=0)
2025-04-13 22:00:20,371 DEBUG [HikariPool-1 housekeeper][HikariPool.java:517] - HikariPool-1 - Fill pool skipped, pool is at sufficient level.
2025-04-13 22:00:20,371 DEBUG [HikariPool-1 housekeeper][HikariPool.java:517] - HikariPool-1 - Fill pool skipped, pool is at sufficient level.
2025-04-13 22:00:49,554 DEBUG [HikariPool-1 housekeeper][HikariPool.java:421] - HikariPool-1 - Pool stats (total=10, active=0, idle=10, waiting=0)
2025-04-13 22:00:49,554 DEBUG [HikariPool-1 housekeeper][HikariPool.java:421] - HikariPool-1 - Pool stats (total=10, active=0, idle=10, waiting=0)
2025-04-13 22:00:49,554 DEBUG [HikariPool-1 housekeeper][HikariPool.java:517] - HikariPool-1 - Fill pool skipped, pool is at sufficient level.
2025-04-13 22:00:49,554 DEBUG [HikariPool-1 housekeeper][HikariPool.java:517] - HikariPool-1 - Fill pool skipped, pool is at sufficient level.
2025-04-13 22:00:50,383 DEBUG [HikariPool-1 housekeeper][HikariPool.java:421] - HikariPool-1 - Pool stats (total=10, active=0, idle=10, waiting=0)
2025-04-13 22:00:50,383 DEBUG [HikariPool-1 housekeeper][HikariPool.java:421] - HikariPool-1 - Pool stats (total=10, active=0, idle=10, waiting=0)
2025-04-13 22:00:50,383 DEBUG [HikariPool-1 housekeeper][HikariPool.java:517] - HikariPool-1 - Fill pool skipped, pool is at sufficient level.
2025-04-13 22:00:50,383 DEBUG [HikariPool-1 housekeeper][HikariPool.java:517] - HikariPool-1 - Fill pool skipped, pool is at sufficient level.
2025-04-13 22:01:19,560 DEBUG [HikariPool-1 housekeeper][HikariPool.java:421] - HikariPool-1 - Pool stats (total=10, active=0, idle=10, waiting=0)
2025-04-13 22:01:19,560 DEBUG [HikariPool-1 housekeeper][HikariPool.java:421] - HikariPool-1 - Pool stats (total=10, active=0, idle=10, waiting=0)
2025-04-13 22:01:19,560 DEBUG [HikariPool-1 housekeeper][HikariPool.java:517] - HikariPool-1 - Fill pool skipped, pool is at sufficient level.
2025-04-13 22:01:19,560 DEBUG [HikariPool-1 housekeeper][HikariPool.java:517] - HikariPool-1 - Fill pool skipped, pool is at sufficient level.
2025-04-13 22:01:20,385 DEBUG [HikariPool-1 housekeeper][HikariPool.java:421] - HikariPool-1 - Pool stats (total=10, active=0, idle=10, waiting=0)
2025-04-13 22:01:20,385 DEBUG [HikariPool-1 housekeeper][HikariPool.java:421] - HikariPool-1 - Pool stats (total=10, active=0, idle=10, waiting=0)
2025-04-13 22:01:20,385 DEBUG [HikariPool-1 housekeeper][HikariPool.java:517] - HikariPool-1 - Fill pool skipped, pool is at sufficient level.
2025-04-13 22:01:20,385 DEBUG [HikariPool-1 housekeeper][HikariPool.java:517] - HikariPool-1 - Fill pool skipped, pool is at sufficient level.
2025-04-13 22:01:48,203 DEBUG [http-nio-63040-exec-5][LogFormatUtils.java:91] - GET "/content/course-category/tree-nodes", parameters={}
2025-04-13 22:01:48,203 DEBUG [http-nio-63040-exec-5][LogFormatUtils.java:91] - GET "/content/course-category/tree-nodes", parameters={}
2025-04-13 22:01:48,204 DEBUG [http-nio-63040-exec-5][AbstractHandlerMapping.java:415] - Mapped to ResourceHttpRequestHandler ["classpath:/META-INF/resources/", "classpath:/resources/", "classpath:/static/", "classpath:/public/", "/"]
2025-04-13 22:01:48,204 DEBUG [http-nio-63040-exec-5][AbstractHandlerMapping.java:415] - Mapped to ResourceHttpRequestHandler ["classpath:/META-INF/resources/", "classpath:/resources/", "classpath:/static/", "classpath:/public/", "/"]
2025-04-13 22:01:48,205 DEBUG [http-nio-63040-exec-5][ResourceHttpRequestHandler.java:487] - Resource not found
2025-04-13 22:01:48,205 DEBUG [http-nio-63040-exec-5][ResourceHttpRequestHandler.java:487] - Resource not found
2025-04-13 22:01:48,205 DEBUG [http-nio-63040-exec-5][FrameworkServlet.java:1131] - Completed 404 NOT_FOUND
2025-04-13 22:01:48,205 DEBUG [http-nio-63040-exec-5][FrameworkServlet.java:1131] - Completed 404 NOT_FOUND
2025-04-13 22:01:48,206 DEBUG [http-nio-63040-exec-5][LogFormatUtils.java:91] - "ERROR" dispatch for GET "/content/error", parameters={}
2025-04-13 22:01:48,206 DEBUG [http-nio-63040-exec-5][LogFormatUtils.java:91] - "ERROR" dispatch for GET "/content/error", parameters={}
2025-04-13 22:01:48,206 DEBUG [http-nio-63040-exec-5][AbstractHandlerMapping.java:415] - Mapped to org.springframework.boot.autoconfigure.web.servlet.error.BasicErrorController#error(HttpServletRequest)
2025-04-13 22:01:48,206 DEBUG [http-nio-63040-exec-5][AbstractHandlerMapping.java:415] - Mapped to org.springframework.boot.autoconfigure.web.servlet.error.BasicErrorController#error(HttpServletRequest)
2025-04-13 22:01:48,210 DEBUG [http-nio-63040-exec-5][AbstractMessageConverterMethodProcessor.java:255] - Using 'application/json', given [application/json, text/plain, */*] and supported [application/json, application/*+json, application/json, application/*+json]
2025-04-13 22:01:48,210 DEBUG [http-nio-63040-exec-5][AbstractMessageConverterMethodProcessor.java:255] - Using 'application/json', given [application/json, text/plain, */*] and supported [application/json, application/*+json, application/json, application/*+json]
2025-04-13 22:01:48,210 DEBUG [http-nio-63040-exec-5][LogFormatUtils.java:91] - Writing [{timestamp=Sun Apr 13 22:01:48 CST 2025, status=404, error=Not Found, message=, path=/content/course (truncated)...]
2025-04-13 22:01:48,210 DEBUG [http-nio-63040-exec-5][LogFormatUtils.java:91] - Writing [{timestamp=Sun Apr 13 22:01:48 CST 2025, status=404, error=Not Found, message=, path=/content/course (truncated)...]
2025-04-13 22:01:48,214 DEBUG [http-nio-63040-exec-5][FrameworkServlet.java:1127] - Exiting from "ERROR" dispatch, status 404
2025-04-13 22:01:48,214 DEBUG [http-nio-63040-exec-5][FrameworkServlet.java:1127] - Exiting from "ERROR" dispatch, status 404
2025-04-13 22:01:49,561 DEBUG [HikariPool-1 housekeeper][HikariPool.java:421] - HikariPool-1 - Pool stats (total=10, active=0, idle=10, waiting=0)
2025-04-13 22:01:49,561 DEBUG [HikariPool-1 housekeeper][HikariPool.java:421] - HikariPool-1 - Pool stats (total=10, active=0, idle=10, waiting=0)
2025-04-13 22:01:49,561 DEBUG [HikariPool-1 housekeeper][HikariPool.java:517] - HikariPool-1 - Fill pool skipped, pool is at sufficient level.
2025-04-13 22:01:49,561 DEBUG [HikariPool-1 housekeeper][HikariPool.java:517] - HikariPool-1 - Fill pool skipped, pool is at sufficient level.
2025-04-13 22:01:50,396 DEBUG [HikariPool-1 housekeeper][HikariPool.java:421] - HikariPool-1 - Pool stats (total=10, active=0, idle=10, waiting=0)
2025-04-13 22:01:50,396 DEBUG [HikariPool-1 housekeeper][HikariPool.java:421] - HikariPool-1 - Pool stats (total=10, active=0, idle=10, waiting=0)
2025-04-13 22:01:50,396 DEBUG [HikariPool-1 housekeeper][HikariPool.java:517] - HikariPool-1 - Fill pool skipped, pool is at sufficient level.
2025-04-13 22:01:50,396 DEBUG [HikariPool-1 housekeeper][HikariPool.java:517] - HikariPool-1 - Fill pool skipped, pool is at sufficient level.
2025-04-13 22:02:19,567 DEBUG [HikariPool-1 housekeeper][HikariPool.java:421] - HikariPool-1 - Pool stats (total=10, active=0, idle=10, waiting=0)
2025-04-13 22:02:19,567 DEBUG [HikariPool-1 housekeeper][HikariPool.java:421] - HikariPool-1 - Pool stats (total=10, active=0, idle=10, waiting=0)
2025-04-13 22:02:19,567 DEBUG [HikariPool-1 housekeeper][HikariPool.java:517] - HikariPool-1 - Fill pool skipped, pool is at sufficient level.
2025-04-13 22:02:19,567 DEBUG [HikariPool-1 housekeeper][HikariPool.java:517] - HikariPool-1 - Fill pool skipped, pool is at sufficient level.
2025-04-13 22:02:20,410 DEBUG [HikariPool-1 housekeeper][HikariPool.java:421] - HikariPool-1 - Pool stats (total=10, active=0, idle=10, waiting=0)
2025-04-13 22:02:20,410 DEBUG [HikariPool-1 housekeeper][HikariPool.java:421] - HikariPool-1 - Pool stats (total=10, active=0, idle=10, waiting=0)
2025-04-13 22:02:20,410 DEBUG [HikariPool-1 housekeeper][HikariPool.java:517] - HikariPool-1 - Fill pool skipped, pool is at sufficient level.
2025-04-13 22:02:20,410 DEBUG [HikariPool-1 housekeeper][HikariPool.java:517] - HikariPool-1 - Fill pool skipped, pool is at sufficient level.
2025-04-13 22:02:49,575 DEBUG [HikariPool-1 housekeeper][HikariPool.java:421] - HikariPool-1 - Pool stats (total=10, active=0, idle=10, waiting=0)
2025-04-13 22:02:49,575 DEBUG [HikariPool-1 housekeeper][HikariPool.java:421] - HikariPool-1 - Pool stats (total=10, active=0, idle=10, waiting=0)
2025-04-13 22:02:49,575 DEBUG [HikariPool-1 housekeeper][HikariPool.java:517] - HikariPool-1 - Fill pool skipped, pool is at sufficient level.
2025-04-13 22:02:49,575 DEBUG [HikariPool-1 housekeeper][HikariPool.java:517] - HikariPool-1 - Fill pool skipped, pool is at sufficient level.
2025-04-13 22:02:50,418 DEBUG [HikariPool-1 housekeeper][HikariPool.java:421] - HikariPool-1 - Pool stats (total=10, active=0, idle=10, waiting=0)
2025-04-13 22:02:50,418 DEBUG [HikariPool-1 housekeeper][HikariPool.java:421] - HikariPool-1 - Pool stats (total=10, active=0, idle=10, waiting=0)
2025-04-13 22:02:50,418 DEBUG [HikariPool-1 housekeeper][HikariPool.java:517] - HikariPool-1 - Fill pool skipped, pool is at sufficient level.
2025-04-13 22:02:50,418 DEBUG [HikariPool-1 housekeeper][HikariPool.java:517] - HikariPool-1 - Fill pool skipped, pool is at sufficient level.
2025-04-13 22:03:19,590 DEBUG [HikariPool-1 housekeeper][HikariPool.java:421] - HikariPool-1 - Pool stats (total=10, active=0, idle=10, waiting=0)
2025-04-13 22:03:19,590 DEBUG [HikariPool-1 housekeeper][HikariPool.java:421] - HikariPool-1 - Pool stats (total=10, active=0, idle=10, waiting=0)
2025-04-13 22:03:19,590 DEBUG [HikariPool-1 housekeeper][HikariPool.java:517] - HikariPool-1 - Fill pool skipped, pool is at sufficient level.
2025-04-13 22:03:19,590 DEBUG [HikariPool-1 housekeeper][HikariPool.java:517] - HikariPool-1 - Fill pool skipped, pool is at sufficient level.
2025-04-13 22:03:20,433 DEBUG [HikariPool-1 housekeeper][HikariPool.java:421] - HikariPool-1 - Pool stats (total=10, active=0, idle=10, waiting=0)
2025-04-13 22:03:20,433 DEBUG [HikariPool-1 housekeeper][HikariPool.java:517] - HikariPool-1 - Fill pool skipped, pool is at sufficient level.
2025-04-13 22:03:20,433 DEBUG [HikariPool-1 housekeeper][HikariPool.java:421] - HikariPool-1 - Pool stats (total=10, active=0, idle=10, waiting=0)
2025-04-13 22:03:20,433 DEBUG [HikariPool-1 housekeeper][HikariPool.java:517] - HikariPool-1 - Fill pool skipped, pool is at sufficient level.
2025-04-13 22:03:49,599 DEBUG [HikariPool-1 housekeeper][HikariPool.java:421] - HikariPool-1 - Pool stats (total=10, active=0, idle=10, waiting=0)
2025-04-13 22:03:49,599 DEBUG [HikariPool-1 housekeeper][HikariPool.java:421] - HikariPool-1 - Pool stats (total=10, active=0, idle=10, waiting=0)
2025-04-13 22:03:49,600 DEBUG [HikariPool-1 housekeeper][HikariPool.java:517] - HikariPool-1 - Fill pool skipped, pool is at sufficient level.
2025-04-13 22:03:49,600 DEBUG [HikariPool-1 housekeeper][HikariPool.java:517] - HikariPool-1 - Fill pool skipped, pool is at sufficient level.
2025-04-13 22:03:50,442 DEBUG [HikariPool-1 housekeeper][HikariPool.java:421] - HikariPool-1 - Pool stats (total=10, active=0, idle=10, waiting=0)
2025-04-13 22:03:50,442 DEBUG [HikariPool-1 housekeeper][HikariPool.java:421] - HikariPool-1 - Pool stats (total=10, active=0, idle=10, waiting=0)
2025-04-13 22:03:50,442 DEBUG [HikariPool-1 housekeeper][HikariPool.java:517] - HikariPool-1 - Fill pool skipped, pool is at sufficient level.
2025-04-13 22:03:50,442 DEBUG [HikariPool-1 housekeeper][HikariPool.java:517] - HikariPool-1 - Fill pool skipped, pool is at sufficient level.
2025-04-13 22:04:19,616 DEBUG [HikariPool-1 housekeeper][HikariPool.java:421] - HikariPool-1 - Pool stats (total=10, active=0, idle=10, waiting=0)
2025-04-13 22:04:19,616 DEBUG [HikariPool-1 housekeeper][HikariPool.java:421] - HikariPool-1 - Pool stats (total=10, active=0, idle=10, waiting=0)
2025-04-13 22:04:19,616 DEBUG [HikariPool-1 housekeeper][HikariPool.java:517] - HikariPool-1 - Fill pool skipped, pool is at sufficient level.
2025-04-13 22:04:19,616 DEBUG [HikariPool-1 housekeeper][HikariPool.java:517] - HikariPool-1 - Fill pool skipped, pool is at sufficient level.
2025-04-13 22:04:20,447 DEBUG [HikariPool-1 housekeeper][HikariPool.java:421] - HikariPool-1 - Pool stats (total=10, active=0, idle=10, waiting=0)
2025-04-13 22:04:20,447 DEBUG [HikariPool-1 housekeeper][HikariPool.java:421] - HikariPool-1 - Pool stats (total=10, active=0, idle=10, waiting=0)
2025-04-13 22:04:20,447 DEBUG [HikariPool-1 housekeeper][HikariPool.java:517] - HikariPool-1 - Fill pool skipped, pool is at sufficient level.
2025-04-13 22:04:20,447 DEBUG [HikariPool-1 housekeeper][HikariPool.java:517] - HikariPool-1 - Fill pool skipped, pool is at sufficient level.
2025-04-13 22:04:49,624 DEBUG [HikariPool-1 housekeeper][HikariPool.java:421] - HikariPool-1 - Pool stats (total=10, active=0, idle=10, waiting=0)
2025-04-13 22:04:49,624 DEBUG [HikariPool-1 housekeeper][HikariPool.java:421] - HikariPool-1 - Pool stats (total=10, active=0, idle=10, waiting=0)
2025-04-13 22:04:49,624 DEBUG [HikariPool-1 housekeeper][HikariPool.java:517] - HikariPool-1 - Fill pool skipped, pool is at sufficient level.
2025-04-13 22:04:49,624 DEBUG [HikariPool-1 housekeeper][HikariPool.java:517] - HikariPool-1 - Fill pool skipped, pool is at sufficient level.
2025-04-13 22:04:50,450 DEBUG [HikariPool-1 housekeeper][HikariPool.java:421] - HikariPool-1 - Pool stats (total=10, active=0, idle=10, waiting=0)
2025-04-13 22:04:50,450 DEBUG [HikariPool-1 housekeeper][HikariPool.java:421] - HikariPool-1 - Pool stats (total=10, active=0, idle=10, waiting=0)
2025-04-13 22:04:50,450 DEBUG [HikariPool-1 housekeeper][HikariPool.java:517] - HikariPool-1 - Fill pool skipped, pool is at sufficient level.
2025-04-13 22:04:50,450 DEBUG [HikariPool-1 housekeeper][HikariPool.java:517] - HikariPool-1 - Fill pool skipped, pool is at sufficient level.
2025-04-13 22:05:19,636 DEBUG [HikariPool-1 housekeeper][HikariPool.java:421] - HikariPool-1 - Pool stats (total=10, active=0, idle=10, waiting=0)
2025-04-13 22:05:19,636 DEBUG [HikariPool-1 housekeeper][HikariPool.java:421] - HikariPool-1 - Pool stats (total=10, active=0, idle=10, waiting=0)
2025-04-13 22:05:19,636 DEBUG [HikariPool-1 housekeeper][HikariPool.java:517] - HikariPool-1 - Fill pool skipped, pool is at sufficient level.
2025-04-13 22:05:19,636 DEBUG [HikariPool-1 housekeeper][HikariPool.java:517] - HikariPool-1 - Fill pool skipped, pool is at sufficient level.
2025-04-13 22:05:20,459 DEBUG [HikariPool-1 housekeeper][HikariPool.java:421] - HikariPool-1 - Pool stats (total=10, active=0, idle=10, waiting=0)
2025-04-13 22:05:20,459 DEBUG [HikariPool-1 housekeeper][HikariPool.java:421] - HikariPool-1 - Pool stats (total=10, active=0, idle=10, waiting=0)
2025-04-13 22:05:20,459 DEBUG [HikariPool-1 housekeeper][HikariPool.java:517] - HikariPool-1 - Fill pool skipped, pool is at sufficient level.
2025-04-13 22:05:20,459 DEBUG [HikariPool-1 housekeeper][HikariPool.java:517] - HikariPool-1 - Fill pool skipped, pool is at sufficient level.
2025-04-13 22:05:49,641 DEBUG [HikariPool-1 housekeeper][HikariPool.java:421] - HikariPool-1 - Pool stats (total=10, active=0, idle=10, waiting=0)
2025-04-13 22:05:49,641 DEBUG [HikariPool-1 housekeeper][HikariPool.java:421] - HikariPool-1 - Pool stats (total=10, active=0, idle=10, waiting=0)
2025-04-13 22:05:49,641 DEBUG [HikariPool-1 housekeeper][HikariPool.java:517] - HikariPool-1 - Fill pool skipped, pool is at sufficient level.
2025-04-13 22:05:49,641 DEBUG [HikariPool-1 housekeeper][HikariPool.java:517] - HikariPool-1 - Fill pool skipped, pool is at sufficient level.
2025-04-13 22:05:50,468 DEBUG [HikariPool-1 housekeeper][HikariPool.java:421] - HikariPool-1 - Pool stats (total=10, active=0, idle=10, waiting=0)
2025-04-13 22:05:50,468 DEBUG [HikariPool-1 housekeeper][HikariPool.java:517] - HikariPool-1 - Fill pool skipped, pool is at sufficient level.
2025-04-13 22:05:50,468 DEBUG [HikariPool-1 housekeeper][HikariPool.java:421] - HikariPool-1 - Pool stats (total=10, active=0, idle=10, waiting=0)
2025-04-13 22:05:50,468 DEBUG [HikariPool-1 housekeeper][HikariPool.java:517] - HikariPool-1 - Fill pool skipped, pool is at sufficient level.
2025-04-13 22:06:19,643 DEBUG [HikariPool-1 housekeeper][HikariPool.java:421] - HikariPool-1 - Pool stats (total=10, active=0, idle=10, waiting=0)
2025-04-13 22:06:19,643 DEBUG [HikariPool-1 housekeeper][HikariPool.java:421] - HikariPool-1 - Pool stats (total=10, active=0, idle=10, waiting=0)
2025-04-13 22:06:19,643 DEBUG [HikariPool-1 housekeeper][HikariPool.java:517] - HikariPool-1 - Fill pool skipped, pool is at sufficient level.
2025-04-13 22:06:19,643 DEBUG [HikariPool-1 housekeeper][HikariPool.java:517] - HikariPool-1 - Fill pool skipped, pool is at sufficient level.
2025-04-13 22:06:20,476 DEBUG [HikariPool-1 housekeeper][HikariPool.java:421] - HikariPool-1 - Pool stats (total=10, active=0, idle=10, waiting=0)
2025-04-13 22:06:20,476 DEBUG [HikariPool-1 housekeeper][HikariPool.java:421] - HikariPool-1 - Pool stats (total=10, active=0, idle=10, waiting=0)
2025-04-13 22:06:20,476 DEBUG [HikariPool-1 housekeeper][HikariPool.java:517] - HikariPool-1 - Fill pool skipped, pool is at sufficient level.
2025-04-13 22:06:20,476 DEBUG [HikariPool-1 housekeeper][HikariPool.java:517] - HikariPool-1 - Fill pool skipped, pool is at sufficient level.
2025-04-13 22:06:49,652 DEBUG [HikariPool-1 housekeeper][HikariPool.java:421] - HikariPool-1 - Pool stats (total=10, active=0, idle=10, waiting=0)
2025-04-13 22:06:49,652 DEBUG [HikariPool-1 housekeeper][HikariPool.java:421] - HikariPool-1 - Pool stats (total=10, active=0, idle=10, waiting=0)
2025-04-13 22:06:49,653 DEBUG [HikariPool-1 housekeeper][HikariPool.java:517] - HikariPool-1 - Fill pool skipped, pool is at sufficient level.
2025-04-13 22:06:49,653 DEBUG [HikariPool-1 housekeeper][HikariPool.java:517] - HikariPool-1 - Fill pool skipped, pool is at sufficient level.
2025-04-13 22:06:50,491 DEBUG [HikariPool-1 housekeeper][HikariPool.java:421] - HikariPool-1 - Pool stats (total=10, active=0, idle=10, waiting=0)
2025-04-13 22:06:50,491 DEBUG [HikariPool-1 housekeeper][HikariPool.java:421] - HikariPool-1 - Pool stats (total=10, active=0, idle=10, waiting=0)
2025-04-13 22:06:50,491 DEBUG [HikariPool-1 housekeeper][HikariPool.java:517] - HikariPool-1 - Fill pool skipped, pool is at sufficient level.
2025-04-13 22:06:50,491 DEBUG [HikariPool-1 housekeeper][HikariPool.java:517] - HikariPool-1 - Fill pool skipped, pool is at sufficient level.
2025-04-13 22:07:19,657 DEBUG [HikariPool-1 housekeeper][HikariPool.java:421] - HikariPool-1 - Pool stats (total=10, active=0, idle=10, waiting=0)
2025-04-13 22:07:19,657 DEBUG [HikariPool-1 housekeeper][HikariPool.java:421] - HikariPool-1 - Pool stats (total=10, active=0, idle=10, waiting=0)
2025-04-13 22:07:19,657 DEBUG [HikariPool-1 housekeeper][HikariPool.java:517] - HikariPool-1 - Fill pool skipped, pool is at sufficient level.
2025-04-13 22:07:19,657 DEBUG [HikariPool-1 housekeeper][HikariPool.java:517] - HikariPool-1 - Fill pool skipped, pool is at sufficient level.
2025-04-13 22:07:20,501 DEBUG [HikariPool-1 housekeeper][HikariPool.java:421] - HikariPool-1 - Pool stats (total=10, active=0, idle=10, waiting=0)
2025-04-13 22:07:20,501 DEBUG [HikariPool-1 housekeeper][HikariPool.java:421] - HikariPool-1 - Pool stats (total=10, active=0, idle=10, waiting=0)
2025-04-13 22:07:20,501 DEBUG [HikariPool-1 housekeeper][HikariPool.java:517] - HikariPool-1 - Fill pool skipped, pool is at sufficient level.
2025-04-13 22:07:20,501 DEBUG [HikariPool-1 housekeeper][HikariPool.java:517] - HikariPool-1 - Fill pool skipped, pool is at sufficient level.
2025-04-13 22:07:49,669 DEBUG [HikariPool-1 housekeeper][HikariPool.java:421] - HikariPool-1 - Pool stats (total=10, active=0, idle=10, waiting=0)
2025-04-13 22:07:49,669 DEBUG [HikariPool-1 housekeeper][HikariPool.java:421] - HikariPool-1 - Pool stats (total=10, active=0, idle=10, waiting=0)
2025-04-13 22:07:49,669 DEBUG [HikariPool-1 housekeeper][HikariPool.java:517] - HikariPool-1 - Fill pool skipped, pool is at sufficient level.
2025-04-13 22:07:49,669 DEBUG [HikariPool-1 housekeeper][HikariPool.java:517] - HikariPool-1 - Fill pool skipped, pool is at sufficient level.
2025-04-13 22:07:50,513 DEBUG [HikariPool-1 housekeeper][HikariPool.java:421] - HikariPool-1 - Pool stats (total=10, active=0, idle=10, waiting=0)
2025-04-13 22:07:50,513 DEBUG [HikariPool-1 housekeeper][HikariPool.java:421] - HikariPool-1 - Pool stats (total=10, active=0, idle=10, waiting=0)
2025-04-13 22:07:50,513 DEBUG [HikariPool-1 housekeeper][HikariPool.java:517] - HikariPool-1 - Fill pool skipped, pool is at sufficient level.
2025-04-13 22:07:50,513 DEBUG [HikariPool-1 housekeeper][HikariPool.java:517] - HikariPool-1 - Fill pool skipped, pool is at sufficient level.
2025-04-13 22:08:19,676 DEBUG [HikariPool-1 housekeeper][HikariPool.java:421] - HikariPool-1 - Pool stats (total=10, active=0, idle=10, waiting=0)
2025-04-13 22:08:19,676 DEBUG [HikariPool-1 housekeeper][HikariPool.java:421] - HikariPool-1 - Pool stats (total=10, active=0, idle=10, waiting=0)
2025-04-13 22:08:19,676 DEBUG [HikariPool-1 housekeeper][HikariPool.java:517] - HikariPool-1 - Fill pool skipped, pool is at sufficient level.
2025-04-13 22:08:19,676 DEBUG [HikariPool-1 housekeeper][HikariPool.java:517] - HikariPool-1 - Fill pool skipped, pool is at sufficient level.
2025-04-13 22:08:20,528 DEBUG [HikariPool-1 housekeeper][HikariPool.java:421] - HikariPool-1 - Pool stats (total=10, active=0, idle=10, waiting=0)
2025-04-13 22:08:20,528 DEBUG [HikariPool-1 housekeeper][HikariPool.java:421] - HikariPool-1 - Pool stats (total=10, active=0, idle=10, waiting=0)
2025-04-13 22:08:20,528 DEBUG [HikariPool-1 housekeeper][HikariPool.java:517] - HikariPool-1 - Fill pool skipped, pool is at sufficient level.
2025-04-13 22:08:20,528 DEBUG [HikariPool-1 housekeeper][HikariPool.java:517] - HikariPool-1 - Fill pool skipped, pool is at sufficient level.
2025-04-13 22:08:49,690 DEBUG [HikariPool-1 housekeeper][HikariPool.java:421] - HikariPool-1 - Pool stats (total=10, active=0, idle=10, waiting=0)
2025-04-13 22:08:49,690 DEBUG [HikariPool-1 housekeeper][HikariPool.java:421] - HikariPool-1 - Pool stats (total=10, active=0, idle=10, waiting=0)
2025-04-13 22:08:49,691 DEBUG [HikariPool-1 housekeeper][HikariPool.java:517] - HikariPool-1 - Fill pool skipped, pool is at sufficient level.
2025-04-13 22:08:49,691 DEBUG [HikariPool-1 housekeeper][HikariPool.java:517] - HikariPool-1 - Fill pool skipped, pool is at sufficient level.
2025-04-13 22:08:50,536 DEBUG [HikariPool-1 housekeeper][HikariPool.java:421] - HikariPool-1 - Pool stats (total=10, active=0, idle=10, waiting=0)
2025-04-13 22:08:50,536 DEBUG [HikariPool-1 housekeeper][HikariPool.java:421] - HikariPool-1 - Pool stats (total=10, active=0, idle=10, waiting=0)
2025-04-13 22:08:50,536 DEBUG [HikariPool-1 housekeeper][HikariPool.java:517] - HikariPool-1 - Fill pool skipped, pool is at sufficient level.
2025-04-13 22:08:50,536 DEBUG [HikariPool-1 housekeeper][HikariPool.java:517] - HikariPool-1 - Fill pool skipped, pool is at sufficient level.
2025-04-13 22:09:19,699 DEBUG [HikariPool-1 housekeeper][HikariPool.java:421] - HikariPool-1 - Pool stats (total=10, active=0, idle=10, waiting=0)
2025-04-13 22:09:19,699 DEBUG [HikariPool-1 housekeeper][HikariPool.java:421] - HikariPool-1 - Pool stats (total=10, active=0, idle=10, waiting=0)
2025-04-13 22:09:19,699 DEBUG [HikariPool-1 housekeeper][HikariPool.java:517] - HikariPool-1 - Fill pool skipped, pool is at sufficient level.
2025-04-13 22:09:19,699 DEBUG [HikariPool-1 housekeeper][HikariPool.java:517] - HikariPool-1 - Fill pool skipped, pool is at sufficient level.
2025-04-13 22:09:20,547 DEBUG [HikariPool-1 housekeeper][HikariPool.java:421] - HikariPool-1 - Pool stats (total=10, active=0, idle=10, waiting=0)
2025-04-13 22:09:20,547 DEBUG [HikariPool-1 housekeeper][HikariPool.java:421] - HikariPool-1 - Pool stats (total=10, active=0, idle=10, waiting=0)
2025-04-13 22:09:20,547 DEBUG [HikariPool-1 housekeeper][HikariPool.java:517] - HikariPool-1 - Fill pool skipped, pool is at sufficient level.
2025-04-13 22:09:20,547 DEBUG [HikariPool-1 housekeeper][HikariPool.java:517] - HikariPool-1 - Fill pool skipped, pool is at sufficient level.
2025-04-13 22:09:49,701 DEBUG [HikariPool-1 housekeeper][HikariPool.java:421] - HikariPool-1 - Pool stats (total=10, active=0, idle=10, waiting=0)
2025-04-13 22:09:49,701 DEBUG [HikariPool-1 housekeeper][HikariPool.java:421] - HikariPool-1 - Pool stats (total=10, active=0, idle=10, waiting=0)
2025-04-13 22:09:49,703 DEBUG [HikariPool-1 housekeeper][HikariPool.java:517] - HikariPool-1 - Fill pool skipped, pool is at sufficient level.
2025-04-13 22:09:49,703 DEBUG [HikariPool-1 housekeeper][HikariPool.java:517] - HikariPool-1 - Fill pool skipped, pool is at sufficient level.
2025-04-13 22:09:50,558 DEBUG [HikariPool-1 housekeeper][HikariPool.java:421] - HikariPool-1 - Pool stats (total=10, active=0, idle=10, waiting=0)
2025-04-13 22:09:50,558 DEBUG [HikariPool-1 housekeeper][HikariPool.java:421] - HikariPool-1 - Pool stats (total=10, active=0, idle=10, waiting=0)
2025-04-13 22:09:50,558 DEBUG [HikariPool-1 housekeeper][HikariPool.java:517] - HikariPool-1 - Fill pool skipped, pool is at sufficient level.
2025-04-13 22:09:50,558 DEBUG [HikariPool-1 housekeeper][HikariPool.java:517] - HikariPool-1 - Fill pool skipped, pool is at sufficient level.
2025-04-13 22:10:19,716 DEBUG [HikariPool-1 housekeeper][HikariPool.java:421] - HikariPool-1 - Pool stats (total=10, active=0, idle=10, waiting=0)
2025-04-13 22:10:19,716 DEBUG [HikariPool-1 housekeeper][HikariPool.java:421] - HikariPool-1 - Pool stats (total=10, active=0, idle=10, waiting=0)
2025-04-13 22:10:19,716 DEBUG [HikariPool-1 housekeeper][HikariPool.java:517] - HikariPool-1 - Fill pool skipped, pool is at sufficient level.
2025-04-13 22:10:19,716 DEBUG [HikariPool-1 housekeeper][HikariPool.java:517] - HikariPool-1 - Fill pool skipped, pool is at sufficient level.
2025-04-13 22:10:20,560 DEBUG [HikariPool-1 housekeeper][HikariPool.java:421] - HikariPool-1 - Pool stats (total=10, active=0, idle=10, waiting=0)
2025-04-13 22:10:20,560 DEBUG [HikariPool-1 housekeeper][HikariPool.java:517] - HikariPool-1 - Fill pool skipped, pool is at sufficient level.
2025-04-13 22:10:20,560 DEBUG [HikariPool-1 housekeeper][HikariPool.java:421] - HikariPool-1 - Pool stats (total=10, active=0, idle=10, waiting=0)
2025-04-13 22:10:20,560 DEBUG [HikariPool-1 housekeeper][HikariPool.java:517] - HikariPool-1 - Fill pool skipped, pool is at sufficient level.
2025-04-13 22:10:49,728 DEBUG [HikariPool-1 housekeeper][HikariPool.java:421] - HikariPool-1 - Pool stats (total=10, active=0, idle=10, waiting=0)
2025-04-13 22:10:49,728 DEBUG [HikariPool-1 housekeeper][HikariPool.java:421] - HikariPool-1 - Pool stats (total=10, active=0, idle=10, waiting=0)
2025-04-13 22:10:49,728 DEBUG [HikariPool-1 housekeeper][HikariPool.java:517] - HikariPool-1 - Fill pool skipped, pool is at sufficient level.
2025-04-13 22:10:49,728 DEBUG [HikariPool-1 housekeeper][HikariPool.java:517] - HikariPool-1 - Fill pool skipped, pool is at sufficient level.
2025-04-13 22:10:50,572 DEBUG [HikariPool-1 housekeeper][HikariPool.java:421] - HikariPool-1 - Pool stats (total=10, active=0, idle=10, waiting=0)
2025-04-13 22:10:50,572 DEBUG [HikariPool-1 housekeeper][HikariPool.java:421] - HikariPool-1 - Pool stats (total=10, active=0, idle=10, waiting=0)
2025-04-13 22:10:50,572 DEBUG [HikariPool-1 housekeeper][HikariPool.java:517] - HikariPool-1 - Fill pool skipped, pool is at sufficient level.
2025-04-13 22:10:50,572 DEBUG [HikariPool-1 housekeeper][HikariPool.java:517] - HikariPool-1 - Fill pool skipped, pool is at sufficient level.
2025-04-13 22:11:19,743 DEBUG [HikariPool-1 housekeeper][HikariPool.java:421] - HikariPool-1 - Pool stats (total=10, active=0, idle=10, waiting=0)
2025-04-13 22:11:19,743 DEBUG [HikariPool-1 housekeeper][HikariPool.java:421] - HikariPool-1 - Pool stats (total=10, active=0, idle=10, waiting=0)
2025-04-13 22:11:19,743 DEBUG [HikariPool-1 housekeeper][HikariPool.java:517] - HikariPool-1 - Fill pool skipped, pool is at sufficient level.
2025-04-13 22:11:19,743 DEBUG [HikariPool-1 housekeeper][HikariPool.java:517] - HikariPool-1 - Fill pool skipped, pool is at sufficient level.
2025-04-13 22:11:20,579 DEBUG [HikariPool-1 housekeeper][HikariPool.java:421] - HikariPool-1 - Pool stats (total=10, active=0, idle=10, waiting=0)
2025-04-13 22:11:20,579 DEBUG [HikariPool-1 housekeeper][HikariPool.java:421] - HikariPool-1 - Pool stats (total=10, active=0, idle=10, waiting=0)
2025-04-13 22:11:20,579 DEBUG [HikariPool-1 housekeeper][HikariPool.java:517] - HikariPool-1 - Fill pool skipped, pool is at sufficient level.
2025-04-13 22:11:20,579 DEBUG [HikariPool-1 housekeeper][HikariPool.java:517] - HikariPool-1 - Fill pool skipped, pool is at sufficient level.
2025-04-13 22:11:49,757 DEBUG [HikariPool-1 housekeeper][HikariPool.java:421] - HikariPool-1 - Pool stats (total=10, active=0, idle=10, waiting=0)
2025-04-13 22:11:49,757 DEBUG [HikariPool-1 housekeeper][HikariPool.java:421] - HikariPool-1 - Pool stats (total=10, active=0, idle=10, waiting=0)
2025-04-13 22:11:49,757 DEBUG [HikariPool-1 housekeeper][HikariPool.java:517] - HikariPool-1 - Fill pool skipped, pool is at sufficient level.
2025-04-13 22:11:49,757 DEBUG [HikariPool-1 housekeeper][HikariPool.java:517] - HikariPool-1 - Fill pool skipped, pool is at sufficient level.
2025-04-13 22:11:50,581 DEBUG [HikariPool-1 housekeeper][HikariPool.java:421] - HikariPool-1 - Pool stats (total=10, active=0, idle=10, waiting=0)
2025-04-13 22:11:50,581 DEBUG [HikariPool-1 housekeeper][HikariPool.java:421] - HikariPool-1 - Pool stats (total=10, active=0, idle=10, waiting=0)
2025-04-13 22:11:50,581 DEBUG [HikariPool-1 housekeeper][HikariPool.java:517] - HikariPool-1 - Fill pool skipped, pool is at sufficient level.
2025-04-13 22:11:50,581 DEBUG [HikariPool-1 housekeeper][HikariPool.java:517] - HikariPool-1 - Fill pool skipped, pool is at sufficient level.
2025-04-13 22:12:19,767 DEBUG [HikariPool-1 housekeeper][HikariPool.java:421] - HikariPool-1 - Pool stats (total=10, active=0, idle=10, waiting=0)
2025-04-13 22:12:19,767 DEBUG [HikariPool-1 housekeeper][HikariPool.java:421] - HikariPool-1 - Pool stats (total=10, active=0, idle=10, waiting=0)
2025-04-13 22:12:19,767 DEBUG [HikariPool-1 housekeeper][HikariPool.java:517] - HikariPool-1 - Fill pool skipped, pool is at sufficient level.
2025-04-13 22:12:19,767 DEBUG [HikariPool-1 housekeeper][HikariPool.java:517] - HikariPool-1 - Fill pool skipped, pool is at sufficient level.
2025-04-13 22:12:20,595 DEBUG [HikariPool-1 housekeeper][HikariPool.java:421] - HikariPool-1 - Pool stats (total=10, active=0, idle=10, waiting=0)
2025-04-13 22:12:20,595 DEBUG [HikariPool-1 housekeeper][HikariPool.java:421] - HikariPool-1 - Pool stats (total=10, active=0, idle=10, waiting=0)
2025-04-13 22:12:20,595 DEBUG [HikariPool-1 housekeeper][HikariPool.java:517] - HikariPool-1 - Fill pool skipped, pool is at sufficient level.
2025-04-13 22:12:20,595 DEBUG [HikariPool-1 housekeeper][HikariPool.java:517] - HikariPool-1 - Fill pool skipped, pool is at sufficient level.
2025-04-13 22:12:49,781 DEBUG [HikariPool-1 housekeeper][HikariPool.java:421] - HikariPool-1 - Pool stats (total=10, active=0, idle=10, waiting=0)
2025-04-13 22:12:49,781 DEBUG [HikariPool-1 housekeeper][HikariPool.java:421] - HikariPool-1 - Pool stats (total=10, active=0, idle=10, waiting=0)
2025-04-13 22:12:49,781 DEBUG [HikariPool-1 housekeeper][HikariPool.java:517] - HikariPool-1 - Fill pool skipped, pool is at sufficient level.
2025-04-13 22:12:49,781 DEBUG [HikariPool-1 housekeeper][HikariPool.java:517] - HikariPool-1 - Fill pool skipped, pool is at sufficient level.
2025-04-13 22:12:50,609 DEBUG [HikariPool-1 housekeeper][HikariPool.java:421] - HikariPool-1 - Pool stats (total=10, active=0, idle=10, waiting=0)
2025-04-13 22:12:50,609 DEBUG [HikariPool-1 housekeeper][HikariPool.java:421] - HikariPool-1 - Pool stats (total=10, active=0, idle=10, waiting=0)
2025-04-13 22:12:50,609 DEBUG [HikariPool-1 housekeeper][HikariPool.java:517] - HikariPool-1 - Fill pool skipped, pool is at sufficient level.
2025-04-13 22:12:50,609 DEBUG [HikariPool-1 housekeeper][HikariPool.java:517] - HikariPool-1 - Fill pool skipped, pool is at sufficient level.
2025-04-13 22:13:19,792 DEBUG [HikariPool-1 housekeeper][HikariPool.java:421] - HikariPool-1 - Pool stats (total=10, active=0, idle=10, waiting=0)
2025-04-13 22:13:19,792 DEBUG [HikariPool-1 housekeeper][HikariPool.java:421] - HikariPool-1 - Pool stats (total=10, active=0, idle=10, waiting=0)
2025-04-13 22:13:19,792 DEBUG [HikariPool-1 housekeeper][HikariPool.java:517] - HikariPool-1 - Fill pool skipped, pool is at sufficient level.
2025-04-13 22:13:19,792 DEBUG [HikariPool-1 housekeeper][HikariPool.java:517] - HikariPool-1 - Fill pool skipped, pool is at sufficient level.
2025-04-13 22:13:20,611 DEBUG [HikariPool-1 housekeeper][HikariPool.java:421] - HikariPool-1 - Pool stats (total=10, active=0, idle=10, waiting=0)
2025-04-13 22:13:20,611 DEBUG [HikariPool-1 housekeeper][HikariPool.java:421] - HikariPool-1 - Pool stats (total=10, active=0, idle=10, waiting=0)
2025-04-13 22:13:20,611 DEBUG [HikariPool-1 housekeeper][HikariPool.java:517] - HikariPool-1 - Fill pool skipped, pool is at sufficient level.
2025-04-13 22:13:20,611 DEBUG [HikariPool-1 housekeeper][HikariPool.java:517] - HikariPool-1 - Fill pool skipped, pool is at sufficient level.
2025-04-13 22:13:49,804 DEBUG [HikariPool-1 housekeeper][HikariPool.java:421] - HikariPool-1 - Pool stats (total=10, active=0, idle=10, waiting=0)
2025-04-13 22:13:49,804 DEBUG [HikariPool-1 housekeeper][HikariPool.java:421] - HikariPool-1 - Pool stats (total=10, active=0, idle=10, waiting=0)
2025-04-13 22:13:49,804 DEBUG [HikariPool-1 housekeeper][HikariPool.java:517] - HikariPool-1 - Fill pool skipped, pool is at sufficient level.
2025-04-13 22:13:49,804 DEBUG [HikariPool-1 housekeeper][HikariPool.java:517] - HikariPool-1 - Fill pool skipped, pool is at sufficient level.
2025-04-13 22:13:50,627 DEBUG [HikariPool-1 housekeeper][HikariPool.java:421] - HikariPool-1 - Pool stats (total=10, active=0, idle=10, waiting=0)
2025-04-13 22:13:50,627 DEBUG [HikariPool-1 housekeeper][HikariPool.java:421] - HikariPool-1 - Pool stats (total=10, active=0, idle=10, waiting=0)
2025-04-13 22:13:50,627 DEBUG [HikariPool-1 housekeeper][HikariPool.java:517] - HikariPool-1 - Fill pool skipped, pool is at sufficient level.
2025-04-13 22:13:50,627 DEBUG [HikariPool-1 housekeeper][HikariPool.java:517] - HikariPool-1 - Fill pool skipped, pool is at sufficient level.
2025-04-13 22:14:19,806 DEBUG [HikariPool-1 housekeeper][HikariPool.java:421] - HikariPool-1 - Pool stats (total=10, active=0, idle=10, waiting=0)
2025-04-13 22:14:19,806 DEBUG [HikariPool-1 housekeeper][HikariPool.java:421] - HikariPool-1 - Pool stats (total=10, active=0, idle=10, waiting=0)
2025-04-13 22:14:19,806 DEBUG [HikariPool-1 housekeeper][HikariPool.java:517] - HikariPool-1 - Fill pool skipped, pool is at sufficient level.
2025-04-13 22:14:19,806 DEBUG [HikariPool-1 housekeeper][HikariPool.java:517] - HikariPool-1 - Fill pool skipped, pool is at sufficient level.
2025-04-13 22:14:20,628 DEBUG [HikariPool-1 housekeeper][HikariPool.java:421] - HikariPool-1 - Pool stats (total=10, active=0, idle=10, waiting=0)
2025-04-13 22:14:20,628 DEBUG [HikariPool-1 housekeeper][HikariPool.java:421] - HikariPool-1 - Pool stats (total=10, active=0, idle=10, waiting=0)
2025-04-13 22:14:20,628 DEBUG [HikariPool-1 housekeeper][HikariPool.java:517] - HikariPool-1 - Fill pool skipped, pool is at sufficient level.
2025-04-13 22:14:20,628 DEBUG [HikariPool-1 housekeeper][HikariPool.java:517] - HikariPool-1 - Fill pool skipped, pool is at sufficient level.
2025-04-13 22:14:49,822 DEBUG [HikariPool-1 housekeeper][HikariPool.java:421] - HikariPool-1 - Pool stats (total=10, active=0, idle=10, waiting=0)
2025-04-13 22:14:49,822 DEBUG [HikariPool-1 housekeeper][HikariPool.java:421] - HikariPool-1 - Pool stats (total=10, active=0, idle=10, waiting=0)
2025-04-13 22:14:49,822 DEBUG [HikariPool-1 housekeeper][HikariPool.java:517] - HikariPool-1 - Fill pool skipped, pool is at sufficient level.
2025-04-13 22:14:49,822 DEBUG [HikariPool-1 housekeeper][HikariPool.java:517] - HikariPool-1 - Fill pool skipped, pool is at sufficient level.
2025-04-13 22:14:50,629 DEBUG [HikariPool-1 housekeeper][HikariPool.java:421] - HikariPool-1 - Pool stats (total=10, active=0, idle=10, waiting=0)
2025-04-13 22:14:50,629 DEBUG [HikariPool-1 housekeeper][HikariPool.java:517] - HikariPool-1 - Fill pool skipped, pool is at sufficient level.
2025-04-13 22:14:50,629 DEBUG [HikariPool-1 housekeeper][HikariPool.java:421] - HikariPool-1 - Pool stats (total=10, active=0, idle=10, waiting=0)
2025-04-13 22:14:50,629 DEBUG [HikariPool-1 housekeeper][HikariPool.java:517] - HikariPool-1 - Fill pool skipped, pool is at sufficient level.
2025-04-13 22:15:19,836 DEBUG [HikariPool-1 housekeeper][HikariPool.java:421] - HikariPool-1 - Pool stats (total=10, active=0, idle=10, waiting=0)
2025-04-13 22:15:19,836 DEBUG [HikariPool-1 housekeeper][HikariPool.java:421] - HikariPool-1 - Pool stats (total=10, active=0, idle=10, waiting=0)
2025-04-13 22:15:19,836 DEBUG [HikariPool-1 housekeeper][HikariPool.java:517] - HikariPool-1 - Fill pool skipped, pool is at sufficient level.
2025-04-13 22:15:19,836 DEBUG [HikariPool-1 housekeeper][HikariPool.java:517] - HikariPool-1 - Fill pool skipped, pool is at sufficient level.
2025-04-13 22:15:20,642 DEBUG [HikariPool-1 housekeeper][HikariPool.java:421] - HikariPool-1 - Pool stats (total=10, active=0, idle=10, waiting=0)
2025-04-13 22:15:20,642 DEBUG [HikariPool-1 housekeeper][HikariPool.java:421] - HikariPool-1 - Pool stats (total=10, active=0, idle=10, waiting=0)
2025-04-13 22:15:20,642 DEBUG [HikariPool-1 housekeeper][HikariPool.java:517] - HikariPool-1 - Fill pool skipped, pool is at sufficient level.
2025-04-13 22:15:20,642 DEBUG [HikariPool-1 housekeeper][HikariPool.java:517] - HikariPool-1 - Fill pool skipped, pool is at sufficient level.
2025-04-13 22:15:49,842 DEBUG [HikariPool-1 housekeeper][HikariPool.java:421] - HikariPool-1 - Pool stats (total=10, active=0, idle=10, waiting=0)
2025-04-13 22:15:49,842 DEBUG [HikariPool-1 housekeeper][HikariPool.java:421] - HikariPool-1 - Pool stats (total=10, active=0, idle=10, waiting=0)
2025-04-13 22:15:49,842 DEBUG [HikariPool-1 housekeeper][HikariPool.java:517] - HikariPool-1 - Fill pool skipped, pool is at sufficient level.
2025-04-13 22:15:49,842 DEBUG [HikariPool-1 housekeeper][HikariPool.java:517] - HikariPool-1 - Fill pool skipped, pool is at sufficient level.
2025-04-13 22:15:50,653 DEBUG [HikariPool-1 housekeeper][HikariPool.java:421] - HikariPool-1 - Pool stats (total=10, active=0, idle=10, waiting=0)
2025-04-13 22:15:50,653 DEBUG [HikariPool-1 housekeeper][HikariPool.java:421] - HikariPool-1 - Pool stats (total=10, active=0, idle=10, waiting=0)
2025-04-13 22:15:50,653 DEBUG [HikariPool-1 housekeeper][HikariPool.java:517] - HikariPool-1 - Fill pool skipped, pool is at sufficient level.
2025-04-13 22:15:50,653 DEBUG [HikariPool-1 housekeeper][HikariPool.java:517] - HikariPool-1 - Fill pool skipped, pool is at sufficient level.
2025-04-13 22:16:19,854 DEBUG [HikariPool-1 housekeeper][HikariPool.java:421] - HikariPool-1 - Pool stats (total=10, active=0, idle=10, waiting=0)
2025-04-13 22:16:19,854 DEBUG [HikariPool-1 housekeeper][HikariPool.java:421] - HikariPool-1 - Pool stats (total=10, active=0, idle=10, waiting=0)
2025-04-13 22:16:19,854 DEBUG [HikariPool-1 housekeeper][HikariPool.java:517] - HikariPool-1 - Fill pool skipped, pool is at sufficient level.
2025-04-13 22:16:19,854 DEBUG [HikariPool-1 housekeeper][HikariPool.java:517] - HikariPool-1 - Fill pool skipped, pool is at sufficient level.
2025-04-13 22:16:20,654 DEBUG [HikariPool-1 housekeeper][HikariPool.java:421] - HikariPool-1 - Pool stats (total=10, active=0, idle=10, waiting=0)
2025-04-13 22:16:20,654 DEBUG [HikariPool-1 housekeeper][HikariPool.java:421] - HikariPool-1 - Pool stats (total=10, active=0, idle=10, waiting=0)
2025-04-13 22:16:20,654 DEBUG [HikariPool-1 housekeeper][HikariPool.java:517] - HikariPool-1 - Fill pool skipped, pool is at sufficient level.
2025-04-13 22:16:20,654 DEBUG [HikariPool-1 housekeeper][HikariPool.java:517] - HikariPool-1 - Fill pool skipped, pool is at sufficient level.
2025-04-13 22:16:49,862 DEBUG [HikariPool-1 housekeeper][HikariPool.java:421] - HikariPool-1 - Pool stats (total=10, active=0, idle=10, waiting=0)
2025-04-13 22:16:49,862 DEBUG [HikariPool-1 housekeeper][HikariPool.java:421] - HikariPool-1 - Pool stats (total=10, active=0, idle=10, waiting=0)
2025-04-13 22:16:49,862 DEBUG [HikariPool-1 housekeeper][HikariPool.java:517] - HikariPool-1 - Fill pool skipped, pool is at sufficient level.
2025-04-13 22:16:49,862 DEBUG [HikariPool-1 housekeeper][HikariPool.java:517] - HikariPool-1 - Fill pool skipped, pool is at sufficient level.
2025-04-13 22:16:50,658 DEBUG [HikariPool-1 housekeeper][HikariPool.java:421] - HikariPool-1 - Pool stats (total=10, active=0, idle=10, waiting=0)
2025-04-13 22:16:50,658 DEBUG [HikariPool-1 housekeeper][HikariPool.java:421] - HikariPool-1 - Pool stats (total=10, active=0, idle=10, waiting=0)
2025-04-13 22:16:50,658 DEBUG [HikariPool-1 housekeeper][HikariPool.java:517] - HikariPool-1 - Fill pool skipped, pool is at sufficient level.
2025-04-13 22:16:50,658 DEBUG [HikariPool-1 housekeeper][HikariPool.java:517] - HikariPool-1 - Fill pool skipped, pool is at sufficient level.
2025-04-13 22:17:19,870 DEBUG [HikariPool-1 housekeeper][HikariPool.java:421] - HikariPool-1 - Pool stats (total=10, active=0, idle=10, waiting=0)
2025-04-13 22:17:19,870 DEBUG [HikariPool-1 housekeeper][HikariPool.java:517] - HikariPool-1 - Fill pool skipped, pool is at sufficient level.
2025-04-13 22:17:19,870 DEBUG [HikariPool-1 housekeeper][HikariPool.java:421] - HikariPool-1 - Pool stats (total=10, active=0, idle=10, waiting=0)
2025-04-13 22:17:19,870 DEBUG [HikariPool-1 housekeeper][HikariPool.java:517] - HikariPool-1 - Fill pool skipped, pool is at sufficient level.
2025-04-13 22:17:20,668 DEBUG [HikariPool-1 housekeeper][HikariPool.java:421] - HikariPool-1 - Pool stats (total=10, active=0, idle=10, waiting=0)
2025-04-13 22:17:20,668 DEBUG [HikariPool-1 housekeeper][HikariPool.java:421] - HikariPool-1 - Pool stats (total=10, active=0, idle=10, waiting=0)
2025-04-13 22:17:20,668 DEBUG [HikariPool-1 housekeeper][HikariPool.java:517] - HikariPool-1 - Fill pool skipped, pool is at sufficient level.
2025-04-13 22:17:20,668 DEBUG [HikariPool-1 housekeeper][HikariPool.java:517] - HikariPool-1 - Fill pool skipped, pool is at sufficient level.
2025-04-13 22:17:36,520 DEBUG [HikariPool-1 connection closer][PoolBase.java:134] - HikariPool-1 - Closing connection com.mysql.cj.jdbc.ConnectionImpl@49a9b9f4: (connection has passed maxLifetime)
2025-04-13 22:17:36,520 DEBUG [HikariPool-1 connection closer][PoolBase.java:134] - HikariPool-1 - Closing connection com.mysql.cj.jdbc.ConnectionImpl@49a9b9f4: (connection has passed maxLifetime)
2025-04-13 22:17:36,531 DEBUG [HikariPool-1 connection adder][HikariPool.java:728] - HikariPool-1 - Added connection com.mysql.cj.jdbc.ConnectionImpl@25cedc8d
2025-04-13 22:17:36,531 DEBUG [HikariPool-1 connection adder][HikariPool.java:728] - HikariPool-1 - Added connection com.mysql.cj.jdbc.ConnectionImpl@25cedc8d
2025-04-13 22:17:38,281 DEBUG [HikariPool-1 connection closer][PoolBase.java:134] - HikariPool-1 - Closing connection com.mysql.cj.jdbc.ConnectionImpl@12a39182: (connection has passed maxLifetime)
2025-04-13 22:17:38,281 DEBUG [HikariPool-1 connection closer][PoolBase.java:134] - HikariPool-1 - Closing connection com.mysql.cj.jdbc.ConnectionImpl@12a39182: (connection has passed maxLifetime)
2025-04-13 22:17:38,282 DEBUG [HikariPool-1 connection closer][PoolBase.java:134] - HikariPool-1 - Closing connection com.mysql.cj.jdbc.ConnectionImpl@319fd2ce: (connection has passed maxLifetime)
2025-04-13 22:17:38,282 DEBUG [HikariPool-1 connection closer][PoolBase.java:134] - HikariPool-1 - Closing connection com.mysql.cj.jdbc.ConnectionImpl@319fd2ce: (connection has passed maxLifetime)
2025-04-13 22:17:38,290 DEBUG [HikariPool-1 connection adder][HikariPool.java:728] - HikariPool-1 - Added connection com.mysql.cj.jdbc.ConnectionImpl@64f3d6b6
2025-04-13 22:17:38,290 DEBUG [HikariPool-1 connection adder][HikariPool.java:728] - HikariPool-1 - Added connection com.mysql.cj.jdbc.ConnectionImpl@64f3d6b6
2025-04-13 22:17:38,292 DEBUG [HikariPool-1 connection adder][HikariPool.java:728] - HikariPool-1 - Added connection com.mysql.cj.jdbc.ConnectionImpl@11160e60
2025-04-13 22:17:38,292 DEBUG [HikariPool-1 connection adder][HikariPool.java:728] - HikariPool-1 - Added connection com.mysql.cj.jdbc.ConnectionImpl@11160e60
2025-04-13 22:17:41,881 DEBUG [HikariPool-1 connection closer][PoolBase.java:134] - HikariPool-1 - Closing connection com.mysql.cj.jdbc.ConnectionImpl@6823559a: (connection has passed maxLifetime)
2025-04-13 22:17:41,881 DEBUG [HikariPool-1 connection closer][PoolBase.java:134] - HikariPool-1 - Closing connection com.mysql.cj.jdbc.ConnectionImpl@6823559a: (connection has passed maxLifetime)
2025-04-13 22:17:41,886 DEBUG [HikariPool-1 connection adder][HikariPool.java:728] - HikariPool-1 - Added connection com.mysql.cj.jdbc.ConnectionImpl@502b045b
2025-04-13 22:17:41,886 DEBUG [HikariPool-1 connection adder][HikariPool.java:728] - HikariPool-1 - Added connection com.mysql.cj.jdbc.ConnectionImpl@502b045b
2025-04-13 22:17:44,935 DEBUG [HikariPool-1 connection closer][PoolBase.java:134] - HikariPool-1 - Closing connection com.mysql.cj.jdbc.ConnectionImpl@60abbb07: (connection has passed maxLifetime)
2025-04-13 22:17:44,935 DEBUG [HikariPool-1 connection closer][PoolBase.java:134] - HikariPool-1 - Closing connection com.mysql.cj.jdbc.ConnectionImpl@60abbb07: (connection has passed maxLifetime)
2025-04-13 22:17:44,939 DEBUG [HikariPool-1 connection adder][HikariPool.java:728] - HikariPool-1 - Added connection com.mysql.cj.jdbc.ConnectionImpl@61311077
2025-04-13 22:17:44,939 DEBUG [HikariPool-1 connection adder][HikariPool.java:728] - HikariPool-1 - Added connection com.mysql.cj.jdbc.ConnectionImpl@61311077
2025-04-13 22:17:45,170 DEBUG [HikariPool-1 connection closer][PoolBase.java:134] - HikariPool-1 - Closing connection com.mysql.cj.jdbc.ConnectionImpl@6cf5f5ce: (connection has passed maxLifetime)
2025-04-13 22:17:45,170 DEBUG [HikariPool-1 connection closer][PoolBase.java:134] - HikariPool-1 - Closing connection com.mysql.cj.jdbc.ConnectionImpl@6cf5f5ce: (connection has passed maxLifetime)
2025-04-13 22:17:45,175 DEBUG [HikariPool-1 connection adder][HikariPool.java:728] - HikariPool-1 - Added connection com.mysql.cj.jdbc.ConnectionImpl@7aa47dca
2025-04-13 22:17:45,175 DEBUG [HikariPool-1 connection adder][HikariPool.java:728] - HikariPool-1 - Added connection com.mysql.cj.jdbc.ConnectionImpl@7aa47dca
2025-04-13 22:17:48,749 DEBUG [HikariPool-1 connection closer][PoolBase.java:134] - HikariPool-1 - Closing connection com.mysql.cj.jdbc.ConnectionImpl@2dc8fff5: (connection has passed maxLifetime)
2025-04-13 22:17:48,749 DEBUG [HikariPool-1 connection closer][PoolBase.java:134] - HikariPool-1 - Closing connection com.mysql.cj.jdbc.ConnectionImpl@2dc8fff5: (connection has passed maxLifetime)
2025-04-13 22:17:48,754 DEBUG [HikariPool-1 connection adder][HikariPool.java:728] - HikariPool-1 - Added connection com.mysql.cj.jdbc.ConnectionImpl@3b9977f1
2025-04-13 22:17:48,754 DEBUG [HikariPool-1 connection adder][HikariPool.java:728] - HikariPool-1 - Added connection com.mysql.cj.jdbc.ConnectionImpl@3b9977f1
2025-04-13 22:17:49,687 DEBUG [HikariPool-1 connection closer][PoolBase.java:134] - HikariPool-1 - Closing connection com.mysql.cj.jdbc.ConnectionImpl@108d27ba: (connection has passed maxLifetime)
2025-04-13 22:17:49,687 DEBUG [HikariPool-1 connection closer][PoolBase.java:134] - HikariPool-1 - Closing connection com.mysql.cj.jdbc.ConnectionImpl@108d27ba: (connection has passed maxLifetime)
2025-04-13 22:17:49,692 DEBUG [HikariPool-1 connection adder][HikariPool.java:728] - HikariPool-1 - Added connection com.mysql.cj.jdbc.ConnectionImpl@3004fb14
2025-04-13 22:17:49,692 DEBUG [HikariPool-1 connection adder][HikariPool.java:728] - HikariPool-1 - Added connection com.mysql.cj.jdbc.ConnectionImpl@3004fb14
2025-04-13 22:17:49,875 DEBUG [HikariPool-1 housekeeper][HikariPool.java:421] - HikariPool-1 - Pool stats (total=10, active=0, idle=10, waiting=0)
2025-04-13 22:17:49,875 DEBUG [HikariPool-1 housekeeper][HikariPool.java:421] - HikariPool-1 - Pool stats (total=10, active=0, idle=10, waiting=0)
2025-04-13 22:17:49,875 DEBUG [HikariPool-1 housekeeper][HikariPool.java:517] - HikariPool-1 - Fill pool skipped, pool is at sufficient level.
2025-04-13 22:17:49,875 DEBUG [HikariPool-1 housekeeper][HikariPool.java:517] - HikariPool-1 - Fill pool skipped, pool is at sufficient level.
2025-04-13 22:17:50,673 DEBUG [HikariPool-1 housekeeper][HikariPool.java:421] - HikariPool-1 - Pool stats (total=10, active=0, idle=10, waiting=0)
2025-04-13 22:17:50,673 DEBUG [HikariPool-1 housekeeper][HikariPool.java:421] - HikariPool-1 - Pool stats (total=10, active=0, idle=10, waiting=0)
2025-04-13 22:17:50,673 DEBUG [HikariPool-1 housekeeper][HikariPool.java:517] - HikariPool-1 - Fill pool skipped, pool is at sufficient level.
2025-04-13 22:17:50,673 DEBUG [HikariPool-1 housekeeper][HikariPool.java:517] - HikariPool-1 - Fill pool skipped, pool is at sufficient level.
2025-04-13 22:17:51,422 DEBUG [HikariPool-1 connection closer][PoolBase.java:134] - HikariPool-1 - Closing connection com.mysql.cj.jdbc.ConnectionImpl@5687b2d8: (connection has passed maxLifetime)
2025-04-13 22:17:51,422 DEBUG [HikariPool-1 connection closer][PoolBase.java:134] - HikariPool-1 - Closing connection com.mysql.cj.jdbc.ConnectionImpl@5687b2d8: (connection has passed maxLifetime)
2025-04-13 22:17:51,427 DEBUG [HikariPool-1 connection adder][HikariPool.java:728] - HikariPool-1 - Added connection com.mysql.cj.jdbc.ConnectionImpl@ae8aa01
2025-04-13 22:17:51,427 DEBUG [HikariPool-1 connection adder][HikariPool.java:728] - HikariPool-1 - Added connection com.mysql.cj.jdbc.ConnectionImpl@ae8aa01
2025-04-13 22:17:52,845 DEBUG [HikariPool-1 connection closer][PoolBase.java:134] - HikariPool-1 - Closing connection com.mysql.cj.jdbc.ConnectionImpl@51b02d81: (connection has passed maxLifetime)
2025-04-13 22:17:52,845 DEBUG [HikariPool-1 connection closer][PoolBase.java:134] - HikariPool-1 - Closing connection com.mysql.cj.jdbc.ConnectionImpl@51b02d81: (connection has passed maxLifetime)
2025-04-13 22:17:52,849 DEBUG [HikariPool-1 connection adder][HikariPool.java:728] - HikariPool-1 - Added connection com.mysql.cj.jdbc.ConnectionImpl@3259daf7
2025-04-13 22:17:52,849 DEBUG [HikariPool-1 connection adder][HikariPool.java:728] - HikariPool-1 - Added connection com.mysql.cj.jdbc.ConnectionImpl@3259daf7
2025-04-13 22:17:54,276 DEBUG [HikariPool-1 connection closer][PoolBase.java:134] - HikariPool-1 - Closing connection com.mysql.cj.jdbc.ConnectionImpl@6ea5bdbe: (connection has passed maxLifetime)
2025-04-13 22:17:54,276 DEBUG [HikariPool-1 connection closer][PoolBase.java:134] - HikariPool-1 - Closing connection com.mysql.cj.jdbc.ConnectionImpl@6ea5bdbe: (connection has passed maxLifetime)
2025-04-13 22:17:54,284 DEBUG [HikariPool-1 connection adder][HikariPool.java:728] - HikariPool-1 - Added connection com.mysql.cj.jdbc.ConnectionImpl@5ad11d5
2025-04-13 22:17:54,284 DEBUG [HikariPool-1 connection adder][HikariPool.java:728] - HikariPool-1 - Added connection com.mysql.cj.jdbc.ConnectionImpl@5ad11d5
2025-04-13 22:17:54,571 DEBUG [HikariPool-1 connection closer][PoolBase.java:134] - HikariPool-1 - Closing connection com.mysql.cj.jdbc.ConnectionImpl@48d794f0: (connection has passed maxLifetime)
2025-04-13 22:17:54,571 DEBUG [HikariPool-1 connection closer][PoolBase.java:134] - HikariPool-1 - Closing connection com.mysql.cj.jdbc.ConnectionImpl@48d794f0: (connection has passed maxLifetime)
2025-04-13 22:17:54,576 DEBUG [HikariPool-1 connection adder][HikariPool.java:728] - HikariPool-1 - Added connection com.mysql.cj.jdbc.ConnectionImpl@198bcb32
2025-04-13 22:17:54,576 DEBUG [HikariPool-1 connection adder][HikariPool.java:728] - HikariPool-1 - Added connection com.mysql.cj.jdbc.ConnectionImpl@198bcb32
2025-04-13 22:17:56,153 DEBUG [HikariPool-1 connection closer][PoolBase.java:134] - HikariPool-1 - Closing connection com.mysql.cj.jdbc.ConnectionImpl@35d10ff8: (connection has passed maxLifetime)
2025-04-13 22:17:56,153 DEBUG [HikariPool-1 connection closer][PoolBase.java:134] - HikariPool-1 - Closing connection com.mysql.cj.jdbc.ConnectionImpl@35d10ff8: (connection has passed maxLifetime)
2025-04-13 22:17:56,158 DEBUG [HikariPool-1 connection adder][HikariPool.java:728] - HikariPool-1 - Added connection com.mysql.cj.jdbc.ConnectionImpl@4eb43dd0
2025-04-13 22:17:56,158 DEBUG [HikariPool-1 connection adder][HikariPool.java:728] - HikariPool-1 - Added connection com.mysql.cj.jdbc.ConnectionImpl@4eb43dd0
2025-04-13 22:17:57,064 DEBUG [HikariPool-1 connection closer][PoolBase.java:134] - HikariPool-1 - Closing connection com.mysql.cj.jdbc.ConnectionImpl@1caf75ce: (connection has passed maxLifetime)
2025-04-13 22:17:57,064 DEBUG [HikariPool-1 connection closer][PoolBase.java:134] - HikariPool-1 - Closing connection com.mysql.cj.jdbc.ConnectionImpl@1caf75ce: (connection has passed maxLifetime)
2025-04-13 22:17:57,068 DEBUG [HikariPool-1 connection adder][HikariPool.java:728] - HikariPool-1 - Added connection com.mysql.cj.jdbc.ConnectionImpl@5ff837a1
2025-04-13 22:17:57,068 DEBUG [HikariPool-1 connection adder][HikariPool.java:728] - HikariPool-1 - Added connection com.mysql.cj.jdbc.ConnectionImpl@5ff837a1
2025-04-13 22:18:03,706 DEBUG [HikariPool-1 connection closer][PoolBase.java:134] - HikariPool-1 - Closing connection com.mysql.cj.jdbc.ConnectionImpl@491470bf: (connection has passed maxLifetime)
2025-04-13 22:18:03,706 DEBUG [HikariPool-1 connection closer][PoolBase.java:134] - HikariPool-1 - Closing connection com.mysql.cj.jdbc.ConnectionImpl@491470bf: (connection has passed maxLifetime)
2025-04-13 22:18:03,710 DEBUG [HikariPool-1 connection adder][HikariPool.java:728] - HikariPool-1 - Added connection com.mysql.cj.jdbc.ConnectionImpl@3fa86372
2025-04-13 22:18:03,710 DEBUG [HikariPool-1 connection adder][HikariPool.java:728] - HikariPool-1 - Added connection com.mysql.cj.jdbc.ConnectionImpl@3fa86372
2025-04-13 22:18:06,728 DEBUG [HikariPool-1 connection closer][PoolBase.java:134] - HikariPool-1 - Closing connection com.mysql.cj.jdbc.ConnectionImpl@4de700ba: (connection has passed maxLifetime)
2025-04-13 22:18:06,728 DEBUG [HikariPool-1 connection closer][PoolBase.java:134] - HikariPool-1 - Closing connection com.mysql.cj.jdbc.ConnectionImpl@4de700ba: (connection has passed maxLifetime)
2025-04-13 22:18:06,734 DEBUG [HikariPool-1 connection adder][HikariPool.java:728] - HikariPool-1 - Added connection com.mysql.cj.jdbc.ConnectionImpl@7e956949
2025-04-13 22:18:06,734 DEBUG [HikariPool-1 connection adder][HikariPool.java:728] - HikariPool-1 - Added connection com.mysql.cj.jdbc.ConnectionImpl@7e956949
2025-04-13 22:18:06,868 DEBUG [HikariPool-1 connection closer][PoolBase.java:134] - HikariPool-1 - Closing connection com.mysql.cj.jdbc.ConnectionImpl@2c6f521: (connection has passed maxLifetime)
2025-04-13 22:18:06,868 DEBUG [HikariPool-1 connection closer][PoolBase.java:134] - HikariPool-1 - Closing connection com.mysql.cj.jdbc.ConnectionImpl@2c6f521: (connection has passed maxLifetime)
2025-04-13 22:18:06,873 DEBUG [HikariPool-1 connection adder][HikariPool.java:728] - HikariPool-1 - Added connection com.mysql.cj.jdbc.ConnectionImpl@366818e8
2025-04-13 22:18:06,873 DEBUG [HikariPool-1 connection adder][HikariPool.java:728] - HikariPool-1 - Added connection com.mysql.cj.jdbc.ConnectionImpl@366818e8
2025-04-13 22:18:08,893 DEBUG [HikariPool-1 connection closer][PoolBase.java:134] - HikariPool-1 - Closing connection com.mysql.cj.jdbc.ConnectionImpl@3860e71e: (connection has passed maxLifetime)
2025-04-13 22:18:08,893 DEBUG [HikariPool-1 connection closer][PoolBase.java:134] - HikariPool-1 - Closing connection com.mysql.cj.jdbc.ConnectionImpl@3860e71e: (connection has passed maxLifetime)
2025-04-13 22:18:08,900 DEBUG [HikariPool-1 connection adder][HikariPool.java:728] - HikariPool-1 - Added connection com.mysql.cj.jdbc.ConnectionImpl@775512d3
2025-04-13 22:18:08,900 DEBUG [HikariPool-1 connection adder][HikariPool.java:728] - HikariPool-1 - Added connection com.mysql.cj.jdbc.ConnectionImpl@775512d3
2025-04-13 22:18:09,018 DEBUG [HikariPool-1 connection closer][PoolBase.java:134] - HikariPool-1 - Closing connection com.mysql.cj.jdbc.ConnectionImpl@6e81ac97: (connection has passed maxLifetime)
2025-04-13 22:18:09,018 DEBUG [HikariPool-1 connection closer][PoolBase.java:134] - HikariPool-1 - Closing connection com.mysql.cj.jdbc.ConnectionImpl@6e81ac97: (connection has passed maxLifetime)
2025-04-13 22:18:09,023 DEBUG [HikariPool-1 connection adder][HikariPool.java:728] - HikariPool-1 - Added connection com.mysql.cj.jdbc.ConnectionImpl@4f2175bb
2025-04-13 22:18:09,023 DEBUG [HikariPool-1 connection adder][HikariPool.java:728] - HikariPool-1 - Added connection com.mysql.cj.jdbc.ConnectionImpl@4f2175bb
2025-04-13 22:18:19,524 DEBUG [HikariPool-1 connection closer][PoolBase.java:134] - HikariPool-1 - Closing connection com.mysql.cj.jdbc.ConnectionImpl@5b730295: (connection has passed maxLifetime)
2025-04-13 22:18:19,524 DEBUG [HikariPool-1 connection closer][PoolBase.java:134] - HikariPool-1 - Closing connection com.mysql.cj.jdbc.ConnectionImpl@5b730295: (connection has passed maxLifetime)
2025-04-13 22:18:19,529 DEBUG [HikariPool-1 connection adder][HikariPool.java:728] - HikariPool-1 - Added connection com.mysql.cj.jdbc.ConnectionImpl@2d87cb0
2025-04-13 22:18:19,529 DEBUG [HikariPool-1 connection adder][HikariPool.java:728] - HikariPool-1 - Added connection com.mysql.cj.jdbc.ConnectionImpl@2d87cb0
2025-04-13 22:18:19,881 DEBUG [HikariPool-1 housekeeper][HikariPool.java:421] - HikariPool-1 - Pool stats (total=10, active=0, idle=10, waiting=0)
2025-04-13 22:18:19,881 DEBUG [HikariPool-1 housekeeper][HikariPool.java:421] - HikariPool-1 - Pool stats (total=10, active=0, idle=10, waiting=0)
2025-04-13 22:18:19,881 DEBUG [HikariPool-1 housekeeper][HikariPool.java:517] - HikariPool-1 - Fill pool skipped, pool is at sufficient level.
2025-04-13 22:18:19,881 DEBUG [HikariPool-1 housekeeper][HikariPool.java:517] - HikariPool-1 - Fill pool skipped, pool is at sufficient level.
2025-04-13 22:18:20,675 DEBUG [HikariPool-1 housekeeper][HikariPool.java:421] - HikariPool-1 - Pool stats (total=10, active=0, idle=10, waiting=0)
2025-04-13 22:18:20,675 DEBUG [HikariPool-1 housekeeper][HikariPool.java:421] - HikariPool-1 - Pool stats (total=10, active=0, idle=10, waiting=0)
2025-04-13 22:18:20,675 DEBUG [HikariPool-1 housekeeper][HikariPool.java:517] - HikariPool-1 - Fill pool skipped, pool is at sufficient level.
2025-04-13 22:18:20,675 DEBUG [HikariPool-1 housekeeper][HikariPool.java:517] - HikariPool-1 - Fill pool skipped, pool is at sufficient level.
2025-04-13 22:18:49,882 DEBUG [HikariPool-1 housekeeper][HikariPool.java:421] - HikariPool-1 - Pool stats (total=10, active=0, idle=10, waiting=0)
2025-04-13 22:18:49,882 DEBUG [HikariPool-1 housekeeper][HikariPool.java:517] - HikariPool-1 - Fill pool skipped, pool is at sufficient level.
2025-04-13 22:18:49,882 DEBUG [HikariPool-1 housekeeper][HikariPool.java:421] - HikariPool-1 - Pool stats (total=10, active=0, idle=10, waiting=0)
2025-04-13 22:18:49,882 DEBUG [HikariPool-1 housekeeper][HikariPool.java:517] - HikariPool-1 - Fill pool skipped, pool is at sufficient level.
2025-04-13 22:18:50,679 DEBUG [HikariPool-1 housekeeper][HikariPool.java:421] - HikariPool-1 - Pool stats (total=10, active=0, idle=10, waiting=0)
2025-04-13 22:18:50,679 DEBUG [HikariPool-1 housekeeper][HikariPool.java:421] - HikariPool-1 - Pool stats (total=10, active=0, idle=10, waiting=0)
2025-04-13 22:18:50,679 DEBUG [HikariPool-1 housekeeper][HikariPool.java:517] - HikariPool-1 - Fill pool skipped, pool is at sufficient level.
2025-04-13 22:18:50,679 DEBUG [HikariPool-1 housekeeper][HikariPool.java:517] - HikariPool-1 - Fill pool skipped, pool is at sufficient level.
2025-04-13 22:19:19,892 DEBUG [HikariPool-1 housekeeper][HikariPool.java:421] - HikariPool-1 - Pool stats (total=10, active=0, idle=10, waiting=0)
2025-04-13 22:19:19,892 DEBUG [HikariPool-1 housekeeper][HikariPool.java:421] - HikariPool-1 - Pool stats (total=10, active=0, idle=10, waiting=0)
2025-04-13 22:19:19,892 DEBUG [HikariPool-1 housekeeper][HikariPool.java:517] - HikariPool-1 - Fill pool skipped, pool is at sufficient level.
2025-04-13 22:19:19,892 DEBUG [HikariPool-1 housekeeper][HikariPool.java:517] - HikariPool-1 - Fill pool skipped, pool is at sufficient level.
2025-04-13 22:19:20,692 DEBUG [HikariPool-1 housekeeper][HikariPool.java:421] - HikariPool-1 - Pool stats (total=10, active=0, idle=10, waiting=0)
2025-04-13 22:19:20,692 DEBUG [HikariPool-1 housekeeper][HikariPool.java:421] - HikariPool-1 - Pool stats (total=10, active=0, idle=10, waiting=0)
2025-04-13 22:19:20,692 DEBUG [HikariPool-1 housekeeper][HikariPool.java:517] - HikariPool-1 - Fill pool skipped, pool is at sufficient level.
2025-04-13 22:19:20,692 DEBUG [HikariPool-1 housekeeper][HikariPool.java:517] - HikariPool-1 - Fill pool skipped, pool is at sufficient level.
2025-04-13 22:19:49,907 DEBUG [HikariPool-1 housekeeper][HikariPool.java:421] - HikariPool-1 - Pool stats (total=10, active=0, idle=10, waiting=0)
2025-04-13 22:19:49,907 DEBUG [HikariPool-1 housekeeper][HikariPool.java:421] - HikariPool-1 - Pool stats (total=10, active=0, idle=10, waiting=0)
2025-04-13 22:19:49,907 DEBUG [HikariPool-1 housekeeper][HikariPool.java:517] - HikariPool-1 - Fill pool skipped, pool is at sufficient level.
2025-04-13 22:19:49,907 DEBUG [HikariPool-1 housekeeper][HikariPool.java:517] - HikariPool-1 - Fill pool skipped, pool is at sufficient level.
2025-04-13 22:19:50,702 DEBUG [HikariPool-1 housekeeper][HikariPool.java:421] - HikariPool-1 - Pool stats (total=10, active=0, idle=10, waiting=0)
2025-04-13 22:19:50,702 DEBUG [HikariPool-1 housekeeper][HikariPool.java:421] - HikariPool-1 - Pool stats (total=10, active=0, idle=10, waiting=0)
2025-04-13 22:19:50,702 DEBUG [HikariPool-1 housekeeper][HikariPool.java:517] - HikariPool-1 - Fill pool skipped, pool is at sufficient level.
2025-04-13 22:19:50,702 DEBUG [HikariPool-1 housekeeper][HikariPool.java:517] - HikariPool-1 - Fill pool skipped, pool is at sufficient level.
2025-04-13 22:20:19,920 DEBUG [HikariPool-1 housekeeper][HikariPool.java:421] - HikariPool-1 - Pool stats (total=10, active=0, idle=10, waiting=0)
2025-04-13 22:20:19,920 DEBUG [HikariPool-1 housekeeper][HikariPool.java:421] - HikariPool-1 - Pool stats (total=10, active=0, idle=10, waiting=0)
2025-04-13 22:20:19,920 DEBUG [HikariPool-1 housekeeper][HikariPool.java:517] - HikariPool-1 - Fill pool skipped, pool is at sufficient level.
2025-04-13 22:20:19,920 DEBUG [HikariPool-1 housekeeper][HikariPool.java:517] - HikariPool-1 - Fill pool skipped, pool is at sufficient level.
2025-04-13 22:20:20,715 DEBUG [HikariPool-1 housekeeper][HikariPool.java:421] - HikariPool-1 - Pool stats (total=10, active=0, idle=10, waiting=0)
2025-04-13 22:20:20,715 DEBUG [HikariPool-1 housekeeper][HikariPool.java:421] - HikariPool-1 - Pool stats (total=10, active=0, idle=10, waiting=0)
2025-04-13 22:20:20,716 DEBUG [HikariPool-1 housekeeper][HikariPool.java:517] - HikariPool-1 - Fill pool skipped, pool is at sufficient level.
2025-04-13 22:20:20,716 DEBUG [HikariPool-1 housekeeper][HikariPool.java:517] - HikariPool-1 - Fill pool skipped, pool is at sufficient level.
2025-04-13 22:20:49,922 DEBUG [HikariPool-1 housekeeper][HikariPool.java:421] - HikariPool-1 - Pool stats (total=10, active=0, idle=10, waiting=0)
2025-04-13 22:20:49,922 DEBUG [HikariPool-1 housekeeper][HikariPool.java:421] - HikariPool-1 - Pool stats (total=10, active=0, idle=10, waiting=0)
2025-04-13 22:20:49,922 DEBUG [HikariPool-1 housekeeper][HikariPool.java:517] - HikariPool-1 - Fill pool skipped, pool is at sufficient level.
2025-04-13 22:20:49,922 DEBUG [HikariPool-1 housekeeper][HikariPool.java:517] - HikariPool-1 - Fill pool skipped, pool is at sufficient level.
2025-04-13 22:20:50,730 DEBUG [HikariPool-1 housekeeper][HikariPool.java:421] - HikariPool-1 - Pool stats (total=10, active=0, idle=10, waiting=0)
2025-04-13 22:20:50,730 DEBUG [HikariPool-1 housekeeper][HikariPool.java:421] - HikariPool-1 - Pool stats (total=10, active=0, idle=10, waiting=0)
2025-04-13 22:20:50,730 DEBUG [HikariPool-1 housekeeper][HikariPool.java:517] - HikariPool-1 - Fill pool skipped, pool is at sufficient level.
2025-04-13 22:20:50,730 DEBUG [HikariPool-1 housekeeper][HikariPool.java:517] - HikariPool-1 - Fill pool skipped, pool is at sufficient level.
2025-04-13 22:21:19,930 DEBUG [HikariPool-1 housekeeper][HikariPool.java:421] - HikariPool-1 - Pool stats (total=10, active=0, idle=10, waiting=0)
2025-04-13 22:21:19,930 DEBUG [HikariPool-1 housekeeper][HikariPool.java:421] - HikariPool-1 - Pool stats (total=10, active=0, idle=10, waiting=0)
2025-04-13 22:21:19,930 DEBUG [HikariPool-1 housekeeper][HikariPool.java:517] - HikariPool-1 - Fill pool skipped, pool is at sufficient level.
2025-04-13 22:21:19,930 DEBUG [HikariPool-1 housekeeper][HikariPool.java:517] - HikariPool-1 - Fill pool skipped, pool is at sufficient level.
2025-04-13 22:21:20,744 DEBUG [HikariPool-1 housekeeper][HikariPool.java:421] - HikariPool-1 - Pool stats (total=10, active=0, idle=10, waiting=0)
2025-04-13 22:21:20,744 DEBUG [HikariPool-1 housekeeper][HikariPool.java:517] - HikariPool-1 - Fill pool skipped, pool is at sufficient level.
2025-04-13 22:21:20,744 DEBUG [HikariPool-1 housekeeper][HikariPool.java:421] - HikariPool-1 - Pool stats (total=10, active=0, idle=10, waiting=0)
2025-04-13 22:21:20,744 DEBUG [HikariPool-1 housekeeper][HikariPool.java:517] - HikariPool-1 - Fill pool skipped, pool is at sufficient level.
2025-04-13 22:21:49,945 DEBUG [HikariPool-1 housekeeper][HikariPool.java:421] - HikariPool-1 - Pool stats (total=10, active=0, idle=10, waiting=0)
2025-04-13 22:21:49,945 DEBUG [HikariPool-1 housekeeper][HikariPool.java:421] - HikariPool-1 - Pool stats (total=10, active=0, idle=10, waiting=0)
2025-04-13 22:21:49,945 DEBUG [HikariPool-1 housekeeper][HikariPool.java:517] - HikariPool-1 - Fill pool skipped, pool is at sufficient level.
2025-04-13 22:21:49,945 DEBUG [HikariPool-1 housekeeper][HikariPool.java:517] - HikariPool-1 - Fill pool skipped, pool is at sufficient level.
2025-04-13 22:21:50,760 DEBUG [HikariPool-1 housekeeper][HikariPool.java:421] - HikariPool-1 - Pool stats (total=10, active=0, idle=10, waiting=0)
2025-04-13 22:21:50,760 DEBUG [HikariPool-1 housekeeper][HikariPool.java:421] - HikariPool-1 - Pool stats (total=10, active=0, idle=10, waiting=0)
2025-04-13 22:21:50,760 DEBUG [HikariPool-1 housekeeper][HikariPool.java:517] - HikariPool-1 - Fill pool skipped, pool is at sufficient level.
2025-04-13 22:21:50,760 DEBUG [HikariPool-1 housekeeper][HikariPool.java:517] - HikariPool-1 - Fill pool skipped, pool is at sufficient level.
2025-04-13 22:22:19,949 DEBUG [HikariPool-1 housekeeper][HikariPool.java:421] - HikariPool-1 - Pool stats (total=10, active=0, idle=10, waiting=0)
2025-04-13 22:22:19,949 DEBUG [HikariPool-1 housekeeper][HikariPool.java:421] - HikariPool-1 - Pool stats (total=10, active=0, idle=10, waiting=0)
2025-04-13 22:22:19,949 DEBUG [HikariPool-1 housekeeper][HikariPool.java:517] - HikariPool-1 - Fill pool skipped, pool is at sufficient level.
2025-04-13 22:22:19,949 DEBUG [HikariPool-1 housekeeper][HikariPool.java:517] - HikariPool-1 - Fill pool skipped, pool is at sufficient level.
2025-04-13 22:22:20,773 DEBUG [HikariPool-1 housekeeper][HikariPool.java:421] - HikariPool-1 - Pool stats (total=10, active=0, idle=10, waiting=0)
2025-04-13 22:22:20,773 DEBUG [HikariPool-1 housekeeper][HikariPool.java:421] - HikariPool-1 - Pool stats (total=10, active=0, idle=10, waiting=0)
2025-04-13 22:22:20,773 DEBUG [HikariPool-1 housekeeper][HikariPool.java:517] - HikariPool-1 - Fill pool skipped, pool is at sufficient level.
2025-04-13 22:22:20,773 DEBUG [HikariPool-1 housekeeper][HikariPool.java:517] - HikariPool-1 - Fill pool skipped, pool is at sufficient level.
2025-04-13 22:22:49,951 DEBUG [HikariPool-1 housekeeper][HikariPool.java:421] - HikariPool-1 - Pool stats (total=10, active=0, idle=10, waiting=0)
2025-04-13 22:22:49,951 DEBUG [HikariPool-1 housekeeper][HikariPool.java:421] - HikariPool-1 - Pool stats (total=10, active=0, idle=10, waiting=0)
2025-04-13 22:22:49,951 DEBUG [HikariPool-1 housekeeper][HikariPool.java:517] - HikariPool-1 - Fill pool skipped, pool is at sufficient level.
2025-04-13 22:22:49,951 DEBUG [HikariPool-1 housekeeper][HikariPool.java:517] - HikariPool-1 - Fill pool skipped, pool is at sufficient level.
2025-04-13 22:22:50,775 DEBUG [HikariPool-1 housekeeper][HikariPool.java:421] - HikariPool-1 - Pool stats (total=10, active=0, idle=10, waiting=0)
2025-04-13 22:22:50,775 DEBUG [HikariPool-1 housekeeper][HikariPool.java:421] - HikariPool-1 - Pool stats (total=10, active=0, idle=10, waiting=0)
2025-04-13 22:22:50,775 DEBUG [HikariPool-1 housekeeper][HikariPool.java:517] - HikariPool-1 - Fill pool skipped, pool is at sufficient level.
2025-04-13 22:22:50,775 DEBUG [HikariPool-1 housekeeper][HikariPool.java:517] - HikariPool-1 - Fill pool skipped, pool is at sufficient level.
2025-04-13 22:23:19,957 DEBUG [HikariPool-1 housekeeper][HikariPool.java:421] - HikariPool-1 - Pool stats (total=10, active=0, idle=10, waiting=0)
2025-04-13 22:23:19,957 DEBUG [HikariPool-1 housekeeper][HikariPool.java:421] - HikariPool-1 - Pool stats (total=10, active=0, idle=10, waiting=0)
2025-04-13 22:23:19,957 DEBUG [HikariPool-1 housekeeper][HikariPool.java:517] - HikariPool-1 - Fill pool skipped, pool is at sufficient level.
2025-04-13 22:23:19,957 DEBUG [HikariPool-1 housekeeper][HikariPool.java:517] - HikariPool-1 - Fill pool skipped, pool is at sufficient level.
2025-04-13 22:23:20,791 DEBUG [HikariPool-1 housekeeper][HikariPool.java:421] - HikariPool-1 - Pool stats (total=10, active=0, idle=10, waiting=0)
2025-04-13 22:23:20,791 DEBUG [HikariPool-1 housekeeper][HikariPool.java:421] - HikariPool-1 - Pool stats (total=10, active=0, idle=10, waiting=0)
2025-04-13 22:23:20,791 DEBUG [HikariPool-1 housekeeper][HikariPool.java:517] - HikariPool-1 - Fill pool skipped, pool is at sufficient level.
2025-04-13 22:23:20,791 DEBUG [HikariPool-1 housekeeper][HikariPool.java:517] - HikariPool-1 - Fill pool skipped, pool is at sufficient level.
2025-04-13 22:23:49,963 DEBUG [HikariPool-1 housekeeper][HikariPool.java:421] - HikariPool-1 - Pool stats (total=10, active=0, idle=10, waiting=0)
2025-04-13 22:23:49,963 DEBUG [HikariPool-1 housekeeper][HikariPool.java:421] - HikariPool-1 - Pool stats (total=10, active=0, idle=10, waiting=0)
2025-04-13 22:23:49,963 DEBUG [HikariPool-1 housekeeper][HikariPool.java:517] - HikariPool-1 - Fill pool skipped, pool is at sufficient level.
2025-04-13 22:23:49,963 DEBUG [HikariPool-1 housekeeper][HikariPool.java:517] - HikariPool-1 - Fill pool skipped, pool is at sufficient level.
2025-04-13 22:23:50,805 DEBUG [HikariPool-1 housekeeper][HikariPool.java:421] - HikariPool-1 - Pool stats (total=10, active=0, idle=10, waiting=0)
2025-04-13 22:23:50,805 DEBUG [HikariPool-1 housekeeper][HikariPool.java:517] - HikariPool-1 - Fill pool skipped, pool is at sufficient level.
2025-04-13 22:23:50,805 DEBUG [HikariPool-1 housekeeper][HikariPool.java:421] - HikariPool-1 - Pool stats (total=10, active=0, idle=10, waiting=0)
2025-04-13 22:23:50,805 DEBUG [HikariPool-1 housekeeper][HikariPool.java:517] - HikariPool-1 - Fill pool skipped, pool is at sufficient level.
2025-04-13 22:24:19,971 DEBUG [HikariPool-1 housekeeper][HikariPool.java:421] - HikariPool-1 - Pool stats (total=10, active=0, idle=10, waiting=0)
2025-04-13 22:24:19,971 DEBUG [HikariPool-1 housekeeper][HikariPool.java:421] - HikariPool-1 - Pool stats (total=10, active=0, idle=10, waiting=0)
2025-04-13 22:24:19,971 DEBUG [HikariPool-1 housekeeper][HikariPool.java:517] - HikariPool-1 - Fill pool skipped, pool is at sufficient level.
2025-04-13 22:24:19,971 DEBUG [HikariPool-1 housekeeper][HikariPool.java:517] - HikariPool-1 - Fill pool skipped, pool is at sufficient level.
2025-04-13 22:24:20,811 DEBUG [HikariPool-1 housekeeper][HikariPool.java:421] - HikariPool-1 - Pool stats (total=10, active=0, idle=10, waiting=0)
2025-04-13 22:24:20,811 DEBUG [HikariPool-1 housekeeper][HikariPool.java:421] - HikariPool-1 - Pool stats (total=10, active=0, idle=10, waiting=0)
2025-04-13 22:24:20,811 DEBUG [HikariPool-1 housekeeper][HikariPool.java:517] - HikariPool-1 - Fill pool skipped, pool is at sufficient level.
2025-04-13 22:24:20,811 DEBUG [HikariPool-1 housekeeper][HikariPool.java:517] - HikariPool-1 - Fill pool skipped, pool is at sufficient level.
2025-04-13 22:24:49,976 DEBUG [HikariPool-1 housekeeper][HikariPool.java:421] - HikariPool-1 - Pool stats (total=10, active=0, idle=10, waiting=0)
2025-04-13 22:24:49,976 DEBUG [HikariPool-1 housekeeper][HikariPool.java:421] - HikariPool-1 - Pool stats (total=10, active=0, idle=10, waiting=0)
2025-04-13 22:24:49,976 DEBUG [HikariPool-1 housekeeper][HikariPool.java:517] - HikariPool-1 - Fill pool skipped, pool is at sufficient level.
2025-04-13 22:24:49,976 DEBUG [HikariPool-1 housekeeper][HikariPool.java:517] - HikariPool-1 - Fill pool skipped, pool is at sufficient level.
2025-04-13 22:24:50,814 DEBUG [HikariPool-1 housekeeper][HikariPool.java:421] - HikariPool-1 - Pool stats (total=10, active=0, idle=10, waiting=0)
2025-04-13 22:24:50,814 DEBUG [HikariPool-1 housekeeper][HikariPool.java:421] - HikariPool-1 - Pool stats (total=10, active=0, idle=10, waiting=0)
2025-04-13 22:24:50,814 DEBUG [HikariPool-1 housekeeper][HikariPool.java:517] - HikariPool-1 - Fill pool skipped, pool is at sufficient level.
2025-04-13 22:24:50,814 DEBUG [HikariPool-1 housekeeper][HikariPool.java:517] - HikariPool-1 - Fill pool skipped, pool is at sufficient level.
2025-04-13 22:25:19,990 DEBUG [HikariPool-1 housekeeper][HikariPool.java:421] - HikariPool-1 - Pool stats (total=10, active=0, idle=10, waiting=0)
2025-04-13 22:25:19,990 DEBUG [HikariPool-1 housekeeper][HikariPool.java:421] - HikariPool-1 - Pool stats (total=10, active=0, idle=10, waiting=0)
2025-04-13 22:25:19,990 DEBUG [HikariPool-1 housekeeper][HikariPool.java:517] - HikariPool-1 - Fill pool skipped, pool is at sufficient level.
2025-04-13 22:25:19,990 DEBUG [HikariPool-1 housekeeper][HikariPool.java:517] - HikariPool-1 - Fill pool skipped, pool is at sufficient level.
2025-04-13 22:25:20,818 DEBUG [HikariPool-1 housekeeper][HikariPool.java:421] - HikariPool-1 - Pool stats (total=10, active=0, idle=10, waiting=0)
2025-04-13 22:25:20,818 DEBUG [HikariPool-1 housekeeper][HikariPool.java:421] - HikariPool-1 - Pool stats (total=10, active=0, idle=10, waiting=0)
2025-04-13 22:25:20,818 DEBUG [HikariPool-1 housekeeper][HikariPool.java:517] - HikariPool-1 - Fill pool skipped, pool is at sufficient level.
2025-04-13 22:25:20,818 DEBUG [HikariPool-1 housekeeper][HikariPool.java:517] - HikariPool-1 - Fill pool skipped, pool is at sufficient level.
2025-04-13 22:25:49,996 DEBUG [HikariPool-1 housekeeper][HikariPool.java:421] - HikariPool-1 - Pool stats (total=10, active=0, idle=10, waiting=0)
2025-04-13 22:25:49,996 DEBUG [HikariPool-1 housekeeper][HikariPool.java:421] - HikariPool-1 - Pool stats (total=10, active=0, idle=10, waiting=0)
2025-04-13 22:25:49,996 DEBUG [HikariPool-1 housekeeper][HikariPool.java:517] - HikariPool-1 - Fill pool skipped, pool is at sufficient level.
2025-04-13 22:25:49,996 DEBUG [HikariPool-1 housekeeper][HikariPool.java:517] - HikariPool-1 - Fill pool skipped, pool is at sufficient level.
2025-04-13 22:25:50,828 DEBUG [HikariPool-1 housekeeper][HikariPool.java:421] - HikariPool-1 - Pool stats (total=10, active=0, idle=10, waiting=0)
2025-04-13 22:25:50,828 DEBUG [HikariPool-1 housekeeper][HikariPool.java:421] - HikariPool-1 - Pool stats (total=10, active=0, idle=10, waiting=0)
2025-04-13 22:25:50,829 DEBUG [HikariPool-1 housekeeper][HikariPool.java:517] - HikariPool-1 - Fill pool skipped, pool is at sufficient level.
2025-04-13 22:25:50,829 DEBUG [HikariPool-1 housekeeper][HikariPool.java:517] - HikariPool-1 - Fill pool skipped, pool is at sufficient level.
2025-04-13 22:26:20,003 DEBUG [HikariPool-1 housekeeper][HikariPool.java:421] - HikariPool-1 - Pool stats (total=10, active=0, idle=10, waiting=0)
2025-04-13 22:26:20,003 DEBUG [HikariPool-1 housekeeper][HikariPool.java:421] - HikariPool-1 - Pool stats (total=10, active=0, idle=10, waiting=0)
2025-04-13 22:26:20,003 DEBUG [HikariPool-1 housekeeper][HikariPool.java:517] - HikariPool-1 - Fill pool skipped, pool is at sufficient level.
2025-04-13 22:26:20,003 DEBUG [HikariPool-1 housekeeper][HikariPool.java:517] - HikariPool-1 - Fill pool skipped, pool is at sufficient level.
2025-04-13 22:26:20,832 DEBUG [HikariPool-1 housekeeper][HikariPool.java:421] - HikariPool-1 - Pool stats (total=10, active=0, idle=10, waiting=0)
2025-04-13 22:26:20,832 DEBUG [HikariPool-1 housekeeper][HikariPool.java:421] - HikariPool-1 - Pool stats (total=10, active=0, idle=10, waiting=0)
2025-04-13 22:26:20,832 DEBUG [HikariPool-1 housekeeper][HikariPool.java:517] - HikariPool-1 - Fill pool skipped, pool is at sufficient level.
2025-04-13 22:26:20,832 DEBUG [HikariPool-1 housekeeper][HikariPool.java:517] - HikariPool-1 - Fill pool skipped, pool is at sufficient level.
2025-04-13 22:26:50,018 DEBUG [HikariPool-1 housekeeper][HikariPool.java:421] - HikariPool-1 - Pool stats (total=10, active=0, idle=10, waiting=0)
2025-04-13 22:26:50,018 DEBUG [HikariPool-1 housekeeper][HikariPool.java:421] - HikariPool-1 - Pool stats (total=10, active=0, idle=10, waiting=0)
2025-04-13 22:26:50,018 DEBUG [HikariPool-1 housekeeper][HikariPool.java:517] - HikariPool-1 - Fill pool skipped, pool is at sufficient level.
2025-04-13 22:26:50,018 DEBUG [HikariPool-1 housekeeper][HikariPool.java:517] - HikariPool-1 - Fill pool skipped, pool is at sufficient level.
2025-04-13 22:26:50,833 DEBUG [HikariPool-1 housekeeper][HikariPool.java:421] - HikariPool-1 - Pool stats (total=10, active=0, idle=10, waiting=0)
2025-04-13 22:26:50,833 DEBUG [HikariPool-1 housekeeper][HikariPool.java:421] - HikariPool-1 - Pool stats (total=10, active=0, idle=10, waiting=0)
2025-04-13 22:26:50,833 DEBUG [HikariPool-1 housekeeper][HikariPool.java:517] - HikariPool-1 - Fill pool skipped, pool is at sufficient level.
2025-04-13 22:26:50,833 DEBUG [HikariPool-1 housekeeper][HikariPool.java:517] - HikariPool-1 - Fill pool skipped, pool is at sufficient level.
2025-04-13 22:27:20,020 DEBUG [HikariPool-1 housekeeper][HikariPool.java:421] - HikariPool-1 - Pool stats (total=10, active=0, idle=10, waiting=0)
2025-04-13 22:27:20,020 DEBUG [HikariPool-1 housekeeper][HikariPool.java:421] - HikariPool-1 - Pool stats (total=10, active=0, idle=10, waiting=0)
2025-04-13 22:27:20,020 DEBUG [HikariPool-1 housekeeper][HikariPool.java:517] - HikariPool-1 - Fill pool skipped, pool is at sufficient level.
2025-04-13 22:27:20,020 DEBUG [HikariPool-1 housekeeper][HikariPool.java:517] - HikariPool-1 - Fill pool skipped, pool is at sufficient level.
2025-04-13 22:27:20,849 DEBUG [HikariPool-1 housekeeper][HikariPool.java:421] - HikariPool-1 - Pool stats (total=10, active=0, idle=10, waiting=0)
2025-04-13 22:27:20,849 DEBUG [HikariPool-1 housekeeper][HikariPool.java:421] - HikariPool-1 - Pool stats (total=10, active=0, idle=10, waiting=0)
2025-04-13 22:27:20,849 DEBUG [HikariPool-1 housekeeper][HikariPool.java:517] - HikariPool-1 - Fill pool skipped, pool is at sufficient level.
2025-04-13 22:27:20,849 DEBUG [HikariPool-1 housekeeper][HikariPool.java:517] - HikariPool-1 - Fill pool skipped, pool is at sufficient level.
2025-04-13 22:27:50,028 DEBUG [HikariPool-1 housekeeper][HikariPool.java:421] - HikariPool-1 - Pool stats (total=10, active=0, idle=10, waiting=0)
2025-04-13 22:27:50,028 DEBUG [HikariPool-1 housekeeper][HikariPool.java:421] - HikariPool-1 - Pool stats (total=10, active=0, idle=10, waiting=0)
2025-04-13 22:27:50,029 DEBUG [HikariPool-1 housekeeper][HikariPool.java:517] - HikariPool-1 - Fill pool skipped, pool is at sufficient level.
2025-04-13 22:27:50,029 DEBUG [HikariPool-1 housekeeper][HikariPool.java:517] - HikariPool-1 - Fill pool skipped, pool is at sufficient level.
2025-04-13 22:27:50,855 DEBUG [HikariPool-1 housekeeper][HikariPool.java:421] - HikariPool-1 - Pool stats (total=10, active=0, idle=10, waiting=0)
2025-04-13 22:27:50,855 DEBUG [HikariPool-1 housekeeper][HikariPool.java:421] - HikariPool-1 - Pool stats (total=10, active=0, idle=10, waiting=0)
2025-04-13 22:27:50,855 DEBUG [HikariPool-1 housekeeper][HikariPool.java:517] - HikariPool-1 - Fill pool skipped, pool is at sufficient level.
2025-04-13 22:27:50,855 DEBUG [HikariPool-1 housekeeper][HikariPool.java:517] - HikariPool-1 - Fill pool skipped, pool is at sufficient level.
2025-04-13 22:28:20,039 DEBUG [HikariPool-1 housekeeper][HikariPool.java:421] - HikariPool-1 - Pool stats (total=10, active=0, idle=10, waiting=0)
2025-04-13 22:28:20,039 DEBUG [HikariPool-1 housekeeper][HikariPool.java:421] - HikariPool-1 - Pool stats (total=10, active=0, idle=10, waiting=0)
2025-04-13 22:28:20,039 DEBUG [HikariPool-1 housekeeper][HikariPool.java:517] - HikariPool-1 - Fill pool skipped, pool is at sufficient level.
2025-04-13 22:28:20,039 DEBUG [HikariPool-1 housekeeper][HikariPool.java:517] - HikariPool-1 - Fill pool skipped, pool is at sufficient level.
2025-04-13 22:28:20,866 DEBUG [HikariPool-1 housekeeper][HikariPool.java:421] - HikariPool-1 - Pool stats (total=10, active=0, idle=10, waiting=0)
2025-04-13 22:28:20,866 DEBUG [HikariPool-1 housekeeper][HikariPool.java:421] - HikariPool-1 - Pool stats (total=10, active=0, idle=10, waiting=0)
2025-04-13 22:28:20,866 DEBUG [HikariPool-1 housekeeper][HikariPool.java:517] - HikariPool-1 - Fill pool skipped, pool is at sufficient level.
2025-04-13 22:28:20,866 DEBUG [HikariPool-1 housekeeper][HikariPool.java:517] - HikariPool-1 - Fill pool skipped, pool is at sufficient level.
2025-04-13 22:28:50,052 DEBUG [HikariPool-1 housekeeper][HikariPool.java:421] - HikariPool-1 - Pool stats (total=10, active=0, idle=10, waiting=0)
2025-04-13 22:28:50,052 DEBUG [HikariPool-1 housekeeper][HikariPool.java:421] - HikariPool-1 - Pool stats (total=10, active=0, idle=10, waiting=0)
2025-04-13 22:28:50,052 DEBUG [HikariPool-1 housekeeper][HikariPool.java:517] - HikariPool-1 - Fill pool skipped, pool is at sufficient level.
2025-04-13 22:28:50,052 DEBUG [HikariPool-1 housekeeper][HikariPool.java:517] - HikariPool-1 - Fill pool skipped, pool is at sufficient level.
2025-04-13 22:28:50,876 DEBUG [HikariPool-1 housekeeper][HikariPool.java:421] - HikariPool-1 - Pool stats (total=10, active=0, idle=10, waiting=0)
2025-04-13 22:28:50,876 DEBUG [HikariPool-1 housekeeper][HikariPool.java:421] - HikariPool-1 - Pool stats (total=10, active=0, idle=10, waiting=0)
2025-04-13 22:28:50,876 DEBUG [HikariPool-1 housekeeper][HikariPool.java:517] - HikariPool-1 - Fill pool skipped, pool is at sufficient level.
2025-04-13 22:28:50,876 DEBUG [HikariPool-1 housekeeper][HikariPool.java:517] - HikariPool-1 - Fill pool skipped, pool is at sufficient level.
2025-04-13 22:29:20,067 DEBUG [HikariPool-1 housekeeper][HikariPool.java:421] - HikariPool-1 - Pool stats (total=10, active=0, idle=10, waiting=0)
2025-04-13 22:29:20,067 DEBUG [HikariPool-1 housekeeper][HikariPool.java:421] - HikariPool-1 - Pool stats (total=10, active=0, idle=10, waiting=0)
2025-04-13 22:29:20,067 DEBUG [HikariPool-1 housekeeper][HikariPool.java:517] - HikariPool-1 - Fill pool skipped, pool is at sufficient level.
2025-04-13 22:29:20,067 DEBUG [HikariPool-1 housekeeper][HikariPool.java:517] - HikariPool-1 - Fill pool skipped, pool is at sufficient level.
2025-04-13 22:29:20,878 DEBUG [HikariPool-1 housekeeper][HikariPool.java:421] - HikariPool-1 - Pool stats (total=10, active=0, idle=10, waiting=0)
2025-04-13 22:29:20,878 DEBUG [HikariPool-1 housekeeper][HikariPool.java:517] - HikariPool-1 - Fill pool skipped, pool is at sufficient level.
2025-04-13 22:29:20,878 DEBUG [HikariPool-1 housekeeper][HikariPool.java:421] - HikariPool-1 - Pool stats (total=10, active=0, idle=10, waiting=0)
2025-04-13 22:29:20,878 DEBUG [HikariPool-1 housekeeper][HikariPool.java:517] - HikariPool-1 - Fill pool skipped, pool is at sufficient level.
2025-04-13 22:29:50,068 DEBUG [HikariPool-1 housekeeper][HikariPool.java:421] - HikariPool-1 - Pool stats (total=10, active=0, idle=10, waiting=0)
2025-04-13 22:29:50,068 DEBUG [HikariPool-1 housekeeper][HikariPool.java:421] - HikariPool-1 - Pool stats (total=10, active=0, idle=10, waiting=0)
2025-04-13 22:29:50,068 DEBUG [HikariPool-1 housekeeper][HikariPool.java:517] - HikariPool-1 - Fill pool skipped, pool is at sufficient level.
2025-04-13 22:29:50,068 DEBUG [HikariPool-1 housekeeper][HikariPool.java:517] - HikariPool-1 - Fill pool skipped, pool is at sufficient level.
2025-04-13 22:29:50,880 DEBUG [HikariPool-1 housekeeper][HikariPool.java:421] - HikariPool-1 - Pool stats (total=10, active=0, idle=10, waiting=0)
2025-04-13 22:29:50,880 DEBUG [HikariPool-1 housekeeper][HikariPool.java:421] - HikariPool-1 - Pool stats (total=10, active=0, idle=10, waiting=0)
2025-04-13 22:29:50,880 DEBUG [HikariPool-1 housekeeper][HikariPool.java:517] - HikariPool-1 - Fill pool skipped, pool is at sufficient level.
2025-04-13 22:29:50,880 DEBUG [HikariPool-1 housekeeper][HikariPool.java:517] - HikariPool-1 - Fill pool skipped, pool is at sufficient level.
2025-04-13 22:30:20,079 DEBUG [HikariPool-1 housekeeper][HikariPool.java:421] - HikariPool-1 - Pool stats (total=10, active=0, idle=10, waiting=0)
2025-04-13 22:30:20,079 DEBUG [HikariPool-1 housekeeper][HikariPool.java:421] - HikariPool-1 - Pool stats (total=10, active=0, idle=10, waiting=0)
2025-04-13 22:30:20,079 DEBUG [HikariPool-1 housekeeper][HikariPool.java:517] - HikariPool-1 - Fill pool skipped, pool is at sufficient level.
2025-04-13 22:30:20,079 DEBUG [HikariPool-1 housekeeper][HikariPool.java:517] - HikariPool-1 - Fill pool skipped, pool is at sufficient level.
2025-04-13 22:30:20,887 DEBUG [HikariPool-1 housekeeper][HikariPool.java:421] - HikariPool-1 - Pool stats (total=10, active=0, idle=10, waiting=0)
2025-04-13 22:30:20,887 DEBUG [HikariPool-1 housekeeper][HikariPool.java:421] - HikariPool-1 - Pool stats (total=10, active=0, idle=10, waiting=0)
2025-04-13 22:30:20,887 DEBUG [HikariPool-1 housekeeper][HikariPool.java:517] - HikariPool-1 - Fill pool skipped, pool is at sufficient level.
2025-04-13 22:30:20,887 DEBUG [HikariPool-1 housekeeper][HikariPool.java:517] - HikariPool-1 - Fill pool skipped, pool is at sufficient level.
2025-04-13 22:30:50,091 DEBUG [HikariPool-1 housekeeper][HikariPool.java:421] - HikariPool-1 - Pool stats (total=10, active=0, idle=10, waiting=0)
2025-04-13 22:30:50,091 DEBUG [HikariPool-1 housekeeper][HikariPool.java:421] - HikariPool-1 - Pool stats (total=10, active=0, idle=10, waiting=0)
2025-04-13 22:30:50,091 DEBUG [HikariPool-1 housekeeper][HikariPool.java:517] - HikariPool-1 - Fill pool skipped, pool is at sufficient level.
2025-04-13 22:30:50,091 DEBUG [HikariPool-1 housekeeper][HikariPool.java:517] - HikariPool-1 - Fill pool skipped, pool is at sufficient level.
2025-04-13 22:30:50,900 DEBUG [HikariPool-1 housekeeper][HikariPool.java:421] - HikariPool-1 - Pool stats (total=10, active=0, idle=10, waiting=0)
2025-04-13 22:30:50,900 DEBUG [HikariPool-1 housekeeper][HikariPool.java:421] - HikariPool-1 - Pool stats (total=10, active=0, idle=10, waiting=0)
2025-04-13 22:30:50,900 DEBUG [HikariPool-1 housekeeper][HikariPool.java:517] - HikariPool-1 - Fill pool skipped, pool is at sufficient level.
2025-04-13 22:30:50,900 DEBUG [HikariPool-1 housekeeper][HikariPool.java:517] - HikariPool-1 - Fill pool skipped, pool is at sufficient level.
2025-04-13 22:31:20,098 DEBUG [HikariPool-1 housekeeper][HikariPool.java:421] - HikariPool-1 - Pool stats (total=10, active=0, idle=10, waiting=0)
2025-04-13 22:31:20,098 DEBUG [HikariPool-1 housekeeper][HikariPool.java:421] - HikariPool-1 - Pool stats (total=10, active=0, idle=10, waiting=0)
2025-04-13 22:31:20,098 DEBUG [HikariPool-1 housekeeper][HikariPool.java:517] - HikariPool-1 - Fill pool skipped, pool is at sufficient level.
2025-04-13 22:31:20,098 DEBUG [HikariPool-1 housekeeper][HikariPool.java:517] - HikariPool-1 - Fill pool skipped, pool is at sufficient level.
2025-04-13 22:31:20,905 DEBUG [HikariPool-1 housekeeper][HikariPool.java:421] - HikariPool-1 - Pool stats (total=10, active=0, idle=10, waiting=0)
2025-04-13 22:31:20,905 DEBUG [HikariPool-1 housekeeper][HikariPool.java:421] - HikariPool-1 - Pool stats (total=10, active=0, idle=10, waiting=0)
2025-04-13 22:31:20,905 DEBUG [HikariPool-1 housekeeper][HikariPool.java:517] - HikariPool-1 - Fill pool skipped, pool is at sufficient level.
2025-04-13 22:31:20,905 DEBUG [HikariPool-1 housekeeper][HikariPool.java:517] - HikariPool-1 - Fill pool skipped, pool is at sufficient level.
2025-04-13 22:31:50,112 DEBUG [HikariPool-1 housekeeper][HikariPool.java:421] - HikariPool-1 - Pool stats (total=10, active=0, idle=10, waiting=0)
2025-04-13 22:31:50,112 DEBUG [HikariPool-1 housekeeper][HikariPool.java:421] - HikariPool-1 - Pool stats (total=10, active=0, idle=10, waiting=0)
2025-04-13 22:31:50,112 DEBUG [HikariPool-1 housekeeper][HikariPool.java:517] - HikariPool-1 - Fill pool skipped, pool is at sufficient level.
2025-04-13 22:31:50,112 DEBUG [HikariPool-1 housekeeper][HikariPool.java:517] - HikariPool-1 - Fill pool skipped, pool is at sufficient level.
2025-04-13 22:31:50,909 DEBUG [HikariPool-1 housekeeper][HikariPool.java:421] - HikariPool-1 - Pool stats (total=10, active=0, idle=10, waiting=0)
2025-04-13 22:31:50,909 DEBUG [HikariPool-1 housekeeper][HikariPool.java:421] - HikariPool-1 - Pool stats (total=10, active=0, idle=10, waiting=0)
2025-04-13 22:31:50,909 DEBUG [HikariPool-1 housekeeper][HikariPool.java:517] - HikariPool-1 - Fill pool skipped, pool is at sufficient level.
2025-04-13 22:31:50,909 DEBUG [HikariPool-1 housekeeper][HikariPool.java:517] - HikariPool-1 - Fill pool skipped, pool is at sufficient level.
2025-04-13 22:32:20,127 DEBUG [HikariPool-1 housekeeper][HikariPool.java:421] - HikariPool-1 - Pool stats (total=10, active=0, idle=10, waiting=0)
2025-04-13 22:32:20,127 DEBUG [HikariPool-1 housekeeper][HikariPool.java:421] - HikariPool-1 - Pool stats (total=10, active=0, idle=10, waiting=0)
2025-04-13 22:32:20,127 DEBUG [HikariPool-1 housekeeper][HikariPool.java:517] - HikariPool-1 - Fill pool skipped, pool is at sufficient level.
2025-04-13 22:32:20,127 DEBUG [HikariPool-1 housekeeper][HikariPool.java:517] - HikariPool-1 - Fill pool skipped, pool is at sufficient level.
2025-04-13 22:32:20,911 DEBUG [HikariPool-1 housekeeper][HikariPool.java:421] - HikariPool-1 - Pool stats (total=10, active=0, idle=10, waiting=0)
2025-04-13 22:32:20,911 DEBUG [HikariPool-1 housekeeper][HikariPool.java:421] - HikariPool-1 - Pool stats (total=10, active=0, idle=10, waiting=0)
2025-04-13 22:32:20,911 DEBUG [HikariPool-1 housekeeper][HikariPool.java:517] - HikariPool-1 - Fill pool skipped, pool is at sufficient level.
2025-04-13 22:32:20,911 DEBUG [HikariPool-1 housekeeper][HikariPool.java:517] - HikariPool-1 - Fill pool skipped, pool is at sufficient level.
2025-04-13 22:32:50,128 DEBUG [HikariPool-1 housekeeper][HikariPool.java:421] - HikariPool-1 - Pool stats (total=10, active=0, idle=10, waiting=0)
2025-04-13 22:32:50,128 DEBUG [HikariPool-1 housekeeper][HikariPool.java:421] - HikariPool-1 - Pool stats (total=10, active=0, idle=10, waiting=0)
2025-04-13 22:32:50,128 DEBUG [HikariPool-1 housekeeper][HikariPool.java:517] - HikariPool-1 - Fill pool skipped, pool is at sufficient level.
2025-04-13 22:32:50,128 DEBUG [HikariPool-1 housekeeper][HikariPool.java:517] - HikariPool-1 - Fill pool skipped, pool is at sufficient level.
2025-04-13 22:32:50,923 DEBUG [HikariPool-1 housekeeper][HikariPool.java:421] - HikariPool-1 - Pool stats (total=10, active=0, idle=10, waiting=0)
2025-04-13 22:32:50,923 DEBUG [HikariPool-1 housekeeper][HikariPool.java:421] - HikariPool-1 - Pool stats (total=10, active=0, idle=10, waiting=0)
2025-04-13 22:32:50,923 DEBUG [HikariPool-1 housekeeper][HikariPool.java:517] - HikariPool-1 - Fill pool skipped, pool is at sufficient level.
2025-04-13 22:32:50,923 DEBUG [HikariPool-1 housekeeper][HikariPool.java:517] - HikariPool-1 - Fill pool skipped, pool is at sufficient level.
2025-04-13 22:33:20,143 DEBUG [HikariPool-1 housekeeper][HikariPool.java:421] - HikariPool-1 - Pool stats (total=10, active=0, idle=10, waiting=0)
2025-04-13 22:33:20,143 DEBUG [HikariPool-1 housekeeper][HikariPool.java:421] - HikariPool-1 - Pool stats (total=10, active=0, idle=10, waiting=0)
2025-04-13 22:33:20,143 DEBUG [HikariPool-1 housekeeper][HikariPool.java:517] - HikariPool-1 - Fill pool skipped, pool is at sufficient level.
2025-04-13 22:33:20,143 DEBUG [HikariPool-1 housekeeper][HikariPool.java:517] - HikariPool-1 - Fill pool skipped, pool is at sufficient level.
2025-04-13 22:33:20,930 DEBUG [HikariPool-1 housekeeper][HikariPool.java:421] - HikariPool-1 - Pool stats (total=10, active=0, idle=10, waiting=0)
2025-04-13 22:33:20,930 DEBUG [HikariPool-1 housekeeper][HikariPool.java:421] - HikariPool-1 - Pool stats (total=10, active=0, idle=10, waiting=0)
2025-04-13 22:33:20,930 DEBUG [HikariPool-1 housekeeper][HikariPool.java:517] - HikariPool-1 - Fill pool skipped, pool is at sufficient level.
2025-04-13 22:33:20,930 DEBUG [HikariPool-1 housekeeper][HikariPool.java:517] - HikariPool-1 - Fill pool skipped, pool is at sufficient level.
2025-04-13 22:33:50,145 DEBUG [HikariPool-1 housekeeper][HikariPool.java:421] - HikariPool-1 - Pool stats (total=10, active=0, idle=10, waiting=0)
2025-04-13 22:33:50,145 DEBUG [HikariPool-1 housekeeper][HikariPool.java:421] - HikariPool-1 - Pool stats (total=10, active=0, idle=10, waiting=0)
2025-04-13 22:33:50,145 DEBUG [HikariPool-1 housekeeper][HikariPool.java:517] - HikariPool-1 - Fill pool skipped, pool is at sufficient level.
2025-04-13 22:33:50,145 DEBUG [HikariPool-1 housekeeper][HikariPool.java:517] - HikariPool-1 - Fill pool skipped, pool is at sufficient level.
2025-04-13 22:33:50,931 DEBUG [HikariPool-1 housekeeper][HikariPool.java:421] - HikariPool-1 - Pool stats (total=10, active=0, idle=10, waiting=0)
2025-04-13 22:33:50,931 DEBUG [HikariPool-1 housekeeper][HikariPool.java:421] - HikariPool-1 - Pool stats (total=10, active=0, idle=10, waiting=0)
2025-04-13 22:33:50,931 DEBUG [HikariPool-1 housekeeper][HikariPool.java:517] - HikariPool-1 - Fill pool skipped, pool is at sufficient level.
2025-04-13 22:33:50,931 DEBUG [HikariPool-1 housekeeper][HikariPool.java:517] - HikariPool-1 - Fill pool skipped, pool is at sufficient level.
2025-04-13 22:34:20,160 DEBUG [HikariPool-1 housekeeper][HikariPool.java:421] - HikariPool-1 - Pool stats (total=10, active=0, idle=10, waiting=0)
2025-04-13 22:34:20,160 DEBUG [HikariPool-1 housekeeper][HikariPool.java:421] - HikariPool-1 - Pool stats (total=10, active=0, idle=10, waiting=0)
2025-04-13 22:34:20,160 DEBUG [HikariPool-1 housekeeper][HikariPool.java:517] - HikariPool-1 - Fill pool skipped, pool is at sufficient level.
2025-04-13 22:34:20,160 DEBUG [HikariPool-1 housekeeper][HikariPool.java:517] - HikariPool-1 - Fill pool skipped, pool is at sufficient level.
2025-04-13 22:34:20,943 DEBUG [HikariPool-1 housekeeper][HikariPool.java:421] - HikariPool-1 - Pool stats (total=10, active=0, idle=10, waiting=0)
2025-04-13 22:34:20,943 DEBUG [HikariPool-1 housekeeper][HikariPool.java:421] - HikariPool-1 - Pool stats (total=10, active=0, idle=10, waiting=0)
2025-04-13 22:34:20,944 DEBUG [HikariPool-1 housekeeper][HikariPool.java:517] - HikariPool-1 - Fill pool skipped, pool is at sufficient level.
2025-04-13 22:34:20,944 DEBUG [HikariPool-1 housekeeper][HikariPool.java:517] - HikariPool-1 - Fill pool skipped, pool is at sufficient level.
2025-04-13 22:34:50,170 DEBUG [HikariPool-1 housekeeper][HikariPool.java:421] - HikariPool-1 - Pool stats (total=10, active=0, idle=10, waiting=0)
2025-04-13 22:34:50,170 DEBUG [HikariPool-1 housekeeper][HikariPool.java:421] - HikariPool-1 - Pool stats (total=10, active=0, idle=10, waiting=0)
2025-04-13 22:34:50,170 DEBUG [HikariPool-1 housekeeper][HikariPool.java:517] - HikariPool-1 - Fill pool skipped, pool is at sufficient level.
2025-04-13 22:34:50,170 DEBUG [HikariPool-1 housekeeper][HikariPool.java:517] - HikariPool-1 - Fill pool skipped, pool is at sufficient level.
2025-04-13 22:34:50,949 DEBUG [HikariPool-1 housekeeper][HikariPool.java:421] - HikariPool-1 - Pool stats (total=10, active=0, idle=10, waiting=0)
2025-04-13 22:34:50,949 DEBUG [HikariPool-1 housekeeper][HikariPool.java:421] - HikariPool-1 - Pool stats (total=10, active=0, idle=10, waiting=0)
2025-04-13 22:34:50,949 DEBUG [HikariPool-1 housekeeper][HikariPool.java:517] - HikariPool-1 - Fill pool skipped, pool is at sufficient level.
2025-04-13 22:34:50,949 DEBUG [HikariPool-1 housekeeper][HikariPool.java:517] - HikariPool-1 - Fill pool skipped, pool is at sufficient level.
2025-04-13 22:35:20,176 DEBUG [HikariPool-1 housekeeper][HikariPool.java:421] - HikariPool-1 - Pool stats (total=10, active=0, idle=10, waiting=0)
2025-04-13 22:35:20,176 DEBUG [HikariPool-1 housekeeper][HikariPool.java:421] - HikariPool-1 - Pool stats (total=10, active=0, idle=10, waiting=0)
2025-04-13 22:35:20,176 DEBUG [HikariPool-1 housekeeper][HikariPool.java:517] - HikariPool-1 - Fill pool skipped, pool is at sufficient level.
2025-04-13 22:35:20,176 DEBUG [HikariPool-1 housekeeper][HikariPool.java:517] - HikariPool-1 - Fill pool skipped, pool is at sufficient level.
2025-04-13 22:35:20,954 DEBUG [HikariPool-1 housekeeper][HikariPool.java:421] - HikariPool-1 - Pool stats (total=10, active=0, idle=10, waiting=0)
2025-04-13 22:35:20,954 DEBUG [HikariPool-1 housekeeper][HikariPool.java:421] - HikariPool-1 - Pool stats (total=10, active=0, idle=10, waiting=0)
2025-04-13 22:35:20,954 DEBUG [HikariPool-1 housekeeper][HikariPool.java:517] - HikariPool-1 - Fill pool skipped, pool is at sufficient level.
2025-04-13 22:35:20,954 DEBUG [HikariPool-1 housekeeper][HikariPool.java:517] - HikariPool-1 - Fill pool skipped, pool is at sufficient level.
2025-04-13 22:35:50,184 DEBUG [HikariPool-1 housekeeper][HikariPool.java:421] - HikariPool-1 - Pool stats (total=10, active=0, idle=10, waiting=0)
2025-04-13 22:35:50,184 DEBUG [HikariPool-1 housekeeper][HikariPool.java:421] - HikariPool-1 - Pool stats (total=10, active=0, idle=10, waiting=0)
2025-04-13 22:35:50,184 DEBUG [HikariPool-1 housekeeper][HikariPool.java:517] - HikariPool-1 - Fill pool skipped, pool is at sufficient level.
2025-04-13 22:35:50,184 DEBUG [HikariPool-1 housekeeper][HikariPool.java:517] - HikariPool-1 - Fill pool skipped, pool is at sufficient level.
2025-04-13 22:35:50,963 DEBUG [HikariPool-1 housekeeper][HikariPool.java:421] - HikariPool-1 - Pool stats (total=10, active=0, idle=10, waiting=0)
2025-04-13 22:35:50,963 DEBUG [HikariPool-1 housekeeper][HikariPool.java:421] - HikariPool-1 - Pool stats (total=10, active=0, idle=10, waiting=0)
2025-04-13 22:35:50,963 DEBUG [HikariPool-1 housekeeper][HikariPool.java:517] - HikariPool-1 - Fill pool skipped, pool is at sufficient level.
2025-04-13 22:35:50,963 DEBUG [HikariPool-1 housekeeper][HikariPool.java:517] - HikariPool-1 - Fill pool skipped, pool is at sufficient level.
2025-04-13 22:36:20,199 DEBUG [HikariPool-1 housekeeper][HikariPool.java:421] - HikariPool-1 - Pool stats (total=10, active=0, idle=10, waiting=0)
2025-04-13 22:36:20,199 DEBUG [HikariPool-1 housekeeper][HikariPool.java:421] - HikariPool-1 - Pool stats (total=10, active=0, idle=10, waiting=0)
2025-04-13 22:36:20,199 DEBUG [HikariPool-1 housekeeper][HikariPool.java:517] - HikariPool-1 - Fill pool skipped, pool is at sufficient level.
2025-04-13 22:36:20,199 DEBUG [HikariPool-1 housekeeper][HikariPool.java:517] - HikariPool-1 - Fill pool skipped, pool is at sufficient level.
2025-04-13 22:36:20,965 DEBUG [HikariPool-1 housekeeper][HikariPool.java:421] - HikariPool-1 - Pool stats (total=10, active=0, idle=10, waiting=0)
2025-04-13 22:36:20,965 DEBUG [HikariPool-1 housekeeper][HikariPool.java:421] - HikariPool-1 - Pool stats (total=10, active=0, idle=10, waiting=0)
2025-04-13 22:36:20,965 DEBUG [HikariPool-1 housekeeper][HikariPool.java:517] - HikariPool-1 - Fill pool skipped, pool is at sufficient level.
2025-04-13 22:36:20,965 DEBUG [HikariPool-1 housekeeper][HikariPool.java:517] - HikariPool-1 - Fill pool skipped, pool is at sufficient level.
2025-04-13 22:36:50,204 DEBUG [HikariPool-1 housekeeper][HikariPool.java:421] - HikariPool-1 - Pool stats (total=10, active=0, idle=10, waiting=0)
2025-04-13 22:36:50,204 DEBUG [HikariPool-1 housekeeper][HikariPool.java:421] - HikariPool-1 - Pool stats (total=10, active=0, idle=10, waiting=0)
2025-04-13 22:36:50,204 DEBUG [HikariPool-1 housekeeper][HikariPool.java:517] - HikariPool-1 - Fill pool skipped, pool is at sufficient level.
2025-04-13 22:36:50,204 DEBUG [HikariPool-1 housekeeper][HikariPool.java:517] - HikariPool-1 - Fill pool skipped, pool is at sufficient level.
2025-04-13 22:36:50,969 DEBUG [HikariPool-1 housekeeper][HikariPool.java:421] - HikariPool-1 - Pool stats (total=10, active=0, idle=10, waiting=0)
2025-04-13 22:36:50,969 DEBUG [HikariPool-1 housekeeper][HikariPool.java:421] - HikariPool-1 - Pool stats (total=10, active=0, idle=10, waiting=0)
2025-04-13 22:36:50,969 DEBUG [HikariPool-1 housekeeper][HikariPool.java:517] - HikariPool-1 - Fill pool skipped, pool is at sufficient level.
2025-04-13 22:36:50,969 DEBUG [HikariPool-1 housekeeper][HikariPool.java:517] - HikariPool-1 - Fill pool skipped, pool is at sufficient level.
2025-04-13 22:37:20,218 DEBUG [HikariPool-1 housekeeper][HikariPool.java:421] - HikariPool-1 - Pool stats (total=10, active=0, idle=10, waiting=0)
2025-04-13 22:37:20,218 DEBUG [HikariPool-1 housekeeper][HikariPool.java:421] - HikariPool-1 - Pool stats (total=10, active=0, idle=10, waiting=0)
2025-04-13 22:37:20,218 DEBUG [HikariPool-1 housekeeper][HikariPool.java:517] - HikariPool-1 - Fill pool skipped, pool is at sufficient level.
2025-04-13 22:37:20,218 DEBUG [HikariPool-1 housekeeper][HikariPool.java:517] - HikariPool-1 - Fill pool skipped, pool is at sufficient level.
2025-04-13 22:37:20,983 DEBUG [HikariPool-1 housekeeper][HikariPool.java:421] - HikariPool-1 - Pool stats (total=10, active=0, idle=10, waiting=0)
2025-04-13 22:37:20,983 DEBUG [HikariPool-1 housekeeper][HikariPool.java:421] - HikariPool-1 - Pool stats (total=10, active=0, idle=10, waiting=0)
2025-04-13 22:37:20,983 DEBUG [HikariPool-1 housekeeper][HikariPool.java:517] - HikariPool-1 - Fill pool skipped, pool is at sufficient level.
2025-04-13 22:37:20,983 DEBUG [HikariPool-1 housekeeper][HikariPool.java:517] - HikariPool-1 - Fill pool skipped, pool is at sufficient level.
2025-04-13 22:37:50,223 DEBUG [HikariPool-1 housekeeper][HikariPool.java:421] - HikariPool-1 - Pool stats (total=10, active=0, idle=10, waiting=0)
2025-04-13 22:37:50,223 DEBUG [HikariPool-1 housekeeper][HikariPool.java:421] - HikariPool-1 - Pool stats (total=10, active=0, idle=10, waiting=0)
2025-04-13 22:37:50,223 DEBUG [HikariPool-1 housekeeper][HikariPool.java:517] - HikariPool-1 - Fill pool skipped, pool is at sufficient level.
2025-04-13 22:37:50,223 DEBUG [HikariPool-1 housekeeper][HikariPool.java:517] - HikariPool-1 - Fill pool skipped, pool is at sufficient level.
2025-04-13 22:37:50,987 DEBUG [HikariPool-1 housekeeper][HikariPool.java:421] - HikariPool-1 - Pool stats (total=10, active=0, idle=10, waiting=0)
2025-04-13 22:37:50,987 DEBUG [HikariPool-1 housekeeper][HikariPool.java:421] - HikariPool-1 - Pool stats (total=10, active=0, idle=10, waiting=0)
2025-04-13 22:37:50,987 DEBUG [HikariPool-1 housekeeper][HikariPool.java:517] - HikariPool-1 - Fill pool skipped, pool is at sufficient level.
2025-04-13 22:37:50,987 DEBUG [HikariPool-1 housekeeper][HikariPool.java:517] - HikariPool-1 - Fill pool skipped, pool is at sufficient level.
2025-04-13 22:38:20,238 DEBUG [HikariPool-1 housekeeper][HikariPool.java:421] - HikariPool-1 - Pool stats (total=10, active=0, idle=10, waiting=0)
2025-04-13 22:38:20,238 DEBUG [HikariPool-1 housekeeper][HikariPool.java:421] - HikariPool-1 - Pool stats (total=10, active=0, idle=10, waiting=0)
2025-04-13 22:38:20,238 DEBUG [HikariPool-1 housekeeper][HikariPool.java:517] - HikariPool-1 - Fill pool skipped, pool is at sufficient level.
2025-04-13 22:38:20,238 DEBUG [HikariPool-1 housekeeper][HikariPool.java:517] - HikariPool-1 - Fill pool skipped, pool is at sufficient level.
2025-04-13 22:38:21,002 DEBUG [HikariPool-1 housekeeper][HikariPool.java:421] - HikariPool-1 - Pool stats (total=10, active=0, idle=10, waiting=0)
2025-04-13 22:38:21,002 DEBUG [HikariPool-1 housekeeper][HikariPool.java:421] - HikariPool-1 - Pool stats (total=10, active=0, idle=10, waiting=0)
2025-04-13 22:38:21,002 DEBUG [HikariPool-1 housekeeper][HikariPool.java:517] - HikariPool-1 - Fill pool skipped, pool is at sufficient level.
2025-04-13 22:38:21,002 DEBUG [HikariPool-1 housekeeper][HikariPool.java:517] - HikariPool-1 - Fill pool skipped, pool is at sufficient level.
2025-04-13 22:38:50,238 DEBUG [HikariPool-1 housekeeper][HikariPool.java:421] - HikariPool-1 - Pool stats (total=10, active=0, idle=10, waiting=0)
2025-04-13 22:38:50,238 DEBUG [HikariPool-1 housekeeper][HikariPool.java:421] - HikariPool-1 - Pool stats (total=10, active=0, idle=10, waiting=0)
2025-04-13 22:38:50,239 DEBUG [HikariPool-1 housekeeper][HikariPool.java:517] - HikariPool-1 - Fill pool skipped, pool is at sufficient level.
2025-04-13 22:38:50,239 DEBUG [HikariPool-1 housekeeper][HikariPool.java:517] - HikariPool-1 - Fill pool skipped, pool is at sufficient level.
2025-04-13 22:38:51,014 DEBUG [HikariPool-1 housekeeper][HikariPool.java:421] - HikariPool-1 - Pool stats (total=10, active=0, idle=10, waiting=0)
2025-04-13 22:38:51,014 DEBUG [HikariPool-1 housekeeper][HikariPool.java:421] - HikariPool-1 - Pool stats (total=10, active=0, idle=10, waiting=0)
2025-04-13 22:38:51,014 DEBUG [HikariPool-1 housekeeper][HikariPool.java:517] - HikariPool-1 - Fill pool skipped, pool is at sufficient level.
2025-04-13 22:38:51,014 DEBUG [HikariPool-1 housekeeper][HikariPool.java:517] - HikariPool-1 - Fill pool skipped, pool is at sufficient level.
2025-04-13 22:39:20,244 DEBUG [HikariPool-1 housekeeper][HikariPool.java:421] - HikariPool-1 - Pool stats (total=10, active=0, idle=10, waiting=0)
2025-04-13 22:39:20,244 DEBUG [HikariPool-1 housekeeper][HikariPool.java:421] - HikariPool-1 - Pool stats (total=10, active=0, idle=10, waiting=0)
2025-04-13 22:39:20,244 DEBUG [HikariPool-1 housekeeper][HikariPool.java:517] - HikariPool-1 - Fill pool skipped, pool is at sufficient level.
2025-04-13 22:39:20,244 DEBUG [HikariPool-1 housekeeper][HikariPool.java:517] - HikariPool-1 - Fill pool skipped, pool is at sufficient level.
2025-04-13 22:39:21,020 DEBUG [HikariPool-1 housekeeper][HikariPool.java:421] - HikariPool-1 - Pool stats (total=10, active=0, idle=10, waiting=0)
2025-04-13 22:39:21,020 DEBUG [HikariPool-1 housekeeper][HikariPool.java:421] - HikariPool-1 - Pool stats (total=10, active=0, idle=10, waiting=0)
2025-04-13 22:39:21,020 DEBUG [HikariPool-1 housekeeper][HikariPool.java:517] - HikariPool-1 - Fill pool skipped, pool is at sufficient level.
2025-04-13 22:39:21,020 DEBUG [HikariPool-1 housekeeper][HikariPool.java:517] - HikariPool-1 - Fill pool skipped, pool is at sufficient level.
2025-04-13 22:39:50,252 DEBUG [HikariPool-1 housekeeper][HikariPool.java:421] - HikariPool-1 - Pool stats (total=10, active=0, idle=10, waiting=0)
2025-04-13 22:39:50,252 DEBUG [HikariPool-1 housekeeper][HikariPool.java:421] - HikariPool-1 - Pool stats (total=10, active=0, idle=10, waiting=0)
2025-04-13 22:39:50,252 DEBUG [HikariPool-1 housekeeper][HikariPool.java:517] - HikariPool-1 - Fill pool skipped, pool is at sufficient level.
2025-04-13 22:39:50,252 DEBUG [HikariPool-1 housekeeper][HikariPool.java:517] - HikariPool-1 - Fill pool skipped, pool is at sufficient level.
2025-04-13 22:39:51,032 DEBUG [HikariPool-1 housekeeper][HikariPool.java:421] - HikariPool-1 - Pool stats (total=10, active=0, idle=10, waiting=0)
2025-04-13 22:39:51,032 DEBUG [HikariPool-1 housekeeper][HikariPool.java:517] - HikariPool-1 - Fill pool skipped, pool is at sufficient level.
2025-04-13 22:39:51,032 DEBUG [HikariPool-1 housekeeper][HikariPool.java:421] - HikariPool-1 - Pool stats (total=10, active=0, idle=10, waiting=0)
2025-04-13 22:39:51,032 DEBUG [HikariPool-1 housekeeper][HikariPool.java:517] - HikariPool-1 - Fill pool skipped, pool is at sufficient level.
2025-04-13 22:40:20,255 DEBUG [HikariPool-1 housekeeper][HikariPool.java:421] - HikariPool-1 - Pool stats (total=10, active=0, idle=10, waiting=0)
2025-04-13 22:40:20,255 DEBUG [HikariPool-1 housekeeper][HikariPool.java:421] - HikariPool-1 - Pool stats (total=10, active=0, idle=10, waiting=0)
2025-04-13 22:40:20,255 DEBUG [HikariPool-1 housekeeper][HikariPool.java:517] - HikariPool-1 - Fill pool skipped, pool is at sufficient level.
2025-04-13 22:40:20,255 DEBUG [HikariPool-1 housekeeper][HikariPool.java:517] - HikariPool-1 - Fill pool skipped, pool is at sufficient level.
2025-04-13 22:40:21,039 DEBUG [HikariPool-1 housekeeper][HikariPool.java:421] - HikariPool-1 - Pool stats (total=10, active=0, idle=10, waiting=0)
2025-04-13 22:40:21,039 DEBUG [HikariPool-1 housekeeper][HikariPool.java:421] - HikariPool-1 - Pool stats (total=10, active=0, idle=10, waiting=0)
2025-04-13 22:40:21,039 DEBUG [HikariPool-1 housekeeper][HikariPool.java:517] - HikariPool-1 - Fill pool skipped, pool is at sufficient level.
2025-04-13 22:40:21,039 DEBUG [HikariPool-1 housekeeper][HikariPool.java:517] - HikariPool-1 - Fill pool skipped, pool is at sufficient level.
2025-04-13 22:40:50,255 DEBUG [HikariPool-1 housekeeper][HikariPool.java:421] - HikariPool-1 - Pool stats (total=10, active=0, idle=10, waiting=0)
2025-04-13 22:40:50,255 DEBUG [HikariPool-1 housekeeper][HikariPool.java:421] - HikariPool-1 - Pool stats (total=10, active=0, idle=10, waiting=0)
2025-04-13 22:40:50,255 DEBUG [HikariPool-1 housekeeper][HikariPool.java:517] - HikariPool-1 - Fill pool skipped, pool is at sufficient level.
2025-04-13 22:40:50,255 DEBUG [HikariPool-1 housekeeper][HikariPool.java:517] - HikariPool-1 - Fill pool skipped, pool is at sufficient level.
2025-04-13 22:40:51,048 DEBUG [HikariPool-1 housekeeper][HikariPool.java:421] - HikariPool-1 - Pool stats (total=10, active=0, idle=10, waiting=0)
2025-04-13 22:40:51,048 DEBUG [HikariPool-1 housekeeper][HikariPool.java:421] - HikariPool-1 - Pool stats (total=10, active=0, idle=10, waiting=0)
2025-04-13 22:40:51,048 DEBUG [HikariPool-1 housekeeper][HikariPool.java:517] - HikariPool-1 - Fill pool skipped, pool is at sufficient level.
2025-04-13 22:40:51,048 DEBUG [HikariPool-1 housekeeper][HikariPool.java:517] - HikariPool-1 - Fill pool skipped, pool is at sufficient level.
2025-04-13 22:41:20,268 DEBUG [HikariPool-1 housekeeper][HikariPool.java:421] - HikariPool-1 - Pool stats (total=10, active=0, idle=10, waiting=0)
2025-04-13 22:41:20,268 DEBUG [HikariPool-1 housekeeper][HikariPool.java:421] - HikariPool-1 - Pool stats (total=10, active=0, idle=10, waiting=0)
2025-04-13 22:41:20,268 DEBUG [HikariPool-1 housekeeper][HikariPool.java:517] - HikariPool-1 - Fill pool skipped, pool is at sufficient level.
2025-04-13 22:41:20,268 DEBUG [HikariPool-1 housekeeper][HikariPool.java:517] - HikariPool-1 - Fill pool skipped, pool is at sufficient level.
2025-04-13 22:41:21,063 DEBUG [HikariPool-1 housekeeper][HikariPool.java:421] - HikariPool-1 - Pool stats (total=10, active=0, idle=10, waiting=0)
2025-04-13 22:41:21,063 DEBUG [HikariPool-1 housekeeper][HikariPool.java:421] - HikariPool-1 - Pool stats (total=10, active=0, idle=10, waiting=0)
2025-04-13 22:41:21,063 DEBUG [HikariPool-1 housekeeper][HikariPool.java:517] - HikariPool-1 - Fill pool skipped, pool is at sufficient level.
2025-04-13 22:41:21,063 DEBUG [HikariPool-1 housekeeper][HikariPool.java:517] - HikariPool-1 - Fill pool skipped, pool is at sufficient level.
2025-04-13 22:41:50,279 DEBUG [HikariPool-1 housekeeper][HikariPool.java:421] - HikariPool-1 - Pool stats (total=10, active=0, idle=10, waiting=0)
2025-04-13 22:41:50,279 DEBUG [HikariPool-1 housekeeper][HikariPool.java:421] - HikariPool-1 - Pool stats (total=10, active=0, idle=10, waiting=0)
2025-04-13 22:41:50,279 DEBUG [HikariPool-1 housekeeper][HikariPool.java:517] - HikariPool-1 - Fill pool skipped, pool is at sufficient level.
2025-04-13 22:41:50,279 DEBUG [HikariPool-1 housekeeper][HikariPool.java:517] - HikariPool-1 - Fill pool skipped, pool is at sufficient level.
2025-04-13 22:41:51,076 DEBUG [HikariPool-1 housekeeper][HikariPool.java:421] - HikariPool-1 - Pool stats (total=10, active=0, idle=10, waiting=0)
2025-04-13 22:41:51,076 DEBUG [HikariPool-1 housekeeper][HikariPool.java:421] - HikariPool-1 - Pool stats (total=10, active=0, idle=10, waiting=0)
2025-04-13 22:41:51,076 DEBUG [HikariPool-1 housekeeper][HikariPool.java:517] - HikariPool-1 - Fill pool skipped, pool is at sufficient level.
2025-04-13 22:41:51,076 DEBUG [HikariPool-1 housekeeper][HikariPool.java:517] - HikariPool-1 - Fill pool skipped, pool is at sufficient level.
2025-04-13 22:42:20,292 DEBUG [HikariPool-1 housekeeper][HikariPool.java:421] - HikariPool-1 - Pool stats (total=10, active=0, idle=10, waiting=0)
2025-04-13 22:42:20,292 DEBUG [HikariPool-1 housekeeper][HikariPool.java:421] - HikariPool-1 - Pool stats (total=10, active=0, idle=10, waiting=0)
2025-04-13 22:42:20,292 DEBUG [HikariPool-1 housekeeper][HikariPool.java:517] - HikariPool-1 - Fill pool skipped, pool is at sufficient level.
2025-04-13 22:42:20,292 DEBUG [HikariPool-1 housekeeper][HikariPool.java:517] - HikariPool-1 - Fill pool skipped, pool is at sufficient level.
2025-04-13 22:42:21,084 DEBUG [HikariPool-1 housekeeper][HikariPool.java:421] - HikariPool-1 - Pool stats (total=10, active=0, idle=10, waiting=0)
2025-04-13 22:42:21,084 DEBUG [HikariPool-1 housekeeper][HikariPool.java:421] - HikariPool-1 - Pool stats (total=10, active=0, idle=10, waiting=0)
2025-04-13 22:42:21,084 DEBUG [HikariPool-1 housekeeper][HikariPool.java:517] - HikariPool-1 - Fill pool skipped, pool is at sufficient level.
2025-04-13 22:42:21,084 DEBUG [HikariPool-1 housekeeper][HikariPool.java:517] - HikariPool-1 - Fill pool skipped, pool is at sufficient level.
2025-04-13 22:42:50,294 DEBUG [HikariPool-1 housekeeper][HikariPool.java:421] - HikariPool-1 - Pool stats (total=10, active=0, idle=10, waiting=0)
2025-04-13 22:42:50,294 DEBUG [HikariPool-1 housekeeper][HikariPool.java:421] - HikariPool-1 - Pool stats (total=10, active=0, idle=10, waiting=0)
2025-04-13 22:42:50,294 DEBUG [HikariPool-1 housekeeper][HikariPool.java:517] - HikariPool-1 - Fill pool skipped, pool is at sufficient level.
2025-04-13 22:42:50,294 DEBUG [HikariPool-1 housekeeper][HikariPool.java:517] - HikariPool-1 - Fill pool skipped, pool is at sufficient level.
2025-04-13 22:42:51,086 DEBUG [HikariPool-1 housekeeper][HikariPool.java:421] - HikariPool-1 - Pool stats (total=10, active=0, idle=10, waiting=0)
2025-04-13 22:42:51,086 DEBUG [HikariPool-1 housekeeper][HikariPool.java:421] - HikariPool-1 - Pool stats (total=10, active=0, idle=10, waiting=0)
2025-04-13 22:42:51,086 DEBUG [HikariPool-1 housekeeper][HikariPool.java:517] - HikariPool-1 - Fill pool skipped, pool is at sufficient level.
2025-04-13 22:42:51,086 DEBUG [HikariPool-1 housekeeper][HikariPool.java:517] - HikariPool-1 - Fill pool skipped, pool is at sufficient level.
2025-04-13 22:43:20,299 DEBUG [HikariPool-1 housekeeper][HikariPool.java:421] - HikariPool-1 - Pool stats (total=10, active=0, idle=10, waiting=0)
2025-04-13 22:43:20,299 DEBUG [HikariPool-1 housekeeper][HikariPool.java:421] - HikariPool-1 - Pool stats (total=10, active=0, idle=10, waiting=0)
2025-04-13 22:43:20,299 DEBUG [HikariPool-1 housekeeper][HikariPool.java:517] - HikariPool-1 - Fill pool skipped, pool is at sufficient level.
2025-04-13 22:43:20,299 DEBUG [HikariPool-1 housekeeper][HikariPool.java:517] - HikariPool-1 - Fill pool skipped, pool is at sufficient level.
2025-04-13 22:43:21,093 DEBUG [HikariPool-1 housekeeper][HikariPool.java:421] - HikariPool-1 - Pool stats (total=10, active=0, idle=10, waiting=0)
2025-04-13 22:43:21,093 DEBUG [HikariPool-1 housekeeper][HikariPool.java:421] - HikariPool-1 - Pool stats (total=10, active=0, idle=10, waiting=0)
2025-04-13 22:43:21,094 DEBUG [HikariPool-1 housekeeper][HikariPool.java:517] - HikariPool-1 - Fill pool skipped, pool is at sufficient level.
2025-04-13 22:43:21,094 DEBUG [HikariPool-1 housekeeper][HikariPool.java:517] - HikariPool-1 - Fill pool skipped, pool is at sufficient level.
2025-04-13 22:43:50,309 DEBUG [HikariPool-1 housekeeper][HikariPool.java:421] - HikariPool-1 - Pool stats (total=10, active=0, idle=10, waiting=0)
2025-04-13 22:43:50,309 DEBUG [HikariPool-1 housekeeper][HikariPool.java:421] - HikariPool-1 - Pool stats (total=10, active=0, idle=10, waiting=0)
2025-04-13 22:43:50,309 DEBUG [HikariPool-1 housekeeper][HikariPool.java:517] - HikariPool-1 - Fill pool skipped, pool is at sufficient level.
2025-04-13 22:43:50,309 DEBUG [HikariPool-1 housekeeper][HikariPool.java:517] - HikariPool-1 - Fill pool skipped, pool is at sufficient level.
2025-04-13 22:43:51,099 DEBUG [HikariPool-1 housekeeper][HikariPool.java:421] - HikariPool-1 - Pool stats (total=10, active=0, idle=10, waiting=0)
2025-04-13 22:43:51,099 DEBUG [HikariPool-1 housekeeper][HikariPool.java:421] - HikariPool-1 - Pool stats (total=10, active=0, idle=10, waiting=0)
2025-04-13 22:43:51,099 DEBUG [HikariPool-1 housekeeper][HikariPool.java:517] - HikariPool-1 - Fill pool skipped, pool is at sufficient level.
2025-04-13 22:43:51,099 DEBUG [HikariPool-1 housekeeper][HikariPool.java:517] - HikariPool-1 - Fill pool skipped, pool is at sufficient level.
2025-04-13 22:44:20,311 DEBUG [HikariPool-1 housekeeper][HikariPool.java:421] - HikariPool-1 - Pool stats (total=10, active=0, idle=10, waiting=0)
2025-04-13 22:44:20,311 DEBUG [HikariPool-1 housekeeper][HikariPool.java:421] - HikariPool-1 - Pool stats (total=10, active=0, idle=10, waiting=0)
2025-04-13 22:44:20,311 DEBUG [HikariPool-1 housekeeper][HikariPool.java:517] - HikariPool-1 - Fill pool skipped, pool is at sufficient level.
2025-04-13 22:44:20,311 DEBUG [HikariPool-1 housekeeper][HikariPool.java:517] - HikariPool-1 - Fill pool skipped, pool is at sufficient level.
2025-04-13 22:44:21,102 DEBUG [HikariPool-1 housekeeper][HikariPool.java:421] - HikariPool-1 - Pool stats (total=10, active=0, idle=10, waiting=0)
2025-04-13 22:44:21,102 DEBUG [HikariPool-1 housekeeper][HikariPool.java:421] - HikariPool-1 - Pool stats (total=10, active=0, idle=10, waiting=0)
2025-04-13 22:44:21,102 DEBUG [HikariPool-1 housekeeper][HikariPool.java:517] - HikariPool-1 - Fill pool skipped, pool is at sufficient level.
2025-04-13 22:44:21,102 DEBUG [HikariPool-1 housekeeper][HikariPool.java:517] - HikariPool-1 - Fill pool skipped, pool is at sufficient level.
2025-04-13 22:44:50,318 DEBUG [HikariPool-1 housekeeper][HikariPool.java:421] - HikariPool-1 - Pool stats (total=10, active=0, idle=10, waiting=0)
2025-04-13 22:44:50,318 DEBUG [HikariPool-1 housekeeper][HikariPool.java:421] - HikariPool-1 - Pool stats (total=10, active=0, idle=10, waiting=0)
2025-04-13 22:44:50,318 DEBUG [HikariPool-1 housekeeper][HikariPool.java:517] - HikariPool-1 - Fill pool skipped, pool is at sufficient level.
2025-04-13 22:44:50,318 DEBUG [HikariPool-1 housekeeper][HikariPool.java:517] - HikariPool-1 - Fill pool skipped, pool is at sufficient level.
2025-04-13 22:44:51,107 DEBUG [HikariPool-1 housekeeper][HikariPool.java:421] - HikariPool-1 - Pool stats (total=10, active=0, idle=10, waiting=0)
2025-04-13 22:44:51,107 DEBUG [HikariPool-1 housekeeper][HikariPool.java:421] - HikariPool-1 - Pool stats (total=10, active=0, idle=10, waiting=0)
2025-04-13 22:44:51,107 DEBUG [HikariPool-1 housekeeper][HikariPool.java:517] - HikariPool-1 - Fill pool skipped, pool is at sufficient level.
2025-04-13 22:44:51,107 DEBUG [HikariPool-1 housekeeper][HikariPool.java:517] - HikariPool-1 - Fill pool skipped, pool is at sufficient level.
2025-04-13 22:45:20,327 DEBUG [HikariPool-1 housekeeper][HikariPool.java:421] - HikariPool-1 - Pool stats (total=10, active=0, idle=10, waiting=0)
2025-04-13 22:45:20,327 DEBUG [HikariPool-1 housekeeper][HikariPool.java:421] - HikariPool-1 - Pool stats (total=10, active=0, idle=10, waiting=0)
2025-04-13 22:45:20,327 DEBUG [HikariPool-1 housekeeper][HikariPool.java:517] - HikariPool-1 - Fill pool skipped, pool is at sufficient level.
2025-04-13 22:45:20,327 DEBUG [HikariPool-1 housekeeper][HikariPool.java:517] - HikariPool-1 - Fill pool skipped, pool is at sufficient level.
2025-04-13 22:45:21,120 DEBUG [HikariPool-1 housekeeper][HikariPool.java:421] - HikariPool-1 - Pool stats (total=10, active=0, idle=10, waiting=0)
2025-04-13 22:45:21,120 DEBUG [HikariPool-1 housekeeper][HikariPool.java:421] - HikariPool-1 - Pool stats (total=10, active=0, idle=10, waiting=0)
2025-04-13 22:45:21,120 DEBUG [HikariPool-1 housekeeper][HikariPool.java:517] - HikariPool-1 - Fill pool skipped, pool is at sufficient level.
2025-04-13 22:45:21,120 DEBUG [HikariPool-1 housekeeper][HikariPool.java:517] - HikariPool-1 - Fill pool skipped, pool is at sufficient level.
2025-04-13 22:45:50,334 DEBUG [HikariPool-1 housekeeper][HikariPool.java:421] - HikariPool-1 - Pool stats (total=10, active=0, idle=10, waiting=0)
2025-04-13 22:45:50,334 DEBUG [HikariPool-1 housekeeper][HikariPool.java:421] - HikariPool-1 - Pool stats (total=10, active=0, idle=10, waiting=0)
2025-04-13 22:45:50,334 DEBUG [HikariPool-1 housekeeper][HikariPool.java:517] - HikariPool-1 - Fill pool skipped, pool is at sufficient level.
2025-04-13 22:45:50,334 DEBUG [HikariPool-1 housekeeper][HikariPool.java:517] - HikariPool-1 - Fill pool skipped, pool is at sufficient level.
2025-04-13 22:45:51,128 DEBUG [HikariPool-1 housekeeper][HikariPool.java:421] - HikariPool-1 - Pool stats (total=10, active=0, idle=10, waiting=0)
2025-04-13 22:45:51,128 DEBUG [HikariPool-1 housekeeper][HikariPool.java:421] - HikariPool-1 - Pool stats (total=10, active=0, idle=10, waiting=0)
2025-04-13 22:45:51,128 DEBUG [HikariPool-1 housekeeper][HikariPool.java:517] - HikariPool-1 - Fill pool skipped, pool is at sufficient level.
2025-04-13 22:45:51,128 DEBUG [HikariPool-1 housekeeper][HikariPool.java:517] - HikariPool-1 - Fill pool skipped, pool is at sufficient level.
2025-04-13 22:46:20,348 DEBUG [HikariPool-1 housekeeper][HikariPool.java:421] - HikariPool-1 - Pool stats (total=10, active=0, idle=10, waiting=0)
2025-04-13 22:46:20,348 DEBUG [HikariPool-1 housekeeper][HikariPool.java:421] - HikariPool-1 - Pool stats (total=10, active=0, idle=10, waiting=0)
2025-04-13 22:46:20,349 DEBUG [HikariPool-1 housekeeper][HikariPool.java:517] - HikariPool-1 - Fill pool skipped, pool is at sufficient level.
2025-04-13 22:46:20,349 DEBUG [HikariPool-1 housekeeper][HikariPool.java:517] - HikariPool-1 - Fill pool skipped, pool is at sufficient level.
2025-04-13 22:46:21,139 DEBUG [HikariPool-1 housekeeper][HikariPool.java:421] - HikariPool-1 - Pool stats (total=10, active=0, idle=10, waiting=0)
2025-04-13 22:46:21,139 DEBUG [HikariPool-1 housekeeper][HikariPool.java:421] - HikariPool-1 - Pool stats (total=10, active=0, idle=10, waiting=0)
2025-04-13 22:46:21,139 DEBUG [HikariPool-1 housekeeper][HikariPool.java:517] - HikariPool-1 - Fill pool skipped, pool is at sufficient level.
2025-04-13 22:46:21,139 DEBUG [HikariPool-1 housekeeper][HikariPool.java:517] - HikariPool-1 - Fill pool skipped, pool is at sufficient level.
2025-04-13 22:46:50,354 DEBUG [HikariPool-1 housekeeper][HikariPool.java:421] - HikariPool-1 - Pool stats (total=10, active=0, idle=10, waiting=0)
2025-04-13 22:46:50,354 DEBUG [HikariPool-1 housekeeper][HikariPool.java:421] - HikariPool-1 - Pool stats (total=10, active=0, idle=10, waiting=0)
2025-04-13 22:46:50,354 DEBUG [HikariPool-1 housekeeper][HikariPool.java:517] - HikariPool-1 - Fill pool skipped, pool is at sufficient level.
2025-04-13 22:46:50,354 DEBUG [HikariPool-1 housekeeper][HikariPool.java:517] - HikariPool-1 - Fill pool skipped, pool is at sufficient level.
2025-04-13 22:46:51,146 DEBUG [HikariPool-1 housekeeper][HikariPool.java:421] - HikariPool-1 - Pool stats (total=10, active=0, idle=10, waiting=0)
2025-04-13 22:46:51,146 DEBUG [HikariPool-1 housekeeper][HikariPool.java:421] - HikariPool-1 - Pool stats (total=10, active=0, idle=10, waiting=0)
2025-04-13 22:46:51,146 DEBUG [HikariPool-1 housekeeper][HikariPool.java:517] - HikariPool-1 - Fill pool skipped, pool is at sufficient level.
2025-04-13 22:46:51,146 DEBUG [HikariPool-1 housekeeper][HikariPool.java:517] - HikariPool-1 - Fill pool skipped, pool is at sufficient level.
2025-04-13 22:47:01,237 DEBUG [HikariPool-1 connection closer][PoolBase.java:134] - HikariPool-1 - Closing connection com.mysql.cj.jdbc.ConnectionImpl@61311077: (connection has passed maxLifetime)
2025-04-13 22:47:01,237 DEBUG [HikariPool-1 connection closer][PoolBase.java:134] - HikariPool-1 - Closing connection com.mysql.cj.jdbc.ConnectionImpl@61311077: (connection has passed maxLifetime)
2025-04-13 22:47:01,245 DEBUG [HikariPool-1 connection adder][HikariPool.java:728] - HikariPool-1 - Added connection com.mysql.cj.jdbc.ConnectionImpl@3e36e65
2025-04-13 22:47:01,245 DEBUG [HikariPool-1 connection adder][HikariPool.java:728] - HikariPool-1 - Added connection com.mysql.cj.jdbc.ConnectionImpl@3e36e65
2025-04-13 22:47:06,590 DEBUG [HikariPool-1 connection closer][PoolBase.java:134] - HikariPool-1 - Closing connection com.mysql.cj.jdbc.ConnectionImpl@7aa47dca: (connection has passed maxLifetime)
2025-04-13 22:47:06,590 DEBUG [HikariPool-1 connection closer][PoolBase.java:134] - HikariPool-1 - Closing connection com.mysql.cj.jdbc.ConnectionImpl@7aa47dca: (connection has passed maxLifetime)
2025-04-13 22:47:06,601 DEBUG [HikariPool-1 connection adder][HikariPool.java:728] - HikariPool-1 - Added connection com.mysql.cj.jdbc.ConnectionImpl@1c66ed32
2025-04-13 22:47:06,601 DEBUG [HikariPool-1 connection adder][HikariPool.java:728] - HikariPool-1 - Added connection com.mysql.cj.jdbc.ConnectionImpl@1c66ed32
2025-04-13 22:47:12,235 DEBUG [HikariPool-1 connection closer][PoolBase.java:134] - HikariPool-1 - Closing connection com.mysql.cj.jdbc.ConnectionImpl@ae8aa01: (connection has passed maxLifetime)
2025-04-13 22:47:12,235 DEBUG [HikariPool-1 connection closer][PoolBase.java:134] - HikariPool-1 - Closing connection com.mysql.cj.jdbc.ConnectionImpl@ae8aa01: (connection has passed maxLifetime)
2025-04-13 22:47:12,241 DEBUG [HikariPool-1 connection adder][HikariPool.java:728] - HikariPool-1 - Added connection com.mysql.cj.jdbc.ConnectionImpl@7772222d
2025-04-13 22:47:12,241 DEBUG [HikariPool-1 connection adder][HikariPool.java:728] - HikariPool-1 - Added connection com.mysql.cj.jdbc.ConnectionImpl@7772222d
2025-04-13 22:47:15,912 DEBUG [HikariPool-1 connection closer][PoolBase.java:134] - HikariPool-1 - Closing connection com.mysql.cj.jdbc.ConnectionImpl@64f3d6b6: (connection has passed maxLifetime)
2025-04-13 22:47:15,912 DEBUG [HikariPool-1 connection closer][PoolBase.java:134] - HikariPool-1 - Closing connection com.mysql.cj.jdbc.ConnectionImpl@64f3d6b6: (connection has passed maxLifetime)
2025-04-13 22:47:15,917 DEBUG [HikariPool-1 connection adder][HikariPool.java:728] - HikariPool-1 - Added connection com.mysql.cj.jdbc.ConnectionImpl@364f2816
2025-04-13 22:47:15,917 DEBUG [HikariPool-1 connection adder][HikariPool.java:728] - HikariPool-1 - Added connection com.mysql.cj.jdbc.ConnectionImpl@364f2816
2025-04-13 22:47:20,356 DEBUG [HikariPool-1 housekeeper][HikariPool.java:421] - HikariPool-1 - Pool stats (total=10, active=0, idle=10, waiting=0)
2025-04-13 22:47:20,356 DEBUG [HikariPool-1 housekeeper][HikariPool.java:421] - HikariPool-1 - Pool stats (total=10, active=0, idle=10, waiting=0)
2025-04-13 22:47:20,356 DEBUG [HikariPool-1 housekeeper][HikariPool.java:517] - HikariPool-1 - Fill pool skipped, pool is at sufficient level.
2025-04-13 22:47:20,356 DEBUG [HikariPool-1 housekeeper][HikariPool.java:517] - HikariPool-1 - Fill pool skipped, pool is at sufficient level.
2025-04-13 22:47:21,152 DEBUG [HikariPool-1 housekeeper][HikariPool.java:421] - HikariPool-1 - Pool stats (total=10, active=0, idle=10, waiting=0)
2025-04-13 22:47:21,152 DEBUG [HikariPool-1 housekeeper][HikariPool.java:421] - HikariPool-1 - Pool stats (total=10, active=0, idle=10, waiting=0)
2025-04-13 22:47:21,152 DEBUG [HikariPool-1 housekeeper][HikariPool.java:517] - HikariPool-1 - Fill pool skipped, pool is at sufficient level.
2025-04-13 22:47:21,152 DEBUG [HikariPool-1 housekeeper][HikariPool.java:517] - HikariPool-1 - Fill pool skipped, pool is at sufficient level.
2025-04-13 22:47:26,838 DEBUG [HikariPool-1 connection closer][PoolBase.java:134] - HikariPool-1 - Closing connection com.mysql.cj.jdbc.ConnectionImpl@25cedc8d: (connection has passed maxLifetime)
2025-04-13 22:47:26,838 DEBUG [HikariPool-1 connection closer][PoolBase.java:134] - HikariPool-1 - Closing connection com.mysql.cj.jdbc.ConnectionImpl@25cedc8d: (connection has passed maxLifetime)
2025-04-13 22:47:26,849 DEBUG [HikariPool-1 connection adder][HikariPool.java:728] - HikariPool-1 - Added connection com.mysql.cj.jdbc.ConnectionImpl@1ff124f9
2025-04-13 22:47:26,849 DEBUG [HikariPool-1 connection adder][HikariPool.java:728] - HikariPool-1 - Added connection com.mysql.cj.jdbc.ConnectionImpl@1ff124f9
2025-04-13 22:47:26,853 DEBUG [HikariPool-1 connection closer][PoolBase.java:134] - HikariPool-1 - Closing connection com.mysql.cj.jdbc.ConnectionImpl@3004fb14: (connection has passed maxLifetime)
2025-04-13 22:47:26,853 DEBUG [HikariPool-1 connection closer][PoolBase.java:134] - HikariPool-1 - Closing connection com.mysql.cj.jdbc.ConnectionImpl@3004fb14: (connection has passed maxLifetime)
2025-04-13 22:47:26,859 DEBUG [HikariPool-1 connection adder][HikariPool.java:728] - HikariPool-1 - Added connection com.mysql.cj.jdbc.ConnectionImpl@7e53c01e
2025-04-13 22:47:26,859 DEBUG [HikariPool-1 connection adder][HikariPool.java:728] - HikariPool-1 - Added connection com.mysql.cj.jdbc.ConnectionImpl@7e53c01e
2025-04-13 22:47:30,222 DEBUG [HikariPool-1 connection closer][PoolBase.java:134] - HikariPool-1 - Closing connection com.mysql.cj.jdbc.ConnectionImpl@3259daf7: (connection has passed maxLifetime)
2025-04-13 22:47:30,222 DEBUG [HikariPool-1 connection closer][PoolBase.java:134] - HikariPool-1 - Closing connection com.mysql.cj.jdbc.ConnectionImpl@3259daf7: (connection has passed maxLifetime)
2025-04-13 22:47:30,235 DEBUG [HikariPool-1 connection adder][HikariPool.java:728] - HikariPool-1 - Added connection com.mysql.cj.jdbc.ConnectionImpl@3f6eca25
2025-04-13 22:47:30,235 DEBUG [HikariPool-1 connection adder][HikariPool.java:728] - HikariPool-1 - Added connection com.mysql.cj.jdbc.ConnectionImpl@3f6eca25
2025-04-13 22:47:30,924 DEBUG [HikariPool-1 connection closer][PoolBase.java:134] - HikariPool-1 - Closing connection com.mysql.cj.jdbc.ConnectionImpl@198bcb32: (connection has passed maxLifetime)
2025-04-13 22:47:30,924 DEBUG [HikariPool-1 connection closer][PoolBase.java:134] - HikariPool-1 - Closing connection com.mysql.cj.jdbc.ConnectionImpl@198bcb32: (connection has passed maxLifetime)
2025-04-13 22:47:30,936 DEBUG [HikariPool-1 connection adder][HikariPool.java:728] - HikariPool-1 - Added connection com.mysql.cj.jdbc.ConnectionImpl@5ecc2ec2
2025-04-13 22:47:30,936 DEBUG [HikariPool-1 connection adder][HikariPool.java:728] - HikariPool-1 - Added connection com.mysql.cj.jdbc.ConnectionImpl@5ecc2ec2
2025-04-13 22:47:32,953 DEBUG [HikariPool-1 connection closer][PoolBase.java:134] - HikariPool-1 - Closing connection com.mysql.cj.jdbc.ConnectionImpl@3fa86372: (connection has passed maxLifetime)
2025-04-13 22:47:32,953 DEBUG [HikariPool-1 connection closer][PoolBase.java:134] - HikariPool-1 - Closing connection com.mysql.cj.jdbc.ConnectionImpl@3fa86372: (connection has passed maxLifetime)
2025-04-13 22:47:32,967 DEBUG [HikariPool-1 connection adder][HikariPool.java:728] - HikariPool-1 - Added connection com.mysql.cj.jdbc.ConnectionImpl@6f585332
2025-04-13 22:47:32,967 DEBUG [HikariPool-1 connection adder][HikariPool.java:728] - HikariPool-1 - Added connection com.mysql.cj.jdbc.ConnectionImpl@6f585332
2025-04-13 22:47:34,716 DEBUG [HikariPool-1 connection closer][PoolBase.java:134] - HikariPool-1 - Closing connection com.mysql.cj.jdbc.ConnectionImpl@502b045b: (connection has passed maxLifetime)
2025-04-13 22:47:34,716 DEBUG [HikariPool-1 connection closer][PoolBase.java:134] - HikariPool-1 - Closing connection com.mysql.cj.jdbc.ConnectionImpl@502b045b: (connection has passed maxLifetime)
2025-04-13 22:47:34,722 DEBUG [HikariPool-1 connection adder][HikariPool.java:728] - HikariPool-1 - Added connection com.mysql.cj.jdbc.ConnectionImpl@e1bf48f
2025-04-13 22:47:34,722 DEBUG [HikariPool-1 connection adder][HikariPool.java:728] - HikariPool-1 - Added connection com.mysql.cj.jdbc.ConnectionImpl@e1bf48f
2025-04-13 22:47:35,666 DEBUG [HikariPool-1 connection closer][PoolBase.java:134] - HikariPool-1 - Closing connection com.mysql.cj.jdbc.ConnectionImpl@3b9977f1: (connection has passed maxLifetime)
2025-04-13 22:47:35,666 DEBUG [HikariPool-1 connection closer][PoolBase.java:134] - HikariPool-1 - Closing connection com.mysql.cj.jdbc.ConnectionImpl@3b9977f1: (connection has passed maxLifetime)
2025-04-13 22:47:35,674 DEBUG [HikariPool-1 connection adder][HikariPool.java:728] - HikariPool-1 - Added connection com.mysql.cj.jdbc.ConnectionImpl@3ee3d18d
2025-04-13 22:47:35,674 DEBUG [HikariPool-1 connection adder][HikariPool.java:728] - HikariPool-1 - Added connection com.mysql.cj.jdbc.ConnectionImpl@3ee3d18d
2025-04-13 22:47:35,946 DEBUG [HikariPool-1 connection closer][PoolBase.java:134] - HikariPool-1 - Closing connection com.mysql.cj.jdbc.ConnectionImpl@11160e60: (connection has passed maxLifetime)
2025-04-13 22:47:35,946 DEBUG [HikariPool-1 connection closer][PoolBase.java:134] - HikariPool-1 - Closing connection com.mysql.cj.jdbc.ConnectionImpl@11160e60: (connection has passed maxLifetime)
2025-04-13 22:47:35,953 DEBUG [HikariPool-1 connection adder][HikariPool.java:728] - HikariPool-1 - Added connection com.mysql.cj.jdbc.ConnectionImpl@5f41356a
2025-04-13 22:47:35,953 DEBUG [HikariPool-1 connection adder][HikariPool.java:728] - HikariPool-1 - Added connection com.mysql.cj.jdbc.ConnectionImpl@5f41356a
2025-04-13 22:47:36,275 DEBUG [HikariPool-1 connection closer][PoolBase.java:134] - HikariPool-1 - Closing connection com.mysql.cj.jdbc.ConnectionImpl@7e956949: (connection has passed maxLifetime)
2025-04-13 22:47:36,275 DEBUG [HikariPool-1 connection closer][PoolBase.java:134] - HikariPool-1 - Closing connection com.mysql.cj.jdbc.ConnectionImpl@7e956949: (connection has passed maxLifetime)
2025-04-13 22:47:36,301 DEBUG [HikariPool-1 connection adder][HikariPool.java:728] - HikariPool-1 - Added connection com.mysql.cj.jdbc.ConnectionImpl@299daaec
2025-04-13 22:47:36,301 DEBUG [HikariPool-1 connection adder][HikariPool.java:728] - HikariPool-1 - Added connection com.mysql.cj.jdbc.ConnectionImpl@299daaec
2025-04-13 22:47:40,250 DEBUG [HikariPool-1 connection closer][PoolBase.java:134] - HikariPool-1 - Closing connection com.mysql.cj.jdbc.ConnectionImpl@2d87cb0: (connection has passed maxLifetime)
2025-04-13 22:47:40,250 DEBUG [HikariPool-1 connection closer][PoolBase.java:134] - HikariPool-1 - Closing connection com.mysql.cj.jdbc.ConnectionImpl@2d87cb0: (connection has passed maxLifetime)
2025-04-13 22:47:40,255 DEBUG [HikariPool-1 connection adder][HikariPool.java:728] - HikariPool-1 - Added connection com.mysql.cj.jdbc.ConnectionImpl@24fe426d
2025-04-13 22:47:40,255 DEBUG [HikariPool-1 connection adder][HikariPool.java:728] - HikariPool-1 - Added connection com.mysql.cj.jdbc.ConnectionImpl@24fe426d
2025-04-13 22:47:42,572 DEBUG [HikariPool-1 connection closer][PoolBase.java:134] - HikariPool-1 - Closing connection com.mysql.cj.jdbc.ConnectionImpl@775512d3: (connection has passed maxLifetime)
2025-04-13 22:47:42,572 DEBUG [HikariPool-1 connection closer][PoolBase.java:134] - HikariPool-1 - Closing connection com.mysql.cj.jdbc.ConnectionImpl@775512d3: (connection has passed maxLifetime)
2025-04-13 22:47:42,580 DEBUG [HikariPool-1 connection adder][HikariPool.java:728] - HikariPool-1 - Added connection com.mysql.cj.jdbc.ConnectionImpl@5b0f8e92
2025-04-13 22:47:42,580 DEBUG [HikariPool-1 connection adder][HikariPool.java:728] - HikariPool-1 - Added connection com.mysql.cj.jdbc.ConnectionImpl@5b0f8e92
2025-04-13 22:47:43,496 DEBUG [HikariPool-1 connection closer][PoolBase.java:134] - HikariPool-1 - Closing connection com.mysql.cj.jdbc.ConnectionImpl@366818e8: (connection has passed maxLifetime)
2025-04-13 22:47:43,496 DEBUG [HikariPool-1 connection closer][PoolBase.java:134] - HikariPool-1 - Closing connection com.mysql.cj.jdbc.ConnectionImpl@366818e8: (connection has passed maxLifetime)
2025-04-13 22:47:43,504 DEBUG [HikariPool-1 connection adder][HikariPool.java:728] - HikariPool-1 - Added connection com.mysql.cj.jdbc.ConnectionImpl@7bac26d5
2025-04-13 22:47:43,504 DEBUG [HikariPool-1 connection adder][HikariPool.java:728] - HikariPool-1 - Added connection com.mysql.cj.jdbc.ConnectionImpl@7bac26d5
2025-04-13 22:47:47,935 DEBUG [HikariPool-1 connection closer][PoolBase.java:134] - HikariPool-1 - Closing connection com.mysql.cj.jdbc.ConnectionImpl@5ff837a1: (connection has passed maxLifetime)
2025-04-13 22:47:47,935 DEBUG [HikariPool-1 connection closer][PoolBase.java:134] - HikariPool-1 - Closing connection com.mysql.cj.jdbc.ConnectionImpl@5ff837a1: (connection has passed maxLifetime)
2025-04-13 22:47:47,942 DEBUG [HikariPool-1 connection adder][HikariPool.java:728] - HikariPool-1 - Added connection com.mysql.cj.jdbc.ConnectionImpl@1ddbb3d1
2025-04-13 22:47:47,942 DEBUG [HikariPool-1 connection adder][HikariPool.java:728] - HikariPool-1 - Added connection com.mysql.cj.jdbc.ConnectionImpl@1ddbb3d1
2025-04-13 22:47:50,364 DEBUG [HikariPool-1 housekeeper][HikariPool.java:421] - HikariPool-1 - Pool stats (total=10, active=0, idle=10, waiting=0)
2025-04-13 22:47:50,364 DEBUG [HikariPool-1 housekeeper][HikariPool.java:421] - HikariPool-1 - Pool stats (total=10, active=0, idle=10, waiting=0)
2025-04-13 22:47:50,365 DEBUG [HikariPool-1 housekeeper][HikariPool.java:517] - HikariPool-1 - Fill pool skipped, pool is at sufficient level.
2025-04-13 22:47:50,365 DEBUG [HikariPool-1 housekeeper][HikariPool.java:517] - HikariPool-1 - Fill pool skipped, pool is at sufficient level.
2025-04-13 22:47:51,158 DEBUG [HikariPool-1 housekeeper][HikariPool.java:421] - HikariPool-1 - Pool stats (total=10, active=0, idle=10, waiting=0)
2025-04-13 22:47:51,158 DEBUG [HikariPool-1 housekeeper][HikariPool.java:421] - HikariPool-1 - Pool stats (total=10, active=0, idle=10, waiting=0)
2025-04-13 22:47:51,158 DEBUG [HikariPool-1 housekeeper][HikariPool.java:517] - HikariPool-1 - Fill pool skipped, pool is at sufficient level.
2025-04-13 22:47:51,158 DEBUG [HikariPool-1 housekeeper][HikariPool.java:517] - HikariPool-1 - Fill pool skipped, pool is at sufficient level.
2025-04-13 22:47:51,265 DEBUG [HikariPool-1 connection closer][PoolBase.java:134] - HikariPool-1 - Closing connection com.mysql.cj.jdbc.ConnectionImpl@4f2175bb: (connection has passed maxLifetime)
2025-04-13 22:47:51,265 DEBUG [HikariPool-1 connection closer][PoolBase.java:134] - HikariPool-1 - Closing connection com.mysql.cj.jdbc.ConnectionImpl@4f2175bb: (connection has passed maxLifetime)
2025-04-13 22:47:51,273 DEBUG [HikariPool-1 connection adder][HikariPool.java:728] - HikariPool-1 - Added connection com.mysql.cj.jdbc.ConnectionImpl@5ce6b9ea
2025-04-13 22:47:51,273 DEBUG [HikariPool-1 connection adder][HikariPool.java:728] - HikariPool-1 - Added connection com.mysql.cj.jdbc.ConnectionImpl@5ce6b9ea
2025-04-13 22:47:51,701 DEBUG [HikariPool-1 connection closer][PoolBase.java:134] - HikariPool-1 - Closing connection com.mysql.cj.jdbc.ConnectionImpl@4eb43dd0: (connection has passed maxLifetime)
2025-04-13 22:47:51,701 DEBUG [HikariPool-1 connection closer][PoolBase.java:134] - HikariPool-1 - Closing connection com.mysql.cj.jdbc.ConnectionImpl@4eb43dd0: (connection has passed maxLifetime)
2025-04-13 22:47:51,707 DEBUG [HikariPool-1 connection adder][HikariPool.java:728] - HikariPool-1 - Added connection com.mysql.cj.jdbc.ConnectionImpl@24483677
2025-04-13 22:47:51,707 DEBUG [HikariPool-1 connection adder][HikariPool.java:728] - HikariPool-1 - Added connection com.mysql.cj.jdbc.ConnectionImpl@24483677
2025-04-13 22:47:53,525 DEBUG [HikariPool-1 connection closer][PoolBase.java:134] - HikariPool-1 - Closing connection com.mysql.cj.jdbc.ConnectionImpl@5ad11d5: (connection has passed maxLifetime)
2025-04-13 22:47:53,525 DEBUG [HikariPool-1 connection closer][PoolBase.java:134] - HikariPool-1 - Closing connection com.mysql.cj.jdbc.ConnectionImpl@5ad11d5: (connection has passed maxLifetime)
2025-04-13 22:47:53,535 DEBUG [HikariPool-1 connection adder][HikariPool.java:728] - HikariPool-1 - Added connection com.mysql.cj.jdbc.ConnectionImpl@65753c4c
2025-04-13 22:47:53,535 DEBUG [HikariPool-1 connection adder][HikariPool.java:728] - HikariPool-1 - Added connection com.mysql.cj.jdbc.ConnectionImpl@65753c4c
2025-04-13 22:48:20,367 DEBUG [HikariPool-1 housekeeper][HikariPool.java:421] - HikariPool-1 - Pool stats (total=10, active=0, idle=10, waiting=0)
2025-04-13 22:48:20,367 DEBUG [HikariPool-1 housekeeper][HikariPool.java:421] - HikariPool-1 - Pool stats (total=10, active=0, idle=10, waiting=0)
2025-04-13 22:48:20,367 DEBUG [HikariPool-1 housekeeper][HikariPool.java:517] - HikariPool-1 - Fill pool skipped, pool is at sufficient level.
2025-04-13 22:48:20,367 DEBUG [HikariPool-1 housekeeper][HikariPool.java:517] - HikariPool-1 - Fill pool skipped, pool is at sufficient level.
2025-04-13 22:48:21,164 DEBUG [HikariPool-1 housekeeper][HikariPool.java:421] - HikariPool-1 - Pool stats (total=10, active=0, idle=10, waiting=0)
2025-04-13 22:48:21,164 DEBUG [HikariPool-1 housekeeper][HikariPool.java:421] - HikariPool-1 - Pool stats (total=10, active=0, idle=10, waiting=0)
2025-04-13 22:48:21,164 DEBUG [HikariPool-1 housekeeper][HikariPool.java:517] - HikariPool-1 - Fill pool skipped, pool is at sufficient level.
2025-04-13 22:48:21,164 DEBUG [HikariPool-1 housekeeper][HikariPool.java:517] - HikariPool-1 - Fill pool skipped, pool is at sufficient level.
2025-04-13 22:48:50,370 DEBUG [HikariPool-1 housekeeper][HikariPool.java:421] - HikariPool-1 - Pool stats (total=10, active=0, idle=10, waiting=0)
2025-04-13 22:48:50,370 DEBUG [HikariPool-1 housekeeper][HikariPool.java:421] - HikariPool-1 - Pool stats (total=10, active=0, idle=10, waiting=0)
2025-04-13 22:48:50,370 DEBUG [HikariPool-1 housekeeper][HikariPool.java:517] - HikariPool-1 - Fill pool skipped, pool is at sufficient level.
2025-04-13 22:48:50,370 DEBUG [HikariPool-1 housekeeper][HikariPool.java:517] - HikariPool-1 - Fill pool skipped, pool is at sufficient level.
2025-04-13 22:48:51,175 DEBUG [HikariPool-1 housekeeper][HikariPool.java:421] - HikariPool-1 - Pool stats (total=10, active=0, idle=10, waiting=0)
2025-04-13 22:48:51,175 DEBUG [HikariPool-1 housekeeper][HikariPool.java:421] - HikariPool-1 - Pool stats (total=10, active=0, idle=10, waiting=0)
2025-04-13 22:48:51,175 DEBUG [HikariPool-1 housekeeper][HikariPool.java:517] - HikariPool-1 - Fill pool skipped, pool is at sufficient level.
2025-04-13 22:48:51,175 DEBUG [HikariPool-1 housekeeper][HikariPool.java:517] - HikariPool-1 - Fill pool skipped, pool is at sufficient level.
2025-04-13 22:49:20,378 DEBUG [HikariPool-1 housekeeper][HikariPool.java:421] - HikariPool-1 - Pool stats (total=10, active=0, idle=10, waiting=0)
2025-04-13 22:49:20,378 DEBUG [HikariPool-1 housekeeper][HikariPool.java:421] - HikariPool-1 - Pool stats (total=10, active=0, idle=10, waiting=0)
2025-04-13 22:49:20,378 DEBUG [HikariPool-1 housekeeper][HikariPool.java:517] - HikariPool-1 - Fill pool skipped, pool is at sufficient level.
2025-04-13 22:49:20,378 DEBUG [HikariPool-1 housekeeper][HikariPool.java:517] - HikariPool-1 - Fill pool skipped, pool is at sufficient level.
2025-04-13 22:49:21,187 DEBUG [HikariPool-1 housekeeper][HikariPool.java:421] - HikariPool-1 - Pool stats (total=10, active=0, idle=10, waiting=0)
2025-04-13 22:49:21,187 DEBUG [HikariPool-1 housekeeper][HikariPool.java:421] - HikariPool-1 - Pool stats (total=10, active=0, idle=10, waiting=0)
2025-04-13 22:49:21,187 DEBUG [HikariPool-1 housekeeper][HikariPool.java:517] - HikariPool-1 - Fill pool skipped, pool is at sufficient level.
2025-04-13 22:49:21,187 DEBUG [HikariPool-1 housekeeper][HikariPool.java:517] - HikariPool-1 - Fill pool skipped, pool is at sufficient level.
2025-04-13 22:49:50,395 DEBUG [HikariPool-1 housekeeper][HikariPool.java:421] - HikariPool-1 - Pool stats (total=10, active=0, idle=10, waiting=0)
2025-04-13 22:49:50,395 DEBUG [HikariPool-1 housekeeper][HikariPool.java:517] - HikariPool-1 - Fill pool skipped, pool is at sufficient level.
2025-04-13 22:49:50,395 DEBUG [HikariPool-1 housekeeper][HikariPool.java:421] - HikariPool-1 - Pool stats (total=10, active=0, idle=10, waiting=0)
2025-04-13 22:49:50,395 DEBUG [HikariPool-1 housekeeper][HikariPool.java:517] - HikariPool-1 - Fill pool skipped, pool is at sufficient level.
2025-04-13 22:49:51,198 DEBUG [HikariPool-1 housekeeper][HikariPool.java:421] - HikariPool-1 - Pool stats (total=10, active=0, idle=10, waiting=0)
2025-04-13 22:49:51,198 DEBUG [HikariPool-1 housekeeper][HikariPool.java:421] - HikariPool-1 - Pool stats (total=10, active=0, idle=10, waiting=0)
2025-04-13 22:49:51,199 DEBUG [HikariPool-1 housekeeper][HikariPool.java:517] - HikariPool-1 - Fill pool skipped, pool is at sufficient level.
2025-04-13 22:49:51,199 DEBUG [HikariPool-1 housekeeper][HikariPool.java:517] - HikariPool-1 - Fill pool skipped, pool is at sufficient level.
2025-04-13 22:50:20,408 DEBUG [HikariPool-1 housekeeper][HikariPool.java:421] - HikariPool-1 - Pool stats (total=10, active=0, idle=10, waiting=0)
2025-04-13 22:50:20,408 DEBUG [HikariPool-1 housekeeper][HikariPool.java:517] - HikariPool-1 - Fill pool skipped, pool is at sufficient level.
2025-04-13 22:50:20,408 DEBUG [HikariPool-1 housekeeper][HikariPool.java:421] - HikariPool-1 - Pool stats (total=10, active=0, idle=10, waiting=0)
2025-04-13 22:50:20,408 DEBUG [HikariPool-1 housekeeper][HikariPool.java:517] - HikariPool-1 - Fill pool skipped, pool is at sufficient level.
2025-04-13 22:50:21,202 DEBUG [HikariPool-1 housekeeper][HikariPool.java:421] - HikariPool-1 - Pool stats (total=10, active=0, idle=10, waiting=0)
2025-04-13 22:50:21,202 DEBUG [HikariPool-1 housekeeper][HikariPool.java:421] - HikariPool-1 - Pool stats (total=10, active=0, idle=10, waiting=0)
2025-04-13 22:50:21,202 DEBUG [HikariPool-1 housekeeper][HikariPool.java:517] - HikariPool-1 - Fill pool skipped, pool is at sufficient level.
2025-04-13 22:50:21,202 DEBUG [HikariPool-1 housekeeper][HikariPool.java:517] - HikariPool-1 - Fill pool skipped, pool is at sufficient level.
2025-04-13 22:50:50,421 DEBUG [HikariPool-1 housekeeper][HikariPool.java:421] - HikariPool-1 - Pool stats (total=10, active=0, idle=10, waiting=0)
2025-04-13 22:50:50,421 DEBUG [HikariPool-1 housekeeper][HikariPool.java:421] - HikariPool-1 - Pool stats (total=10, active=0, idle=10, waiting=0)
2025-04-13 22:50:50,421 DEBUG [HikariPool-1 housekeeper][HikariPool.java:517] - HikariPool-1 - Fill pool skipped, pool is at sufficient level.
2025-04-13 22:50:50,421 DEBUG [HikariPool-1 housekeeper][HikariPool.java:517] - HikariPool-1 - Fill pool skipped, pool is at sufficient level.
2025-04-13 22:50:51,215 DEBUG [HikariPool-1 housekeeper][HikariPool.java:421] - HikariPool-1 - Pool stats (total=10, active=0, idle=10, waiting=0)
2025-04-13 22:50:51,215 DEBUG [HikariPool-1 housekeeper][HikariPool.java:421] - HikariPool-1 - Pool stats (total=10, active=0, idle=10, waiting=0)
2025-04-13 22:50:51,215 DEBUG [HikariPool-1 housekeeper][HikariPool.java:517] - HikariPool-1 - Fill pool skipped, pool is at sufficient level.
2025-04-13 22:50:51,215 DEBUG [HikariPool-1 housekeeper][HikariPool.java:517] - HikariPool-1 - Fill pool skipped, pool is at sufficient level.
2025-04-13 22:51:20,428 DEBUG [HikariPool-1 housekeeper][HikariPool.java:421] - HikariPool-1 - Pool stats (total=10, active=0, idle=10, waiting=0)
2025-04-13 22:51:20,428 DEBUG [HikariPool-1 housekeeper][HikariPool.java:421] - HikariPool-1 - Pool stats (total=10, active=0, idle=10, waiting=0)
2025-04-13 22:51:20,428 DEBUG [HikariPool-1 housekeeper][HikariPool.java:517] - HikariPool-1 - Fill pool skipped, pool is at sufficient level.
2025-04-13 22:51:20,428 DEBUG [HikariPool-1 housekeeper][HikariPool.java:517] - HikariPool-1 - Fill pool skipped, pool is at sufficient level.
2025-04-13 22:51:21,220 DEBUG [HikariPool-1 housekeeper][HikariPool.java:421] - HikariPool-1 - Pool stats (total=10, active=0, idle=10, waiting=0)
2025-04-13 22:51:21,220 DEBUG [HikariPool-1 housekeeper][HikariPool.java:421] - HikariPool-1 - Pool stats (total=10, active=0, idle=10, waiting=0)
2025-04-13 22:51:21,220 DEBUG [HikariPool-1 housekeeper][HikariPool.java:517] - HikariPool-1 - Fill pool skipped, pool is at sufficient level.
2025-04-13 22:51:21,220 DEBUG [HikariPool-1 housekeeper][HikariPool.java:517] - HikariPool-1 - Fill pool skipped, pool is at sufficient level.
2025-04-13 22:51:50,444 DEBUG [HikariPool-1 housekeeper][HikariPool.java:421] - HikariPool-1 - Pool stats (total=10, active=0, idle=10, waiting=0)
2025-04-13 22:51:50,444 DEBUG [HikariPool-1 housekeeper][HikariPool.java:421] - HikariPool-1 - Pool stats (total=10, active=0, idle=10, waiting=0)
2025-04-13 22:51:50,444 DEBUG [HikariPool-1 housekeeper][HikariPool.java:517] - HikariPool-1 - Fill pool skipped, pool is at sufficient level.
2025-04-13 22:51:50,444 DEBUG [HikariPool-1 housekeeper][HikariPool.java:517] - HikariPool-1 - Fill pool skipped, pool is at sufficient level.
2025-04-13 22:51:51,224 DEBUG [HikariPool-1 housekeeper][HikariPool.java:421] - HikariPool-1 - Pool stats (total=10, active=0, idle=10, waiting=0)
2025-04-13 22:51:51,224 DEBUG [HikariPool-1 housekeeper][HikariPool.java:421] - HikariPool-1 - Pool stats (total=10, active=0, idle=10, waiting=0)
2025-04-13 22:51:51,224 DEBUG [HikariPool-1 housekeeper][HikariPool.java:517] - HikariPool-1 - Fill pool skipped, pool is at sufficient level.
2025-04-13 22:51:51,224 DEBUG [HikariPool-1 housekeeper][HikariPool.java:517] - HikariPool-1 - Fill pool skipped, pool is at sufficient level.
2025-04-13 22:52:20,454 DEBUG [HikariPool-1 housekeeper][HikariPool.java:421] - HikariPool-1 - Pool stats (total=10, active=0, idle=10, waiting=0)
2025-04-13 22:52:20,454 DEBUG [HikariPool-1 housekeeper][HikariPool.java:421] - HikariPool-1 - Pool stats (total=10, active=0, idle=10, waiting=0)
2025-04-13 22:52:20,454 DEBUG [HikariPool-1 housekeeper][HikariPool.java:517] - HikariPool-1 - Fill pool skipped, pool is at sufficient level.
2025-04-13 22:52:20,454 DEBUG [HikariPool-1 housekeeper][HikariPool.java:517] - HikariPool-1 - Fill pool skipped, pool is at sufficient level.
2025-04-13 22:52:21,229 DEBUG [HikariPool-1 housekeeper][HikariPool.java:421] - HikariPool-1 - Pool stats (total=10, active=0, idle=10, waiting=0)
2025-04-13 22:52:21,229 DEBUG [HikariPool-1 housekeeper][HikariPool.java:421] - HikariPool-1 - Pool stats (total=10, active=0, idle=10, waiting=0)
2025-04-13 22:52:21,229 DEBUG [HikariPool-1 housekeeper][HikariPool.java:517] - HikariPool-1 - Fill pool skipped, pool is at sufficient level.
2025-04-13 22:52:21,229 DEBUG [HikariPool-1 housekeeper][HikariPool.java:517] - HikariPool-1 - Fill pool skipped, pool is at sufficient level.
2025-04-13 22:52:50,466 DEBUG [HikariPool-1 housekeeper][HikariPool.java:421] - HikariPool-1 - Pool stats (total=10, active=0, idle=10, waiting=0)
2025-04-13 22:52:50,466 DEBUG [HikariPool-1 housekeeper][HikariPool.java:421] - HikariPool-1 - Pool stats (total=10, active=0, idle=10, waiting=0)
2025-04-13 22:52:50,466 DEBUG [HikariPool-1 housekeeper][HikariPool.java:517] - HikariPool-1 - Fill pool skipped, pool is at sufficient level.
2025-04-13 22:52:50,466 DEBUG [HikariPool-1 housekeeper][HikariPool.java:517] - HikariPool-1 - Fill pool skipped, pool is at sufficient level.
2025-04-13 22:52:51,241 DEBUG [HikariPool-1 housekeeper][HikariPool.java:421] - HikariPool-1 - Pool stats (total=10, active=0, idle=10, waiting=0)
2025-04-13 22:52:51,241 DEBUG [HikariPool-1 housekeeper][HikariPool.java:421] - HikariPool-1 - Pool stats (total=10, active=0, idle=10, waiting=0)
2025-04-13 22:52:51,241 DEBUG [HikariPool-1 housekeeper][HikariPool.java:517] - HikariPool-1 - Fill pool skipped, pool is at sufficient level.
2025-04-13 22:52:51,241 DEBUG [HikariPool-1 housekeeper][HikariPool.java:517] - HikariPool-1 - Fill pool skipped, pool is at sufficient level.
2025-04-13 22:52:59,817 DEBUG [SpringContextShutdownHook][AbstractApplicationContext.java:1006] - Closing org.springframework.boot.web.servlet.context.AnnotationConfigServletWebServerApplicationContext@7ec3394b, started on Sun Apr 13 21:47:51 CST 2025, parent: org.springframework.context.annotation.AnnotationConfigApplicationContext@5e21e98f
2025-04-13 22:52:59,817 DEBUG [SpringContextShutdownHook][AbstractApplicationContext.java:1006] - Closing org.springframework.boot.web.servlet.context.AnnotationConfigServletWebServerApplicationContext@7ec3394b, started on Sun Apr 13 21:47:51 CST 2025, parent: org.springframework.context.annotation.AnnotationConfigApplicationContext@5e21e98f
2025-04-13 22:52:59,821 DEBUG [SpringContextShutdownHook][DefaultLifecycleProcessor.java:369] - Stopping beans in phase 2147483647
2025-04-13 22:52:59,821 DEBUG [SpringContextShutdownHook][DefaultLifecycleProcessor.java:369] - Stopping beans in phase 2147483647
2025-04-13 22:52:59,822 DEBUG [SpringContextShutdownHook][DefaultLifecycleProcessor.java:242] - Bean 'documentationPluginsBootstrapper' completed its stop procedure
2025-04-13 22:52:59,822 DEBUG [SpringContextShutdownHook][DefaultLifecycleProcessor.java:242] - Bean 'documentationPluginsBootstrapper' completed its stop procedure
2025-04-13 22:52:59,824 DEBUG [SpringContextShutdownHook][DefaultLifecycleProcessor.java:242] - Bean 'webServerGracefulShutdown' completed its stop procedure
2025-04-13 22:52:59,824 DEBUG [SpringContextShutdownHook][DefaultLifecycleProcessor.java:242] - Bean 'webServerGracefulShutdown' completed its stop procedure
2025-04-13 22:52:59,824 DEBUG [SpringContextShutdownHook][DefaultLifecycleProcessor.java:369] - Stopping beans in phase 2147483646
2025-04-13 22:52:59,824 DEBUG [SpringContextShutdownHook][DefaultLifecycleProcessor.java:369] - Stopping beans in phase 2147483646
2025-04-13 22:52:59,920 DEBUG [SpringContextShutdownHook][DefaultLifecycleProcessor.java:242] - Bean 'webServerStartStop' completed its stop procedure
2025-04-13 22:52:59,920 DEBUG [SpringContextShutdownHook][DefaultLifecycleProcessor.java:242] - Bean 'webServerStartStop' completed its stop procedure
2025-04-13 22:52:59,921 DEBUG [SpringContextShutdownHook][MBeanExporter.java:452] - Unregistering JMX-exposed beans on shutdown
2025-04-13 22:52:59,921 DEBUG [SpringContextShutdownHook][MBeanExporter.java:452] - Unregistering JMX-exposed beans on shutdown
2025-04-13 22:52:59,922 DEBUG [SpringContextShutdownHook][MBeanRegistrationSupport.java:186] - Unregistering JMX-exposed beans
2025-04-13 22:52:59,922 DEBUG [SpringContextShutdownHook][MBeanRegistrationSupport.java:186] - Unregistering JMX-exposed beans
2025-04-13 22:52:59,922 INFO [SpringContextShutdownHook][ExecutorConfigurationSupport.java:218] - Shutting down ExecutorService 'applicationTaskExecutor'
2025-04-13 22:52:59,922 INFO [SpringContextShutdownHook][ExecutorConfigurationSupport.java:218] - Shutting down ExecutorService 'applicationTaskExecutor'
2025-04-13 22:52:59,924 INFO [SpringContextShutdownHook][HikariDataSource.java:350] - HikariPool-1 - Shutdown initiated...
2025-04-13 22:52:59,924 INFO [SpringContextShutdownHook][HikariDataSource.java:350] - HikariPool-1 - Shutdown initiated...
2025-04-13 22:52:59,924 DEBUG [SpringContextShutdownHook][HikariPool.java:421] - HikariPool-1 - Before shutdown stats (total=10, active=0, idle=10, waiting=0)
2025-04-13 22:52:59,924 DEBUG [SpringContextShutdownHook][HikariPool.java:421] - HikariPool-1 - Before shutdown stats (total=10, active=0, idle=10, waiting=0)
2025-04-13 22:52:59,925 DEBUG [HikariPool-1 connection closer][PoolBase.java:134] - HikariPool-1 - Closing connection com.mysql.cj.jdbc.ConnectionImpl@3e36e65: (connection evicted)
2025-04-13 22:52:59,925 DEBUG [HikariPool-1 connection closer][PoolBase.java:134] - HikariPool-1 - Closing connection com.mysql.cj.jdbc.ConnectionImpl@3e36e65: (connection evicted)
2025-04-13 22:52:59,925 DEBUG [HikariPool-1 connection closer][PoolBase.java:134] - HikariPool-1 - Closing connection com.mysql.cj.jdbc.ConnectionImpl@7e53c01e: (connection evicted)
2025-04-13 22:52:59,925 DEBUG [HikariPool-1 connection closer][PoolBase.java:134] - HikariPool-1 - Closing connection com.mysql.cj.jdbc.ConnectionImpl@7e53c01e: (connection evicted)
2025-04-13 22:52:59,925 DEBUG [HikariPool-1 connection closer][PoolBase.java:134] - HikariPool-1 - Closing connection com.mysql.cj.jdbc.ConnectionImpl@3f6eca25: (connection evicted)
2025-04-13 22:52:59,925 DEBUG [HikariPool-1 connection closer][PoolBase.java:134] - HikariPool-1 - Closing connection com.mysql.cj.jdbc.ConnectionImpl@3f6eca25: (connection evicted)
2025-04-13 22:52:59,925 DEBUG [HikariPool-1 connection closer][PoolBase.java:134] - HikariPool-1 - Closing connection com.mysql.cj.jdbc.ConnectionImpl@e1bf48f: (connection evicted)
2025-04-13 22:52:59,925 DEBUG [HikariPool-1 connection closer][PoolBase.java:134] - HikariPool-1 - Closing connection com.mysql.cj.jdbc.ConnectionImpl@e1bf48f: (connection evicted)
2025-04-13 22:52:59,925 DEBUG [HikariPool-1 connection closer][PoolBase.java:134] - HikariPool-1 - Closing connection com.mysql.cj.jdbc.ConnectionImpl@5f41356a: (connection evicted)
2025-04-13 22:52:59,925 DEBUG [HikariPool-1 connection closer][PoolBase.java:134] - HikariPool-1 - Closing connection com.mysql.cj.jdbc.ConnectionImpl@5f41356a: (connection evicted)
2025-04-13 22:52:59,926 DEBUG [HikariPool-1 connection closer][PoolBase.java:134] - HikariPool-1 - Closing connection com.mysql.cj.jdbc.ConnectionImpl@24fe426d: (connection evicted)
2025-04-13 22:52:59,926 DEBUG [HikariPool-1 connection closer][PoolBase.java:134] - HikariPool-1 - Closing connection com.mysql.cj.jdbc.ConnectionImpl@24fe426d: (connection evicted)
2025-04-13 22:52:59,926 DEBUG [HikariPool-1 connection closer][PoolBase.java:134] - HikariPool-1 - Closing connection com.mysql.cj.jdbc.ConnectionImpl@5b0f8e92: (connection evicted)
2025-04-13 22:52:59,926 DEBUG [HikariPool-1 connection closer][PoolBase.java:134] - HikariPool-1 - Closing connection com.mysql.cj.jdbc.ConnectionImpl@5b0f8e92: (connection evicted)
2025-04-13 22:52:59,927 DEBUG [HikariPool-1 connection closer][PoolBase.java:134] - HikariPool-1 - Closing connection com.mysql.cj.jdbc.ConnectionImpl@7bac26d5: (connection evicted)
2025-04-13 22:52:59,927 DEBUG [HikariPool-1 connection closer][PoolBase.java:134] - HikariPool-1 - Closing connection com.mysql.cj.jdbc.ConnectionImpl@7bac26d5: (connection evicted)
2025-04-13 22:52:59,927 DEBUG [HikariPool-1 connection closer][PoolBase.java:134] - HikariPool-1 - Closing connection com.mysql.cj.jdbc.ConnectionImpl@24483677: (connection evicted)
2025-04-13 22:52:59,927 DEBUG [HikariPool-1 connection closer][PoolBase.java:134] - HikariPool-1 - Closing connection com.mysql.cj.jdbc.ConnectionImpl@24483677: (connection evicted)
2025-04-13 22:52:59,928 DEBUG [HikariPool-1 connection closer][PoolBase.java:134] - HikariPool-1 - Closing connection com.mysql.cj.jdbc.ConnectionImpl@65753c4c: (connection evicted)
2025-04-13 22:52:59,928 DEBUG [HikariPool-1 connection closer][PoolBase.java:134] - HikariPool-1 - Closing connection com.mysql.cj.jdbc.ConnectionImpl@65753c4c: (connection evicted)
2025-04-13 22:52:59,928 DEBUG [SpringContextShutdownHook][HikariPool.java:421] - HikariPool-1 - After shutdown stats (total=0, active=0, idle=0, waiting=0)
2025-04-13 22:52:59,928 DEBUG [SpringContextShutdownHook][HikariPool.java:421] - HikariPool-1 - After shutdown stats (total=0, active=0, idle=0, waiting=0)
2025-04-13 22:52:59,928 INFO [SpringContextShutdownHook][HikariDataSource.java:352] - HikariPool-1 - Shutdown completed.
2025-04-13 22:52:59,928 INFO [SpringContextShutdownHook][HikariDataSource.java:352] - HikariPool-1 - Shutdown completed.
2025-04-13 22:52:59,937 INFO [SpringContextShutdownHook][ExecutorConfigurationSupport.java:218] - Shutting down ExecutorService 'taskScheduler'
2025-04-13 22:52:59,937 INFO [SpringContextShutdownHook][ExecutorConfigurationSupport.java:218] - Shutting down ExecutorService 'taskScheduler'
2025-04-13 22:52:59,938 INFO [SpringContextShutdownHook][ExecutorConfigurationSupport.java:218] - Shutting down ExecutorService 'applicationTaskExecutor'
2025-04-13 22:52:59,938 INFO [SpringContextShutdownHook][ExecutorConfigurationSupport.java:218] - Shutting down ExecutorService 'applicationTaskExecutor'
2025-04-13 22:52:59,940 INFO [SpringContextShutdownHook][HikariDataSource.java:350] - HikariPool-1 - Shutdown initiated...
2025-04-13 22:52:59,940 INFO [SpringContextShutdownHook][HikariDataSource.java:350] - HikariPool-1 - Shutdown initiated...
2025-04-13 22:52:59,940 DEBUG [SpringContextShutdownHook][HikariPool.java:421] - HikariPool-1 - Before shutdown stats (total=10, active=0, idle=10, waiting=0)
2025-04-13 22:52:59,940 DEBUG [SpringContextShutdownHook][HikariPool.java:421] - HikariPool-1 - Before shutdown stats (total=10, active=0, idle=10, waiting=0)
2025-04-13 22:52:59,941 DEBUG [HikariPool-1 connection closer][PoolBase.java:134] - HikariPool-1 - Closing connection com.mysql.cj.jdbc.ConnectionImpl@1c66ed32: (connection evicted)
2025-04-13 22:52:59,941 DEBUG [HikariPool-1 connection closer][PoolBase.java:134] - HikariPool-1 - Closing connection com.mysql.cj.jdbc.ConnectionImpl@1c66ed32: (connection evicted)
2025-04-13 22:52:59,942 DEBUG [HikariPool-1 connection closer][PoolBase.java:134] - HikariPool-1 - Closing connection com.mysql.cj.jdbc.ConnectionImpl@7772222d: (connection evicted)
2025-04-13 22:52:59,942 DEBUG [HikariPool-1 connection closer][PoolBase.java:134] - HikariPool-1 - Closing connection com.mysql.cj.jdbc.ConnectionImpl@7772222d: (connection evicted)
2025-04-13 22:52:59,942 DEBUG [HikariPool-1 connection closer][PoolBase.java:134] - HikariPool-1 - Closing connection com.mysql.cj.jdbc.ConnectionImpl@364f2816: (connection evicted)
2025-04-13 22:52:59,942 DEBUG [HikariPool-1 connection closer][PoolBase.java:134] - HikariPool-1 - Closing connection com.mysql.cj.jdbc.ConnectionImpl@364f2816: (connection evicted)
2025-04-13 22:52:59,942 DEBUG [HikariPool-1 connection closer][PoolBase.java:134] - HikariPool-1 - Closing connection com.mysql.cj.jdbc.ConnectionImpl@1ff124f9: (connection evicted)
2025-04-13 22:52:59,942 DEBUG [HikariPool-1 connection closer][PoolBase.java:134] - HikariPool-1 - Closing connection com.mysql.cj.jdbc.ConnectionImpl@1ff124f9: (connection evicted)
2025-04-13 22:52:59,943 DEBUG [HikariPool-1 connection closer][PoolBase.java:134] - HikariPool-1 - Closing connection com.mysql.cj.jdbc.ConnectionImpl@5ecc2ec2: (connection evicted)
2025-04-13 22:52:59,943 DEBUG [HikariPool-1 connection closer][PoolBase.java:134] - HikariPool-1 - Closing connection com.mysql.cj.jdbc.ConnectionImpl@5ecc2ec2: (connection evicted)
2025-04-13 22:52:59,943 DEBUG [HikariPool-1 connection closer][PoolBase.java:134] - HikariPool-1 - Closing connection com.mysql.cj.jdbc.ConnectionImpl@6f585332: (connection evicted)
2025-04-13 22:52:59,943 DEBUG [HikariPool-1 connection closer][PoolBase.java:134] - HikariPool-1 - Closing connection com.mysql.cj.jdbc.ConnectionImpl@6f585332: (connection evicted)
2025-04-13 22:52:59,943 DEBUG [HikariPool-1 connection closer][PoolBase.java:134] - HikariPool-1 - Closing connection com.mysql.cj.jdbc.ConnectionImpl@3ee3d18d: (connection evicted)
2025-04-13 22:52:59,943 DEBUG [HikariPool-1 connection closer][PoolBase.java:134] - HikariPool-1 - Closing connection com.mysql.cj.jdbc.ConnectionImpl@3ee3d18d: (connection evicted)
2025-04-13 22:52:59,943 DEBUG [HikariPool-1 connection closer][PoolBase.java:134] - HikariPool-1 - Closing connection com.mysql.cj.jdbc.ConnectionImpl@299daaec: (connection evicted)
2025-04-13 22:52:59,943 DEBUG [HikariPool-1 connection closer][PoolBase.java:134] - HikariPool-1 - Closing connection com.mysql.cj.jdbc.ConnectionImpl@299daaec: (connection evicted)
2025-04-13 22:52:59,943 DEBUG [HikariPool-1 connection closer][PoolBase.java:134] - HikariPool-1 - Closing connection com.mysql.cj.jdbc.ConnectionImpl@1ddbb3d1: (connection evicted)
2025-04-13 22:52:59,943 DEBUG [HikariPool-1 connection closer][PoolBase.java:134] - HikariPool-1 - Closing connection com.mysql.cj.jdbc.ConnectionImpl@1ddbb3d1: (connection evicted)
2025-04-13 22:52:59,944 DEBUG [HikariPool-1 connection closer][PoolBase.java:134] - HikariPool-1 - Closing connection com.mysql.cj.jdbc.ConnectionImpl@5ce6b9ea: (connection evicted)
2025-04-13 22:52:59,944 DEBUG [HikariPool-1 connection closer][PoolBase.java:134] - HikariPool-1 - Closing connection com.mysql.cj.jdbc.ConnectionImpl@5ce6b9ea: (connection evicted)
2025-04-13 22:52:59,944 DEBUG [SpringContextShutdownHook][HikariPool.java:421] - HikariPool-1 - After shutdown stats (total=0, active=0, idle=0, waiting=0)
2025-04-13 22:52:59,944 DEBUG [SpringContextShutdownHook][HikariPool.java:421] - HikariPool-1 - After shutdown stats (total=0, active=0, idle=0, waiting=0)
2025-04-13 22:52:59,944 INFO [SpringContextShutdownHook][HikariDataSource.java:352] - HikariPool-1 - Shutdown completed.
2025-04-13 22:52:59,944 INFO [SpringContextShutdownHook][HikariDataSource.java:352] - HikariPool-1 - Shutdown completed.
